"TOA5","GENX","CR1000X","29514","CR1000X.Std.05.01","CPU:GENXv2025revision_modbusv2_str_str.CR1X","52339","ARD_LOG"
"TIMESTAMP","RECORD","BattV_Min","PTemp_C","Flag","co2(1)","co2(2)","co2(3)","co2(4)","co2(5)","co2(6)","co2(7)","co2(8)","co2(9)","co2(10)","co2(11)","co2(12)","co2(13)","co2(14)","co2ave1(1)","co2ave1(2)","co2ave1(3)","co2ave1(4)","co2ave1(5)","co2ave1(6)","co2ave1(7)","co2ave1(8)","co2ave1(9)","co2ave1(10)","co2ave1(11)","co2ave1(12)","co2ave1(13)","co2ave1(14)","BMETemp(1)","BMETemp(2)","BMETemp(3)","BMETemp(4)","BMETemp(5)","BMETemp(6)","BMETemp(7)","BMETemp(8)","BMETemp(9)","BMETemp(10)","BMETemp(11)","BMETemp(12)","BMETemp(13)","BMETemp(14)","BMERH(1)","BMERH(2)","BMERH(3)","BMERH(4)","BMERH(5)","BMERH(6)","BMERH(7)","BMERH(8)","BMERH(9)","BMERH(10)","BMERH(11)","BMERH(12)","BMERH(13)","BMERH(14)","BMEpressure(1)","BMEpressure(2)","BMEpressure(3)","BMEpressure(4)","BMEpressure(5)","BMEpressure(6)","BMEpressure(7)","BMEpressure(8)","BMEpressure(9)","BMEpressure(10)","BMEpressure(11)","BMEpressure(12)","BMEpressure(13)","BMEpressure(14)","BMEVOC(1)","BMEVOC(2)","BMEVOC(3)","BMEVOC(4)","BMEVOC(5)","BMEVOC(6)","BMEVOC(7)","BMEVOC(8)","BMEVOC(9)","BMEVOC(10)","BMEVOC(11)","BMEVOC(12)","BMEVOC(13)","BMEVOC(14)","Therm10C(1)","Therm10C(2)","Therm10C(3)","Therm10C(4)","Therm10C(5)","Therm10C(6)","Therm10C(7)","Therm10C(8)","Therm10C(9)","Therm10C(10)","Therm10C(11)","Therm10C(12)","Therm10C(13)","Therm10C(14)","Therm25C(1)","Therm25C(2)","Therm25C(3)","Therm25C(4)","Therm25C(5)","Therm25C(6)","Therm25C(7)","Therm25C(8)","Therm25C(9)","Therm25C(10)","Therm25C(11)","Therm25C(12)","Therm25C(13)","Therm25C(14)","Therm10pin(1)","Therm10pin(2)","Therm10pin(3)","Therm10pin(4)","Therm10pin(5)","Therm10pin(6)","Therm10pin(7)","Therm10pin(8)","Therm10pin(9)","Therm10pin(10)","Therm10pin(11)","Therm10pin(12)","Therm10pin(13)","Therm10pin(14)","Therm90ext(1)","Therm90ext(2)","Therm90ext(3)","Therm90ext(4)","Therm90ext(5)","Therm90ext(6)","Therm90ext(7)","Therm90ext(8)","Therm90ext(9)","Therm90ext(10)","Therm90ext(11)","Therm90ext(12)","Therm90ext(13)","Therm90ext(14)","Therm10amb","CS_Code","BoxTemp(1)","BoxTemp(2)"
"TS","RN","Volts","Deg C","","","","","","","","","","","","","","","","","","","","","","","","","","","","","","","","","","","","","","","","","","","","","","","","","","","","","","","","","","","","","","","","","","","","","","","","","","","","","","","","","","","","","","","","","","","","","","","","","","","","","","","","","","","","","","","","","","","","","","","","","","","","","","","","","","","","","","","","","","","","","","","","",""
"","","Min","Smp","Smp","Smp","Smp","Smp","Smp","Smp","Smp","Smp","Smp","Smp","Smp","Smp","Smp","Smp","Smp","Smp","Smp","Smp","Smp","Smp","Smp","Smp","Smp","Smp","Smp","Smp","Smp","Smp","Smp","Smp","Smp","Smp","Smp","Smp","Smp","Smp","Smp","Smp","Smp","Smp","Smp","Smp","Smp","Smp","Smp","Smp","Smp","Smp","Smp","Smp","Smp","Smp","Smp","Smp","Smp","Smp","Smp","Smp","Smp","Smp","Smp","Smp","Smp","Smp","Smp","Smp","Smp","Smp","Smp","Smp","Smp","Smp","Smp","Smp","Smp","Smp","Smp","Smp","Smp","Smp","Smp","Smp","Smp","Smp","Smp","Smp","Smp","Smp","Smp","Smp","Smp","Smp","Smp","Smp","Smp","Smp","Smp","Smp","Smp","Smp","Smp","Smp","Smp","Smp","Smp","Smp","Smp","Smp","Smp","Smp","Smp","Smp","Smp","Smp","Smp","Smp","Smp","Smp","Smp","Smp","Smp","Smp","Smp","Smp","Smp","Smp","Smp","Smp","Smp","Smp","Smp","Smp","Smp","Smp","Smp","Smp","Smp","Smp","Smp","Smp","Smp","Smp","Smp","Smp","Smp"
"2026-09-14 23:55:00",95825,13.72,16.75,0,"NAN",0,0,0,0,0,0,0,0,0,"NAN","NAN",0,0,"NAN",0,0,0,0,0,0,0,0,0,"NAN",0,"NAN","NAN","NAN",15.84,16.91,17.37,16.61,17.28,16.22,11.9,16.86,17.42,"NAN",17.07,"NAN","NAN","NAN",81.7,77.26,71.35,72.91,71.5,78.84,74.72,79.78,73.14,"NAN",70.68,"NAN","NAN","NAN",1026,1026,1024,1020,1026,1026,679.4,1027,1026,"NAN",1026,"NAN","NAN","NAN",195,195,195,151,227,155,3,23,64,"NAN",4,"NAN","NAN",22.89,22.73,23,22.99,23.62,23.62,24.64,24.56,24.73,25.75,25.17,25.71,0,0,22.73,22.75,23.36,24.18,24.58,25.28,25.45,25.95,25.94,26.54,26.55,28.05,0,0,"NAN","NAN","NAN","NAN","NAN","NAN","NAN","NAN","NAN","NAN","NAN","NAN",0,0,20.44,23.38,21.8,25.31,23.61,26.16,28.54,27.42,28.07,26.89,29.36,30.79,0,0,"NAN",0,"NAN","NAN"
"2026-09-14 23:56:00",95826,13.74,16.81,0,"NAN",0,0,0,0,0,0,0,0,0,"NAN","NAN",0,0,"NAN",0,0,0,0,0,0,0,0,0,"NAN",0,"NAN","NAN","NAN",16,17.04,17.55,16.78,17.37,16.38,12.03,16.96,17.54,"NAN",17.26,"NAN","NAN","NAN",80.7,76.45,69.68,71.4,70.52,76.91,73.19,77.55,72.14,"NAN",69.55,"NAN","NAN","NAN",1026,1026,1024,1020,1026,1026,680.4,1027,1026,"NAN",1026,"NAN","NAN","NAN",203,203,7,159,235,7,11,31,72,"NAN",1,"NAN","NAN",22.88,22.73,23,22.99,23.62,23.62,24.64,24.56,24.72,25.75,25.17,25.71,0,0,22.73,22.75,23.36,24.18,24.58,25.28,25.46,25.95,25.94,26.54,26.55,28.05,0,0,"NAN","NAN","NAN","NAN","NAN","NAN","NAN","NAN","NAN","NAN","NAN","NAN",0,0,20.44,23.37,21.8,25.31,23.61,26.16,28.54,27.43,28.06,26.89,29.35,30.79,0,0,"NAN",0,"NAN","NAN"
"2026-09-14 23:57:00",95827,13.73,16.87,0,"NAN",0,0,0,0,0,0,0,0,0,"NAN","NAN",0,0,"NAN",0,0,0,0,0,0,0,0,0,"NAN",0,"NAN","NAN","NAN",16.24,17.23,17.71,17.09,17.54,16.55,0,0,17.73,"NAN",17.41,"NAN","NAN","NAN",79.17,75.39,69.3,69.6,69.1,75.81,0,0,70.78,"NAN",68.89,"NAN","NAN","NAN",1026,1026,1024,1020,1026,1026,0,0,1026,"NAN",1026,"NAN","NAN","NAN",2,2,2,3,3,3,0,0,3,"NAN",1,"NAN","NAN",22.87,22.73,22.99,22.99,23.62,23.61,24.64,24.55,24.72,25.74,25.17,25.7,0,0,22.73,22.74,23.36,24.18,24.57,25.28,25.45,25.95,25.94,26.54,26.55,28.05,0,0,"NAN","NAN","NAN","NAN","NAN","NAN","NAN","NAN","NAN","NAN","NAN","NAN",0,0,20.44,23.38,21.8,25.31,23.61,26.16,28.54,27.42,28.07,26.89,29.36,30.79,0,0,"NAN",0,"NAN","NAN"
"2026-09-14 23:58:00",95828,13.73,16.93,0,"NAN",0,0,0,0,0,0,0,0,0,"NAN","NAN",0,0,"NAN",0,0,0,0,0,0,0,0,0,"NAN",0,"NAN","NAN","NAN",16.34,17.3,17.85,17.25,17.7,16.64,12.36,17.09,17.85,"NAN",17.49,"NAN","NAN","NAN",77.76,74.33,68.63,68.27,68.27,74.71,71.08,80,70.11,"NAN",67.75,"NAN","NAN","NAN",1026,1026,1024,1020,1026,1026,681.5,1027,1026,"NAN",1026,"NAN","NAN","NAN",10,7,3,3,3,10,7,7,11,"NAN",4,"NAN","NAN",22.88,22.73,22.99,22.98,23.61,23.62,24.63,24.55,24.72,25.74,25.17,25.7,0,0,22.73,22.75,23.36,24.18,24.57,25.28,25.45,25.95,25.94,26.54,26.55,28.05,0,0,"NAN","NAN","NAN","NAN","NAN","NAN","NAN","NAN","NAN","NAN","NAN","NAN",0,0,20.44,23.37,21.8,25.31,23.61,26.16,28.54,27.43,28.07,26.89,29.35,30.79,0,0,"NAN",0,"NAN","NAN"
"2026-09-14 23:59:00",95829,13.74,16.99,0,"NAN",0,0,0,0,0,0,0,0,0,"NAN","NAN",0,0,"NAN",0,0,0,0,0,0,0,0,0,"NAN",0,"NAN","NAN","NAN",16.59,17.43,17.96,17.38,17.79,16.76,12.49,17.05,17.97,"NAN",17.57,"NAN","NAN","NAN",77.1,73.7,67.78,68.37,68.07,75.28,70.73,81.5,69.67,"NAN",67.83,"NAN","NAN","NAN",1026,1026,1025,1020,1026,1026,680.8,1027,1026,"NAN",1026,"NAN","NAN","NAN",3,15,11,11,11,18,15,15,19,"NAN",12,"NAN","NAN",22.87,22.72,22.99,22.98,23.61,23.61,24.63,24.55,24.72,25.74,25.16,25.7,0,0,22.73,22.74,23.36,24.18,24.57,25.27,25.45,25.95,25.94,26.54,26.55,28.05,0,0,"NAN","NAN","NAN","NAN","NAN","NAN","NAN","NAN","NAN","NAN","NAN","NAN",0,0,20.44,23.38,21.8,25.31,23.61,26.16,28.54,27.42,28.07,26.89,29.36,30.79,0,0,"NAN",0,"NAN","NAN"
"2026-09-15 00:00:00",95830,13.58,17.06,0,"NAN",0,0,0,0,0,0,0,0,0,"NAN","NAN",0,0,"NAN",0,0,0,0,0,0,0,0,0,"NAN",0,"NAN","NAN","NAN",16.69,17.56,18.07,17.54,17.89,16.89,12.63,17.03,18.08,"NAN",17.64,"NAN","NAN","NAN",76.32,72.93,67.19,67.29,67.41,73.85,69.72,82.7,69.31,"NAN",67.26,"NAN","NAN","NAN",1026,1026,1024,1020,1026,1026,681.1,1027,1026,"NAN",1026,"NAN","NAN","NAN",11,23,19,19,19,26,23,23,27,"NAN",20,"NAN","NAN",22.87,22.72,22.99,22.98,23.61,23.6,24.63,24.55,24.72,25.74,25.16,25.7,0,0,22.73,22.74,23.36,24.18,24.58,25.28,25.45,25.95,25.94,26.54,26.55,28.05,0,0,"NAN","NAN","NAN","NAN","NAN","NAN","NAN","NAN","NAN","NAN","NAN","NAN",0,0,20.44,23.37,21.8,25.31,23.61,26.16,28.54,27.43,28.07,26.89,29.35,30.79,0,0,"NAN",0,"NAN","NAN"
"2026-09-15 00:01:00",95831,13.73,17.13,0,0,0,0,0,0,0,0,0,0,0,"NAN","NAN",0,0,0,0,0,0,0,0,0,0,0,0,"NAN",0,"NAN","NAN",0,16.75,17.69,0,17.64,0,17.03,12.71,16.98,18.14,"NAN",17.68,"NAN","NAN",0,76.01,72.61,0,67.38,0,74.34,70.1,83.6,69.21,"NAN",67.6,"NAN","NAN",0,1026,1026,0,1020,0,1026,678.2,1027,1026,"NAN",1026,"NAN","NAN",0,15,1,0,1,0,1,1,1,1,"NAN",2,"NAN","NAN",22.86,22.72,22.98,22.97,23.61,23.6,24.62,24.55,24.72,25.74,25.16,25.69,0,0,22.73,22.74,23.36,24.18,24.57,25.28,25.45,25.95,25.94,26.54,26.55,28.05,0,0,"NAN","NAN","NAN","NAN","NAN","NAN","NAN","NAN","NAN","NAN","NAN","NAN",0,0,20.44,23.38,21.8,25.31,23.61,26.16,28.54,27.43,28.07,26.89,29.36,30.79,0,0,"NAN",0,"NAN","NAN"
"2026-09-15 00:02:00",95832,13.73,17.21,0,0,0,0,0,0,0,0,0,0,0,"NAN","NAN",0,0,0,0,0,0,0,0,0,0,0,0,"NAN",0,"NAN","NAN",17.95,16.95,17.75,18.21,17.73,18.08,17.13,12.83,16.97,0,"NAN",17.73,"NAN","NAN",67.88,75.33,72.11,66.91,66.74,66.93,74.12,69.35,83.8,0,"NAN",66.59,"NAN","NAN",1025,1026,1026,1024,1020,1026,1026,679.4,1027,0,"NAN",1026,"NAN","NAN",2,7,8,3,8,3,3,8,8,0,"NAN",9,"NAN","NAN",22.86,22.72,22.98,22.97,23.6,23.59,24.62,24.54,24.72,25.74,25.16,25.69,0,0,22.73,22.74,23.36,24.18,24.58,25.28,25.45,25.95,25.93,26.54,26.55,28.05,0,0,"NAN","NAN","NAN","NAN","NAN","NAN","NAN","NAN","NAN","NAN","NAN","NAN",0,0,20.44,23.38,21.8,25.31,23.61,26.16,28.54,27.42,28.07,26.89,29.36,30.79,0,0,"NAN",0,"NAN","NAN"
"2026-09-15 00:03:00",95833,13.74,17.27,0,0,0,0,0,0,0,0,0,0,0,"NAN","NAN",0,0,0,0,0,0,0,0,0,0,0,0,"NAN",0,"NAN","NAN",17.98,17.01,17.79,18.11,17.75,18.03,17.15,12.93,16.93,0,"NAN",17.75,"NAN","NAN",67.74,75.04,72.38,68.79,67.72,68.13,74.59,70.13,83.2,0,"NAN",68.25,"NAN","NAN",1025,1026,1026,1024,1020,1026,1026,680.4,1027,0,"NAN",1026,"NAN","NAN",4,15,16,11,16,11,11,16,16,0,"NAN",17,"NAN","NAN",22.86,22.72,22.98,22.97,23.6,23.59,24.62,24.54,24.71,25.73,25.15,25.69,0,0,22.73,22.74,23.36,24.18,24.57,25.28,25.45,25.95,25.94,26.54,26.55,28.05,0,0,"NAN","NAN","NAN","NAN","NAN","NAN","NAN","NAN","NAN","NAN","NAN","NAN",0,0,20.44,23.38,21.8,25.3,23.61,26.16,28.54,27.42,28.07,26.89,29.36,30.79,0,0,"NAN",0,"NAN","NAN"
"2026-09-15 00:04:00",95834,13.72,17.34,0,0,0,0,0,0,0,0,0,0,0,"NAN","NAN",0,0,0,0,0,0,0,0,0,0,0,0,"NAN",0,"NAN","NAN",17.98,17.08,17.81,18.1,17.81,18.05,17.2,13,16.97,18.22,"NAN",17.81,"NAN","NAN",67.74,74.3,71.63,66.46,65.84,66.45,72.41,68.55,79.26,68.31,"NAN",66.26,"NAN","NAN",1025,1026,1026,1024,1020,1026,1026,680.6,1027,1026,"NAN",1026,"NAN","NAN",4,23,24,19,24,19,19,24,24,7,"NAN",25,"NAN","NAN",22.85,22.71,22.97,22.96,23.6,23.59,24.62,24.54,24.71,25.73,25.15,25.68,0,0,22.73,22.74,23.36,24.18,24.57,25.28,25.45,25.95,25.93,26.54,26.55,28.05,0,0,"NAN","NAN","NAN","NAN","NAN","NAN","NAN","NAN","NAN","NAN","NAN","NAN",0,0,20.44,23.37,21.8,25.31,23.61,26.16,28.54,27.43,28.07,26.89,29.35,30.79,0,0,"NAN",0,"NAN","NAN"
"2026-09-15 00:05:00",95835,13.71,17.41,0,0,0,0,0,0,0,0,0,0,0,"NAN","NAN",0,0,0,0,0,0,0,0,0,0,0,0,"NAN",0,"NAN","NAN",18.03,17.17,17.87,18.18,17.92,18.13,17.28,13.09,17.09,18.3,"NAN",17.93,"NAN","NAN",66.59,73.97,71.4,67.12,65.87,66.34,73,68.64,77.64,68.32,"NAN",65.74,"NAN","NAN",1025,1026,1026,1024,1020,1026,1026,681.3,1027,1026,"NAN",1026,"NAN","NAN",6,31,32,27,32,27,27,32,32,15,"NAN",33,"NAN","NAN",22.86,22.71,22.97,22.96,23.59,23.59,24.61,24.54,24.71,25.73,25.15,25.68,0,0,22.73,22.74,23.36,24.18,24.58,25.28,25.45,25.95,25.93,26.54,26.55,28.05,0,0,"NAN","NAN","NAN","NAN","NAN","NAN","NAN","NAN","NAN","NAN","NAN","NAN",0,0,20.44,23.37,21.8,25.31,23.61,26.16,28.54,27.43,28.07,26.89,29.35,30.79,0,0,"NAN",0,"NAN","NAN"
"2026-09-15 00:06:00",95836,13.73,17.47,0,0,0,0,0,0,0,0,0,0,0,"NAN","NAN",0,0,0,0,0,0,0,0,0,0,0,0,"NAN",0,"NAN","NAN",18.09,17.23,17.91,18.13,17.98,18.14,17.33,13.15,17.22,18.34,"NAN",17.98,"NAN","NAN",66.11,73.45,70.55,66.67,64.91,66.14,72.92,67.49,76.78,67.75,"NAN",64.98,"NAN","NAN",1025,1026,1026,1024,1020,1026,1026,681.4,1027,1026,"NAN",1026,"NAN","NAN",10,39,40,35,3,35,35,40,40,23,"NAN",41,"NAN","NAN",22.85,22.71,22.97,22.96,23.59,23.58,24.61,24.53,24.71,25.73,25.15,25.68,0,0,22.73,22.74,23.36,24.18,24.57,25.27,25.45,25.95,25.93,26.54,26.54,28.05,0,0,"NAN","NAN","NAN","NAN","NAN","NAN","NAN","NAN","NAN","NAN","NAN","NAN",0,0,20.44,23.38,21.8,25.31,23.61,26.16,28.54,27.42,28.07,26.89,29.35,30.79,0,0,"NAN",0,"NAN","NAN"
"2026-09-15 00:07:00",95837,13.74,17.53,0,0,0,0,0,0,0,0,0,0,0,"NAN","NAN",0,0,0,0,0,0,0,0,0,0,0,0,"NAN",0,"NAN","NAN",18.11,17.29,17.97,18.17,18.01,18.16,17.41,13.21,17.34,18.36,"NAN",17.87,"NAN","NAN",65.7,72.42,69.97,65.83,64.97,65.47,72.06,67.05,75.83,67.34,"NAN",66.39,"NAN","NAN",1025,1026,1026,1025,1020,1026,1026,681.4,1027,1026,"NAN",1026,"NAN","NAN",11,47,48,43,12,44,4,49,1,28,"NAN",1,"NAN","NAN",22.85,22.71,22.96,22.95,23.59,23.58,24.61,24.53,24.71,25.73,25.15,25.68,0,0,22.73,22.74,23.36,24.18,24.57,25.27,25.45,25.95,25.93,26.54,26.54,28.05,0,0,"NAN","NAN","NAN","NAN","NAN","NAN","NAN","NAN","NAN","NAN","NAN","NAN",0,0,20.44,23.38,21.8,25.31,23.61,26.16,28.54,27.43,28.07,26.89,29.36,30.79,0,0,"NAN",0,"NAN","NAN"
"2026-09-15 00:08:00",95838,13.73,17.59,0,0,0,0,0,0,0,0,0,0,0,"NAN","NAN",0,0,0,0,0,0,0,0,0,0,0,0,"NAN",0,"NAN","NAN",18.11,17.33,18.03,18.09,17.95,18.09,17.41,13.26,17.36,18.34,"NAN",17.65,"NAN","NAN",65.7,72.12,69.68,67.18,65.61,66.43,72.29,67.66,74.41,68.11,"NAN",68.71,"NAN","NAN",1025,1026,1026,1025,1020,1026,1026,682.5,1027,1026,"NAN",1026,"NAN","NAN",11,55,3,3,19,7,11,4,4,7,"NAN",1,"NAN","NAN",22.85,22.71,22.96,22.95,23.59,23.57,24.61,24.53,24.71,25.73,25.14,25.68,0,0,22.72,22.74,23.36,24.18,24.57,25.27,25.45,25.95,25.93,26.54,26.54,28.05,0,0,"NAN","NAN","NAN","NAN","NAN","NAN","NAN","NAN","NAN","NAN","NAN","NAN",0,0,20.44,23.38,21.8,25.3,23.61,26.16,28.54,27.42,28.07,26.89,29.36,30.79,0,0,"NAN",0,"NAN","NAN"
"2026-09-15 00:09:00",95839,13.73,17.65,0,0,0,0,0,0,0,0,0,0,0,"NAN","NAN",0,0,0,0,0,0,0,0,0,0,0,0,"NAN",0,"NAN","NAN",18.11,17.4,17.98,18.09,17.94,18.07,17.45,13.25,17.38,0,"NAN",17.55,"NAN","NAN",65.7,71.76,68.87,65.64,64.16,65.14,70.27,65.97,74.55,0,"NAN",70.73,"NAN","NAN",1025,1026,1026,1025,1020,1026,1026,681.9,1027,0,"NAN",1026,"NAN","NAN",11,3,11,3,27,15,3,11,11,0,"NAN",9,"NAN","NAN",22.84,22.71,22.96,22.94,23.58,23.57,24.6,24.53,24.71,25.73,25.14,25.67,0,0,22.73,22.74,23.36,24.18,24.57,25.27,25.45,25.95,25.93,26.54,26.54,28.05,0,0,"NAN","NAN","NAN","NAN","NAN","NAN","NAN","NAN","NAN","NAN","NAN","NAN",0,0,20.44,23.38,21.8,25.31,23.61,26.16,28.54,27.42,28.07,26.89,29.36,30.79,0,0,"NAN",0,"NAN","NAN"
"2026-09-15 00:10:00",95840,13.73,17.7,0,0,0,0,0,0,0,0,0,0,0,"NAN","NAN",0,0,0,0,0,0,0,0,0,0,0,0,"NAN",0,"NAN","NAN",18.11,17.41,18,18.05,18,18.07,17.47,13.28,17.45,18.44,"NAN",17.51,"NAN","NAN",65.7,71.48,69.47,66.83,64.94,65.82,71.51,66.59,74.36,66.53,"NAN",71.97,"NAN","NAN",1025,1026,1026,1025,1020,1026,1026,681.3,1027,1026,"NAN",1026,"NAN","NAN",11,11,19,7,7,23,11,19,19,3,"NAN",5,"NAN","NAN",22.84,22.7,22.95,22.94,23.58,23.57,24.6,24.52,24.7,25.72,25.14,25.67,0,0,22.73,22.74,23.36,24.18,24.57,25.27,25.45,25.95,25.93,26.54,26.54,28.05,0,0,"NAN","NAN","NAN","NAN","NAN","NAN","NAN","NAN","NAN","NAN","NAN","NAN",0,0,20.44,23.38,21.8,25.31,23.61,26.16,28.54,27.43,28.07,26.89,29.36,30.79,0,0,"NAN",0,"NAN","NAN"
"2026-09-15 00:11:00",95841,13.72,17.75,0,0,0,0,0,0,0,0,0,0,0,"NAN","NAN",0,0,0,0,0,0,0,0,0,0,0,0,"NAN",0,"NAN","NAN",18.17,17.47,17.99,17.96,17.96,18.01,17.5,13.33,17.44,18.37,"NAN",17.39,"NAN","NAN",65.33,71.29,69.42,67.88,65.31,66.41,71.72,66.92,73.48,67.74,"NAN",72.67,"NAN","NAN",1025,1026,1026,1025,1020,1026,1026,681.7,1027,1026,"NAN",1026,"NAN","NAN",2,2,7,2,3,31,3,7,27,11,"NAN",13,"NAN","NAN",22.83,22.7,22.96,22.94,23.58,23.56,24.6,24.52,24.7,25.72,25.14,25.67,0,0,22.73,22.74,23.36,24.18,24.57,25.27,25.45,25.95,25.93,26.53,26.54,28.05,0,0,"NAN","NAN","NAN","NAN","NAN","NAN","NAN","NAN","NAN","NAN","NAN","NAN",0,0,20.44,23.38,21.8,25.31,23.61,26.17,28.54,27.43,28.07,26.89,29.36,30.79,0,0,"NAN",0,"NAN","NAN"
"2026-09-15 00:12:00",95842,13.73,17.8,0,0,0,0,0,0,0,0,0,0,0,"NAN","NAN",0,0,0,0,0,0,0,0,0,0,0,0,"NAN",0,"NAN","NAN",18.15,17.43,17.96,17.83,17.93,18,17.48,13.3,17.45,18.26,"NAN",17.27,"NAN","NAN",65.36,71.92,69.44,67.44,64.59,65.86,71.64,66.49,73.54,67.46,"NAN",73.44,"NAN","NAN",1025,1026,1026,1025,1020,1026,1026,681.4,1027,1026,"NAN",1026,"NAN","NAN",6,7,15,7,7,3,4,15,35,19,"NAN",20,"NAN","NAN",22.83,22.7,22.95,22.93,23.58,23.56,24.6,24.52,24.7,25.72,25.13,25.67,0,0,22.72,22.74,23.36,24.18,24.57,25.27,25.45,25.95,25.93,26.54,26.54,28.05,0,0,"NAN","NAN","NAN","NAN","NAN","NAN","NAN","NAN","NAN","NAN","NAN","NAN",0,0,20.44,23.38,21.8,25.31,23.61,26.17,28.54,27.43,28.07,26.89,29.36,30.79,0,0,"NAN",0,"NAN","NAN"
"2026-09-15 00:13:00",95843,13.72,17.85,0,0,0,0,0,0,0,0,0,0,0,"NAN","NAN",0,0,0,0,0,0,0,0,0,0,0,0,"NAN",0,"NAN","NAN",18.1,17.42,17.95,17.79,17.91,17.95,17.48,13.31,17.46,18.28,"NAN",0,"NAN","NAN",66.27,72.32,69.85,68.58,65.52,66.22,71.66,66.82,73.61,67.98,"NAN",0,"NAN","NAN",1025,1026,1026,1025,1020,1026,1026,681.5,1027,1026,"NAN",0,"NAN","NAN",10,3,3,2,15,11,3,23,2,3,"NAN",0,"NAN","NAN",22.83,22.69,22.94,22.93,23.57,23.56,24.59,24.52,24.7,25.72,25.14,25.66,0,0,22.73,22.74,23.36,24.18,24.57,25.27,25.44,25.95,25.93,26.54,26.54,28.05,0,0,"NAN","NAN","NAN","NAN","NAN","NAN","NAN","NAN","NAN","NAN","NAN","NAN",0,0,20.44,23.37,21.8,25.31,23.61,26.16,28.54,27.43,28.07,26.89,29.35,30.79,0,0,"NAN",0,"NAN","NAN"
"2026-09-15 00:14:00",95844,13.74,17.89,0,0,0,0,0,0,0,0,0,0,0,"NAN","NAN",0,0,0,0,0,0,0,0,0,0,0,0,"NAN",0,"NAN","NAN",18.07,17.4,17.9,17.77,17.95,17.95,17.46,13.32,0,18.22,"NAN",17.38,"NAN","NAN",65.88,72.19,69.65,67.04,64.54,65.38,70.48,66.06,0,67.09,"NAN",68.01,"NAN","NAN",1025,1026,1026,1025,1020,1026,1026,681.3,0,1026,"NAN",1026,"NAN","NAN",12,11,11,7,7,7,11,31,0,11,"NAN",8,"NAN","NAN",22.83,22.69,22.94,22.93,23.57,23.55,24.59,24.52,24.7,25.72,25.13,25.66,0,0,22.73,22.74,23.36,24.18,24.57,25.27,25.45,25.95,25.93,26.54,26.54,28.05,0,0,"NAN","NAN","NAN","NAN","NAN","NAN","NAN","NAN","NAN","NAN","NAN","NAN",0,0,20.44,23.37,21.8,25.31,23.61,26.16,28.54,27.43,28.07,26.89,29.36,30.79,0,0,"NAN",0,"NAN","NAN"
"2026-09-15 00:15:00",95845,13.72,17.94,0,0,0,0,0,0,0,0,0,0,0,"NAN","NAN",0,0,0,0,0,0,0,0,0,0,0,0,"NAN",0,"NAN","NAN",18.07,17.41,17.92,17.91,18.01,18.05,17.48,13.35,0,18.3,"NAN",0,"NAN","NAN",65.52,71.85,69.74,67.11,64.87,65.59,70.6,66.66,0,67.14,"NAN",0,"NAN","NAN",1025,1026,1026,1025,1020,1026,1026,681.4,0,1026,"NAN",0,"NAN","NAN",14,19,19,7,15,7,19,39,0,19,"NAN",0,"NAN","NAN",22.83,22.69,22.94,22.92,23.57,23.55,24.59,24.51,24.7,25.71,25.13,25.66,0,0,22.73,22.74,23.36,24.18,24.57,25.27,25.44,25.95,25.93,26.54,26.54,28.05,0,0,"NAN","NAN","NAN","NAN","NAN","NAN","NAN","NAN","NAN","NAN","NAN","NAN",0,0,20.44,23.38,21.8,25.3,23.61,26.16,28.54,27.43,28.07,26.89,29.36,30.79,0,0,"NAN",0,"NAN","NAN"
"2026-09-15 00:16:00",95846,13.72,17.98,0,0,0,0,0,0,0,0,0,0,0,"NAN","NAN",0,0,0,0,0,0,0,0,0,0,0,0,"NAN",0,"NAN","NAN",18.07,17.41,17.93,17.88,18,18.04,17.53,13.36,17.58,18.29,"NAN",17.63,"NAN","NAN",66.51,72.14,70.73,68.55,65.69,66.68,71.84,67.3,74.19,68.83,"NAN",67.01,"NAN","NAN",1026,1026,1026,1025,1020,1026,1026,681.4,1027,1026,"NAN",1026,"NAN","NAN",18,27,27,15,23,15,3,47,7,27,"NAN",8,"NAN","NAN",22.82,22.69,22.93,22.92,23.56,23.55,24.58,24.51,24.69,25.71,25.13,25.66,0,0,22.73,22.74,23.36,24.18,24.57,25.27,25.45,25.95,25.93,26.54,26.54,28.05,0,0,"NAN","NAN","NAN","NAN","NAN","NAN","NAN","NAN","NAN","NAN","NAN","NAN",0,0,20.44,23.37,21.8,25.31,23.61,26.17,28.54,27.43,28.07,26.89,29.35,30.79,0,0,"NAN",0,"NAN","NAN"
"2026-09-15 00:17:00",95847,13.74,18.02,0,0,0,0,0,0,0,0,0,0,0,"NAN","NAN",0,0,0,0,0,0,0,0,0,0,0,0,"NAN",0,"NAN","NAN",18.05,17.4,17.9,17.87,17.97,18.03,17.5,13.37,17.59,18.27,"NAN",17.68,"NAN","NAN",66.03,71.71,69.48,66.84,64.31,65.61,70.81,65.6,72.56,67.14,"NAN",65.47,"NAN","NAN",1026,1026,1026,1025,1020,1026,1026,681.1,1027,1026,"NAN",1026,"NAN","NAN",20,35,35,23,31,23,11,55,15,35,"NAN",16,"NAN","NAN",22.82,22.69,22.93,22.91,23.56,23.54,24.58,24.51,24.69,25.71,25.12,25.65,0,0,22.73,22.74,23.36,24.18,24.57,25.27,25.45,25.95,25.93,26.54,26.54,28.05,0,0,"NAN","NAN","NAN","NAN","NAN","NAN","NAN","NAN","NAN","NAN","NAN","NAN",0,0,20.44,23.38,21.8,25.31,23.61,26.16,28.54,27.43,28.07,26.89,29.36,30.79,0,0,"NAN",0,"NAN","NAN"
"2026-09-15 00:18:00",95848,13.72,18.07,0,0,0,0,0,0,0,0,0,0,0,"NAN","NAN",0,0,0,0,0,0,0,0,0,0,0,0,"NAN",0,"NAN","NAN",18.05,17.4,17.88,17.83,17.98,18.03,17.5,13.39,17.6,18.38,"NAN",17.74,"NAN","NAN",65.28,71.59,71.09,67.85,64.72,66.01,70.93,65.58,73.06,67.18,"NAN",65.64,"NAN","NAN",1026,1026,1026,1025,1020,1026,1026,681.3,1027,1026,"NAN",1026,"NAN","NAN",2,43,43,31,39,31,19,63,19,1,"NAN",25,"NAN","NAN",22.82,22.68,22.92,22.91,23.56,23.54,24.58,24.51,24.69,25.71,25.12,25.65,0,0,22.73,22.74,23.36,24.18,24.57,25.27,25.44,25.95,25.93,26.53,26.54,28.05,0,0,"NAN","NAN","NAN","NAN","NAN","NAN","NAN","NAN","NAN","NAN","NAN","NAN",0,0,20.44,23.38,21.8,25.31,23.61,26.17,28.54,27.43,28.07,26.89,29.36,30.79,0,0,"NAN",0,"NAN","NAN"
"2026-09-15 00:19:00",95849,13.72,18.11,0,0,0,0,0,0,0,0,0,0,0,"NAN","NAN",0,0,0,0,0,0,0,0,0,0,0,0,"NAN",0,"NAN","NAN",18.04,17.42,17.82,17.87,18.06,18.03,17.52,13.41,17.64,18.33,"NAN",17.78,"NAN","NAN",65.57,71.35,73.12,66.77,64.34,65.4,70.5,65.97,73.64,67.24,"NAN",66.19,"NAN","NAN",1026,1026,1026,1025,1020,1026,1026,681.2,1027,1026,"NAN",1026,"NAN","NAN",4,51,51,39,3,39,7,71,7,4,"NAN",33,"NAN","NAN",22.81,22.68,22.92,22.91,23.55,23.54,24.58,24.5,24.69,25.71,25.12,25.65,0,0,22.73,22.74,23.36,24.18,24.57,25.27,25.45,25.95,25.93,26.53,26.54,28.05,0,0,"NAN","NAN","NAN","NAN","NAN","NAN","NAN","NAN","NAN","NAN","NAN","NAN",0,0,20.44,23.38,21.8,25.31,23.61,26.16,28.54,27.43,28.07,26.9,29.36,30.79,0,0,"NAN",0,"NAN","NAN"
"2026-09-15 00:20:00",95850,13.72,18.15,0,0,0,0,0,0,0,0,0,0,0,"NAN","NAN",0,0,0,0,0,0,0,0,0,0,0,0,"NAN",0,"NAN","NAN",18.04,17.46,17.76,17.98,18.11,18.09,17.53,13.44,17.63,18.38,"NAN",17.85,"NAN","NAN",65.57,71.52,74.64,66.85,64.55,65.51,70.12,66.27,74.07,67.68,"NAN",66.78,"NAN","NAN",1026,1026,1027,1025,1020,1026,1026,681.6,1027,1026,"NAN",1026,"NAN","NAN",4,7,59,47,11,47,15,79,11,13,"NAN",41,"NAN","NAN",22.82,22.68,22.92,22.9,23.55,23.53,24.57,24.5,24.69,25.71,25.12,25.65,0,0,22.73,22.74,23.36,24.18,24.57,25.27,25.44,25.95,25.93,26.53,26.54,28.05,0,0,"NAN","NAN","NAN","NAN","NAN","NAN","NAN","NAN","NAN","NAN","NAN","NAN",0,0,20.44,23.38,21.8,25.31,23.61,26.17,28.54,27.43,28.07,26.89,29.35,30.79,0,0,"NAN",0,"NAN","NAN"
"2026-09-15 00:21:00",95851,13.71,18.19,0,0,0,0,0,0,0,0,0,0,0,"NAN","NAN",0,0,0,0,0,0,0,0,0,0,0,0,"NAN",0,"NAN","NAN",18.04,17.47,17.7,17.98,18.1,18.08,17.55,13.46,17.64,18.36,"NAN",17.83,"NAN","NAN",65.57,72.08,75.55,69.11,65.63,66.94,71.58,67.27,74.07,68.57,"NAN",67.43,"NAN","NAN",1026,1026,1027,1025,1020,1026,1026,681.6,1027,1026,"NAN",1026,"NAN","NAN",4,15,67,3,19,55,23,87,7,20,"NAN",4,"NAN","NAN",22.8,22.68,22.92,22.9,23.55,23.53,24.57,24.5,24.69,25.7,25.12,25.64,0,0,22.73,22.74,23.36,24.18,24.57,25.27,25.45,25.95,25.93,26.53,26.54,28.05,0,0,"NAN","NAN","NAN","NAN","NAN","NAN","NAN","NAN","NAN","NAN","NAN","NAN",0,0,20.44,23.38,21.8,25.31,23.61,26.16,28.54,27.43,28.07,26.89,29.35,30.79,0,0,"NAN",0,"NAN","NAN"
"2026-09-15 00:22:00",95852,13.73,18.23,0,0,0,0,0,0,0,0,0,0,0,"NAN","NAN",0,0,0,0,0,0,0,0,0,0,0,0,"NAN",0,"NAN","NAN",18.04,17.47,17.62,17.89,18.06,18.04,17.56,13.45,17.62,18.36,"NAN",17.76,"NAN","NAN",65.57,72.45,76.38,69.91,66.2,67.76,71.97,67.5,74.33,69.24,"NAN",68.03,"NAN","NAN",1026,1026,1027,1025,1020,1026,1026,681.3,1027,1026,"NAN",1026,"NAN","NAN",4,23,75,11,7,63,31,95,15,27,"NAN",12,"NAN","NAN",22.8,22.68,22.91,22.9,23.55,23.52,24.57,24.5,24.68,25.71,25.11,25.64,0,0,22.73,22.74,23.36,24.17,24.57,25.27,25.45,25.95,25.93,26.53,26.54,28.05,0,0,"NAN","NAN","NAN","NAN","NAN","NAN","NAN","NAN","NAN","NAN","NAN","NAN",0,0,20.44,23.38,21.8,25.31,23.61,26.17,28.54,27.43,28.07,26.89,29.35,30.79,0,0,"NAN",0,"NAN","NAN"
"2026-09-15 00:23:00",95853,13.74,18.27,0,0,0,0,0,0,0,0,0,0,0,"NAN","NAN",0,0,0,0,0,0,0,0,0,0,0,0,"NAN",0,"NAN","NAN",18.04,17.44,17.52,17.75,17.94,17.91,17.56,13.42,17.57,18.29,"NAN",17.69,"NAN","NAN",65.57,72.71,76.81,70.09,66.31,68.16,72.17,67.77,74.27,69.34,"NAN",67.58,"NAN","NAN",1026,1026,1026,1025,1020,1026,1026,681.2,1027,1026,"NAN",1026,"NAN","NAN",4,31,83,19,15,3,39,103,23,36,"NAN",20,"NAN","NAN",22.81,22.68,22.91,22.89,23.54,23.52,24.57,24.49,24.68,25.7,25.11,25.64,0,0,22.73,22.74,23.36,24.18,24.57,25.27,25.44,25.95,25.93,26.53,26.54,28.05,0,0,"NAN","NAN","NAN","NAN","NAN","NAN","NAN","NAN","NAN","NAN","NAN","NAN",0,0,20.44,23.38,21.8,25.3,23.61,26.17,28.54,27.43,28.07,26.89,29.36,30.79,0,0,"NAN",0,"NAN","NAN"
"2026-09-15 00:24:00",95854,13.73,18.3,0,0,0,0,0,0,0,0,0,0,0,"NAN","NAN",0,0,0,0,0,0,0,0,0,0,0,0,"NAN",0,"NAN","NAN",18.04,17.44,17.45,17.75,17.96,17.94,17.57,13.41,17.57,18.28,"NAN",17.73,"NAN","NAN",65.57,72.79,75.62,69.61,65.77,67.46,71.79,67.56,74.61,69,"NAN",67.41,"NAN","NAN",1026,1026,1026,1025,1020,1026,1026,681.5,1027,1026,"NAN",1026,"NAN","NAN",4,39,91,27,23,11,47,111,31,44,"NAN",28,"NAN","NAN",22.8,22.67,22.91,22.89,23.54,23.52,24.56,24.49,24.68,25.7,25.11,25.64,0,0,22.73,22.74,23.36,24.18,24.57,25.27,25.45,25.95,25.93,26.53,26.54,28.05,0,0,"NAN","NAN","NAN","NAN","NAN","NAN","NAN","NAN","NAN","NAN","NAN","NAN",0,0,20.44,23.37,21.8,25.31,23.61,26.16,28.54,27.43,28.07,26.89,29.35,30.79,0,0,"NAN",0,"NAN","NAN"
"2026-09-15 00:25:00",95855,13.71,18.33,0,0,0,0,0,0,0,0,0,0,0,"NAN","NAN",0,0,0,0,0,0,0,0,0,0,0,0,"NAN",0,"NAN","NAN",18.04,17.43,17.46,17.68,17.93,17.91,17.56,13.39,17.54,18.23,"NAN",17.68,"NAN","NAN",65.57,72.59,74.3,70.27,66.41,67.97,72.32,67.74,75.51,69.79,"NAN",67.84,"NAN","NAN",1026,1026,1026,1025,1020,1026,1026,681.2,1027,1026,"NAN",1026,"NAN","NAN",4,47,99,35,31,19,55,119,39,52,"NAN",36,"NAN","NAN",22.8,22.67,22.9,22.88,23.54,23.51,24.56,24.49,24.68,25.7,25.11,25.63,0,0,22.73,22.74,23.36,24.18,24.57,25.27,25.44,25.95,25.93,26.53,26.54,28.05,0,0,"NAN","NAN","NAN","NAN","NAN","NAN","NAN","NAN","NAN","NAN","NAN","NAN",0,0,20.44,23.38,21.8,25.31,23.61,26.17,28.54,27.42,28.07,26.89,29.36,30.79,0,0,"NAN",0,"NAN","NAN"
"2026-09-15 00:26:00",95856,13.73,18.36,0,0,0,0,0,0,0,0,0,0,0,"NAN","NAN",0,0,0,0,0,0,0,0,0,0,0,0,"NAN",0,"NAN","NAN",18.04,17.41,17.46,17.61,17.86,17.87,17.54,13.37,17.49,18.16,"NAN",17.64,"NAN","NAN",65.57,72.61,73.85,70.34,66.35,67.81,72.16,67.65,75.29,69.52,"NAN",67.66,"NAN","NAN",1026,1026,1026,1025,1020,1026,1026,681.2,1027,1026,"NAN",1026,"NAN","NAN",4,7,107,43,39,27,63,127,47,60,"NAN",44,"NAN","NAN",22.79,22.67,22.9,22.88,23.54,23.51,24.56,24.49,24.68,25.7,25.1,25.63,0,0,22.73,22.74,23.36,24.18,24.57,25.27,25.45,25.95,25.93,26.53,26.54,28.05,0,0,"NAN","NAN","NAN","NAN","NAN","NAN","NAN","NAN","NAN","NAN","NAN","NAN",0,0,20.44,23.38,21.79,25.31,23.61,26.17,28.54,27.42,28.07,26.89,29.36,30.79,0,0,"NAN",0,"NAN","NAN"
"2026-09-15 00:27:00",95857,13.72,18.39,0,"NAN",0,0,0,0,0,0,0,0,0,"NAN","NAN",0,0,"NAN",0,0,0,0,0,0,0,0,0,"NAN",0,"NAN","NAN","NAN",17.36,17.45,17.55,17.82,17.81,17.52,13.34,17.44,18.13,"NAN",17.6,"NAN","NAN","NAN",72.82,73.57,69.96,66.15,67.84,71.75,67.66,74.41,69.57,"NAN",67.15,"NAN","NAN","NAN",1026,1026,1025,1020,1026,1026,681.1,1027,1026,"NAN",1026,"NAN","NAN","NAN",15,115,51,47,35,71,135,55,3,"NAN",52,"NAN","NAN",22.79,22.67,22.9,22.88,23.53,23.51,24.55,24.48,24.68,25.69,25.1,25.63,0,0,22.73,22.74,23.36,24.18,24.57,25.27,25.45,25.95,25.93,26.53,26.54,28.05,0,0,"NAN","NAN","NAN","NAN","NAN","NAN","NAN","NAN","NAN","NAN","NAN","NAN",0,0,20.44,23.38,21.8,25.31,23.61,26.17,28.54,27.43,28.07,26.89,29.35,30.79,0,0,"NAN",0,"NAN","NAN"
"2026-09-15 00:28:00",95858,13.74,18.42,0,"NAN",0,0,0,0,0,0,0,0,0,"NAN","NAN",0,0,"NAN",0,0,0,0,0,0,0,0,0,"NAN",0,"NAN","NAN","NAN",17.34,17.45,17.52,17.81,17.7,17.49,13.33,17.42,18.05,"NAN",17.55,"NAN","NAN","NAN",72.54,73.13,70.67,66.56,69.38,72.24,67.62,74.11,69.84,"NAN",67.26,"NAN","NAN","NAN",1026,1027,1025,1020,1026,1026,681.2,1027,1026,"NAN",1026,"NAN","NAN","NAN",23,123,59,55,43,79,143,63,11,"NAN",60,"NAN","NAN",22.79,22.67,22.89,22.87,23.53,23.5,24.55,24.48,24.68,25.69,25.1,25.63,0,0,22.67,22.74,23.36,24.17,24.57,25.27,25.44,25.95,25.93,26.53,26.54,28.05,0,0,"NAN","NAN","NAN","NAN","NAN","NAN","NAN","NAN","NAN","NAN","NAN","NAN",0,0,20.44,23.38,21.8,25.31,23.61,26.17,28.54,27.43,28.07,26.89,29.36,30.79,0,0,"NAN",0,"NAN","NAN"
"2026-09-15 00:29:00",95859,13.72,18.44,0,"NAN",0,0,0,0,0,0,0,0,0,"NAN","NAN",0,0,"NAN",0,0,0,0,0,0,0,0,0,"NAN",0,"NAN","NAN","NAN",17.32,17.41,17.36,17.76,17.43,17.42,13.27,17.35,17.99,"NAN",17.45,"NAN","NAN","NAN",72.78,73.48,71.45,67.14,71.62,72.91,68.85,74.39,70.58,"NAN",67.49,"NAN","NAN","NAN",1026,1027,1025,1020,1026,1026,681.2,1027,1026,"NAN",1026,"NAN","NAN","NAN",3,131,67,3,52,88,152,72,16,"NAN",5,"NAN","NAN",22.78,22.66,22.89,22.87,23.53,23.5,24.55,24.48,24.67,25.69,25.1,25.62,0,0,22.72,22.74,23.36,24.18,24.57,25.27,25.45,25.95,25.93,26.53,26.54,28.05,0,0,"NAN","NAN","NAN","NAN","NAN","NAN","NAN","NAN","NAN","NAN","NAN","NAN",0,0,20.44,23.38,21.8,25.31,23.61,26.16,28.54,27.43,28.07,26.89,29.36,30.79,0,0,"NAN",0,"NAN","NAN"
"2026-09-15 00:30:00",95860,13.73,18.47,0,"NAN",0,0,0,0,0,0,0,0,0,"NAN","NAN",0,0,"NAN",0,0,0,0,0,0,0,0,0,"NAN",0,"NAN","NAN","NAN",17.25,17.36,17.24,17.57,17.25,17.37,13.19,17.29,17.85,"NAN",0,"NAN","NAN","NAN",73.27,73.4,71.59,67.05,72.66,72.62,68.54,74.27,70.45,"NAN",0,"NAN","NAN","NAN",1026,1027,1025,1020,1026,1026,681,1027,1026,"NAN",0,"NAN","NAN","NAN",11,7,3,7,59,96,160,80,8,"NAN",0,"NAN","NAN",22.79,22.66,22.88,22.87,23.52,23.5,24.55,24.48,24.67,25.69,25.1,25.62,0,0,22.73,22.74,23.36,24.17,24.57,25.27,25.44,25.95,25.93,26.53,26.54,28.05,0,0,"NAN","NAN","NAN","NAN","NAN","NAN","NAN","NAN","NAN","NAN","NAN","NAN",0,0,20.44,23.38,21.8,25.31,23.61,26.17,28.54,27.43,28.07,26.89,29.36,30.79,0,0,"NAN",0,"NAN","NAN"
"2026-09-15 00:31:00",95861,13.72,18.49,0,"NAN",0,0,0,0,0,0,0,0,0,"NAN","NAN",0,0,"NAN",0,0,0,0,0,0,0,0,0,"NAN",0,"NAN","NAN","NAN",17.2,17.32,17.17,17.5,17.09,17.32,13.13,17.24,17.78,"NAN",17.33,"NAN","NAN","NAN",73.82,73.52,72.05,67.66,73.78,72.86,68.99,75.08,70.91,"NAN",69.15,"NAN","NAN","NAN",1026,1026,1025,1020,1026,1026,681.2,1027,1026,"NAN",1026,"NAN","NAN","NAN",19,7,11,15,67,104,168,88,16,"NAN",8,"NAN","NAN",22.77,22.66,22.88,22.86,23.52,23.49,24.54,24.48,24.67,25.69,25.09,25.62,0,0,22.73,22.74,23.35,24.18,24.57,25.27,25.45,25.95,25.92,26.53,26.54,28.05,0,0,"NAN","NAN","NAN","NAN","NAN","NAN","NAN","NAN","NAN","NAN","NAN","NAN",0,0,20.44,23.38,21.8,25.31,23.61,26.17,28.54,27.42,28.07,26.89,29.36,30.79,0,0,"NAN",0,"NAN","NAN"
"2026-09-15 00:32:00",95862,13.73,18.5,0,"NAN",0,0,0,0,0,0,0,0,0,"NAN","NAN",0,0,"NAN",0,0,0,0,0,0,0,0,0,"NAN",0,"NAN","NAN","NAN",17.15,17.28,17.14,17.46,16.97,17.28,13.09,17.19,17.72,"NAN",17.3,"NAN","NAN","NAN",74.35,74.28,73.33,69.03,74.71,73.81,70.36,76.54,72.57,"NAN",70.37,"NAN","NAN","NAN",1026,1026,1025,1020,1026,1026,680.9,1027,1026,"NAN",1026,"NAN","NAN","NAN",27,15,19,23,7,112,176,96,24,"NAN",5,"NAN","NAN",22.77,22.66,22.88,22.86,23.52,23.49,24.54,24.48,24.67,25.68,25.09,25.62,0,0,22.73,22.74,23.35,24.18,24.57,25.27,25.44,25.95,25.92,26.53,26.54,28.05,0,0,"NAN","NAN","NAN","NAN","NAN","NAN","NAN","NAN","NAN","NAN","NAN","NAN",0,0,20.44,23.38,21.8,25.3,23.61,26.16,28.54,27.43,28.07,26.89,29.36,30.79,0,0,"NAN",0,"NAN","NAN"
"2026-09-15 00:33:00",95863,13.73,18.52,0,"NAN",0,0,0,0,0,0,0,0,0,"NAN","NAN",0,0,"NAN",0,0,0,0,0,0,0,0,0,"NAN",0,"NAN","NAN","NAN",17.11,17.24,17,17.38,16.81,17.25,13.03,17.15,17.6,"NAN",17.12,"NAN","NAN","NAN",75.06,75.43,75.33,70.66,75.2,74.95,71.67,77.47,74.52,"NAN",72.06,"NAN","NAN","NAN",1026,1026,1025,1020,1026,1026,680.7,1027,1026,"NAN",1026,"NAN","NAN","NAN",35,23,27,31,15,3,184,100,32,"NAN",13,"NAN","NAN",22.78,22.65,22.88,22.86,23.52,23.49,24.54,24.47,24.67,25.68,25.09,25.61,0,0,22.72,22.74,23.35,24.17,24.57,25.27,25.44,25.95,25.92,26.53,26.54,28.05,0,0,"NAN","NAN","NAN","NAN","NAN","NAN","NAN","NAN","NAN","NAN","NAN","NAN",0,0,20.44,23.38,21.8,25.3,23.61,26.17,28.54,27.43,28.07,26.89,29.36,30.79,0,0,"NAN",0,"NAN","NAN"
"2026-09-15 00:34:00",95864,13.74,18.53,0,"NAN",0,0,0,0,0,0,0,0,0,"NAN","NAN",0,0,"NAN",0,0,0,0,0,0,0,0,0,"NAN",0,"NAN","NAN","NAN",17.04,17.14,16.77,17.17,16.68,17.21,12.91,16.91,17.53,"NAN",16.87,"NAN","NAN","NAN",75.8,76.73,77.01,72.22,75.97,75.34,72.87,79.94,74.96,"NAN",73.48,"NAN","NAN","NAN",1026,1027,1025,1020,1026,1026,680.9,1027,1026,"NAN",1026,"NAN","NAN","NAN",43,31,35,39,23,7,193,8,35,"NAN",21,"NAN","NAN",22.77,22.65,22.87,22.85,23.51,23.48,24.53,24.47,24.67,25.68,25.09,25.61,0,0,22.72,22.74,23.35,24.18,24.57,25.27,25.44,25.95,25.92,26.53,26.54,28.05,0,0,"NAN","NAN","NAN","NAN","NAN","NAN","NAN","NAN","NAN","NAN","NAN","NAN",0,0,20.44,23.38,21.8,25.31,23.61,26.17,28.54,27.43,28.07,26.89,29.36,30.79,0,0,"NAN",0,"NAN","NAN"
"2026-09-15 00:35:00",95865,13.74,18.54,0,"NAN",0,0,0,0,0,0,0,0,0,"NAN","NAN",0,0,"NAN",0,0,0,0,0,0,0,0,0,"NAN",0,"NAN","NAN","NAN",16.95,17,16.56,16.89,16.53,17.08,12.89,16.73,17.19,"NAN",16.68,"NAN","NAN","NAN",76.42,77.83,78.05,73.24,76.84,76.53,73.25,80.7,77.14,"NAN",74.76,"NAN","NAN","NAN",1026,1027,1025,1020,1026,1026,682.6,1027,1026,"NAN",1026,"NAN","NAN","NAN",7,7,3,4,31,7,3,15,7,"NAN",28,"NAN","NAN",22.77,22.65,22.87,22.85,23.51,23.48,24.53,24.47,24.67,25.68,25.08,25.61,0,0,22.73,22.74,23.35,24.18,24.57,25.27,25.44,25.95,25.92,26.53,26.53,28.05,0,0,"NAN","NAN","NAN","NAN","NAN","NAN","NAN","NAN","NAN","NAN","NAN","NAN",0,0,20.44,23.38,21.8,25.3,23.61,26.17,28.54,27.43,28.07,26.89,29.36,30.79,0,0,"NAN",0,"NAN","NAN"
"2026-09-15 00:36:00",95866,13.72,18.54,0,"NAN",0,0,0,0,0,0,0,0,0,"NAN","NAN",0,0,"NAN",0,0,0,0,0,0,0,0,0,"NAN",0,"NAN","NAN","NAN",16.84,16.81,16.27,16.68,16.33,16.97,12.65,16.5,17.01,"NAN",16.41,"NAN","NAN","NAN",76.71,78.37,78.9,73.44,77.43,76.86,73.51,81.5,77.62,"NAN",75.24,"NAN","NAN","NAN",1026,1027,1025,1020,1026,1026,681.1,1027,1026,"NAN",1026,"NAN","NAN","NAN",15,15,3,12,39,3,11,23,15,"NAN",37,"NAN","NAN",22.76,22.65,22.86,22.84,23.51,23.47,24.53,24.46,24.66,25.68,25.08,25.61,0,0,22.11,22.73,23.35,24.17,24.57,25.27,25.44,25.95,25.92,26.53,26.53,28.05,0,0,"NAN","NAN","NAN","NAN","NAN","NAN","NAN","NAN","NAN","NAN","NAN","NAN",0,0,20.44,23.38,21.8,25.3,23.61,26.17,28.54,27.43,28.07,26.89,29.36,30.79,0,0,"NAN",0,"NAN","NAN"
"2026-09-15 00:37:00",95867,13.73,18.54,0,"NAN",0,0,0,0,0,0,0,0,0,"NAN","NAN",0,0,"NAN",0,0,0,0,0,0,0,0,0,"NAN",0,"NAN","NAN","NAN",16.74,16.64,16.09,16.48,16.19,16.85,12.48,16.29,16.79,"NAN",16.25,"NAN","NAN","NAN",77.17,79.18,79.91,74.57,78.03,77.2,74.03,82.5,78.54,"NAN",76.18,"NAN","NAN","NAN",1026,1027,1025,1020,1026,1026,680.2,1027,1026,"NAN",1026,"NAN","NAN","NAN",23,23,6,20,47,11,19,31,4,"NAN",45,"NAN","NAN",22.76,22.65,22.86,22.84,23.5,23.47,24.52,24.46,24.66,25.67,25.08,25.6,0,0,22.72,22.73,23.35,24.17,24.57,25.27,25.44,25.95,25.92,26.53,26.53,28.05,0,0,"NAN","NAN","NAN","NAN","NAN","NAN","NAN","NAN","NAN","NAN","NAN","NAN",0,0,20.44,23.38,21.8,25.31,23.61,26.16,28.54,27.43,28.07,26.89,29.36,30.79,0,0,"NAN",0,"NAN","NAN"
"2026-09-15 00:38:00",95868,13.73,18.53,0,"NAN",0,0,0,0,0,0,0,0,0,"NAN","NAN",0,0,"NAN",0,0,0,0,0,0,0,0,0,"NAN",0,"NAN","NAN","NAN",16.63,16.49,15.97,16.31,16.08,16.75,12.32,16.12,16.63,"NAN",16.16,"NAN","NAN","NAN",77.81,80,80.5,75.48,78.61,77.85,74.94,83.3,79.4,"NAN",76.44,"NAN","NAN","NAN",1026,1027,1025,1020,1026,1026,680.2,1027,1026,"NAN",1026,"NAN","NAN","NAN",31,31,14,28,55,7,27,39,12,"NAN",53,"NAN","NAN",22.76,22.64,22.86,22.84,23.5,23.47,24.52,24.46,24.66,25.67,25.08,25.6,0,0,22.7,22.73,23.35,24.17,24.57,25.27,25.44,25.95,25.92,26.53,26.53,28.04,0,0,"NAN","NAN","NAN","NAN","NAN","NAN","NAN","NAN","NAN","NAN","NAN","NAN",0,0,20.44,23.38,21.8,25.3,23.61,26.17,28.54,27.42,28.07,26.89,29.36,30.79,0,0,"NAN",0,"NAN","NAN"
"2026-09-15 00:39:00",95869,13.72,18.52,0,"NAN",0,0,0,0,0,0,0,0,0,"NAN","NAN",0,0,"NAN",0,0,0,0,0,0,0,0,0,"NAN",0,"NAN","NAN","NAN",16.52,16.34,15.93,16.19,15.98,16.65,12.18,15.99,16.54,"NAN",16.06,"NAN","NAN","NAN",77.95,80.4,80.1,75.34,78.6,77.94,75.37,83.5,79.34,"NAN",76.75,"NAN","NAN","NAN",1026,1027,1025,1020,1026,1026,680.1,1027,1026,"NAN",1026,"NAN","NAN","NAN",39,39,3,36,63,15,35,47,19,"NAN",61,"NAN","NAN",22.75,22.64,22.85,22.83,23.5,23.46,24.52,24.46,24.66,25.67,25.07,25.6,0,0,22.72,22.73,23.35,24.17,24.57,25.27,25.44,25.95,25.92,26.53,26.53,28.05,0,0,"NAN","NAN","NAN","NAN","NAN","NAN","NAN","NAN","NAN","NAN","NAN","NAN",0,0,20.44,23.38,21.8,25.31,23.61,26.17,28.54,27.43,28.07,26.89,29.35,30.79,0,0,"NAN",0,"NAN","NAN"
"2026-09-15 00:40:00",95870,13.73,18.5,0,"NAN",0,0,0,0,0,0,0,0,0,"NAN","NAN",0,0,"NAN",0,0,0,0,0,0,0,0,0,"NAN",0,"NAN","NAN","NAN",16.4,16.2,15.82,16.06,15.86,16.55,12.03,15.87,16.42,"NAN",15.95,"NAN","NAN","NAN",78.33,80.9,81,75.87,79.13,78.49,75.83,84.2,80,"NAN",77.44,"NAN","NAN","NAN",1026,1027,1025,1020,1026,1027,680,1027,1026,"NAN",1026,"NAN","NAN","NAN",47,47,6,44,71,23,43,55,27,"NAN",69,"NAN","NAN",22.75,22.64,22.85,22.83,23.5,23.46,24.51,24.45,24.66,25.67,25.07,25.6,0,0,22.72,22.73,23.35,24.17,24.57,25.27,25.43,25.95,25.92,26.53,26.53,28.05,0,0,"NAN","NAN","NAN","NAN","NAN","NAN","NAN","NAN","NAN","NAN","NAN","NAN",0,0,20.44,23.38,21.8,25.3,23.61,26.17,28.54,27.42,28.07,26.89,29.35,30.79,0,0,"NAN",0,"NAN","NAN"
"2026-09-15 00:41:00",95871,13.73,18.48,0,"NAN",0,0,0,0,0,0,0,0,0,"NAN","NAN",0,0,"NAN",0,0,0,0,0,0,0,0,0,"NAN",0,"NAN","NAN","NAN",16.29,16.07,15.68,15.95,15.74,16.44,11.9,15.74,16.28,"NAN",15.83,"NAN","NAN","NAN",78.55,81.5,81.6,75.9,79.67,78.87,76.38,84.6,80.5,"NAN",77.71,"NAN","NAN","NAN",1026,1027,1025,1020,1026,1027,679.7,1027,1026,"NAN",1026,"NAN","NAN","NAN",55,55,14,52,79,31,51,63,35,"NAN",77,"NAN","NAN",22.74,22.64,22.85,22.83,23.49,23.46,24.51,24.45,24.66,25.67,25.07,25.59,0,0,22.72,22.73,23.35,24.18,24.57,25.27,25.44,25.95,25.92,26.53,26.53,28.05,0,0,"NAN","NAN","NAN","NAN","NAN","NAN","NAN","NAN","NAN","NAN","NAN","NAN",0,0,20.44,23.38,21.79,25.31,23.61,26.17,28.54,27.42,28.07,26.89,29.36,30.79,0,0,"NAN",0,"NAN","NAN"
"2026-09-15 00:42:00",95872,13.74,18.46,0,"NAN",0,0,0,0,0,0,0,0,0,"NAN","NAN",0,0,"NAN",0,0,0,0,0,0,0,0,0,"NAN",0,"NAN","NAN","NAN",16.19,15.95,15.59,15.89,15.68,16.35,11.79,15.74,16.15,"NAN",15.78,"NAN","NAN","NAN",79.03,82,81.9,75.92,79.9,79.03,76.5,84.6,80.9,"NAN",77.81,"NAN","NAN","NAN",1026,1027,1025,1020,1026,1027,679.6,1027,1026,"NAN",1026,"NAN","NAN","NAN",63,63,22,60,87,39,59,63,44,"NAN",85,"NAN","NAN",22.74,22.63,22.84,22.82,23.49,23.45,24.51,24.45,24.66,25.67,25.07,25.59,0,0,22.72,22.74,23.35,24.17,24.57,25.27,25.44,25.95,25.92,26.53,26.53,28.04,0,0,"NAN","NAN","NAN","NAN","NAN","NAN","NAN","NAN","NAN","NAN","NAN","NAN",0,0,20.44,23.38,21.8,25.3,23.61,26.16,28.54,27.42,28.07,26.89,29.36,30.79,0,0,"NAN",0,"NAN","NAN"
"2026-09-15 00:43:00",95873,13.73,18.44,0,"NAN",0,0,0,0,0,0,0,0,0,"NAN","NAN",0,0,"NAN",0,0,0,0,0,0,0,0,0,"NAN",0,"NAN","NAN","NAN",16.11,15.87,15.55,15.79,15.61,16.25,11.67,15.57,16.06,"NAN",15.67,"NAN","NAN","NAN",79.63,82.5,82.2,76.63,80.3,79.57,77.23,85.6,81.5,"NAN",78.62,"NAN","NAN","NAN",1026,1027,1025,1020,1026,1026,679.6,1027,1026,"NAN",1026,"NAN","NAN","NAN",71,6,30,68,95,47,67,4,52,"NAN",93,"NAN","NAN",22.75,22.63,22.84,22.82,23.49,23.45,24.51,24.45,24.65,25.67,25.07,25.59,0,0,22.72,22.73,23.35,24.17,24.57,25.27,25.43,25.95,25.92,26.53,26.53,28.04,0,0,"NAN","NAN","NAN","NAN","NAN","NAN","NAN","NAN","NAN","NAN","NAN","NAN",0,0,20.44,23.38,21.79,25.3,23.61,26.17,28.54,27.42,28.07,26.89,29.36,30.79,0,0,"NAN",0,"NAN","NAN"
"2026-09-15 00:44:00",95874,13.72,18.41,0,"NAN",0,0,0,0,0,0,0,0,0,"NAN","NAN",0,0,"NAN",0,0,0,0,0,0,0,0,0,"NAN",0,"NAN","NAN","NAN",16.02,15.77,15.47,15.68,15.5,0,11.55,15.48,15.97,"NAN",15.58,"NAN","NAN","NAN",80,83,82.7,77.32,80.9,0,77.86,86.5,82.2,"NAN",78.96,"NAN","NAN","NAN",1026,1027,1025,1020,1026,0,679.4,1027,1026,"NAN",1026,"NAN","NAN","NAN",79,14,38,76,103,0,75,12,60,"NAN",101,"NAN","NAN",22.73,22.63,22.84,22.81,23.48,23.45,24.5,24.44,24.65,25.66,25.06,25.59,0,0,22.72,22.73,23.35,24.17,24.56,25.27,25.44,25.94,25.92,26.53,26.53,28.04,0,0,"NAN","NAN","NAN","NAN","NAN","NAN","NAN","NAN","NAN","NAN","NAN","NAN",0,0,20.44,23.38,21.79,25.31,23.61,26.16,28.54,27.42,28.07,26.89,29.35,30.79,0,0,"NAN",0,"NAN","NAN"
"2026-09-15 00:45:00",95875,13.56,18.38,0,"NAN",0,0,0,0,0,0,0,0,0,"NAN","NAN",0,0,"NAN",0,0,0,0,0,0,0,0,0,"NAN",0,"NAN","NAN","NAN",15.92,15.7,15.42,15.59,15.42,16.08,11.45,15.42,15.9,"NAN",15.5,"NAN","NAN","NAN",80.4,83.5,83.1,77.75,81.4,80.7,78.52,86.7,82.6,"NAN",79.53,"NAN","NAN","NAN",1026,1027,1025,1020,1026,1026,679.4,1027,1026,"NAN",1026,"NAN","NAN","NAN",87,3,3,7,111,8,83,19,67,"NAN",108,"NAN","NAN",22.74,22.63,22.83,22.81,23.48,23.44,24.5,24.44,24.65,25.66,25.06,25.58,0,0,22.73,22.73,23.35,24.17,24.56,25.27,25.43,25.94,25.92,26.53,26.53,28.04,0,0,"NAN","NAN","NAN","NAN","NAN","NAN","NAN","NAN","NAN","NAN","NAN","NAN",0,0,20.44,23.38,21.8,25.31,23.61,26.16,28.54,27.42,28.07,26.89,29.36,30.79,0,0,"NAN",0,"NAN","NAN"
"2026-09-15 00:46:00",95876,13.71,18.35,0,"NAN",0,0,0,0,0,0,0,0,0,"NAN","NAN",0,0,"NAN",0,0,0,0,0,0,0,0,0,"NAN",0,"NAN","NAN","NAN",15.83,15.59,15.32,15.49,15.34,16,11.34,15.33,15.81,"NAN",15.41,"NAN","NAN","NAN",80.6,84,83.6,78.05,81.9,80.8,78.92,87.4,83,"NAN",80.1,"NAN","NAN","NAN",1026,1027,1025,1020,1026,1027,679.1,1027,1026,"NAN",1026,"NAN","NAN","NAN",95,7,3,15,119,15,91,27,75,"NAN",116,"NAN","NAN",22.73,22.63,22.83,22.81,23.48,23.44,24.5,24.44,24.65,25.66,25.06,25.58,0,0,22.73,22.73,23.35,24.17,24.56,25.27,25.44,25.94,25.92,26.53,26.53,28.04,0,0,"NAN","NAN","NAN","NAN","NAN","NAN","NAN","NAN","NAN","NAN","NAN","NAN",0,0,20.44,23.38,21.79,25.31,23.61,26.16,28.54,27.42,28.07,26.89,29.35,30.79,0,0,"NAN",0,"NAN","NAN"
"2026-09-15 00:47:00",95877,13.72,18.32,0,"NAN",0,0,0,0,0,0,0,0,0,"NAN","NAN",0,0,"NAN",0,0,0,0,0,0,0,0,0,"NAN",0,"NAN","NAN","NAN",15.75,15.48,15.2,15.4,15.22,15.9,11.23,15.22,15.72,"NAN",15.29,"NAN","NAN","NAN",80.8,84.4,83.8,78.12,82.2,81,79.04,87.4,83.2,"NAN",80.5,"NAN","NAN","NAN",1026,1027,1025,1020,1026,1027,679,1027,1026,"NAN",1026,"NAN","NAN","NAN",7,15,11,23,127,7,99,35,83,"NAN",124,"NAN","NAN",22.73,22.62,22.83,22.8,23.47,23.44,24.5,24.44,24.65,25.66,25.05,25.58,0,0,22.72,22.73,23.35,24.17,24.57,25.26,25.44,25.94,25.92,26.53,26.53,28.04,0,0,"NAN","NAN","NAN","NAN","NAN","NAN","NAN","NAN","NAN","NAN","NAN","NAN",0,0,20.44,23.38,21.79,25.3,23.61,26.16,28.54,27.42,28.07,26.89,29.36,30.79,0,0,"NAN",0,"NAN","NAN"
"2026-09-15 00:48:00",95878,13.74,18.28,0,"NAN",0,0,0,0,0,0,0,0,0,"NAN","NAN",0,0,"NAN",0,0,0,0,0,0,0,0,0,"NAN",0,"NAN","NAN","NAN",15.64,15.39,15.12,15.31,15.16,15.81,11.13,15.14,15.63,"NAN",15.21,"NAN","NAN","NAN",81.4,84.7,84.1,78.46,82.4,81.2,79.43,87.7,83.5,"NAN",80.4,"NAN","NAN","NAN",1026,1027,1025,1020,1026,1027,678.9,1027,1026,"NAN",1026,"NAN","NAN","NAN",15,23,19,31,135,15,107,43,91,"NAN",132,"NAN","NAN",22.73,22.62,22.82,22.8,23.47,23.43,24.49,24.43,24.65,25.66,25.05,25.58,0,0,22.72,22.73,23.35,24.17,24.56,25.26,25.43,25.95,25.92,26.53,26.53,28.04,0,0,"NAN","NAN","NAN","NAN","NAN","NAN","NAN","NAN","NAN","NAN","NAN","NAN",0,0,20.44,23.38,21.8,25.31,23.6,26.16,28.54,27.42,28.07,26.89,29.36,30.79,0,0,"NAN",0,"NAN","NAN"
"2026-09-15 00:49:00",95879,13.72,18.25,0,"NAN",0,0,0,0,0,0,0,0,0,"NAN","NAN",0,0,"NAN",0,0,0,0,0,0,0,0,0,"NAN",0,"NAN","NAN","NAN",15.56,15.31,15.06,15.25,15.12,15.72,11.04,15.11,15.56,"NAN",15.18,"NAN","NAN","NAN",81.8,85,84.1,78.63,82.5,81.3,79.93,87.7,83.7,"NAN",80.6,"NAN","NAN","NAN",1026,1027,1025,1020,1026,1027,678.7,1027,1026,"NAN",1026,"NAN","NAN","NAN",23,31,27,39,143,23,115,51,99,"NAN",140,"NAN","NAN",22.72,22.62,22.82,22.8,23.47,23.43,24.49,24.43,24.65,25.65,25.05,25.57,0,0,22.73,22.73,23.35,24.17,24.56,25.27,25.43,25.94,25.92,26.53,26.53,28.04,0,0,"NAN","NAN","NAN","NAN","NAN","NAN","NAN","NAN","NAN","NAN","NAN","NAN",0,0,20.44,23.38,21.8,25.3,23.61,26.16,28.54,27.42,28.07,26.89,29.35,30.79,0,0,"NAN",0,"NAN","NAN"
"2026-09-15 00:50:00",95880,13.73,18.21,0,"NAN",0,0,0,0,0,0,0,0,0,"NAN","NAN",0,0,"NAN",0,0,0,0,0,0,0,0,0,"NAN",0,"NAN","NAN","NAN",15.47,15.25,15.04,15.24,15.1,15.63,10.96,15.09,15.51,"NAN",15.16,"NAN","NAN","NAN",82.1,85.4,84.1,78.55,82.6,81.4,79.98,87.7,83.8,"NAN",80.4,"NAN","NAN","NAN",1026,1027,1025,1020,1026,1027,679.3,1027,1026,"NAN",1026,"NAN","NAN","NAN",31,39,35,47,151,31,123,59,107,"NAN",148,"NAN","NAN",22.73,22.62,22.82,22.79,23.47,23.43,24.49,24.43,24.64,25.65,25.05,25.57,0,0,22.73,22.73,23.35,24.17,24.56,25.27,25.43,25.94,25.92,26.53,26.53,28.04,0,0,"NAN","NAN","NAN","NAN","NAN","NAN","NAN","NAN","NAN","NAN","NAN","NAN",0,0,20.44,23.38,21.8,25.31,23.61,26.16,28.54,27.42,28.07,26.89,29.35,30.79,0,0,"NAN",0,"NAN","NAN"
"2026-09-15 00:51:00",95881,13.73,18.17,0,"NAN",0,0,0,0,0,0,0,0,0,"NAN","NAN",0,0,"NAN",0,0,0,0,0,0,0,0,0,"NAN",0,"NAN","NAN","NAN",15.39,15.2,15.03,15.2,15.09,15.56,10.89,15.06,15.47,"NAN",15.13,"NAN","NAN","NAN",82.2,85.6,84,78.73,82.5,81.6,80.4,87.9,84,"NAN",80.7,"NAN","NAN","NAN",1026,1027,1025,1020,1026,1027,678.9,1027,1026,"NAN",1026,"NAN","NAN","NAN",39,47,43,55,159,39,131,67,115,"NAN",156,"NAN","NAN",22.71,22.61,22.81,22.79,23.46,23.42,24.48,24.43,24.64,25.65,25.05,25.57,0,0,22.73,22.73,23.35,24.17,24.56,25.27,25.44,25.94,25.92,26.53,26.53,28.04,0,0,"NAN","NAN","NAN","NAN","NAN","NAN","NAN","NAN","NAN","NAN","NAN","NAN",0,0,20.44,23.38,21.79,25.31,23.61,26.17,28.54,27.42,28.06,26.89,29.35,30.79,0,0,"NAN",0,"NAN","NAN"
"2026-09-15 00:52:00",95882,13.72,18.13,0,"NAN",0,0,0,0,0,0,0,0,0,"NAN","NAN",0,0,"NAN",0,0,0,0,0,0,0,0,0,"NAN",0,"NAN","NAN","NAN",15.33,15.14,15.04,15.17,15.11,15.49,10.82,15.07,15.47,"NAN",15.17,"NAN","NAN","NAN",82.8,85.8,83.9,78.84,82.3,82,80.4,87.5,83.7,"NAN",80.2,"NAN","NAN","NAN",1026,1027,1025,1020,1026,1027,678.6,1027,1026,"NAN",1026,"NAN","NAN","NAN",47,55,51,63,167,47,139,75,123,"NAN",164,"NAN","NAN",22.71,22.61,22.81,22.79,23.46,23.42,24.48,24.42,24.64,25.65,25.05,25.57,0,0,22.73,22.73,23.35,24.17,24.56,25.26,25.44,25.94,25.92,26.53,26.53,28.04,0,0,"NAN","NAN","NAN","NAN","NAN","NAN","NAN","NAN","NAN","NAN","NAN","NAN",0,0,20.44,23.38,21.79,25.3,23.61,26.17,28.54,27.42,28.07,26.89,29.35,30.79,0,0,"NAN",0,"NAN","NAN"
"2026-09-15 00:53:00",95883,13.72,18.09,0,"NAN",0,0,0,0,0,0,0,0,0,"NAN","NAN",0,0,"NAN",0,0,0,0,0,0,0,0,0,"NAN",0,"NAN","NAN","NAN",15.28,15.13,15.17,15.2,15.2,15.45,10.79,15.13,15.51,"NAN",15.23,"NAN","NAN","NAN",83.6,86,83.7,78.93,82.3,82.3,80.7,87.6,83.7,"NAN",80.6,"NAN","NAN","NAN",1026,1027,1025,1020,1026,1027,678.7,1027,1026,"NAN",1026,"NAN","NAN","NAN",55,63,3,71,3,55,147,83,131,"NAN",172,"NAN","NAN",22.72,22.61,22.81,22.78,23.46,23.41,24.48,24.42,24.64,25.65,25.04,25.57,0,0,22.73,22.73,23.35,24.17,24.56,25.26,25.43,25.94,25.92,26.53,26.53,28.04,0,0,"NAN","NAN","NAN","NAN","NAN","NAN","NAN","NAN","NAN","NAN","NAN","NAN",0,0,20.44,23.38,21.8,25.3,23.61,26.17,28.54,27.42,28.07,26.89,29.35,30.79,0,0,"NAN",0,"NAN","NAN"
"2026-09-15 00:54:00",95884,13.73,18.05,0,"NAN",0,0,0,0,0,0,0,0,0,"NAN","NAN",0,0,"NAN",0,0,0,0,0,0,0,0,0,"NAN",0,"NAN","NAN","NAN",15.21,15.11,15.09,15.18,15.15,15.4,10.76,15.13,15.51,"NAN",15.19,"NAN","NAN","NAN",83.4,86.1,84.1,79.19,82.5,82.5,81.2,87.8,84,"NAN",80.7,"NAN","NAN","NAN",1026,1027,1025,1020,1026,1027,678.9,1027,1026,"NAN",1026,"NAN","NAN","NAN",63,71,11,79,11,63,155,91,139,"NAN",180,"NAN","NAN",22.71,22.61,22.8,22.78,23.45,23.41,24.48,24.42,24.64,25.65,25.04,25.56,0,0,22.73,22.73,23.35,24.17,24.56,25.26,25.44,25.94,25.92,26.53,26.53,28.04,0,0,"NAN","NAN","NAN","NAN","NAN","NAN","NAN","NAN","NAN","NAN","NAN","NAN",0,0,20.44,23.38,21.8,25.31,23.61,26.16,28.54,27.42,28.07,26.89,29.35,30.8,0,0,"NAN",0,"NAN","NAN"
"2026-09-15 00:55:00",95885,13.71,18.02,0,"NAN",0,0,0,0,0,0,0,0,0,"NAN","NAN",0,0,"NAN",0,0,0,0,0,0,0,0,0,"NAN",0,"NAN","NAN","NAN",15.15,15.09,15.05,15.14,15.12,15.35,10.72,15.12,15.48,"NAN",15.15,"NAN","NAN","NAN",83.7,86.3,84.4,79.32,82.7,82.8,81.2,87.9,84.1,"NAN",80.8,"NAN","NAN","NAN",1026,1027,1025,1020,1026,1027,678.7,1027,1026,"NAN",1026,"NAN","NAN","NAN",71,79,19,87,19,71,163,99,147,"NAN",188,"NAN","NAN",22.71,22.61,22.8,22.77,23.45,23.41,24.47,24.42,24.64,25.65,25.04,25.56,0,0,22.72,22.73,23.35,24.17,24.56,25.26,25.43,25.94,25.91,26.53,26.53,28.04,0,0,"NAN","NAN","NAN","NAN","NAN","NAN","NAN","NAN","NAN","NAN","NAN","NAN",0,0,20.44,23.38,21.8,25.31,23.61,26.16,28.54,27.42,28.07,26.89,29.35,30.79,0,0,"NAN",0,"NAN","NAN"
"2026-09-15 00:56:00",95886,13.74,17.98,0,"NAN",0,0,0,0,0,0,0,0,0,"NAN","NAN",0,0,"NAN",0,0,0,0,0,0,0,0,0,"NAN",0,"NAN","NAN","NAN",15.09,15.07,15.02,15.1,15.08,15.31,10.67,15.09,15.44,"NAN",15.1,"NAN","NAN","NAN",83.9,86.5,84.6,79.68,82.9,83.2,81.5,88.3,84.4,"NAN",81.3,"NAN","NAN","NAN",1026,1027,1025,1020,1026,1027,678.3,1027,1026,"NAN",1026,"NAN","NAN","NAN",79,87,27,95,27,79,171,107,155,"NAN",196,"NAN","NAN",22.7,22.6,22.8,22.77,23.45,23.4,24.47,24.41,24.63,25.64,25.04,25.56,0,0,22.72,22.73,23.35,24.17,24.56,25.26,25.44,25.94,25.91,26.53,26.53,28.04,0,0,"NAN","NAN","NAN","NAN","NAN","NAN","NAN","NAN","NAN","NAN","NAN","NAN",0,0,20.44,23.38,21.8,25.3,23.61,26.17,28.54,27.42,28.07,26.89,29.36,30.79,0,0,"NAN",0,"NAN","NAN"
"2026-09-15 00:57:00",95887,13.72,17.94,0,"NAN",0,0,0,0,0,0,0,0,0,"NAN","NAN",0,0,"NAN",0,0,0,0,0,0,0,0,0,"NAN",0,"NAN","NAN","NAN",15.03,15.02,14.93,15.04,15,15.27,10.62,15.02,15.39,"NAN",15.04,"NAN","NAN","NAN",83.9,86.6,85,79.71,83.2,83.2,81.6,88.6,84.7,"NAN",81.7,"NAN","NAN","NAN",1026,1027,1025,1020,1026,1027,678.6,1027,1026,"NAN",1026,"NAN","NAN","NAN",87,95,35,103,35,87,179,115,163,"NAN",204,"NAN","NAN",22.7,22.6,22.79,22.77,23.45,23.4,24.47,24.41,24.63,25.64,25.03,25.55,0,0,22.39,22.73,23.35,24.17,24.56,25.26,25.43,25.94,25.91,26.52,26.52,28.04,0,0,"NAN","NAN","NAN","NAN","NAN","NAN","NAN","NAN","NAN","NAN","NAN","NAN",0,0,20.44,23.38,21.8,25.3,23.61,26.16,28.54,27.42,28.07,26.89,29.35,30.79,0,0,"NAN",0,"NAN","NAN"
"2026-09-15 00:58:00",95888,13.74,17.9,0,"NAN",0,0,0,0,0,0,0,0,0,"NAN","NAN",0,0,"NAN",0,0,0,0,0,0,0,0,0,"NAN",0,"NAN","NAN","NAN",14.96,14.98,14.86,14.99,14.95,15.22,10.56,14.98,15.34,"NAN",15.01,"NAN","NAN","NAN",84.1,86.9,85.4,80,83.6,83.5,81.8,88.9,84.8,"NAN",81.7,"NAN","NAN","NAN",1026,1027,1025,1020,1026,1027,678.5,1027,1026,"NAN",1026,"NAN","NAN","NAN",95,103,43,111,43,95,187,123,171,"NAN",212,"NAN","NAN",22.7,22.6,22.79,22.77,23.44,23.4,24.46,24.41,24.64,25.64,25.03,25.55,0,0,22.72,22.73,23.35,24.17,24.56,25.26,25.43,25.94,25.91,26.53,26.53,28.04,0,0,"NAN","NAN","NAN","NAN","NAN","NAN","NAN","NAN","NAN","NAN","NAN","NAN",0,0,20.44,23.38,21.79,25.31,23.61,26.17,28.54,27.42,28.07,26.89,29.35,30.79,0,0,"NAN",0,"NAN","NAN"
"2026-09-15 00:59:00",95889,13.73,17.86,0,"NAN",0,0,0,0,0,0,0,0,0,"NAN","NAN",0,0,"NAN",0,0,0,0,0,0,0,0,0,"NAN",0,"NAN","NAN","NAN",14.89,14.94,14.8,14.95,14.87,15.17,10.51,14.92,15.24,"NAN",14.95,"NAN","NAN","NAN",84,87.1,85.6,80,83.8,83.6,82,89,84.5,"NAN",82.1,"NAN","NAN","NAN",1026,1027,1025,1020,1026,1027,678.6,1027,1026,"NAN",1026,"NAN","NAN","NAN",103,111,51,119,51,103,195,131,179,"NAN",221,"NAN","NAN",22.69,22.6,22.79,22.76,23.44,23.39,24.46,24.41,24.63,25.64,25.03,25.55,0,0,22.73,22.73,23.35,24.17,24.56,25.26,25.43,25.94,25.91,26.53,26.52,28.04,0,0,"NAN","NAN","NAN","NAN","NAN","NAN","NAN","NAN","NAN","NAN","NAN","NAN",0,0,20.44,23.38,21.8,25.3,23.61,26.16,28.54,27.42,28.07,26.89,29.35,30.79,0,0,"NAN",0,"NAN","NAN"
"2026-09-15 01:00:00",95890,13.73,17.82,0,"NAN",0,0,0,0,0,0,0,0,0,"NAN","NAN",0,0,"NAN",0,0,0,0,0,0,0,0,0,"NAN",0,"NAN","NAN","NAN",14.83,14.9,14.73,14.89,14.79,15.16,10.45,14.85,15.14,"NAN",14.89,"NAN","NAN","NAN",84.2,87.2,85.7,80.2,84.1,83.7,82.1,89.2,84.5,"NAN",82.4,"NAN","NAN","NAN",1026,1027,1025,1020,1026,1027,678.4,1027,1026,"NAN",1026,"NAN","NAN","NAN",111,7,59,127,59,3,203,139,187,"NAN",228,"NAN","NAN",22.69,22.6,22.78,22.76,23.44,23.39,24.46,24.4,24.63,25.64,25.03,25.55,0,0,22.7,22.73,23.35,24.17,24.56,25.26,25.43,25.94,25.91,26.52,26.52,28.04,0,0,"NAN","NAN","NAN","NAN","NAN","NAN","NAN","NAN","NAN","NAN","NAN","NAN",0,0,20.44,23.38,21.79,25.31,23.61,26.16,28.54,27.42,28.07,26.89,29.36,30.79,0,0,"NAN",0,"NAN","NAN"
"2026-09-15 01:01:00",95891,13.72,17.78,0,"NAN",0,0,0,0,0,0,0,0,0,"NAN","NAN",0,0,"NAN",0,0,0,0,0,0,0,0,0,"NAN",0,"NAN","NAN","NAN",14.78,14.85,14.7,14.86,14.78,15.09,10.4,14.82,15.04,"NAN",14.86,"NAN","NAN","NAN",84.7,87.5,85.9,80.3,84.3,84.1,82.4,89.2,84.7,"NAN",82.2,"NAN","NAN","NAN",1026,1027,1025,1020,1026,1026,678.4,1027,1026,"NAN",1026,"NAN","NAN","NAN",119,15,67,135,67,11,211,147,195,"NAN",236,"NAN","NAN",22.68,22.59,22.78,22.75,23.43,23.39,24.46,24.4,24.63,25.64,25.02,25.54,0,0,22.72,22.72,23.35,24.17,24.56,25.26,25.43,25.94,25.91,26.53,26.52,28.04,0,0,"NAN","NAN","NAN","NAN","NAN","NAN","NAN","NAN","NAN","NAN","NAN","NAN",0,0,20.44,23.38,21.79,25.31,23.61,26.16,28.54,27.42,28.07,26.89,29.36,30.79,0,0,"NAN",0,"NAN","NAN"
"2026-09-15 01:02:00",95892,13.74,17.74,0,"NAN",0,0,0,0,0,0,0,0,0,"NAN","NAN",0,0,"NAN",0,0,0,0,0,0,0,0,0,"NAN",0,"NAN","NAN","NAN",14.74,14.8,14.69,14.81,14.75,15.05,10.36,14.78,14.97,"NAN",14.86,"NAN","NAN","NAN",84.8,87.6,85.9,80.1,84.2,84.2,82.4,89.2,85,"NAN",82.2,"NAN","NAN","NAN",1026,1027,1025,1020,1026,1027,678.4,1027,1026,"NAN",1026,"NAN","NAN","NAN",7,23,75,143,75,19,219,155,203,"NAN",1,"NAN","NAN",22.68,22.59,22.78,22.75,23.43,23.38,24.45,24.4,24.63,25.63,25.02,25.54,0,0,22.72,22.72,23.35,24.17,24.56,25.26,25.43,25.94,25.91,26.53,26.52,28.04,0,0,"NAN","NAN","NAN","NAN","NAN","NAN","NAN","NAN","NAN","NAN","NAN","NAN",0,0,20.44,23.38,21.79,25.3,23.61,26.16,28.54,27.42,28.07,26.89,29.36,30.79,0,0,"NAN",0,"NAN","NAN"
"2026-09-15 01:03:00",95893,13.73,17.7,0,"NAN",0,0,0,0,0,0,0,0,0,"NAN","NAN",0,0,"NAN",0,0,0,0,0,0,0,0,0,"NAN",0,"NAN","NAN","NAN",14.68,14.78,14.72,14.83,14.79,15.04,10.32,14.77,0,"NAN",14.83,"NAN","NAN","NAN",85.1,87.8,85.8,80.5,84.3,84.4,82.8,89.4,0,"NAN",82.3,"NAN","NAN","NAN",1026,1027,1025,1020,1026,1027,678.3,1027,0,"NAN",1026,"NAN","NAN","NAN",15,31,83,151,83,23,227,159,0,"NAN",5,"NAN","NAN",22.69,22.59,22.77,22.75,23.43,23.38,24.45,24.4,24.62,25.63,25.02,25.54,0,0,22.72,22.73,23.35,24.17,24.56,25.26,25.43,25.94,25.91,26.53,26.52,28.04,0,0,"NAN","NAN","NAN","NAN","NAN","NAN","NAN","NAN","NAN","NAN","NAN","NAN",0,0,20.44,23.38,21.79,25.31,23.61,26.16,28.54,27.42,28.07,26.89,29.36,30.79,0,0,"NAN",0,"NAN","NAN"
"2026-09-15 01:04:00",95894,13.74,17.66,0,"NAN",0,0,0,0,0,0,0,0,0,"NAN","NAN",0,0,"NAN",0,0,0,0,0,0,0,0,0,"NAN",0,"NAN","NAN","NAN",14.63,14.81,14.74,14.86,14.85,15.01,10.3,14.81,14.88,"NAN",14.87,"NAN","NAN","NAN",85.4,88,85.5,80.1,84,84.6,82.8,89.3,85.6,"NAN",81.9,"NAN","NAN","NAN",1026,1027,1025,1020,1026,1027,678.3,1027,1026,"NAN",1026,"NAN","NAN","NAN",23,3,91,159,7,8,235,7,7,"NAN",13,"NAN","NAN",22.68,22.59,22.77,22.74,23.43,23.38,24.45,24.4,24.62,25.63,25.03,25.54,0,0,22.73,22.72,23.35,24.17,24.56,25.26,25.43,25.94,25.91,26.53,26.52,28.04,0,0,"NAN","NAN","NAN","NAN","NAN","NAN","NAN","NAN","NAN","NAN","NAN","NAN",0,0,20.44,23.38,21.79,25.31,23.61,26.17,28.54,27.42,28.07,26.89,29.36,30.79,0,0,"NAN",0,"NAN","NAN"
"2026-09-15 01:05:00",95895,13.73,17.62,0,"NAN",0,0,0,0,0,0,0,0,0,"NAN","NAN",0,0,"NAN",0,0,0,0,0,0,0,0,0,"NAN",0,"NAN","NAN","NAN",14.61,14.78,14.77,14.88,14.87,14.98,10.28,14.85,14.9,"NAN",14.89,"NAN","NAN","NAN",86,88.1,85.3,80.2,83.9,84.7,83.1,89.2,86.2,"NAN",81.9,"NAN","NAN","NAN",1026,1027,1025,1020,1026,1027,677.2,1027,1026,"NAN",1026,"NAN","NAN","NAN",31,11,99,167,15,16,3,15,15,"NAN",21,"NAN","NAN",22.68,22.58,22.77,22.74,23.42,23.37,24.44,24.39,24.62,25.63,25.01,25.53,0,0,22.73,22.73,23.35,24.17,24.56,25.26,25.42,25.94,25.91,26.53,26.52,28.04,0,0,"NAN","NAN","NAN","NAN","NAN","NAN","NAN","NAN","NAN","NAN","NAN","NAN",0,0,20.44,23.38,21.8,25.3,23.61,26.16,28.54,27.42,28.07,26.89,29.35,30.79,0,0,"NAN",0,"NAN","NAN"
"2026-09-15 01:06:00",95896,13.72,17.58,0,"NAN",0,0,0,0,0,0,0,0,0,"NAN","NAN",0,0,"NAN",0,0,0,0,0,0,0,0,0,"NAN",0,"NAN","NAN","NAN",14.57,14.76,14.82,14.88,14.83,14.97,10.27,14.85,14.93,"NAN",14.86,"NAN","NAN","NAN",86,88.1,85.7,80.1,83.9,84.8,83.1,89.2,86.3,"NAN",82.2,"NAN","NAN","NAN",1026,1027,1025,1020,1027,1027,677.6,1027,1026,"NAN",1026,"NAN","NAN","NAN",39,19,2,3,23,23,10,23,23,"NAN",29,"NAN","NAN",22.67,22.58,22.76,22.74,23.42,23.37,24.44,24.39,24.62,25.63,25.01,25.53,0,0,22.73,22.72,23.35,24.17,24.56,25.26,25.43,25.94,25.91,26.52,26.52,28.04,0,0,"NAN","NAN","NAN","NAN","NAN","NAN","NAN","NAN","NAN","NAN","NAN","NAN",0,0,20.44,23.38,21.79,25.3,23.61,26.16,28.54,27.42,28.07,26.89,29.35,30.79,0,0,"NAN",0,"NAN","NAN"
"2026-09-15 01:07:00",95897,13.73,17.55,0,"NAN",0,0,0,0,0,0,0,0,0,"NAN","NAN",0,0,"NAN",0,0,0,0,0,0,0,0,0,"NAN",0,"NAN","NAN","NAN",14.53,14.74,14.76,14.82,14.79,14.95,10.29,14.8,14.96,"NAN",14.81,"NAN","NAN","NAN",86,88.1,85.6,80.3,84.2,84.8,83,89.7,86.5,"NAN",82.6,"NAN","NAN","NAN",1027,1027,1025,1020,1027,1027,679.6,1027,1026,"NAN",1026,"NAN","NAN","NAN",47,27,3,11,2,7,3,31,3,"NAN",37,"NAN","NAN",22.67,22.58,22.76,22.73,23.42,23.37,24.44,24.39,24.62,25.63,25.01,25.53,0,0,22.72,22.72,23.34,24.17,24.56,25.26,25.43,25.94,25.91,26.52,26.52,28.04,0,0,"NAN","NAN","NAN","NAN","NAN","NAN","NAN","NAN","NAN","NAN","NAN","NAN",0,0,20.44,23.38,21.79,25.3,23.61,26.16,28.54,27.42,28.07,26.89,29.36,30.79,0,0,"NAN",0,"NAN","NAN"
"2026-09-15 01:08:00",95898,13.73,17.51,0,"NAN",0,0,0,0,0,0,0,0,0,"NAN","NAN",0,0,"NAN",0,0,0,0,0,0,0,0,0,"NAN",0,"NAN","NAN","NAN",14.49,14.72,14.69,14.78,14.73,14.91,10.22,14.78,14.94,"NAN",14.78,"NAN","NAN","NAN",86.3,88.2,86.2,81,84.7,85.2,83.6,90.1,86.8,"NAN",82.8,"NAN","NAN","NAN",1027,1027,1025,1020,1027,1027,678.1,1027,1026,"NAN",1026,"NAN","NAN","NAN",55,35,11,19,10,16,12,39,12,"NAN",45,"NAN","NAN",22.67,22.58,22.76,22.73,23.42,23.36,24.44,24.39,24.62,25.62,25.01,25.53,0,0,22.72,22.72,23.34,24.17,24.56,25.26,25.42,25.94,25.91,26.53,26.52,28.04,0,0,"NAN","NAN","NAN","NAN","NAN","NAN","NAN","NAN","NAN","NAN","NAN","NAN",0,0,20.44,23.38,21.79,25.3,23.6,26.16,28.54,27.42,28.07,26.89,29.35,30.79,0,0,"NAN",0,"NAN","NAN"
"2026-09-15 01:09:00",95899,13.72,17.47,0,"NAN",0,0,0,0,0,0,0,0,0,"NAN","NAN",0,0,"NAN",0,0,0,0,0,0,0,0,0,"NAN",0,"NAN","NAN","NAN",14.44,14.7,14.69,14.73,14.7,14.89,10.19,14.77,14.93,"NAN",0,"NAN","NAN","NAN",86,88.4,86.5,81.2,84.9,85.3,83.9,90.3,87,"NAN",0,"NAN","NAN","NAN",1027,1027,1025,1020,1027,1027,678,1027,1026,"NAN",0,"NAN","NAN","NAN",63,7,3,7,18,24,20,47,20,"NAN",0,"NAN","NAN",22.66,22.58,22.75,22.73,23.41,23.36,24.43,24.38,24.61,25.62,25,25.52,0,0,22.72,22.72,23.34,24.17,24.56,25.26,25.43,25.94,25.91,26.52,26.52,28.04,0,0,"NAN","NAN","NAN","NAN","NAN","NAN","NAN","NAN","NAN","NAN","NAN","NAN",0,0,20.44,23.38,21.79,25.31,23.6,26.17,28.54,27.42,28.07,26.89,29.36,30.8,0,0,"NAN",0,"NAN","NAN"
"2026-09-15 01:10:00",95900,13.71,17.43,0,"NAN",0,0,0,0,0,0,0,0,0,"NAN","NAN",0,0,"NAN",0,0,0,0,0,0,0,0,0,"NAN",0,"NAN","NAN","NAN",14.39,14.67,14.65,14.69,14.69,14.86,10.16,14.75,14.92,"NAN",14.75,"NAN","NAN","NAN",85.9,88.7,86.7,81.5,85.2,85.5,84.1,90.6,87.2,"NAN",83.1,"NAN","NAN","NAN",1027,1027,1025,1020,1027,1027,678.3,1027,1026,"NAN",1026,"NAN","NAN","NAN",71,15,11,15,26,32,28,55,28,"NAN",8,"NAN","NAN",22.66,22.57,22.75,22.72,23.41,23.36,24.43,24.38,24.62,25.62,25,25.52,0,0,22.7,22.72,23.34,24.17,24.56,25.26,25.42,25.94,25.91,26.53,26.52,28.04,0,0,"NAN","NAN","NAN","NAN","NAN","NAN","NAN","NAN","NAN","NAN","NAN","NAN",0,0,20.44,23.38,21.79,25.31,23.6,26.16,28.54,27.42,28.07,26.89,29.36,30.79,0,0,"NAN",0,"NAN","NAN"
"2026-09-15 01:11:00",95901,13.74,17.4,0,"NAN",0,0,0,0,0,0,0,0,0,"NAN","NAN",0,0,"NAN",0,0,0,0,0,0,0,0,0,"NAN",0,"NAN","NAN","NAN",14.35,14.65,14.64,14.68,14.69,14.84,10.14,0,14.93,"NAN",0,"NAN","NAN","NAN",85.9,88.9,86.8,81.8,85.4,85.4,84.3,0,87.3,"NAN",0,"NAN","NAN","NAN",1027,1027,1025,1020,1027,1027,677.8,0,1026,"NAN",0,"NAN","NAN","NAN",79,23,19,23,34,39,36,0,4,"NAN",0,"NAN","NAN",22.66,22.57,22.75,22.72,23.41,23.35,24.43,24.38,24.61,25.62,25,25.52,0,0,22.72,22.72,23.34,24.17,24.56,25.26,25.43,25.94,25.91,26.52,26.52,28.04,0,0,"NAN","NAN","NAN","NAN","NAN","NAN","NAN","NAN","NAN","NAN","NAN","NAN",0,0,20.44,23.38,21.79,25.31,23.61,26.16,28.54,27.42,28.07,26.89,29.36,30.79,0,0,"NAN",0,"NAN","NAN"
"2026-09-15 01:12:00",95902,13.74,17.36,0,"NAN",0,0,0,0,0,0,0,0,0,"NAN","NAN",0,0,"NAN",0,0,0,0,0,0,0,0,0,"NAN",0,"NAN","NAN","NAN",14.33,14.63,14.6,14.68,14.68,14.83,10.13,14.73,14.91,"NAN",14.75,"NAN","NAN","NAN",86,89.1,86.6,81.6,85.2,85.4,84.3,90.2,87.3,"NAN",82.8,"NAN","NAN","NAN",1027,1027,1025,1020,1027,1027,679,1027,1026,"NAN",1026,"NAN","NAN","NAN",6,31,27,31,3,7,7,7,11,"NAN",8,"NAN","NAN",22.65,22.57,22.74,22.72,23.41,23.35,24.42,24.38,24.61,25.62,25,25.52,0,0,22.72,22.72,23.34,24.17,24.56,25.26,25.43,25.94,25.91,26.53,26.52,28.04,0,0,"NAN","NAN","NAN","NAN","NAN","NAN","NAN","NAN","NAN","NAN","NAN","NAN",0,0,20.44,23.38,21.8,25.3,23.61,26.16,28.54,27.42,28.07,26.89,29.36,30.8,0,0,"NAN",0,"NAN","NAN"
"2026-09-15 01:13:00",95903,13.73,17.32,0,"NAN",0,0,0,0,0,0,0,0,0,"NAN","NAN",0,0,"NAN",0,0,0,0,0,0,0,0,0,"NAN",0,"NAN","NAN","NAN",14.32,14.6,14.61,14.7,14.72,0,0,14.73,0,"NAN",14.81,"NAN","NAN","NAN",86,89.2,86.5,81,84.8,0,0,89.9,0,"NAN",82.6,"NAN","NAN","NAN",1027,1027,1025,1020,1027,0,0,1027,0,"NAN",1026,"NAN","NAN","NAN",2,39,35,39,3,0,0,4,0,"NAN",1,"NAN","NAN",22.66,22.57,22.74,22.71,23.4,23.35,24.42,24.37,24.61,25.61,25,25.51,0,0,22.72,22.72,23.34,24.16,24.56,25.26,25.42,25.94,25.91,26.52,26.52,28.04,0,0,"NAN","NAN","NAN","NAN","NAN","NAN","NAN","NAN","NAN","NAN","NAN","NAN",0,0,20.44,23.38,21.79,25.31,23.61,26.16,28.54,27.42,28.07,26.89,29.36,30.8,0,0,"NAN",0,"NAN","NAN"
"2026-09-15 01:14:00",95904,13.72,17.29,0,"NAN",0,0,0,0,0,0,0,0,0,"NAN","NAN",0,0,"NAN",0,0,0,0,0,0,0,0,0,"NAN",0,"NAN","NAN","NAN",14.3,14.62,14.67,14.75,14.71,14.82,10.09,14.72,0,"NAN",14.74,"NAN","NAN","NAN",86,89.3,86.5,81.3,84.9,85.8,84.2,90.1,0,"NAN",82.8,"NAN","NAN","NAN",1027,1027,1025,1020,1027,1027,679.7,1027,0,"NAN",1026,"NAN","NAN","NAN",3,7,3,6,11,3,7,11,0,"NAN",9,"NAN","NAN",22.65,22.56,22.74,22.71,23.4,23.34,24.42,24.37,24.61,25.61,25,25.51,0,0,22.72,22.72,23.34,24.17,24.56,25.26,25.43,25.94,25.91,26.52,26.52,28.04,0,0,"NAN","NAN","NAN","NAN","NAN","NAN","NAN","NAN","NAN","NAN","NAN","NAN",0,0,20.44,23.38,21.8,25.3,23.6,26.17,28.54,27.42,28.07,26.89,29.36,30.8,0,0,"NAN",0,"NAN","NAN"
"2026-09-15 01:15:00",95905,13.74,17.25,0,"NAN",0,0,0,0,0,0,0,0,0,"NAN","NAN",0,0,"NAN",0,0,0,0,0,0,0,0,0,"NAN",0,"NAN","NAN","NAN",14.27,14.58,14.61,14.7,14.66,14.78,10.06,14.71,15,"NAN",14.68,"NAN","NAN","NAN",86.7,89.3,86.2,81.2,84.8,85.7,84.2,90.2,86.7,"NAN",83,"NAN","NAN","NAN",1027,1027,1025,1020,1027,1027,678.6,1027,1026,"NAN",1026,"NAN","NAN","NAN",11,15,11,14,19,11,15,15,1,"NAN",17,"NAN","NAN",22.65,22.56,22.73,22.7,23.4,23.34,24.42,24.37,24.61,25.61,24.99,25.51,0,0,22.72,22.72,23.34,24.16,24.56,25.26,25.42,25.94,25.91,26.52,26.52,28.04,0,0,"NAN","NAN","NAN","NAN","NAN","NAN","NAN","NAN","NAN","NAN","NAN","NAN",0,0,20.44,23.37,21.8,25.3,23.6,26.16,28.54,27.42,28.07,26.89,29.35,30.79,0,0,"NAN",0,"NAN","NAN"
"2026-09-15 01:16:00",95906,13.73,17.21,0,"NAN",0,0,0,0,0,0,0,0,0,"NAN","NAN",0,0,"NAN",0,0,0,0,0,0,0,0,0,"NAN",0,"NAN","NAN","NAN",14.25,14.56,14.56,14.66,14.6,14.75,10.03,14.65,14.91,"NAN",14.62,"NAN","NAN","NAN",86.9,89.3,86.7,81.5,85,85.7,84.3,90.4,86.8,"NAN",83.2,"NAN","NAN","NAN",1027,1027,1025,1020,1027,1027,678.2,1027,1026,"NAN",1026,"NAN","NAN","NAN",19,23,19,22,27,19,23,7,3,"NAN",24,"NAN","NAN",22.64,22.56,22.73,22.7,23.39,23.34,24.41,24.37,24.6,25.61,24.99,25.51,0,0,22.72,22.72,23.34,24.16,24.56,25.26,25.43,25.94,25.91,26.52,26.52,28.04,0,0,"NAN","NAN","NAN","NAN","NAN","NAN","NAN","NAN","NAN","NAN","NAN","NAN",0,0,20.44,23.38,21.8,25.3,23.6,26.16,28.54,27.42,28.07,26.89,29.36,30.79,0,0,"NAN",0,"NAN","NAN"
"2026-09-15 01:17:00",95907,13.72,17.18,0,"NAN",0,0,0,0,0,0,0,0,0,"NAN","NAN",0,0,"NAN",0,0,0,0,0,0,0,0,0,"NAN",0,"NAN","NAN","NAN",14.23,14.52,14.51,14.6,14.55,14.72,10,14.59,14.86,"NAN",14.57,"NAN","NAN","NAN",86.7,89.3,86.8,81.5,85.1,85.8,84.4,90.7,86.9,"NAN",83.5,"NAN","NAN","NAN",1027,1027,1025,1020,1027,1027,678.3,1027,1026,"NAN",1026,"NAN","NAN","NAN",27,31,27,30,35,27,31,15,11,"NAN",32,"NAN","NAN",22.64,22.56,22.73,22.7,23.39,23.33,24.41,24.37,24.6,25.61,24.99,25.5,0,0,22.71,22.72,23.34,24.17,24.56,25.26,25.43,25.94,25.9,26.52,26.52,28.04,0,0,"NAN","NAN","NAN","NAN","NAN","NAN","NAN","NAN","NAN","NAN","NAN","NAN",0,0,20.44,23.38,21.8,25.3,23.61,26.17,28.54,27.42,28.07,26.89,29.36,30.8,0,0,"NAN",0,"NAN","NAN"
"2026-09-15 01:18:00",95908,13.73,17.14,0,"NAN",0,0,0,0,0,0,0,0,0,"NAN","NAN",0,0,"NAN",0,0,0,0,0,0,0,0,0,"NAN",0,"NAN","NAN","NAN",14.19,14.49,14.47,14.56,14.51,14.7,9.96,14.55,14.83,"NAN",14.53,"NAN","NAN","NAN",87,89.4,86.9,81.8,85.4,85.8,84.4,90.9,87,"NAN",83.7,"NAN","NAN","NAN",1027,1027,1025,1020,1027,1027,677.9,1027,1026,"NAN",1026,"NAN","NAN","NAN",35,39,35,38,43,35,39,23,19,"NAN",40,"NAN","NAN",22.64,22.56,22.72,22.69,23.39,23.33,24.41,24.36,24.6,25.61,24.99,25.5,0,0,22.72,22.72,23.34,24.16,24.56,25.26,25.42,25.94,25.9,26.52,26.52,28.04,0,0,"NAN","NAN","NAN","NAN","NAN","NAN","NAN","NAN","NAN","NAN","NAN","NAN",0,0,20.44,23.38,21.79,25.3,23.6,26.16,28.54,27.42,28.07,26.89,29.35,30.8,0,0,"NAN",0,"NAN","NAN"
"2026-09-15 01:19:00",95909,13.72,17.11,0,"NAN",0,0,0,0,0,0,0,0,0,"NAN","NAN",0,0,"NAN",0,0,0,0,0,0,0,0,0,"NAN",0,"NAN","NAN","NAN",14.18,14.46,14.45,14.53,14.5,14.67,9.94,14.52,14.8,"NAN",14.5,"NAN","NAN","NAN",87.2,89.5,87,82,85.5,86,84.7,91,87.2,"NAN",83.6,"NAN","NAN","NAN",1027,1027,1025,1020,1027,1027,678.3,1027,1026,"NAN",1026,"NAN","NAN","NAN",7,47,43,46,51,43,47,31,27,"NAN",48,"NAN","NAN",22.63,22.55,22.72,22.69,23.39,23.33,24.41,24.36,24.6,25.6,24.98,25.5,0,0,22.72,22.72,23.34,24.16,24.56,25.26,25.42,25.94,25.9,26.52,26.52,28.04,0,0,"NAN","NAN","NAN","NAN","NAN","NAN","NAN","NAN","NAN","NAN","NAN","NAN",0,0,20.44,23.38,21.79,25.3,23.6,26.16,28.54,27.42,28.07,26.89,29.36,30.8,0,0,"NAN",0,"NAN","NAN"
"2026-09-15 01:20:00",95910,13.74,17.07,0,"NAN",0,0,0,0,0,0,0,0,0,"NAN","NAN",0,0,"NAN",0,0,0,0,0,0,0,0,0,"NAN",0,"NAN","NAN","NAN",14.14,14.44,14.43,14.5,14.46,14.65,9.91,14.5,14.78,"NAN",14.5,"NAN","NAN","NAN",87.1,89.6,87.1,82,85.7,86.1,84.9,91.2,87.3,"NAN",83.9,"NAN","NAN","NAN",1027,1027,1025,1020,1027,1027,678.1,1027,1026,"NAN",1026,"NAN","NAN","NAN",15,55,51,54,59,51,55,39,35,"NAN",56,"NAN","NAN",22.63,22.55,22.72,22.69,23.38,23.32,24.4,24.36,24.6,25.6,24.98,25.49,0,0,22.72,22.72,23.34,24.16,24.56,25.26,25.42,25.94,25.9,26.52,26.52,28.04,0,0,"NAN","NAN","NAN","NAN","NAN","NAN","NAN","NAN","NAN","NAN","NAN","NAN",0,0,20.44,23.38,21.79,25.31,23.6,26.17,28.54,27.42,28.07,26.89,29.36,30.8,0,0,"NAN",0,"NAN","NAN"
"2026-09-15 01:21:00",95911,13.73,17.04,0,"NAN",0,0,0,0,0,0,0,0,0,"NAN","NAN",0,0,"NAN",0,0,0,0,0,0,0,0,0,"NAN",0,"NAN","NAN","NAN",14.11,14.41,14.41,14.48,14.46,14.63,9.88,14.47,14.76,"NAN",14.49,"NAN","NAN","NAN",87.6,89.8,87.2,82.2,85.7,86.3,84.9,91.2,87.4,"NAN",83.7,"NAN","NAN","NAN",1027,1027,1025,1020,1027,1027,678.1,1027,1026,"NAN",1026,"NAN","NAN","NAN",23,63,59,62,67,59,63,47,43,"NAN",64,"NAN","NAN",22.63,22.55,22.71,22.68,23.38,23.32,24.4,24.36,24.6,25.6,24.98,25.49,0,0,22.72,22.72,23.34,24.16,24.55,25.26,25.42,25.94,25.9,26.52,26.52,28.04,0,0,"NAN","NAN","NAN","NAN","NAN","NAN","NAN","NAN","NAN","NAN","NAN","NAN",0,0,20.44,23.38,21.8,25.3,23.6,26.16,28.54,27.42,28.07,26.89,29.35,30.8,0,0,"NAN",0,"NAN","NAN"
"2026-09-15 01:22:00",95912,13.72,17,0,"NAN",0,0,0,0,0,0,0,0,0,"NAN","NAN",0,0,"NAN",0,0,0,0,0,0,0,0,0,"NAN",0,"NAN","NAN","NAN",14.09,14.4,14.42,14.45,14.46,14.61,9.85,14.47,14.75,"NAN",14.49,"NAN","NAN","NAN",87.8,89.9,87.2,82.2,85.7,86.4,85,91.3,87.5,"NAN",83.7,"NAN","NAN","NAN",1027,1027,1025,1020,1027,1027,677.8,1027,1026,"NAN",1026,"NAN","NAN","NAN",31,71,67,70,75,67,71,55,51,"NAN",72,"NAN","NAN",22.62,22.55,22.71,22.68,23.38,23.31,24.4,24.35,24.6,25.6,24.98,25.49,0,0,22.72,22.72,23.34,24.16,24.56,25.26,25.42,25.94,25.9,26.52,26.51,28.04,0,0,"NAN","NAN","NAN","NAN","NAN","NAN","NAN","NAN","NAN","NAN","NAN","NAN",0,0,20.44,23.38,21.79,25.3,23.6,26.16,28.54,27.42,28.07,26.89,29.35,30.79,0,0,"NAN",0,"NAN","NAN"
"2026-09-15 01:23:00",95913,13.74,16.97,0,"NAN",0,0,0,0,0,0,0,0,0,"NAN","NAN",0,0,"NAN",0,0,0,0,0,0,0,0,0,"NAN",0,"NAN","NAN","NAN",14.05,14.37,14.41,14.43,14.45,14.59,9.83,14.48,14.75,"NAN",14.48,"NAN","NAN","NAN",87.7,90,87.1,82.1,85.7,86.4,85.1,91.4,87.6,"NAN",83.8,"NAN","NAN","NAN",1027,1027,1025,1020,1027,1027,677.9,1027,1026,"NAN",1026,"NAN","NAN","NAN",39,79,75,78,83,75,79,63,59,"NAN",80,"NAN","NAN",22.62,22.54,22.71,22.68,23.37,23.31,24.39,24.35,24.6,25.6,24.97,25.49,0,0,22.71,22.72,23.34,24.16,24.56,25.26,25.42,25.94,25.9,26.52,26.51,28.04,0,0,"NAN","NAN","NAN","NAN","NAN","NAN","NAN","NAN","NAN","NAN","NAN","NAN",0,0,20.44,23.38,21.8,25.3,23.6,26.16,28.54,27.42,28.07,26.89,29.35,30.79,0,0,"NAN",0,"NAN","NAN"
"2026-09-15 01:24:00",95914,13.72,16.93,0,"NAN",0,0,0,0,0,0,0,0,0,"NAN","NAN",0,0,"NAN",0,0,0,0,0,0,0,0,0,"NAN",0,"NAN","NAN","NAN",14.02,14.33,14.32,14.39,14.36,14.57,9.8,14.45,14.71,"NAN",14.39,"NAN","NAN","NAN",87.9,89.9,87,81.9,85.7,86.3,84.9,91.1,87.4,"NAN",84,"NAN","NAN","NAN",1027,1027,1025,1020,1027,1027,678.2,1027,1026,"NAN",1026,"NAN","NAN","NAN",47,87,83,86,91,83,87,71,67,"NAN",88,"NAN","NAN",22.62,22.54,22.7,22.67,23.37,23.31,24.39,24.35,24.59,25.59,24.97,25.48,0,0,22.72,22.72,23.34,24.16,24.56,25.25,25.42,25.94,25.9,26.52,26.51,28.04,0,0,"NAN","NAN","NAN","NAN","NAN","NAN","NAN","NAN","NAN","NAN","NAN","NAN",0,0,20.44,23.38,21.8,25.31,23.6,26.16,28.54,27.42,28.07,26.89,29.36,30.8,0,0,"NAN",0,"NAN","NAN"
"2026-09-15 01:25:00",95915,13.73,16.9,0,"NAN",0,0,0,0,0,0,0,0,0,"NAN","NAN",0,0,"NAN",0,0,0,0,0,0,0,0,0,"NAN",0,"NAN","NAN","NAN",13.99,14.3,14.28,14.37,14.33,14.54,9.8,14.39,0,"NAN",14.35,"NAN","NAN","NAN",88.2,90,87.4,82.2,85.9,86.5,84.8,91.3,0,"NAN",84.1,"NAN","NAN","NAN",1027,1027,1025,1020,1027,1027,679,1027,0,"NAN",1026,"NAN","NAN","NAN",55,95,91,94,99,91,3,79,0,"NAN",97,"NAN","NAN",22.62,22.54,22.7,22.67,23.37,23.3,24.39,24.34,24.59,25.59,24.97,25.48,0,0,22.72,22.72,23.34,24.16,24.56,25.25,25.42,25.94,25.9,26.52,26.51,28.04,0,0,"NAN","NAN","NAN","NAN","NAN","NAN","NAN","NAN","NAN","NAN","NAN","NAN",0,0,20.44,23.38,21.79,25.3,23.6,26.16,28.54,27.42,28.07,26.89,29.36,30.8,0,0,"NAN",0,"NAN","NAN"
"2026-09-15 01:26:00",95916,13.71,16.86,0,"NAN",0,0,0,0,0,0,0,0,0,"NAN","NAN",0,0,"NAN",0,0,0,0,0,0,0,0,0,"NAN",0,"NAN","NAN","NAN",13.96,14.29,14.31,14.35,14.36,14.52,9.75,14.38,14.7,"NAN",14.37,"NAN","NAN","NAN",88.3,90.1,87.7,82.4,86.1,86.7,85.2,91.6,87.9,"NAN",84.4,"NAN","NAN","NAN",1027,1027,1025,1020,1027,1027,678.2,1027,1026,"NAN",1026,"NAN","NAN","NAN",63,103,99,102,107,99,11,87,4,"NAN",105,"NAN","NAN",22.61,22.54,22.7,22.67,23.37,23.3,24.38,24.34,24.59,25.59,24.97,25.48,0,0,22.71,22.72,23.34,24.16,24.56,25.25,25.42,25.94,25.9,26.52,26.51,28.04,0,0,"NAN","NAN","NAN","NAN","NAN","NAN","NAN","NAN","NAN","NAN","NAN","NAN",0,0,20.45,23.38,21.79,25.3,23.6,26.16,28.54,27.42,28.07,26.89,29.35,30.79,0,0,"NAN",0,"NAN","NAN"
"2026-09-15 01:27:00",95917,13.73,16.83,0,"NAN",0,0,0,0,0,0,0,0,0,"NAN","NAN",0,0,"NAN",0,0,0,0,0,0,0,0,0,"NAN",0,"NAN","NAN","NAN",13.98,14.28,14.31,14.33,14.35,14.51,9.73,14.36,14.67,"NAN",14.37,"NAN","NAN","NAN",88.4,90.3,87.9,82.6,86.3,86.9,85.4,91.9,88,"NAN",84.4,"NAN","NAN","NAN",1027,1027,1025,1020,1027,1027,678.2,1027,1026,"NAN",1026,"NAN","NAN","NAN",2,111,107,110,115,107,19,95,11,"NAN",113,"NAN","NAN",22.61,22.54,22.69,22.66,23.36,23.3,24.38,24.34,24.59,25.59,24.96,25.48,0,0,22.72,22.72,23.34,24.16,24.56,25.25,25.42,25.94,25.9,26.52,26.51,28.04,0,0,"NAN","NAN","NAN","NAN","NAN","NAN","NAN","NAN","NAN","NAN","NAN","NAN",0,0,20.44,23.38,21.8,25.3,23.6,26.16,28.54,27.42,28.07,26.89,29.36,30.8,0,0,"NAN",0,"NAN","NAN"
"2026-09-15 01:28:00",95918,13.72,16.79,0,"NAN",0,0,0,0,0,0,0,0,0,"NAN","NAN",0,0,"NAN",0,0,0,0,0,0,0,0,0,"NAN",0,"NAN","NAN","NAN",13.94,14.28,14.38,14.38,14.39,14.5,9.72,14.36,14.68,"NAN",14.45,"NAN","NAN","NAN",88.8,90.5,87.4,82.4,86.2,86.9,85.6,91.6,87.9,"NAN",83.8,"NAN","NAN","NAN",1027,1027,1025,1020,1027,1027,678,1027,1026,"NAN",1026,"NAN","NAN","NAN",7,119,1,3,123,115,27,103,3,"NAN",4,"NAN","NAN",22.61,22.53,22.69,22.66,23.36,23.29,24.38,24.34,24.58,25.59,24.96,25.47,0,0,22.72,22.72,23.34,24.16,24.56,25.25,25.42,25.94,25.9,26.52,26.51,28.04,0,0,"NAN","NAN","NAN","NAN","NAN","NAN","NAN","NAN","NAN","NAN","NAN","NAN",0,0,20.44,23.38,21.8,25.3,23.6,26.17,28.54,27.42,28.07,26.89,29.35,30.8,0,0,"NAN",0,"NAN","NAN"
"2026-09-15 01:29:00",95919,13.72,16.76,0,"NAN",0,0,0,0,0,0,0,0,0,"NAN","NAN",0,0,"NAN",0,0,0,0,0,0,0,0,0,"NAN",0,"NAN","NAN","NAN",13.93,14.27,14.35,14.37,14.4,14.49,9.71,14.38,14.67,"NAN",14.43,"NAN","NAN","NAN",88.6,90.5,86.9,82,85.9,86.9,85.4,91.4,87.7,"NAN",83.9,"NAN","NAN","NAN",1027,1027,1025,1020,1027,1027,677.8,1027,1026,"NAN",1026,"NAN","NAN","NAN",3,127,7,11,131,123,35,111,11,"NAN",12,"NAN","NAN",22.6,22.53,22.69,22.66,23.36,23.29,24.38,24.34,24.58,25.59,24.96,25.47,0,0,22.72,22.71,23.34,24.16,24.55,25.25,25.42,25.94,25.9,26.52,26.51,28.04,0,0,"NAN","NAN","NAN","NAN","NAN","NAN","NAN","NAN","NAN","NAN","NAN","NAN",0,0,20.44,23.38,21.79,25.31,23.6,26.16,28.54,27.42,28.07,26.89,29.35,30.8,0,0,"NAN",0,"NAN","NAN"
"2026-09-15 01:30:00",95920,13.73,16.73,0,"NAN",0,0,0,0,0,0,0,0,0,"NAN","NAN",0,0,"NAN",0,0,0,0,0,0,0,0,0,"NAN",0,"NAN","NAN","NAN",13.91,14.28,14.27,14.41,14.38,14.47,9.7,14.38,14.66,"NAN",14.43,"NAN","NAN","NAN",88.6,90.5,87.2,82.3,85.9,86.9,85.5,91.6,87.7,"NAN",84.1,"NAN","NAN","NAN",1027,1027,1025,1020,1027,1027,677.5,1027,1026,"NAN",1026,"NAN","NAN","NAN",3,135,3,3,139,131,43,119,19,"NAN",4,"NAN","NAN",22.6,22.53,22.68,22.65,23.36,23.29,24.37,24.33,24.58,25.58,24.96,25.47,0,0,22.71,22.72,23.34,24.16,24.55,25.25,25.42,25.94,25.9,26.52,26.51,28.04,0,0,"NAN","NAN","NAN","NAN","NAN","NAN","NAN","NAN","NAN","NAN","NAN","NAN",0,0,20.44,23.38,21.8,25.3,23.6,26.17,28.54,27.42,28.07,26.89,29.35,30.79,0,0,"NAN",0,"NAN","NAN"
"2026-09-15 01:31:00",95921,13.73,16.7,0,"NAN",0,0,0,0,0,0,0,0,0,"NAN","NAN",0,0,"NAN",0,0,0,0,0,0,0,0,0,"NAN",0,"NAN","NAN","NAN",13.86,14.28,14.18,14.36,14.37,14.46,9.69,14.35,14.66,"NAN",14.4,"NAN","NAN","NAN",88.9,90.5,87.6,82.4,86,87,85.7,91.7,87.9,"NAN",84.3,"NAN","NAN","NAN",1027,1027,1025,1020,1027,1027,677.9,1027,1026,"NAN",1026,"NAN","NAN","NAN",11,143,11,11,147,139,51,127,27,"NAN",12,"NAN","NAN",22.59,22.53,22.68,22.65,23.35,23.28,24.37,24.33,24.58,25.58,24.95,25.47,0,0,22.71,22.72,23.34,24.16,24.55,25.25,25.42,25.94,25.9,26.52,26.51,28.04,0,0,"NAN","NAN","NAN","NAN","NAN","NAN","NAN","NAN","NAN","NAN","NAN","NAN",0,0,20.44,23.38,21.8,25.3,23.61,26.17,28.54,27.42,28.07,26.89,29.35,30.8,0,0,"NAN",0,"NAN","NAN"
"2026-09-15 01:32:00",95922,13.73,16.67,0,"NAN",0,0,0,0,0,0,0,0,0,"NAN","NAN",0,0,"NAN",0,0,0,0,0,0,0,0,0,"NAN",0,"NAN","NAN","NAN",13.86,14.28,14.14,14.35,14.37,14.46,9.68,14.34,14.66,"NAN",14.39,"NAN","NAN","NAN",89.4,90.6,88.1,82.5,86.1,87.2,85.9,91.7,88,"NAN",84.1,"NAN","NAN","NAN",1027,1027,1025,1020,1027,1027,677.5,1027,1026,"NAN",1026,"NAN","NAN","NAN",19,151,19,19,155,147,59,135,35,"NAN",20,"NAN","NAN",22.59,22.53,22.68,22.64,23.35,23.28,24.37,24.33,24.58,25.58,24.95,25.46,0,0,22.72,22.72,23.34,24.16,24.55,25.25,25.42,25.94,25.9,26.52,26.51,28.04,0,0,"NAN","NAN","NAN","NAN","NAN","NAN","NAN","NAN","NAN","NAN","NAN","NAN",0,0,20.44,23.38,21.8,25.3,23.6,26.17,28.54,27.43,28.07,26.89,29.35,30.8,0,0,"NAN",0,"NAN","NAN"
"2026-09-15 01:33:00",95923,13.73,16.64,0,"NAN",0,0,0,0,0,0,0,0,0,"NAN","NAN",0,0,"NAN",0,0,0,0,0,0,0,0,0,"NAN",0,"NAN","NAN","NAN",13.85,14.26,14.1,14.33,14.32,14.45,9.67,14.32,14.65,"NAN",14.35,"NAN","NAN","NAN",89.4,90.6,88,82.5,86,87.1,85.8,91.7,87.9,"NAN",84.4,"NAN","NAN","NAN",1027,1027,1025,1020,1027,1027,677.8,1027,1026,"NAN",1026,"NAN","NAN","NAN",27,159,27,27,163,155,67,143,43,"NAN",28,"NAN","NAN",22.59,22.52,22.67,22.64,23.35,23.28,24.37,24.33,24.58,25.58,24.95,25.46,0,0,22.72,22.72,23.34,24.16,24.55,25.25,25.41,25.94,25.9,26.52,26.51,28.04,0,0,"NAN","NAN","NAN","NAN","NAN","NAN","NAN","NAN","NAN","NAN","NAN","NAN",0,0,20.44,23.39,21.79,25.3,23.6,26.17,28.54,27.42,28.07,26.89,29.36,30.8,0,0,"NAN",0,"NAN","NAN"
"2026-09-15 01:34:00",95924,13.72,16.61,0,"NAN",0,0,0,0,0,0,0,0,0,"NAN","NAN",0,0,"NAN",0,0,0,0,0,0,0,0,0,"NAN",0,"NAN","NAN","NAN",13.82,14.23,14.03,14.31,14.27,14.43,9.64,14.26,0,"NAN",14.3,"NAN","NAN","NAN",89.4,90.5,88,82.4,86.1,87.1,85.6,91.7,0,"NAN",84.4,"NAN","NAN","NAN",1027,1027,1025,1020,1027,1027,677.8,1027,0,"NAN",1026,"NAN","NAN","NAN",35,167,35,35,171,163,75,151,0,"NAN",36,"NAN","NAN",22.59,22.52,22.67,22.64,23.34,23.27,24.36,24.32,24.58,25.58,24.95,25.46,0,0,22.72,22.71,23.34,24.16,24.55,25.25,25.42,25.93,25.9,26.52,26.51,28.04,0,0,"NAN","NAN","NAN","NAN","NAN","NAN","NAN","NAN","NAN","NAN","NAN","NAN",0,0,20.44,23.38,21.79,25.31,23.6,26.16,28.54,27.42,28.07,26.89,29.36,30.8,0,0,"NAN",0,"NAN","NAN"
"2026-09-15 01:35:00",95925,13.73,16.58,0,"NAN",0,0,0,0,0,0,0,0,0,"NAN","NAN",0,0,"NAN",0,0,0,0,0,0,0,0,0,"NAN",0,"NAN","NAN","NAN",13.81,14.21,14.03,14.27,14.26,14.41,9.61,14.23,0,"NAN",14.28,"NAN","NAN","NAN",89.6,90.5,88.4,82.5,86.2,87.2,85.7,91.9,0,"NAN",84.7,"NAN","NAN","NAN",1027,1027,1025,1020,1027,1027,677.9,1027,0,"NAN",1026,"NAN","NAN","NAN",43,175,7,43,179,171,83,159,0,"NAN",45,"NAN","NAN",22.59,22.52,22.67,22.63,23.34,23.27,24.36,24.32,24.57,25.57,24.95,25.46,0,0,22.71,22.72,23.34,24.16,24.55,25.25,25.41,25.93,25.9,26.52,26.51,28.04,0,0,"NAN","NAN","NAN","NAN","NAN","NAN","NAN","NAN","NAN","NAN","NAN","NAN",0,0,20.44,23.38,21.79,25.3,23.6,26.17,28.54,27.42,28.07,26.89,29.35,30.8,0,0,"NAN",0,"NAN","NAN"
"2026-09-15 01:36:00",95926,13.72,16.55,0,"NAN",0,0,0,0,0,0,0,0,0,"NAN","NAN",0,0,"NAN",0,0,0,0,0,0,0,0,0,"NAN",0,"NAN","NAN","NAN",13.8,14.21,14.12,14.26,14.25,14.41,9.6,14.22,14.6,"NAN",14.27,"NAN","NAN","NAN",89.7,90.6,88.3,82.7,86.3,87.2,86,91.8,88.2,"NAN",84.6,"NAN","NAN","NAN",1027,1027,1025,1020,1027,1027,677.8,1027,1026,"NAN",1026,"NAN","NAN","NAN",51,183,15,51,187,179,91,167,7,"NAN",52,"NAN","NAN",22.58,22.52,22.66,22.63,23.34,23.27,24.36,24.31,24.57,25.57,24.94,25.45,0,0,22.7,22.71,23.34,24.16,24.55,25.25,25.42,25.93,25.9,26.52,26.51,28.04,0,0,"NAN","NAN","NAN","NAN","NAN","NAN","NAN","NAN","NAN","NAN","NAN","NAN",0,0,20.44,23.38,21.79,25.31,23.6,26.17,28.54,27.42,28.07,26.89,29.36,30.8,0,0,"NAN",0,"NAN","NAN"
"2026-09-15 01:37:00",95927,13.74,16.52,0,"NAN",0,0,0,0,0,0,0,0,0,"NAN","NAN",0,0,"NAN",0,0,0,0,0,0,0,0,0,"NAN",0,"NAN","NAN","NAN",13.78,14.2,14.14,14.25,14.22,14.39,9.58,14.19,14.58,"NAN",14.24,"NAN","NAN","NAN",89.7,90.7,88,82.6,86.3,87.2,86,92,88.1,"NAN",84.8,"NAN","NAN","NAN",1027,1027,1025,1020,1027,1027,677.7,1027,1026,"NAN",1026,"NAN","NAN","NAN",59,191,23,59,195,187,99,175,15,"NAN",60,"NAN","NAN",22.58,22.51,22.66,22.63,23.34,23.26,24.36,24.32,24.57,25.57,24.94,25.45,0,0,22.71,22.71,23.34,24.16,24.55,25.25,25.42,25.93,25.89,26.52,26.51,28.04,0,0,"NAN","NAN","NAN","NAN","NAN","NAN","NAN","NAN","NAN","NAN","NAN","NAN",0,0,20.44,23.39,21.8,25.3,23.6,26.17,28.54,27.42,28.07,26.89,29.36,30.8,0,0,"NAN",0,"NAN","NAN"
"2026-09-15 01:38:00",95928,13.74,16.49,0,"NAN",0,0,0,0,0,0,0,0,0,"NAN","NAN",0,0,"NAN",0,0,0,0,0,0,0,0,0,"NAN",0,"NAN","NAN","NAN",13.76,14.19,14.14,14.23,14.21,14.38,9.57,14.18,14.56,"NAN",14.23,"NAN","NAN","NAN",89.8,90.7,88.2,82.7,86.6,87.2,86.1,92.4,88.2,"NAN",84.9,"NAN","NAN","NAN",1027,1027,1025,1020,1027,1027,678,1027,1026,"NAN",1026,"NAN","NAN","NAN",67,199,31,67,203,195,107,183,23,"NAN",68,"NAN","NAN",22.58,22.51,22.66,22.62,23.33,23.26,24.35,24.32,24.58,25.57,24.94,25.45,0,0,22.72,22.71,23.34,24.16,24.55,25.25,25.41,25.93,25.89,26.52,26.51,28.03,0,0,"NAN","NAN","NAN","NAN","NAN","NAN","NAN","NAN","NAN","NAN","NAN","NAN",0,0,20.44,23.38,21.8,25.3,23.6,26.17,28.54,27.42,28.07,26.89,29.35,30.8,0,0,"NAN",0,"NAN","NAN"
"2026-09-15 01:39:00",95929,13.74,16.46,0,"NAN",0,0,0,0,0,0,0,0,0,"NAN","NAN",0,0,"NAN",0,0,0,0,0,0,0,0,0,"NAN",0,"NAN","NAN","NAN",13.76,14.18,14.15,14.22,14.21,14.37,9.55,14.18,14.56,"NAN",14.22,"NAN","NAN","NAN",90.2,90.8,88.2,82.9,86.7,87.4,86.1,92.5,88.4,"NAN",84.8,"NAN","NAN","NAN",1027,1027,1025,1020,1027,1027,677.4,1027,1026,"NAN",1026,"NAN","NAN","NAN",75,207,39,75,211,203,115,191,31,"NAN",76,"NAN","NAN",22.57,22.51,22.65,22.62,23.33,23.26,24.35,24.31,24.57,25.57,24.94,25.45,0,0,22.72,22.71,23.34,24.16,24.55,25.25,25.42,25.93,25.89,26.52,26.51,28.04,0,0,"NAN","NAN","NAN","NAN","NAN","NAN","NAN","NAN","NAN","NAN","NAN","NAN",0,0,20.44,23.38,21.79,25.31,23.6,26.17,28.54,27.42,28.07,26.89,29.35,30.8,0,0,"NAN",0,"NAN","NAN"
"2026-09-15 01:40:00",95930,13.71,16.43,0,"NAN",0,0,0,0,0,0,0,0,0,"NAN","NAN",0,0,"NAN",0,0,0,0,0,0,0,0,0,"NAN",0,"NAN","NAN","NAN",13.74,14.17,14.16,14.2,14.2,14.36,9.52,14.19,14.55,"NAN",14.22,"NAN","NAN","NAN",90,90.9,88.2,83.1,86.8,87.5,85.7,92.5,88.4,"NAN",85,"NAN","NAN","NAN",1027,1027,1025,1020,1027,1027,677.8,1027,1026,"NAN",1026,"NAN","NAN","NAN",83,215,47,83,219,211,123,199,39,"NAN",84,"NAN","NAN",22.57,22.51,22.65,22.62,23.33,23.25,24.35,24.31,24.56,25.57,24.93,25.44,0,0,22.72,22.71,23.34,24.16,24.55,25.25,25.41,25.93,25.89,26.52,26.51,28.04,0,0,"NAN","NAN","NAN","NAN","NAN","NAN","NAN","NAN","NAN","NAN","NAN","NAN",0,0,20.44,23.38,21.79,25.3,23.6,26.17,28.54,27.42,28.07,26.89,29.35,30.8,0,0,"NAN",0,"NAN","NAN"
"2026-09-15 01:41:00",95931,13.73,16.41,0,"NAN",0,0,0,0,0,0,0,0,0,"NAN","NAN",0,0,"NAN",0,0,0,0,0,0,0,0,0,"NAN",0,"NAN","NAN","NAN",13.72,14.15,14.15,14.19,14.17,14.34,9.48,14.16,14.54,"NAN",14.2,"NAN","NAN","NAN",90.1,91,88.1,83.1,86.8,87.5,85.5,92.4,88.4,"NAN",85.1,"NAN","NAN","NAN",1027,1027,1025,1020,1027,1027,677.6,1027,1026,"NAN",1026,"NAN","NAN","NAN",91,223,55,91,227,219,131,207,47,"NAN",92,"NAN","NAN",22.57,22.51,22.65,22.61,23.33,23.25,24.34,24.31,24.57,25.57,24.93,25.44,0,0,22.72,22.71,23.34,24.16,24.55,25.25,25.42,25.93,25.89,26.52,26.5,28.03,0,0,"NAN","NAN","NAN","NAN","NAN","NAN","NAN","NAN","NAN","NAN","NAN","NAN",0,0,20.44,23.38,21.8,25.3,23.6,26.17,28.54,27.42,28.07,26.89,29.36,30.8,0,0,"NAN",0,"NAN","NAN"
"2026-09-15 01:42:00",95932,13.72,16.38,0,"NAN",0,0,0,0,0,0,0,0,0,"NAN","NAN",0,0,"NAN",0,0,0,0,0,0,0,0,0,"NAN",0,"NAN","NAN","NAN",13.7,14.14,14.13,14.19,14.16,14.33,9.45,14.14,14.52,"NAN",14.18,"NAN","NAN","NAN",90.1,91,88.2,82.9,86.9,87.5,85.2,92.5,88.5,"NAN",84.9,"NAN","NAN","NAN",1027,1027,1025,1020,1027,1027,678,1027,1026,"NAN",1026,"NAN","NAN","NAN",99,231,63,99,235,227,139,215,55,"NAN",100,"NAN","NAN",22.56,22.5,22.64,22.61,23.32,23.25,24.34,24.31,24.57,25.57,24.93,25.44,0,0,22.71,22.71,23.34,24.16,24.55,25.25,25.42,25.93,25.89,26.51,26.5,28.03,0,0,"NAN","NAN","NAN","NAN","NAN","NAN","NAN","NAN","NAN","NAN","NAN","NAN",0,0,20.44,23.38,21.8,25.3,23.6,26.17,28.54,27.42,28.07,26.89,29.36,30.8,0,0,"NAN",0,"NAN","NAN"
"2026-09-15 01:43:00",95933,13.72,16.35,0,"NAN",0,0,0,0,0,0,0,0,0,"NAN","NAN",0,0,"NAN",0,0,0,0,0,0,0,0,0,"NAN",0,"NAN","NAN","NAN",13.69,14.13,14.13,14.19,14.18,14.32,9.43,14.16,14.51,"NAN",14.2,"NAN","NAN","NAN",90.2,91.1,88.2,82.8,86.9,87.6,85.1,92.4,88.5,"NAN",84.8,"NAN","NAN","NAN",1027,1027,1025,1020,1027,1027,677.6,1027,1026,"NAN",1026,"NAN","NAN","NAN",107,239,71,107,3,235,147,223,59,"NAN",109,"NAN","NAN",22.57,22.5,22.64,22.61,23.32,23.24,24.34,24.3,24.56,25.56,24.93,25.44,0,0,22.71,22.71,23.33,24.16,24.55,25.25,25.41,25.93,25.89,26.51,26.51,28.04,0,0,"NAN","NAN","NAN","NAN","NAN","NAN","NAN","NAN","NAN","NAN","NAN","NAN",0,0,20.44,23.38,21.79,25.3,23.6,26.16,28.54,27.42,28.07,26.89,29.35,30.8,0,0,"NAN",0,"NAN","NAN"
"2026-09-15 01:44:00",95934,13.74,16.32,0,"NAN",0,0,0,0,0,0,0,0,0,"NAN","NAN",0,0,"NAN",0,0,0,0,0,0,0,0,0,"NAN",0,"NAN","NAN","NAN",13.71,14.16,14.18,14.22,14.21,14.3,9.41,14.18,14.53,"NAN",14.25,"NAN","NAN","NAN",90.2,91.1,87.7,82.7,86.7,87.7,85,92.1,88.3,"NAN",84.7,"NAN","NAN","NAN",1027,1027,1025,1020,1027,1027,677.3,1027,1026,"NAN",1026,"NAN","NAN","NAN",3,3,79,7,11,3,155,231,7,"NAN",116,"NAN","NAN",22.56,22.5,22.64,22.6,23.32,23.24,24.34,24.3,24.56,25.56,24.93,25.43,0,0,22.71,22.71,23.33,24.16,24.55,25.25,25.42,25.93,25.89,26.51,26.51,28.03,0,0,"NAN","NAN","NAN","NAN","NAN","NAN","NAN","NAN","NAN","NAN","NAN","NAN",0,0,20.44,23.38,21.79,25.31,23.6,26.17,28.54,27.42,28.07,26.89,29.35,30.8,0,0,"NAN",0,"NAN","NAN"
"2026-09-15 01:45:00",95935,13.73,16.3,0,"NAN",0,0,0,0,0,0,0,0,0,"NAN","NAN",0,0,"NAN",0,0,0,0,0,0,0,0,0,"NAN",0,"NAN","NAN","NAN",13.67,14.13,14.19,14.21,14.2,14.3,9.41,14.19,14.51,"NAN",14.22,"NAN","NAN","NAN",90.5,91.1,88,83,86.7,87.7,85.3,92.4,88.3,"NAN",84.9,"NAN","NAN","NAN",1027,1027,1025,1020,1027,1027,677.5,1027,1026,"NAN",1026,"NAN","NAN","NAN",11,11,87,15,19,11,163,239,15,"NAN",124,"NAN","NAN",22.56,22.5,22.63,22.6,23.32,23.23,24.33,24.3,24.56,25.56,24.92,25.43,0,0,22.72,22.71,23.33,24.16,24.55,25.25,25.41,25.93,25.89,26.52,26.5,28.04,0,0,"NAN","NAN","NAN","NAN","NAN","NAN","NAN","NAN","NAN","NAN","NAN","NAN",0,0,20.44,23.38,21.79,25.31,23.6,26.17,28.54,27.42,28.07,26.89,29.35,30.8,0,0,"NAN",0,"NAN","NAN"
"2026-09-15 01:46:00",95936,13.73,16.27,0,"NAN",0,0,0,0,0,0,0,0,0,"NAN","NAN",0,0,"NAN",0,0,0,0,0,0,0,0,0,"NAN",0,"NAN","NAN","NAN",13.68,14.13,14.2,14.19,14.2,14.33,9.42,14.19,14.52,"NAN",14.21,"NAN","NAN","NAN",90.7,91.2,87.9,83.2,86.7,87.8,86,92.3,88.5,"NAN",84.9,"NAN","NAN","NAN",1027,1027,1025,1020,1027,1027,677.8,1027,1026,"NAN",1026,"NAN","NAN","NAN",19,19,95,23,27,3,171,7,23,"NAN",132,"NAN","NAN",22.55,22.49,22.63,22.6,23.31,23.23,24.33,24.3,24.56,25.56,24.92,25.43,0,0,22.72,22.71,23.33,24.16,24.55,25.25,25.42,25.93,25.89,26.51,26.51,28.03,0,0,"NAN","NAN","NAN","NAN","NAN","NAN","NAN","NAN","NAN","NAN","NAN","NAN",0,0,20.44,23.38,21.8,25.3,23.6,26.17,28.54,27.42,28.07,26.89,29.35,30.8,0,0,"NAN",0,"NAN","NAN"
"2026-09-15 01:47:00",95937,13.72,16.25,0,"NAN",0,0,0,0,0,0,0,0,0,"NAN","NAN",0,0,"NAN",0,0,0,0,0,0,0,0,0,"NAN",0,"NAN","NAN","NAN",13.71,14.12,14.19,14.17,14.18,14.31,9.43,14.17,14.51,"NAN",14.2,"NAN","NAN","NAN",90.5,91.2,88,83.2,86.7,87.9,86.2,92.5,88.5,"NAN",85.2,"NAN","NAN","NAN",1027,1027,1025,1020,1027,1027,677.6,1027,1026,"NAN",1026,"NAN","NAN","NAN",2,27,103,31,35,7,179,15,31,"NAN",141,"NAN","NAN",22.55,22.49,22.63,22.59,23.31,23.23,24.33,24.29,24.56,25.55,24.92,25.43,0,0,22.71,22.71,23.33,24.16,24.55,25.25,25.41,25.93,25.89,26.51,26.5,28.03,0,0,"NAN","NAN","NAN","NAN","NAN","NAN","NAN","NAN","NAN","NAN","NAN","NAN",0,0,20.44,23.38,21.8,25.3,23.6,26.17,28.54,27.43,28.07,26.89,29.36,30.8,0,0,"NAN",0,"NAN","NAN"
"2026-09-15 01:48:00",95938,13.73,16.22,0,"NAN",0,0,0,0,0,0,0,0,0,"NAN","NAN",0,0,"NAN",0,0,0,0,0,0,0,0,0,"NAN",0,"NAN","NAN","NAN",13.65,14.11,14.14,14.15,14.14,14.28,9.42,14.13,14.49,"NAN",14.14,"NAN","NAN","NAN",90.4,91.2,88.1,83.1,86.9,87.9,86.3,92.6,88.6,"NAN",85.2,"NAN","NAN","NAN",1027,1027,1025,1020,1027,1027,677.3,1027,1026,"NAN",1026,"NAN","NAN","NAN",10,35,111,39,43,15,187,23,39,"NAN",149,"NAN","NAN",22.55,22.49,22.62,22.59,23.31,23.22,24.32,24.29,24.56,25.55,24.92,25.42,0,0,22.72,22.71,23.33,24.15,24.55,25.25,25.41,25.93,25.89,26.52,26.5,28.03,0,0,"NAN","NAN","NAN","NAN","NAN","NAN","NAN","NAN","NAN","NAN","NAN","NAN",0,0,20.44,23.38,21.79,25.31,23.6,26.17,28.54,27.42,28.07,26.89,29.35,30.8,0,0,"NAN",0,"NAN","NAN"
"2026-09-15 01:49:00",95939,13.73,16.2,0,"NAN",0,0,0,0,0,0,0,0,0,"NAN","NAN",0,0,"NAN",0,0,0,0,0,0,0,0,0,"NAN",0,"NAN","NAN","NAN",13.63,14.09,14.1,14.11,14.12,14.27,9.41,14.11,14.47,"NAN",14.14,"NAN","NAN","NAN",90.7,91.2,88.2,82.8,87,87.9,86.4,92.6,88.6,"NAN",85,"NAN","NAN","NAN",1027,1027,1025,1020,1027,1027,677.6,1027,1026,"NAN",1026,"NAN","NAN","NAN",18,43,119,47,51,23,195,31,47,"NAN",157,"NAN","NAN",22.54,22.49,22.62,22.59,23.3,23.22,24.32,24.29,24.55,25.55,24.91,25.42,0,0,22.72,22.71,23.33,24.15,24.55,25.25,25.41,25.93,25.89,26.51,26.5,28.03,0,0,"NAN","NAN","NAN","NAN","NAN","NAN","NAN","NAN","NAN","NAN","NAN","NAN",0,0,20.44,23.38,21.79,25.3,23.6,26.17,28.54,27.42,28.07,26.89,29.35,30.8,0,0,"NAN",0,"NAN","NAN"
"2026-09-15 01:50:00",95940,13.71,16.17,0,"NAN",0,0,0,0,0,0,0,0,0,"NAN","NAN",0,0,"NAN",0,0,0,0,0,0,0,0,0,"NAN",0,"NAN","NAN","NAN",13.63,14.09,14.13,14.06,0,14.26,0,14.15,14.48,"NAN",14.22,"NAN","NAN","NAN",90.9,91.3,88.3,82.1,0,88,0,92.6,88.8,"NAN",85,"NAN","NAN","NAN",1027,1027,1025,1020,0,1027,0,1027,1026,"NAN",1026,"NAN","NAN","NAN",26,51,127,55,0,31,0,39,4,"NAN",1,"NAN","NAN",22.55,22.49,22.62,22.58,23.3,23.22,24.32,24.29,24.56,25.55,24.91,25.42,0,0,22.72,22.71,23.33,24.16,24.55,25.25,25.41,25.93,25.89,26.52,26.5,28.03,0,0,"NAN","NAN","NAN","NAN","NAN","NAN","NAN","NAN","NAN","NAN","NAN","NAN",0,0,20.44,23.38,21.79,25.3,23.6,26.17,28.54,27.42,28.07,26.89,29.36,30.8,0,0,"NAN",0,"NAN","NAN"
"2026-09-15 01:51:00",95941,13.73,16.15,0,"NAN",0,0,0,0,0,0,0,0,0,"NAN","NAN",0,0,"NAN",0,0,0,0,0,0,0,0,0,"NAN",0,"NAN","NAN","NAN",13.63,14.12,14.2,14.02,14.25,14.29,9.46,14.16,14.49,"NAN",0,"NAN","NAN","NAN",91.1,91.3,88.4,81.5,87,88.1,86.7,92.7,88.8,"NAN",0,"NAN","NAN","NAN",1027,1027,1025,1020,1027,1027,678.8,1027,1026,"NAN",0,"NAN","NAN","NAN",34,3,3,2,5,3,3,43,11,"NAN",0,"NAN","NAN",22.53,22.48,22.61,22.58,23.3,23.22,24.32,24.28,24.55,25.55,24.91,25.42,0,0,22.71,22.71,23.33,24.15,24.55,25.25,25.41,25.93,25.89,26.52,26.5,28.03,0,0,"NAN","NAN","NAN","NAN","NAN","NAN","NAN","NAN","NAN","NAN","NAN","NAN",0,0,20.44,23.38,21.79,25.3,23.6,26.17,28.54,27.42,28.07,26.89,29.36,30.8,0,0,"NAN",0,"NAN","NAN"
"2026-09-15 01:52:00",95942,13.73,16.13,0,"NAN",0,0,0,0,0,0,0,0,0,"NAN","NAN",0,0,"NAN",0,0,0,0,0,0,0,0,0,"NAN",0,"NAN","NAN","NAN",13.64,14.1,14.13,13.98,14.22,14.26,9.42,14.16,14.48,"NAN",14.17,"NAN","NAN","NAN",91,91.4,88.4,81.3,87,88.2,86.8,92.7,88.9,"NAN",85.3,"NAN","NAN","NAN",1027,1027,1025,1020,1027,1027,678.2,1027,1026,"NAN",1026,"NAN","NAN","NAN",7,11,11,10,3,11,11,7,19,"NAN",8,"NAN","NAN",22.53,22.48,22.61,22.58,23.3,23.21,24.31,24.28,24.55,25.55,24.91,25.41,0,0,22.71,22.71,23.33,24.15,24.55,25.25,25.41,25.93,25.89,26.51,26.5,28.03,0,0,"NAN","NAN","NAN","NAN","NAN","NAN","NAN","NAN","NAN","NAN","NAN","NAN",0,0,20.44,23.38,21.8,25.3,23.6,26.17,28.54,27.43,28.07,26.89,29.35,30.8,0,0,"NAN",0,"NAN","NAN"
"2026-09-15 01:53:00",95943,13.74,16.11,0,"NAN",0,0,0,0,0,0,0,0,0,"NAN","NAN",0,0,"NAN",0,0,0,0,0,0,0,0,0,"NAN",0,"NAN","NAN","NAN",13.63,14.08,14.1,13.94,14.18,14.24,9.41,14.14,14.48,"NAN",14.16,"NAN","NAN","NAN",91.1,91.4,88.4,81.1,87,88.2,86.9,92.9,88.9,"NAN",85.4,"NAN","NAN","NAN",1027,1027,1025,1020,1027,1027,678,1027,1026,"NAN",1026,"NAN","NAN","NAN",15,19,19,18,11,19,19,15,23,"NAN",16,"NAN","NAN",22.54,22.48,22.61,22.57,23.29,23.21,24.31,24.28,24.55,25.55,24.9,25.41,0,0,22.71,22.71,23.33,24.15,24.55,25.24,25.41,25.93,25.89,26.51,26.5,28.03,0,0,"NAN","NAN","NAN","NAN","NAN","NAN","NAN","NAN","NAN","NAN","NAN","NAN",0,0,20.44,23.39,21.8,25.3,23.6,26.17,28.54,27.42,28.07,26.89,29.35,30.8,0,0,"NAN",0,"NAN","NAN"
"2026-09-15 01:54:00",95944,13.74,16.09,0,"NAN",0,0,0,0,0,0,0,0,0,"NAN","NAN",0,0,"NAN",0,0,0,0,0,0,0,0,0,"NAN",0,"NAN","NAN","NAN",13.62,14.07,14.09,13.9,14.15,14.23,9.4,14.13,14.46,"NAN",14.15,"NAN","NAN","NAN",91.2,91.5,88.5,81.2,87.1,88.2,87,93,89,"NAN",85.4,"NAN","NAN","NAN",1027,1027,1025,1020,1027,1027,678.1,1027,1026,"NAN",1026,"NAN","NAN","NAN",23,27,27,26,19,27,27,19,8,"NAN",25,"NAN","NAN",22.53,22.48,22.6,22.57,23.29,23.2,24.31,24.28,24.55,25.54,24.9,25.41,0,0,22.71,22.71,23.33,24.15,24.55,25.24,25.41,25.93,25.89,26.52,26.5,28.03,0,0,"NAN","NAN","NAN","NAN","NAN","NAN","NAN","NAN","NAN","NAN","NAN","NAN",0,0,20.44,23.38,21.79,25.3,23.6,26.17,28.54,27.42,28.07,26.89,29.35,30.8,0,0,"NAN",0,"NAN","NAN"
"2026-09-15 01:55:00",95945,13.72,16.06,0,"NAN",0,0,0,0,0,0,0,0,0,"NAN","NAN",0,0,"NAN",0,0,0,0,0,0,0,0,0,"NAN",0,"NAN","NAN","NAN",13.62,14.07,14.11,13.9,14.14,14.23,9.39,14.13,14.45,"NAN",14.17,"NAN","NAN","NAN",91.5,91.5,88.4,81.7,87.1,88.1,87,92.6,89,"NAN",84.8,"NAN","NAN","NAN",1027,1027,1025,1020,1027,1027,677.7,1027,1026,"NAN",1026,"NAN","NAN","NAN",31,7,7,34,23,35,35,8,16,"NAN",32,"NAN","NAN",22.53,22.48,22.6,22.57,23.29,23.2,24.31,24.28,24.54,25.54,24.9,25.41,0,0,22.71,22.7,23.33,24.15,24.55,25.24,25.41,25.93,25.89,26.52,26.5,28.03,0,0,"NAN","NAN","NAN","NAN","NAN","NAN","NAN","NAN","NAN","NAN","NAN","NAN",0,0,20.44,23.38,21.79,25.31,23.6,26.17,28.54,27.42,28.07,26.89,29.35,30.8,0,0,"NAN",0,"NAN","NAN"
"2026-09-15 01:56:00",95946,13.74,16.04,0,"NAN",0,0,0,0,0,0,0,0,0,"NAN","NAN",0,0,"NAN",0,0,0,0,0,0,0,0,0,"NAN",0,"NAN","NAN","NAN",13.63,14.06,14.18,14.01,14.21,14.23,9.4,14.14,0,"NAN",14.22,"NAN","NAN","NAN",91.6,91.6,87.9,82.4,86.7,88.1,86.9,92.3,0,"NAN",84.7,"NAN","NAN","NAN",1027,1027,1025,1020,1027,1027,677.9,1027,0,"NAN",1026,"NAN","NAN","NAN",39,15,3,43,7,43,43,11,0,"NAN",41,"NAN","NAN",22.52,22.47,22.6,22.56,23.29,23.2,24.3,24.27,24.54,25.54,24.9,25.4,0,0,22.71,22.71,23.33,24.15,24.55,25.24,25.41,25.93,25.89,26.52,26.5,28.03,0,0,"NAN","NAN","NAN","NAN","NAN","NAN","NAN","NAN","NAN","NAN","NAN","NAN",0,0,20.44,23.38,21.8,25.3,23.6,26.17,28.54,27.42,28.07,26.89,29.36,30.8,0,0,"NAN",0,"NAN","NAN"
"2026-09-15 01:57:00",95947,13.72,16.02,0,"NAN",0,0,0,0,0,0,0,0,0,"NAN","NAN",0,0,"NAN",0,0,0,0,0,0,0,0,0,"NAN",0,"NAN","NAN","NAN",13.63,14.08,14.16,14.07,14.24,14.22,9.41,14.2,0,"NAN",14.21,"NAN","NAN","NAN",91.5,91.6,87.8,82.3,86.5,88.1,86.8,92.2,0,"NAN",84.8,"NAN","NAN","NAN",1027,1027,1025,1020,1027,1027,677.9,1027,0,"NAN",1026,"NAN","NAN","NAN",47,6,11,51,15,51,51,3,0,"NAN",49,"NAN","NAN",22.52,22.47,22.59,22.56,23.29,23.2,24.3,24.27,24.54,25.54,24.9,25.4,0,0,22.71,22.71,23.33,24.15,24.55,25.24,25.41,25.93,25.89,26.51,26.5,28.03,0,0,"NAN","NAN","NAN","NAN","NAN","NAN","NAN","NAN","NAN","NAN","NAN","NAN",0,0,20.44,23.38,21.8,25.3,23.6,26.17,28.54,27.42,28.07,26.89,29.36,30.8,0,0,"NAN",0,"NAN","NAN"
"2026-09-15 01:58:00",95948,13.72,16.01,0,"NAN",0,0,0,0,0,0,0,0,0,"NAN","NAN",0,0,"NAN",0,0,0,0,0,0,0,0,0,"NAN",0,"NAN","NAN","NAN",13.63,14.08,14.13,14.07,14.25,14.22,9.41,14.2,0,"NAN",14.19,"NAN","NAN","NAN",91.4,91.5,87.9,82.7,86.4,88.2,86.7,92.1,0,"NAN",84.7,"NAN","NAN","NAN",1027,1027,1025,1020,1027,1027,677.8,1027,0,"NAN",1026,"NAN","NAN","NAN",55,14,19,59,3,59,59,7,0,"NAN",57,"NAN","NAN",22.52,22.47,22.59,22.56,23.28,23.19,24.3,24.27,24.53,25.53,24.89,25.4,0,0,22.71,22.71,23.33,24.15,24.55,25.24,25.41,25.93,25.89,26.51,26.5,28.03,0,0,"NAN","NAN","NAN","NAN","NAN","NAN","NAN","NAN","NAN","NAN","NAN","NAN",0,0,20.44,23.38,21.8,25.3,23.6,26.17,28.54,27.42,28.07,26.89,29.35,30.8,0,0,"NAN",0,"NAN","NAN"
"2026-09-15 01:59:00",95949,13.74,15.99,0,"NAN",0,0,0,0,0,0,0,0,0,"NAN","NAN",0,0,"NAN",0,0,0,0,0,0,0,0,0,"NAN",0,"NAN","NAN","NAN",13.63,14.08,14.12,14.06,14.22,14.22,9.41,14.17,14.58,"NAN",14.2,"NAN","NAN","NAN",91.5,91.5,87.8,82.7,86.3,88.1,86.7,91.9,88.4,"NAN",84.5,"NAN","NAN","NAN",1027,1027,1025,1020,1027,1027,677.9,1027,1026,"NAN",1026,"NAN","NAN","NAN",63,22,27,67,11,67,67,15,3,"NAN",65,"NAN","NAN",22.51,22.47,22.59,22.55,23.28,23.19,24.3,24.27,24.53,25.53,24.89,25.4,0,0,22.71,22.71,23.33,24.15,24.55,25.24,25.41,25.93,25.88,26.51,26.5,28.03,0,0,"NAN","NAN","NAN","NAN","NAN","NAN","NAN","NAN","NAN","NAN","NAN","NAN",0,0,20.44,23.38,21.8,25.31,23.6,26.17,28.54,27.42,28.07,26.89,29.35,30.8,0,0,"NAN",0,"NAN","NAN"
"2026-09-15 02:00:00",95950,13.71,15.97,0,"NAN",0,0,0,0,0,0,0,0,0,"NAN","NAN",0,0,"NAN",0,0,0,0,0,0,0,0,0,"NAN",0,"NAN","NAN","NAN",13.63,14.09,14.2,14.13,14.31,14.23,9.43,14.12,14.51,"NAN",14.27,"NAN","NAN","NAN",91.5,91.4,87.1,82.2,85.9,88.1,86.6,92.2,88.1,"NAN",83.9,"NAN","NAN","NAN",1027,1027,1025,1020,1027,1027,678,1027,1026,"NAN",1026,"NAN","NAN","NAN",71,30,35,75,19,75,75,23,11,"NAN",73,"NAN","NAN",22.52,22.46,22.58,22.55,23.28,23.19,24.29,24.27,24.54,25.53,24.89,25.39,0,0,22.71,22.7,23.33,24.15,24.55,25.24,25.41,25.93,25.88,26.51,26.5,28.03,0,0,"NAN","NAN","NAN","NAN","NAN","NAN","NAN","NAN","NAN","NAN","NAN","NAN",0,0,20.44,23.38,21.8,25.3,23.6,26.17,28.54,27.42,28.07,26.89,29.36,30.8,0,0,"NAN",0,"NAN","NAN"
"2026-09-15 02:01:00",95951,13.74,15.96,0,0,0,0,0,0,0,0,0,0,0,"NAN","NAN",0,0,0,0,0,0,0,0,0,0,0,0,"NAN",0,"NAN","NAN",0,13.62,0,0,14.14,0,14.22,9.35,14.01,14.52,"NAN",14.29,"NAN","NAN",0,91.4,0,0,82,0,88.3,86.6,92.4,87.8,"NAN",84.2,"NAN","NAN",0,1027,0,0,1020,0,1027,673.1,1027,1026,"NAN",1026,"NAN","NAN",0,75,0,0,1,0,1,1,1,1,"NAN",2,"NAN","NAN",22.51,22.46,22.58,22.55,23.27,23.18,24.28,24.26,24.53,25.53,24.89,25.39,0,0,22.69,22.71,23.33,24.15,24.55,25.24,25.41,25.93,25.88,26.51,26.5,28.03,0,0,"NAN","NAN","NAN","NAN","NAN","NAN","NAN","NAN","NAN","NAN","NAN","NAN",0,0,20.44,23.38,21.8,25.3,23.6,26.17,28.54,27.42,28.07,26.89,29.36,30.8,0,0,"NAN",0,"NAN","NAN"
"2026-09-15 02:02:00",95952,13.72,15.94,0,0,0,0,0,0,0,0,0,0,0,"NAN","NAN",0,0,0,0,0,0,0,0,0,0,0,0,"NAN",0,"NAN","NAN",0,13.65,14.16,14.29,0,14.4,14.25,9.54,13.99,14.56,"NAN",14.25,"NAN","NAN",0,91.6,91.2,87.3,0,85.6,88.1,86.3,92.2,87.7,"NAN",84.4,"NAN","NAN",0,1027,1027,1025,0,1027,1027,677.4,1027,1026,"NAN",1026,"NAN","NAN",0,3,3,3,0,3,4,3,3,9,"NAN",10,"NAN","NAN",22.5,22.46,22.58,22.54,23.27,23.18,24.29,24.26,24.53,25.53,24.88,25.39,0,0,22.7,22.7,23.33,24.15,24.55,25.24,25.41,25.93,25.88,26.51,26.5,28.03,0,0,"NAN","NAN","NAN","NAN","NAN","NAN","NAN","NAN","NAN","NAN","NAN","NAN",0,0,20.44,23.39,21.8,25.3,23.6,26.17,28.54,27.42,28.07,26.89,29.36,30.8,0,0,"NAN",0,"NAN","NAN"
"2026-09-15 02:03:00",95953,13.73,15.93,0,0,0,0,0,0,0,0,0,0,0,"NAN","NAN",0,0,0,0,0,0,0,0,0,0,0,0,"NAN",0,"NAN","NAN",0,13.64,14.16,14.26,14.22,14.37,14.24,9.46,13.97,14.61,"NAN",14.26,"NAN","NAN",0,91.6,91.2,87.7,82.4,85.8,88.3,86.4,92.2,88,"NAN",84.7,"NAN","NAN",0,1027,1027,1025,1020,1027,1027,679.1,1027,1026,"NAN",1026,"NAN","NAN",0,7,7,7,7,7,7,3,7,1,"NAN",1,"NAN","NAN",22.51,22.46,22.57,22.54,23.27,23.18,24.28,24.26,24.53,25.53,24.88,25.39,0,0,22.71,22.7,23.33,24.15,24.55,25.24,25.4,25.93,25.88,26.51,26.5,28.03,0,0,"NAN","NAN","NAN","NAN","NAN","NAN","NAN","NAN","NAN","NAN","NAN","NAN",0,0,20.44,23.38,21.8,25.3,23.6,26.17,28.54,27.42,28.07,26.89,29.36,30.8,0,0,"NAN",0,"NAN","NAN"
"2026-09-15 02:04:00",95954,13.72,15.91,0,0,0,0,0,0,0,0,0,0,0,"NAN","NAN",0,0,0,0,0,0,0,0,0,0,0,0,"NAN",0,"NAN","NAN",0,13.63,14.17,14.25,14.2,14.34,14.24,9.44,13.91,14.57,"NAN",14.2,"NAN","NAN",0,91.3,91.2,88,82.8,86.1,88.3,86.5,92.3,88.1,"NAN",85,"NAN","NAN",0,1027,1027,1025,1020,1027,1027,678.1,1027,1026,"NAN",1026,"NAN","NAN",0,7,15,7,7,7,7,11,7,3,"NAN",9,"NAN","NAN",22.5,22.46,22.57,22.54,23.27,23.17,24.28,24.25,24.53,25.52,24.88,25.38,0,0,22.69,22.7,23.33,24.15,24.55,25.24,25.41,25.93,25.88,26.51,26.5,28.03,0,0,"NAN","NAN","NAN","NAN","NAN","NAN","NAN","NAN","NAN","NAN","NAN","NAN",0,0,20.44,23.38,21.8,25.3,23.6,26.17,28.54,27.42,28.07,26.89,29.36,30.8,0,0,"NAN",0,"NAN","NAN"
"2026-09-15 02:05:00",95955,13.59,15.9,0,0,0,0,0,0,0,0,0,0,0,"NAN","NAN",0,0,0,0,0,0,0,0,0,0,0,0,"NAN",0,"NAN","NAN",0,13.62,14.18,14.22,14.17,14.32,14.23,9.47,13.89,14.55,"NAN",14.19,"NAN","NAN",0,91.6,91.2,88.3,83.3,86.4,88.5,86.7,92.7,88.4,"NAN",85.2,"NAN","NAN",0,1027,1027,1025,1020,1027,1027,678.4,1027,1026,"NAN",1026,"NAN","NAN",0,15,23,15,15,15,15,7,15,11,"NAN",17,"NAN","NAN",22.5,22.45,22.57,22.53,23.26,23.17,24.28,24.25,24.53,25.52,24.88,25.38,0,0,22.71,22.7,23.33,24.15,24.55,25.24,25.4,25.93,25.88,26.51,26.5,28.03,0,0,"NAN","NAN","NAN","NAN","NAN","NAN","NAN","NAN","NAN","NAN","NAN","NAN",0,0,20.44,23.38,21.79,25.3,23.6,26.17,28.54,27.42,28.07,26.89,29.36,30.8,0,0,"NAN",0,"NAN","NAN"
"2026-09-15 02:06:00",95956,13.73,15.89,0,0,0,0,0,0,0,0,0,0,0,"NAN","NAN",0,0,0,0,0,0,0,0,0,0,0,0,"NAN",0,"NAN","NAN",0,13.66,14.17,14.18,14.16,14.29,14.22,9.43,13.95,14.53,"NAN",14.18,"NAN","NAN",0,91.7,91.3,88.4,83.4,86.6,88.5,87,93.3,88.6,"NAN",85.3,"NAN","NAN",0,1027,1027,1025,1020,1027,1027,677.8,1027,1026,"NAN",1026,"NAN","NAN",0,2,31,23,23,23,23,15,4,19,"NAN",25,"NAN","NAN",22.49,22.45,22.56,22.53,23.26,23.16,24.27,24.25,24.53,25.52,24.87,25.38,0,0,22.71,22.7,23.33,24.15,24.55,25.24,25.41,25.93,25.88,26.51,26.49,28.03,0,0,"NAN","NAN","NAN","NAN","NAN","NAN","NAN","NAN","NAN","NAN","NAN","NAN",0,0,20.44,23.38,21.8,25.3,23.6,26.17,28.54,27.42,28.07,26.89,29.36,30.8,0,0,"NAN",0,"NAN","NAN"
"2026-09-15 02:07:00",95957,13.72,15.87,0,0,0,0,0,0,0,0,0,0,0,"NAN","NAN",0,0,0,0,0,0,0,0,0,0,0,0,"NAN",0,"NAN","NAN",0,13.62,14.16,14.13,14.14,14.25,0,9.41,13.94,14.52,"NAN",14.15,"NAN","NAN",0,91.6,91.3,88.5,83.4,86.7,0,87,93.4,88.7,"NAN",85.4,"NAN","NAN",0,1027,1027,1025,1020,1027,0,677.7,1027,1026,"NAN",1026,"NAN","NAN",0,7,39,31,3,31,0,23,12,23,"NAN",5,"NAN","NAN",22.49,22.45,22.56,22.52,23.26,23.16,24.27,24.25,24.52,25.52,24.87,25.38,0,0,22.71,22.7,23.33,24.15,24.54,25.24,25.41,25.93,25.88,26.51,26.49,28.03,0,0,"NAN","NAN","NAN","NAN","NAN","NAN","NAN","NAN","NAN","NAN","NAN","NAN",0,0,20.44,23.38,21.8,25.3,23.6,26.17,28.54,27.42,28.07,26.89,29.35,30.8,0,0,"NAN",0,"NAN","NAN"
"2026-09-15 02:08:00",95958,13.74,15.86,0,0,0,0,0,0,0,0,0,0,0,"NAN","NAN",0,0,0,0,0,0,0,0,0,0,0,0,"NAN",0,"NAN","NAN",0,13.61,14.12,14.07,14.11,14.18,14.21,9.39,13.91,14.47,"NAN",14.09,"NAN","NAN",0,91.4,91.3,88.4,83.4,86.8,88.4,87,93.5,88.8,"NAN",85.6,"NAN","NAN",0,1027,1027,1025,1020,1027,1027,677.8,1027,1026,"NAN",1026,"NAN","NAN",0,7,47,39,11,39,7,31,20,7,"NAN",13,"NAN","NAN",22.49,22.45,22.56,22.52,23.25,23.16,24.27,24.25,24.52,25.52,24.87,25.37,0,0,22.71,22.7,23.33,24.15,24.54,25.24,25.4,25.93,25.88,26.51,26.49,28.03,0,0,"NAN","NAN","NAN","NAN","NAN","NAN","NAN","NAN","NAN","NAN","NAN","NAN",0,0,20.44,23.38,21.8,25.3,23.6,26.17,28.54,27.42,28.07,26.89,29.35,30.8,0,0,"NAN",0,"NAN","NAN"
"2026-09-15 02:09:00",95959,13.73,15.84,0,"NAN",0,0,0,0,0,0,0,0,0,"NAN","NAN",0,0,"NAN",0,0,0,0,0,0,0,0,0,"NAN",0,"NAN","NAN","NAN",13.58,14.09,14.01,14.09,14.13,14.18,9.36,13.89,14.42,"NAN",14.03,"NAN","NAN","NAN",91.4,91.3,88.5,83.5,86.9,88.4,86.9,93.7,88.9,"NAN",85.4,"NAN","NAN","NAN",1027,1027,1025,1020,1027,1027,677.6,1027,1026,"NAN",1026,"NAN","NAN","NAN",15,55,47,19,47,15,39,28,15,"NAN",21,"NAN","NAN",22.48,22.45,22.55,22.52,23.25,23.15,24.27,24.24,24.52,25.51,24.87,25.37,0,0,22.71,22.7,23.33,24.15,24.54,25.24,25.41,25.93,25.88,26.51,26.49,28.03,0,0,"NAN","NAN","NAN","NAN","NAN","NAN","NAN","NAN","NAN","NAN","NAN","NAN",0,0,20.44,23.38,21.8,25.3,23.6,26.17,28.54,27.42,28.07,26.89,29.36,30.8,0,0,"NAN",0,"NAN","NAN"
"2026-09-15 02:10:00",95960,13.72,15.83,0,"NAN",0,0,0,0,0,0,0,0,0,"NAN","NAN",0,0,"NAN",0,0,0,0,0,0,0,0,0,"NAN",0,"NAN","NAN","NAN",13.54,14.06,13.98,14.06,14.08,14.16,9.34,13.88,14.38,"NAN",13.9,"NAN","NAN","NAN",91.2,91.4,88.9,83.5,87.1,88.3,86.9,93.9,89,"NAN",85,"NAN","NAN","NAN",1027,1027,1025,1020,1027,1027,677.7,1027,1026,"NAN",1026,"NAN","NAN","NAN",23,63,55,27,55,23,47,36,23,"NAN",29,"NAN","NAN",22.49,22.44,22.55,22.51,23.25,23.15,24.26,24.24,24.52,25.51,24.87,25.37,0,0,22.7,22.7,23.33,24.15,24.54,25.24,25.4,25.93,25.88,26.51,26.49,28.03,0,0,"NAN","NAN","NAN","NAN","NAN","NAN","NAN","NAN","NAN","NAN","NAN","NAN",0,0,20.44,23.38,21.79,25.3,23.6,26.16,28.54,27.42,28.07,26.89,29.36,30.8,0,0,"NAN",0,"NAN","NAN"
"2026-09-15 02:11:00",95961,13.74,15.81,0,"NAN",0,0,0,0,0,0,0,0,0,"NAN","NAN",0,0,"NAN",0,0,0,0,0,0,0,0,0,"NAN",0,"NAN","NAN","NAN",13.52,14.03,13.99,14.04,14.07,14.15,9.32,13.88,14.36,"NAN",13.82,"NAN","NAN","NAN",91.3,91.5,89.1,83.8,87.4,88.5,87.1,94.1,89.3,"NAN",85.2,"NAN","NAN","NAN",1027,1027,1025,1020,1027,1027,677.7,1027,1026,"NAN",1026,"NAN","NAN","NAN",31,71,63,35,63,31,55,44,31,"NAN",36,"NAN","NAN",22.48,22.44,22.55,22.51,23.25,23.15,24.26,24.24,24.52,25.51,24.86,25.36,0,0,22.71,22.7,23.32,24.15,24.54,25.24,25.4,25.93,25.88,26.51,26.49,28.03,0,0,"NAN","NAN","NAN","NAN","NAN","NAN","NAN","NAN","NAN","NAN","NAN","NAN",0,0,20.44,23.38,21.79,25.3,23.6,26.17,28.54,27.42,28.07,26.89,29.35,30.8,0,0,"NAN",0,"NAN","NAN"
"2026-09-15 02:12:00",95962,13.72,15.79,0,"NAN",0,0,0,0,0,0,0,0,0,"NAN","NAN",0,0,"NAN",0,0,0,0,0,0,0,0,0,"NAN",0,"NAN","NAN","NAN",13.51,14.01,13.99,14.02,14.07,14.13,9.3,13.89,14.35,"NAN",13.76,"NAN","NAN","NAN",91.6,91.6,89.3,84,87.5,88.6,87.4,94.2,89.5,"NAN",85.4,"NAN","NAN","NAN",1027,1027,1025,1020,1027,1027,677.7,1027,1026,"NAN",1026,"NAN","NAN","NAN",39,79,71,43,71,39,63,52,39,"NAN",44,"NAN","NAN",22.47,22.44,22.54,22.51,23.24,23.14,24.26,24.23,24.52,25.51,24.86,25.36,0,0,22.71,22.7,23.32,24.15,24.54,25.24,25.4,25.93,25.88,26.51,26.49,28.03,0,0,"NAN","NAN","NAN","NAN","NAN","NAN","NAN","NAN","NAN","NAN","NAN","NAN",0,0,20.44,23.38,21.8,25.3,23.6,26.17,28.54,27.42,28.07,26.89,29.36,30.8,0,0,"NAN",0,"NAN","NAN"
"2026-09-15 02:13:00",95963,13.74,15.77,0,"NAN",0,0,0,0,0,0,0,0,0,"NAN","NAN",0,0,"NAN",0,0,0,0,0,0,0,0,0,"NAN",0,"NAN","NAN","NAN",13.51,14.01,14.03,14.02,14.09,14.13,9.29,13.92,14.35,"NAN",13.73,"NAN","NAN","NAN",91.9,91.8,89.4,84.2,87.7,88.9,87.6,94.2,89.7,"NAN",85.5,"NAN","NAN","NAN",1027,1027,1025,1020,1027,1027,677.8,1027,1026,"NAN",1026,"NAN","NAN","NAN",47,87,79,51,79,47,71,59,47,"NAN",52,"NAN","NAN",22.48,22.44,22.54,22.5,23.24,23.14,24.26,24.23,24.51,25.51,24.86,25.36,0,0,22.71,22.7,23.32,24.15,24.54,25.24,25.4,25.93,25.88,26.51,26.49,28.03,0,0,"NAN","NAN","NAN","NAN","NAN","NAN","NAN","NAN","NAN","NAN","NAN","NAN",0,0,20.44,23.38,21.8,25.3,23.6,26.17,28.54,27.42,28.07,26.89,29.36,30.8,0,0,"NAN",0,"NAN","NAN"
"2026-09-15 02:14:00",95964,13.73,15.76,0,"NAN",0,0,0,0,0,0,0,0,0,"NAN","NAN",0,0,"NAN",0,0,0,0,0,0,0,0,0,"NAN",0,"NAN","NAN","NAN",13.5,13.99,14.02,14.01,14.13,14.18,9.29,13.95,14.36,"NAN",13.7,"NAN","NAN","NAN",92,91.9,89.2,84.3,87.7,88.9,87.8,94.2,89.9,"NAN",85.6,"NAN","NAN","NAN",1027,1027,1025,1020,1027,1027,677.8,1027,1026,"NAN",1026,"NAN","NAN","NAN",55,95,87,59,3,2,79,67,55,"NAN",60,"NAN","NAN",22.47,22.43,22.54,22.5,23.24,23.14,24.25,24.23,24.51,25.51,24.86,25.36,0,0,22.71,22.7,23.32,24.15,24.54,25.24,25.4,25.93,25.88,26.51,26.49,28.03,0,0,"NAN","NAN","NAN","NAN","NAN","NAN","NAN","NAN","NAN","NAN","NAN","NAN",0,0,20.44,23.38,21.79,25.31,23.6,26.17,28.54,27.42,28.07,26.89,29.35,30.8,0,0,"NAN",0,"NAN","NAN"
"2026-09-15 02:15:00",95965,13.73,15.74,0,"NAN",0,0,0,0,0,0,0,0,0,"NAN","NAN",0,0,"NAN",0,0,0,0,0,0,0,0,0,"NAN",0,"NAN","NAN","NAN",13.5,13.98,13.99,14,14.1,14.14,9.29,13.95,14.34,"NAN",13.7,"NAN","NAN","NAN",92.1,92.1,89.3,84.3,87.8,89,87.9,94.2,89.8,"NAN",85.9,"NAN","NAN","NAN",1027,1027,1025,1020,1027,1027,677.7,1027,1026,"NAN",1026,"NAN","NAN","NAN",63,103,95,67,3,7,87,75,63,"NAN",68,"NAN","NAN",22.47,22.43,22.53,22.5,23.24,23.13,24.25,24.23,24.51,25.5,24.85,25.35,0,0,22.71,22.7,23.32,24.15,24.54,25.24,25.4,25.93,25.88,26.51,26.49,28.03,0,0,"NAN","NAN","NAN","NAN","NAN","NAN","NAN","NAN","NAN","NAN","NAN","NAN",0,0,20.44,23.38,21.8,25.3,23.6,26.16,28.54,27.42,28.07,26.89,29.35,30.8,0,0,"NAN",0,"NAN","NAN"
"2026-09-15 02:16:00",95966,13.73,15.72,0,"NAN",0,0,0,0,0,0,0,0,0,"NAN","NAN",0,0,"NAN",0,0,0,0,0,0,0,0,0,"NAN",0,"NAN","NAN","NAN",13.49,13.96,13.98,13.98,14.06,14.12,9.28,13.94,14.32,"NAN",13.77,"NAN","NAN","NAN",92.2,92.1,89.1,84.3,87.7,89.1,87.9,94,89.8,"NAN",86.4,"NAN","NAN","NAN",1027,1027,1025,1020,1027,1027,677.7,1027,1026,"NAN",1026,"NAN","NAN","NAN",71,111,103,75,7,15,95,83,71,"NAN",76,"NAN","NAN",22.46,22.43,22.53,22.49,23.23,23.13,24.25,24.23,24.51,25.5,24.85,25.35,0,0,22.71,22.7,23.32,24.15,24.54,25.24,25.4,25.93,25.88,26.5,26.49,28.03,0,0,"NAN","NAN","NAN","NAN","NAN","NAN","NAN","NAN","NAN","NAN","NAN","NAN",0,0,20.44,23.38,21.8,25.3,23.6,26.17,28.55,27.42,28.07,26.89,29.36,30.8,0,0,"NAN",0,"NAN","NAN"
"2026-09-15 02:17:00",95967,13.73,15.71,0,"NAN",0,0,0,0,0,0,0,0,0,"NAN","NAN",0,0,"NAN",0,0,0,0,0,0,0,0,0,"NAN",0,"NAN","NAN","NAN",13.47,13.93,13.95,13.96,14.02,14.11,9.26,13.92,14.3,"NAN",13.81,"NAN","NAN","NAN",92,92.2,89.1,84.3,87.7,89,87.9,94,89.8,"NAN",86.5,"NAN","NAN","NAN",1027,1027,1025,1020,1027,1027,677.9,1027,1026,"NAN",1026,"NAN","NAN","NAN",79,119,111,83,15,23,103,91,79,"NAN",84,"NAN","NAN",22.46,22.43,22.53,22.49,23.23,23.13,24.24,24.22,24.51,25.5,24.85,25.35,0,0,22.71,22.7,23.32,24.15,24.54,25.24,25.4,25.93,25.87,26.51,26.49,28.03,0,0,"NAN","NAN","NAN","NAN","NAN","NAN","NAN","NAN","NAN","NAN","NAN","NAN",0,0,20.44,23.38,21.79,25.3,23.6,26.17,28.55,27.42,28.07,26.89,29.36,30.8,0,0,"NAN",0,"NAN","NAN"
"2026-09-15 02:18:00",95968,13.74,15.69,0,"NAN",0,0,0,0,0,0,0,0,0,"NAN","NAN",0,0,"NAN",0,0,0,0,0,0,0,0,0,"NAN",0,"NAN","NAN","NAN",13.45,13.89,13.88,13.93,13.93,14.1,9.24,13.88,14.26,"NAN",13.77,"NAN","NAN","NAN",92,92.1,88.9,84,87.6,88.7,87.6,94,89.6,"NAN",86.4,"NAN","NAN","NAN",1027,1027,1025,1020,1027,1027,677.8,1027,1026,"NAN",1026,"NAN","NAN","NAN",87,127,119,91,23,31,111,99,87,"NAN",92,"NAN","NAN",22.46,22.42,22.52,22.49,23.23,23.12,24.24,24.22,24.5,25.5,24.85,25.35,0,0,22.7,22.7,23.32,24.15,24.54,25.23,25.4,25.93,25.87,26.51,26.49,28.03,0,0,"NAN","NAN","NAN","NAN","NAN","NAN","NAN","NAN","NAN","NAN","NAN","NAN",0,0,20.44,23.38,21.8,25.3,23.6,26.17,28.54,27.42,28.07,26.89,29.35,30.8,0,0,"NAN",0,"NAN","NAN"
"2026-09-15 02:19:00",95969,13.73,15.67,0,"NAN",0,0,0,0,0,0,0,0,0,"NAN","NAN",0,0,"NAN",0,0,0,0,0,0,0,0,0,"NAN",0,"NAN","NAN","NAN",13.42,13.84,13.83,13.92,13.86,14.08,9.21,13.86,14.2,"NAN",13.74,"NAN","NAN","NAN",91.8,92.1,89,83.7,87.6,88.5,87.3,93.9,89.4,"NAN",86.5,"NAN","NAN","NAN",1027,1027,1025,1020,1027,1027,677.8,1027,1026,"NAN",1026,"NAN","NAN","NAN",95,135,127,99,31,39,119,107,95,"NAN",100,"NAN","NAN",22.45,22.42,22.52,22.48,23.22,23.12,24.24,24.22,24.5,25.5,24.84,25.34,0,0,22.7,22.7,23.32,24.14,24.54,25.24,25.4,25.93,25.87,26.51,26.49,28.03,0,0,"NAN","NAN","NAN","NAN","NAN","NAN","NAN","NAN","NAN","NAN","NAN","NAN",0,0,20.44,23.38,21.79,25.3,23.6,26.17,28.54,27.42,28.07,26.89,29.35,30.8,0,0,"NAN",0,"NAN","NAN"
"2026-09-15 02:20:00",95970,13.72,15.65,0,"NAN",0,0,0,0,0,0,0,0,0,"NAN","NAN",0,0,"NAN",0,0,0,0,0,0,0,0,0,"NAN",0,"NAN","NAN","NAN",13.39,13.8,13.81,13.9,13.85,14.05,9.19,13.82,14.16,"NAN",13.76,"NAN","NAN","NAN",91.9,92.1,89.1,83.7,87.7,88.3,87.2,93.9,89.3,"NAN",86.6,"NAN","NAN","NAN",1027,1027,1025,1020,1027,1027,677.6,1027,1026,"NAN",1026,"NAN","NAN","NAN",103,143,135,107,39,47,127,115,103,"NAN",108,"NAN","NAN",22.46,22.42,22.52,22.48,23.22,23.12,24.24,24.22,24.5,25.49,24.84,25.34,0,0,22.71,22.7,23.32,24.15,24.54,25.24,25.4,25.93,25.87,26.51,26.49,28.03,0,0,"NAN","NAN","NAN","NAN","NAN","NAN","NAN","NAN","NAN","NAN","NAN","NAN",0,0,20.44,23.38,21.8,25.3,23.6,26.17,28.55,27.42,28.07,26.89,29.35,30.8,0,0,"NAN",0,"NAN","NAN"
"2026-09-15 02:21:00",95971,13.73,15.63,0,"NAN",0,0,0,0,0,0,0,0,0,"NAN","NAN",0,0,"NAN",0,0,0,0,0,0,0,0,0,"NAN",0,"NAN","NAN","NAN",13.36,13.77,13.79,13.89,13.83,14.02,9.17,13.8,14.12,"NAN",13.77,"NAN","NAN","NAN",91.6,92,89.2,83.9,87.8,88.2,87.2,93.9,89.4,"NAN",86.7,"NAN","NAN","NAN",1027,1027,1025,1020,1027,1027,678,1027,1026,"NAN",1026,"NAN","NAN","NAN",111,151,143,115,47,55,135,3,111,"NAN",116,"NAN","NAN",22.45,22.42,22.51,22.48,23.22,23.11,24.23,24.22,24.5,25.49,24.84,25.34,0,0,22.71,22.69,23.32,24.15,24.54,25.23,25.4,25.93,25.87,26.5,26.49,28.03,0,0,"NAN","NAN","NAN","NAN","NAN","NAN","NAN","NAN","NAN","NAN","NAN","NAN",0,0,20.44,23.38,21.79,25.3,23.6,26.17,28.54,27.42,28.07,26.89,29.35,30.8,0,0,"NAN",0,"NAN","NAN"
"2026-09-15 02:22:00",95972,13.73,15.61,0,"NAN",0,0,0,0,0,0,0,0,0,"NAN","NAN",0,0,"NAN",0,0,0,0,0,0,0,0,0,"NAN",0,"NAN","NAN","NAN",13.32,13.71,13.76,13.87,13.81,13.99,9.15,13.75,0,"NAN",0,"NAN","NAN","NAN",91.8,91.8,89.4,84,87.9,88.3,87.3,93.9,0,"NAN",0,"NAN","NAN","NAN",1027,1027,1025,1020,1027,1027,677.7,1027,0,"NAN",0,"NAN","NAN","NAN",119,159,151,123,55,63,143,11,0,"NAN",0,"NAN","NAN",22.44,22.42,22.51,22.47,23.22,23.11,24.23,24.21,24.5,25.49,24.84,25.34,0,0,22.7,22.7,23.32,24.14,24.54,25.23,25.4,25.93,25.87,26.51,26.49,28.03,0,0,"NAN","NAN","NAN","NAN","NAN","NAN","NAN","NAN","NAN","NAN","NAN","NAN",0,0,20.44,23.38,21.79,25.3,23.6,26.17,28.54,27.43,28.07,26.89,29.35,30.8,0,0,"NAN",0,"NAN","NAN"
"2026-09-15 02:23:00",95973,13.72,15.59,0,"NAN",0,0,0,0,0,0,0,0,0,"NAN","NAN",0,0,"NAN",0,0,0,0,0,0,0,0,0,"NAN",0,"NAN","NAN","NAN",13.29,13.66,13.73,13.85,13.8,13.95,9.12,13.72,0,"NAN",13.73,"NAN","NAN","NAN",91.6,91.6,89.4,84.2,88.1,88.2,87.4,94.1,0,"NAN",86.8,"NAN","NAN","NAN",1027,1027,1025,1020,1027,1027,677.6,1027,0,"NAN",1026,"NAN","NAN","NAN",127,167,159,7,7,71,151,19,0,"NAN",9,"NAN","NAN",22.45,22.41,22.51,22.47,23.21,23.11,24.23,24.21,24.5,25.49,24.83,25.33,0,0,22.71,22.69,23.32,24.14,24.54,25.23,25.4,25.93,25.87,26.51,26.49,28.03,0,0,"NAN","NAN","NAN","NAN","NAN","NAN","NAN","NAN","NAN","NAN","NAN","NAN",0,0,20.44,23.38,21.79,25.3,23.6,26.17,28.54,27.43,28.07,26.89,29.36,30.8,0,0,"NAN",0,"NAN","NAN"
"2026-09-15 02:24:00",95974,13.72,15.56,0,"NAN",0,0,0,0,0,0,0,0,0,"NAN","NAN",0,0,"NAN",0,0,0,0,0,0,0,0,0,"NAN",0,"NAN","NAN","NAN",13.27,13.61,13.68,13.8,13.76,13.93,9.1,13.69,14.07,"NAN",13.7,"NAN","NAN","NAN",91.9,91.5,89.5,84.2,88.2,88.5,87.4,94.2,89.8,"NAN",86.8,"NAN","NAN","NAN",1027,1027,1025,1020,1027,1027,677.4,1027,1026,"NAN",1026,"NAN","NAN","NAN",135,6,167,15,15,79,159,27,7,"NAN",16,"NAN","NAN",22.44,22.41,22.51,22.47,23.21,23.1,24.22,24.21,24.5,25.49,24.83,25.33,0,0,22.71,22.7,23.32,24.14,24.54,25.23,25.4,25.93,25.87,26.51,26.49,28.03,0,0,"NAN","NAN","NAN","NAN","NAN","NAN","NAN","NAN","NAN","NAN","NAN","NAN",0,0,20.44,23.38,21.79,25.3,23.6,26.17,28.54,27.42,28.07,26.89,29.36,30.8,0,0,"NAN",0,"NAN","NAN"
"2026-09-15 02:25:00",95975,13.72,15.54,0,"NAN",0,0,0,0,0,0,0,0,0,"NAN","NAN",0,0,"NAN",0,0,0,0,0,0,0,0,0,"NAN",0,"NAN","NAN","NAN",13.26,13.54,13.65,13.77,13.74,13.91,9.08,13.66,14.05,"NAN",13.68,"NAN","NAN","NAN",92.2,91.5,89.5,84.2,88.3,88.8,87.5,94.3,90,"NAN",86.7,"NAN","NAN","NAN",1027,1027,1025,1020,1027,1027,677.6,1027,1026,"NAN",1026,"NAN","NAN","NAN",143,14,175,23,23,87,167,35,15,"NAN",24,"NAN","NAN",22.44,22.41,22.5,22.46,23.21,23.1,24.22,24.21,24.49,25.48,24.83,25.33,0,0,22.7,22.69,23.32,24.14,24.54,25.23,25.39,25.93,25.87,26.51,26.49,28.03,0,0,"NAN","NAN","NAN","NAN","NAN","NAN","NAN","NAN","NAN","NAN","NAN","NAN",0,0,20.44,23.38,21.79,25.3,23.6,26.17,28.54,27.42,28.07,26.89,29.36,30.8,0,0,"NAN",0,"NAN","NAN"
"2026-09-15 02:26:00",95976,13.72,15.52,0,"NAN",0,0,0,0,0,0,0,0,0,"NAN","NAN",0,0,"NAN",0,0,0,0,0,0,0,0,0,"NAN",0,"NAN","NAN","NAN",13.25,13.55,13.64,13.76,13.74,13.89,9.06,13.65,14.03,"NAN",13.68,"NAN","NAN","NAN",92.2,91.7,89.6,84.4,88.3,88.9,87.7,94.3,90.1,"NAN",86.8,"NAN","NAN","NAN",1027,1027,1025,1020,1027,1027,677.7,1027,1026,"NAN",1026,"NAN","NAN","NAN",151,22,183,31,31,95,175,43,23,"NAN",32,"NAN","NAN",22.43,22.41,22.5,22.46,23.21,23.1,24.22,24.21,24.49,25.48,24.83,25.33,0,0,22.69,22.69,23.32,24.14,24.54,25.23,25.4,25.93,25.87,26.5,26.48,28.03,0,0,"NAN","NAN","NAN","NAN","NAN","NAN","NAN","NAN","NAN","NAN","NAN","NAN",0,0,20.44,23.38,21.79,25.3,23.6,26.17,28.54,27.42,28.07,26.89,29.36,30.8,0,0,"NAN",0,"NAN","NAN"
"2026-09-15 02:27:00",95977,13.71,15.5,0,"NAN",0,0,0,0,0,0,0,0,0,"NAN","NAN",0,0,"NAN",0,0,0,0,0,0,0,0,0,"NAN",0,"NAN","NAN","NAN",13.24,13.56,13.63,13.74,13.73,13.88,9.05,13.67,14.01,"NAN",13.68,"NAN","NAN","NAN",92.3,91.9,89.6,84.6,88.4,89,87.9,94.3,90.1,"NAN",86.7,"NAN","NAN","NAN",1027,1027,1025,1020,1027,1027,677.4,1027,1026,"NAN",1026,"NAN","NAN","NAN",159,30,191,39,39,103,183,51,31,"NAN",40,"NAN","NAN",22.43,22.41,22.5,22.46,23.2,23.09,24.22,24.2,24.49,25.48,24.82,25.32,0,0,22.7,22.69,23.32,24.14,24.54,25.23,25.4,25.92,25.87,26.51,26.48,28.03,0,0,"NAN","NAN","NAN","NAN","NAN","NAN","NAN","NAN","NAN","NAN","NAN","NAN",0,0,20.44,23.39,21.79,25.3,23.59,26.17,28.54,27.42,28.07,26.89,29.36,30.8,0,0,"NAN",0,"NAN","NAN"
"2026-09-15 02:28:00",95978,13.74,15.48,0,"NAN",0,0,0,0,0,0,0,0,0,"NAN","NAN",0,0,"NAN",0,0,0,0,0,0,0,0,0,"NAN",0,"NAN","NAN","NAN",13.23,13.55,13.6,13.71,13.71,13.86,9.03,13.66,13.99,"NAN",13.66,"NAN","NAN","NAN",92.4,92.1,89.6,84.6,88.3,89.1,87.8,94.2,90.1,"NAN",86.7,"NAN","NAN","NAN",1027,1027,1025,1020,1027,1027,677.4,1027,1026,"NAN",1026,"NAN","NAN","NAN",167,38,199,47,47,111,191,59,39,"NAN",48,"NAN","NAN",22.43,22.4,22.49,22.45,23.2,23.09,24.21,24.2,24.49,25.48,24.82,25.32,0,0,22.71,22.7,23.32,24.14,24.54,25.23,25.39,25.92,25.87,26.5,26.48,28.03,0,0,"NAN","NAN","NAN","NAN","NAN","NAN","NAN","NAN","NAN","NAN","NAN","NAN",0,0,20.44,23.38,21.79,25.3,23.59,26.17,28.54,27.42,28.07,26.89,29.35,30.8,0,0,"NAN",0,"NAN","NAN"
"2026-09-15 02:29:00",95979,13.72,15.46,0,"NAN",0,0,0,0,0,0,0,0,0,"NAN","NAN",0,0,"NAN",0,0,0,0,0,0,0,0,0,"NAN",0,"NAN","NAN","NAN",13.22,13.54,13.56,13.68,13.67,13.84,9.01,13.62,13.97,"NAN",13.64,"NAN","NAN","NAN",92.5,92.3,89.5,84.6,88.3,89.1,87.8,94.1,90.1,"NAN",86.7,"NAN","NAN","NAN",1027,1027,1025,1020,1027,1027,677.2,1027,1026,"NAN",1026,"NAN","NAN","NAN",175,46,207,55,55,119,199,67,47,"NAN",56,"NAN","NAN",22.42,22.4,22.49,22.45,23.2,23.09,24.21,24.2,24.48,25.48,24.82,25.32,0,0,22.7,22.69,23.32,24.14,24.54,25.23,25.4,25.92,25.87,26.5,26.48,28.03,0,0,"NAN","NAN","NAN","NAN","NAN","NAN","NAN","NAN","NAN","NAN","NAN","NAN",0,0,20.44,23.39,21.79,25.3,23.59,26.17,28.54,27.42,28.07,26.89,29.36,30.8,0,0,"NAN",0,"NAN","NAN"
"2026-09-15 02:30:00",95980,13.72,15.43,0,"NAN",0,0,0,0,0,0,0,0,0,"NAN","NAN",0,0,"NAN",0,0,0,0,0,0,0,0,0,"NAN",0,"NAN","NAN","NAN",13.2,13.51,13.52,13.65,13.55,13.81,8.98,13.57,13.94,"NAN",13.62,"NAN","NAN","NAN",92.3,92.4,89.6,84.5,88.1,89,87.8,94.2,90,"NAN",86.8,"NAN","NAN","NAN",1027,1027,1025,1020,1027,1027,677.2,1027,1026,"NAN",1026,"NAN","NAN","NAN",183,54,215,63,63,127,207,75,55,"NAN",64,"NAN","NAN",22.43,22.4,22.49,22.45,23.2,23.08,24.21,24.19,24.48,25.48,24.82,25.32,0,0,22.7,22.69,23.32,24.14,24.54,25.23,25.39,25.92,25.87,26.5,26.48,28.02,0,0,"NAN","NAN","NAN","NAN","NAN","NAN","NAN","NAN","NAN","NAN","NAN","NAN",0,0,20.44,23.38,21.79,25.3,23.6,26.17,28.54,27.42,28.07,26.89,29.35,30.8,0,0,"NAN",0,"NAN","NAN"
"2026-09-15 02:31:00",95981,13.72,15.41,0,"NAN",0,0,0,0,0,0,0,0,0,"NAN","NAN",0,0,"NAN",0,0,0,0,0,0,0,0,0,"NAN",0,"NAN","NAN","NAN",13.17,13.49,13.48,13.63,13.44,13.79,8.95,13.53,13.92,"NAN",13.58,"NAN","NAN","NAN",92.1,92.5,89.7,84.5,88,88.9,87.7,94.2,90,"NAN",86.8,"NAN","NAN","NAN",1027,1027,1025,1020,1027,1027,677.3,1027,1026,"NAN",1026,"NAN","NAN","NAN",191,62,223,71,71,135,215,83,59,"NAN",73,"NAN","NAN",22.42,22.4,22.48,22.44,23.19,23.08,24.21,24.19,24.49,25.47,24.81,25.31,0,0,22.7,22.69,23.32,24.14,24.54,25.23,25.4,25.92,25.87,26.5,26.48,28.02,0,0,"NAN","NAN","NAN","NAN","NAN","NAN","NAN","NAN","NAN","NAN","NAN","NAN",0,0,20.44,23.39,21.79,25.3,23.6,26.17,28.54,27.42,28.07,26.89,29.36,30.8,0,0,"NAN",0,"NAN","NAN"
"2026-09-15 02:32:00",95982,13.73,15.39,0,"NAN",0,0,0,0,0,0,0,0,0,"NAN","NAN",0,0,"NAN",0,0,0,0,0,0,0,0,0,"NAN",0,"NAN","NAN","NAN",13.14,13.49,13.45,13.6,13.35,13.76,8.92,13.49,13.88,"NAN",13.57,"NAN","NAN","NAN",92,92.5,89.8,84.4,88,88.8,87.7,94.4,90.1,"NAN",87,"NAN","NAN","NAN",1027,1027,1025,1020,1027,1027,677.2,1027,1027,"NAN",1026,"NAN","NAN","NAN",199,7,231,79,79,143,223,91,7,"NAN",80,"NAN","NAN",22.41,22.4,22.48,22.44,23.19,23.07,24.2,24.19,24.48,25.47,24.81,25.31,0,0,22.7,22.69,23.32,24.14,24.54,25.23,25.4,25.92,25.87,26.5,26.48,28.02,0,0,"NAN","NAN","NAN","NAN","NAN","NAN","NAN","NAN","NAN","NAN","NAN","NAN",0,0,20.44,23.38,21.8,25.3,23.6,26.17,28.54,27.42,28.07,26.89,29.36,30.8,0,0,"NAN",0,"NAN","NAN"
"2026-09-15 02:33:00",95983,13.73,15.37,0,"NAN",0,0,0,0,0,0,0,0,0,"NAN","NAN",0,0,"NAN",0,0,0,0,0,0,0,0,0,"NAN",0,"NAN","NAN","NAN",13.11,13.46,13.42,13.58,13.28,13.74,8.89,13.46,13.85,"NAN",13.53,"NAN","NAN","NAN",92,92.6,89.8,84.4,87.9,88.9,87.6,94.4,90.2,"NAN",86.9,"NAN","NAN","NAN",1027,1027,1025,1020,1027,1027,677.2,1028,1027,"NAN",1027,"NAN","NAN","NAN",207,15,239,87,87,151,231,99,15,"NAN",88,"NAN","NAN",22.42,22.39,22.48,22.44,23.19,23.07,24.2,24.19,24.48,25.47,24.81,25.31,0,0,22.7,22.69,23.32,24.14,24.54,25.23,25.39,25.92,25.87,26.51,26.48,28.02,0,0,"NAN","NAN","NAN","NAN","NAN","NAN","NAN","NAN","NAN","NAN","NAN","NAN",0,0,20.44,23.39,21.79,25.3,23.59,26.17,28.55,27.42,28.07,26.89,29.36,30.8,0,0,"NAN",0,"NAN","NAN"
"2026-09-15 02:34:00",95984,13.72,15.35,0,"NAN",0,0,0,0,0,0,0,0,0,"NAN","NAN",0,0,"NAN",0,0,0,0,0,0,0,0,0,"NAN",0,"NAN","NAN","NAN",13.09,13.43,13.4,13.56,13.22,13.72,8.87,13.44,13.82,"NAN",13.52,"NAN","NAN","NAN",92.2,92.6,90,84.5,88,89.1,87.7,94.5,90.2,"NAN",86.9,"NAN","NAN","NAN",1027,1027,1025,1020,1027,1027,677.2,1028,1027,"NAN",1027,"NAN","NAN","NAN",215,23,6,95,95,159,239,107,23,"NAN",96,"NAN","NAN",22.41,22.39,22.47,22.43,23.19,23.07,24.2,24.18,24.48,25.47,24.81,25.31,0,0,22.71,22.69,23.32,24.14,24.54,25.23,25.39,25.92,25.86,26.5,26.48,28.02,0,0,"NAN","NAN","NAN","NAN","NAN","NAN","NAN","NAN","NAN","NAN","NAN","NAN",0,0,20.44,23.38,21.79,25.3,23.59,26.17,28.54,27.42,28.07,26.89,29.35,30.8,0,0,"NAN",0,"NAN","NAN"
"2026-09-15 02:35:00",95985,13.73,15.32,0,"NAN",0,0,0,0,0,0,0,0,0,"NAN","NAN",0,0,"NAN",0,0,0,0,0,0,0,0,0,"NAN",0,"NAN","NAN","NAN",13.07,13.41,13.4,13.55,13.17,13.69,8.84,13.43,13.8,"NAN",13.51,"NAN","NAN","NAN",92.2,92.7,90,84.6,88.1,89,87.8,94.6,90.3,"NAN",87,"NAN","NAN","NAN",1027,1027,1025,1020,1027,1027,676.6,1028,1027,"NAN",1027,"NAN","NAN","NAN",223,31,14,103,103,167,6,115,31,"NAN",104,"NAN","NAN",22.41,22.39,22.47,22.43,23.18,23.06,24.19,24.18,24.48,25.47,24.81,25.3,0,0,22.7,22.69,23.32,24.14,24.54,25.23,25.39,25.93,25.86,26.5,26.48,28.02,0,0,"NAN","NAN","NAN","NAN","NAN","NAN","NAN","NAN","NAN","NAN","NAN","NAN",0,0,20.44,23.38,21.79,25.3,23.59,26.17,28.54,27.42,28.07,26.89,29.35,30.8,0,0,"NAN",0,"NAN","NAN"
"2026-09-15 02:36:00",95986,13.74,15.3,0,"NAN",0,0,0,0,0,0,0,0,0,"NAN","NAN",0,0,"NAN",0,0,0,0,0,0,0,0,0,"NAN",0,"NAN","NAN","NAN",13.04,13.39,13.39,13.53,13.19,13.66,8.81,13.39,13.78,"NAN",13.48,"NAN","NAN","NAN",92,92.8,89.9,84.5,88.3,88.9,87.7,94.5,90.3,"NAN",87,"NAN","NAN","NAN",1027,1027,1025,1020,1027,1027,676.9,1028,1027,"NAN",1027,"NAN","NAN","NAN",231,39,22,111,111,175,14,123,39,"NAN",112,"NAN","NAN",22.4,22.39,22.47,22.42,23.18,23.06,24.19,24.18,24.48,25.46,24.8,25.3,0,0,22.7,22.69,23.32,24.14,24.54,25.23,25.39,25.92,25.86,26.5,26.48,28.02,0,0,"NAN","NAN","NAN","NAN","NAN","NAN","NAN","NAN","NAN","NAN","NAN","NAN",0,0,20.44,23.38,21.79,25.3,23.59,26.17,28.54,27.42,28.07,26.89,29.35,30.8,0,0,"NAN",0,"NAN","NAN"
"2026-09-15 02:37:00",95987,13.72,15.28,0,"NAN",0,0,0,0,0,0,0,0,0,"NAN","NAN",0,0,"NAN",0,0,0,0,0,0,0,0,0,"NAN",0,"NAN","NAN","NAN",13.01,13.37,13.36,13.51,13.26,13.63,8.79,13.36,13.75,"NAN",13.46,"NAN","NAN","NAN",92.2,92.9,89.9,84.5,88.6,88.9,87.7,94.5,90.3,"NAN",87,"NAN","NAN","NAN",1027,1027,1025,1020,1027,1027,677.1,1028,1027,"NAN",1027,"NAN","NAN","NAN",239,47,30,119,119,183,22,131,47,"NAN",120,"NAN","NAN",22.4,22.38,22.46,22.42,23.18,23.06,24.19,24.18,24.48,25.46,24.8,25.3,0,0,22.7,22.69,23.31,24.14,24.54,25.23,25.39,25.92,25.86,26.5,26.48,28.02,0,0,"NAN","NAN","NAN","NAN","NAN","NAN","NAN","NAN","NAN","NAN","NAN","NAN",0,0,20.44,23.38,21.8,25.3,23.59,26.17,28.54,27.42,28.07,26.89,29.35,30.8,0,0,"NAN",0,"NAN","NAN"
"2026-09-15 02:38:00",95988,13.73,15.25,0,"NAN",0,0,0,0,0,0,0,0,0,"NAN","NAN",0,0,"NAN",0,0,0,0,0,0,0,0,0,"NAN",0,"NAN","NAN","NAN",13.02,13.35,13.33,13.48,13.27,13.61,8.76,13.33,13.72,"NAN",13.43,"NAN","NAN","NAN",92.1,92.9,89.9,84.4,88.7,89,87.6,94.5,90.3,"NAN",86.9,"NAN","NAN","NAN",1027,1027,1025,1020,1027,1027,677.5,1028,1027,"NAN",1027,"NAN","NAN","NAN",3,55,38,127,127,191,30,139,55,"NAN",128,"NAN","NAN",22.4,22.38,22.46,22.42,23.17,23.05,24.18,24.17,24.47,25.46,24.8,25.3,0,0,22.7,22.69,23.32,24.14,24.54,25.23,25.39,25.92,25.86,26.5,26.48,28.02,0,0,"NAN","NAN","NAN","NAN","NAN","NAN","NAN","NAN","NAN","NAN","NAN","NAN",0,0,20.44,23.38,21.79,25.3,23.59,26.17,28.54,27.42,28.07,26.89,29.35,30.8,0,0,"NAN",0,"NAN","NAN"
"2026-09-15 02:39:00",95989,13.72,15.23,0,"NAN",0,0,0,0,0,0,0,0,0,"NAN","NAN",0,0,"NAN",0,0,0,0,0,0,0,0,0,"NAN",0,"NAN","NAN","NAN",12.96,13.32,13.3,13.45,13.28,13.59,8.74,13.3,13.69,"NAN",13.4,"NAN","NAN","NAN",92.1,92.9,89.8,84.4,88.8,89,87.7,94.5,90.2,"NAN",86.9,"NAN","NAN","NAN",1027,1027,1025,1020,1027,1027,677,1028,1026,"NAN",1027,"NAN","NAN","NAN",7,63,46,135,135,199,38,147,63,"NAN",136,"NAN","NAN",22.39,22.38,22.46,22.42,23.17,23.05,24.18,24.17,24.47,25.46,24.8,25.29,0,0,22.69,22.69,23.31,24.14,24.54,25.23,25.39,25.92,25.86,26.5,26.48,28.02,0,0,"NAN","NAN","NAN","NAN","NAN","NAN","NAN","NAN","NAN","NAN","NAN","NAN",0,0,20.44,23.39,21.79,25.3,23.59,26.17,28.55,27.42,28.07,26.89,29.36,30.8,0,0,"NAN",0,"NAN","NAN"
"2026-09-15 02:40:00",95990,13.74,15.2,0,"NAN",0,0,0,0,0,0,0,0,0,"NAN","NAN",0,0,"NAN",0,0,0,0,0,0,0,0,0,"NAN",0,"NAN","NAN","NAN",12.94,13.3,13.3,13.43,13.3,13.57,8.72,13.3,13.67,"NAN",13.4,"NAN","NAN","NAN",92.4,92.9,90,84.5,88.8,89.3,87.8,94.7,90.2,"NAN",86.9,"NAN","NAN","NAN",1027,1027,1025,1020,1027,1027,677.1,1028,1027,"NAN",1027,"NAN","NAN","NAN",15,71,54,143,143,207,46,155,71,"NAN",144,"NAN","NAN",22.4,22.38,22.45,22.41,23.17,23.05,24.18,24.17,24.47,25.46,24.8,25.29,0,0,22.7,22.69,23.32,24.14,24.54,25.23,25.39,25.93,25.86,26.5,26.48,28.02,0,0,"NAN","NAN","NAN","NAN","NAN","NAN","NAN","NAN","NAN","NAN","NAN","NAN",0,0,20.44,23.39,21.79,25.3,23.59,26.17,28.54,27.42,28.07,26.89,29.36,30.8,0,0,"NAN",0,"NAN","NAN"
"2026-09-15 02:41:00",95991,13.72,15.18,0,"NAN",0,0,0,0,0,0,0,0,0,"NAN","NAN",0,0,"NAN",0,0,0,0,0,0,0,0,0,"NAN",0,"NAN","NAN","NAN",12.93,13.29,13.28,13.42,13.3,13.55,8.7,13.3,13.66,"NAN",13.4,"NAN","NAN","NAN",92.4,93,89.9,84.6,88.8,89.2,87.9,94.7,90.3,"NAN",86.8,"NAN","NAN","NAN",1027,1027,1025,1020,1027,1027,676.7,1028,1027,"NAN",1027,"NAN","NAN","NAN",23,79,62,151,151,215,54,163,79,"NAN",152,"NAN","NAN",22.39,22.37,22.45,22.41,23.17,23.04,24.18,24.17,24.47,25.45,24.79,25.29,0,0,22.7,22.69,23.31,24.14,24.54,25.23,25.39,25.92,25.86,26.5,26.48,28.02,0,0,"NAN","NAN","NAN","NAN","NAN","NAN","NAN","NAN","NAN","NAN","NAN","NAN",0,0,20.44,23.38,21.79,25.3,23.59,26.17,28.55,27.42,28.07,26.89,29.36,30.8,0,0,"NAN",0,"NAN","NAN"
"2026-09-15 02:42:00",95992,13.72,15.16,0,"NAN",0,0,0,0,0,0,0,0,0,"NAN","NAN",0,0,"NAN",0,0,0,0,0,0,0,0,0,"NAN",0,"NAN","NAN","NAN",12.9,13.27,13.26,13.4,13.28,13.53,8.68,13.26,13.65,"NAN",13.36,"NAN","NAN","NAN",92.3,93,89.9,84.5,88.8,89.2,87.9,94.6,90.3,"NAN",86.8,"NAN","NAN","NAN",1027,1027,1025,1020,1027,1027,677.2,1028,1027,"NAN",1027,"NAN","NAN","NAN",31,87,70,159,159,223,62,171,87,"NAN",160,"NAN","NAN",22.39,22.37,22.45,22.4,23.16,23.04,24.17,24.17,24.47,25.45,24.79,25.28,0,0,22.7,22.69,23.31,24.14,24.54,25.23,25.39,25.92,25.86,26.5,26.48,28.02,0,0,"NAN","NAN","NAN","NAN","NAN","NAN","NAN","NAN","NAN","NAN","NAN","NAN",0,0,20.44,23.38,21.79,25.3,23.59,26.17,28.54,27.42,28.07,26.89,29.35,30.8,0,0,"NAN",0,"NAN","NAN"
"2026-09-15 02:43:00",95993,13.73,15.13,0,"NAN",0,0,0,0,0,0,0,0,0,"NAN","NAN",0,0,"NAN",0,0,0,0,0,0,0,0,0,"NAN",0,"NAN","NAN","NAN",12.89,13.26,13.26,13.38,13.3,13.51,8.66,13.26,13.63,"NAN",13.34,"NAN","NAN","NAN",92.5,93.1,90,84.5,88.8,89.2,87.9,94.6,90.3,"NAN",86.8,"NAN","NAN","NAN",1027,1027,1025,1020,1027,1027,677,1028,1027,"NAN",1027,"NAN","NAN","NAN",39,95,78,167,167,231,70,179,95,"NAN",168,"NAN","NAN",22.39,22.37,22.44,22.4,23.16,23.04,24.17,24.16,24.47,25.45,24.79,25.28,0,0,22.7,22.69,23.31,24.14,24.54,25.23,25.38,25.92,25.86,26.5,26.48,28.02,0,0,"NAN","NAN","NAN","NAN","NAN","NAN","NAN","NAN","NAN","NAN","NAN","NAN",0,0,20.44,23.38,21.79,25.3,23.59,26.17,28.55,27.42,28.07,26.89,29.35,30.8,0,0,"NAN",0,"NAN","NAN"
"2026-09-15 02:44:00",95994,13.72,15.11,0,"NAN",0,0,0,0,0,0,0,0,0,"NAN","NAN",0,0,"NAN",0,0,0,0,0,0,0,0,0,"NAN",0,"NAN","NAN","NAN",12.91,13.25,13.26,13.37,13.3,13.49,8.64,13.25,13.61,"NAN",13.35,"NAN","NAN","NAN",92.5,93.1,90,84.6,88.8,89.3,88,94.7,90.4,"NAN",86.9,"NAN","NAN","NAN",1027,1027,1025,1020,1027,1027,677.1,1028,1027,"NAN",1027,"NAN","NAN","NAN",3,103,86,175,175,239,78,187,103,"NAN",176,"NAN","NAN",22.38,22.37,22.44,22.4,23.16,23.03,24.17,24.16,24.45,25.45,24.79,25.28,0,0,22.7,22.69,23.31,24.14,24.54,25.23,25.39,25.92,25.86,26.5,26.48,28.02,0,0,"NAN","NAN","NAN","NAN","NAN","NAN","NAN","NAN","NAN","NAN","NAN","NAN",0,0,20.44,23.39,21.79,25.3,23.59,26.16,28.54,27.42,28.07,26.89,29.36,30.8,0,0,"NAN",0,"NAN","NAN"
"2026-09-15 02:45:00",95995,13.73,15.09,0,"NAN",0,0,0,0,0,0,0,0,0,"NAN","NAN",0,0,"NAN",0,0,0,0,0,0,0,0,0,"NAN",0,"NAN","NAN","NAN",12.86,13.23,13.23,13.35,13.29,13.49,8.63,13.24,13.6,"NAN",13.36,"NAN","NAN","NAN",92.4,93.2,90,84.7,88.8,89.3,88.1,94.8,90.5,"NAN",87,"NAN","NAN","NAN",1027,1027,1025,1020,1027,1027,677,1028,1027,"NAN",1027,"NAN","NAN","NAN",11,111,94,183,183,4,87,3,111,"NAN",4,"NAN","NAN",22.38,22.37,22.44,22.39,23.16,23.03,24.17,24.16,24.46,25.45,24.79,25.28,0,0,22.7,22.69,23.31,24.14,24.54,25.23,25.39,25.92,25.86,26.5,26.48,28.02,0,0,"NAN","NAN","NAN","NAN","NAN","NAN","NAN","NAN","NAN","NAN","NAN","NAN",0,0,20.44,23.38,21.79,25.3,23.59,26.17,28.55,27.42,28.07,26.89,29.36,30.8,0,0,"NAN",0,"NAN","NAN"
"2026-09-15 02:46:00",95996,13.72,15.07,0,"NAN",0,0,0,0,0,0,0,0,0,"NAN","NAN",0,0,"NAN",0,0,0,0,0,0,0,0,0,"NAN",0,"NAN","NAN","NAN",12.83,13.23,13.23,13.36,13.28,13.44,8.61,13.22,13.59,"NAN",13.33,"NAN","NAN","NAN",92.4,93.2,90,84.7,88.8,89.2,88.1,94.9,90.6,"NAN",87,"NAN","NAN","NAN",1027,1027,1025,1020,1027,1027,676.9,1028,1027,"NAN",1027,"NAN","NAN","NAN",19,7,6,6,7,12,95,11,120,"NAN",13,"NAN","NAN",22.37,22.37,22.43,22.39,23.15,23.03,24.16,24.16,24.46,25.44,24.78,25.28,0,0,22.7,22.69,23.31,24.14,24.53,25.23,25.39,25.92,25.86,26.5,26.48,28.02,0,0,"NAN","NAN","NAN","NAN","NAN","NAN","NAN","NAN","NAN","NAN","NAN","NAN",0,0,20.44,23.38,21.79,25.3,23.59,26.17,28.55,27.42,28.07,26.89,29.35,30.8,0,0,"NAN",0,"NAN","NAN"
"2026-09-15 02:47:00",95997,13.73,15.04,0,"NAN",0,0,0,0,0,0,0,0,0,"NAN","NAN",0,0,"NAN",0,0,0,0,0,0,0,0,0,"NAN",0,"NAN","NAN","NAN",12.8,13.2,13.19,13.31,13.25,13.42,8.58,13.22,13.57,"NAN",13.32,"NAN","NAN","NAN",92.3,93.2,90.1,84.5,88.8,89.2,88,94.9,90.5,"NAN",87,"NAN","NAN","NAN",1027,1027,1025,1020,1027,1027,676.9,1028,1027,"NAN",1027,"NAN","NAN","NAN",27,7,14,14,15,20,102,19,127,"NAN",20,"NAN","NAN",22.37,22.36,22.43,22.39,23.15,23.02,24.16,24.15,24.46,25.44,24.78,25.27,0,0,22.7,22.68,23.31,24.14,24.53,25.23,25.38,25.92,25.86,26.5,26.47,28.02,0,0,"NAN","NAN","NAN","NAN","NAN","NAN","NAN","NAN","NAN","NAN","NAN","NAN",0,0,20.44,23.38,21.79,25.3,23.59,26.17,28.55,27.42,28.07,26.89,29.35,30.8,0,0,"NAN",0,"NAN","NAN"
"2026-09-15 02:48:00",95998,13.74,15.02,0,"NAN",0,0,0,0,0,0,0,0,0,"NAN","NAN",0,0,"NAN",0,0,0,0,0,0,0,0,0,"NAN",0,"NAN","NAN","NAN",12.79,13.17,13.2,13.3,13.22,13.42,8.56,13.19,13.56,"NAN",13.29,"NAN","NAN","NAN",92.4,93.2,90,84.5,88.8,89.3,88,94.8,90.5,"NAN",87.1,"NAN","NAN","NAN",1027,1027,1025,1020,1027,1027,676.9,1028,1027,"NAN",1027,"NAN","NAN","NAN",35,15,3,7,23,3,110,27,135,"NAN",28,"NAN","NAN",22.37,22.36,22.43,22.38,23.15,23.02,24.16,24.15,24.46,25.44,24.78,25.27,0,0,22.7,22.68,23.31,24.14,24.53,25.22,25.39,25.92,25.86,26.5,26.47,28.02,0,0,"NAN","NAN","NAN","NAN","NAN","NAN","NAN","NAN","NAN","NAN","NAN","NAN",0,0,20.44,23.38,21.79,25.3,23.59,26.17,28.55,27.42,28.07,26.89,29.36,30.8,0,0,"NAN",0,"NAN","NAN"
"2026-09-15 02:49:00",95999,13.74,15,0,"NAN",0,0,0,0,0,0,0,0,0,"NAN","NAN",0,0,"NAN",0,0,0,0,0,0,0,0,0,"NAN",0,"NAN","NAN","NAN",12.77,13.16,13.16,13.29,13.22,13.38,8.54,13.18,13.56,"NAN",13.29,"NAN","NAN","NAN",92.5,93.2,90.1,84.7,88.9,89.4,88,94.9,90.6,"NAN",87.2,"NAN","NAN","NAN",1027,1027,1025,1020,1027,1027,677,1028,1027,"NAN",1027,"NAN","NAN","NAN",43,23,11,15,31,11,118,35,143,"NAN",36,"NAN","NAN",22.37,22.36,22.42,22.38,23.15,23.02,24.16,24.15,24.46,25.44,24.77,25.27,0,0,22.7,22.69,23.31,24.14,24.53,25.23,25.39,25.92,25.86,26.5,26.47,28.02,0,0,"NAN","NAN","NAN","NAN","NAN","NAN","NAN","NAN","NAN","NAN","NAN","NAN",0,0,20.44,23.38,21.79,25.3,23.59,26.17,28.55,27.42,28.07,26.89,29.36,30.8,0,0,"NAN",0,"NAN","NAN"
"2026-09-15 02:50:00",96000,13.57,14.98,0,"NAN",0,0,0,0,0,0,0,0,0,"NAN","NAN",0,0,"NAN",0,0,0,0,0,0,0,0,0,"NAN",0,"NAN","NAN","NAN",12.76,13.15,13.18,13.31,13.23,13.39,8.54,13.18,13.56,"NAN",13.29,"NAN","NAN","NAN",92.6,93.3,90.2,84.8,89,89.5,88.2,95,90.7,"NAN",87.2,"NAN","NAN","NAN",1027,1027,1025,1020,1027,1027,676.9,1028,1027,"NAN",1027,"NAN","NAN","NAN",51,31,3,3,39,3,126,43,151,"NAN",44,"NAN","NAN",22.37,22.36,22.42,22.37,23.14,23.01,24.15,24.15,24.45,25.44,24.77,25.26,0,0,22.7,22.68,23.31,24.13,24.53,25.22,25.38,25.92,25.86,26.5,26.47,28.02,0,0,"NAN","NAN","NAN","NAN","NAN","NAN","NAN","NAN","NAN","NAN","NAN","NAN",0,0,20.44,23.39,21.79,25.3,23.59,26.17,28.55,27.42,28.07,26.89,29.36,30.8,0,0,"NAN",0,"NAN","NAN"
"2026-09-15 02:51:00",96001,13.72,14.96,0,"NAN",0,0,0,0,0,0,0,0,0,"NAN","NAN",0,0,"NAN",0,0,0,0,0,0,0,0,0,"NAN",0,"NAN","NAN","NAN",12.74,13.14,13.13,13.27,13.21,13.35,8.52,13.15,13.55,"NAN",13.25,"NAN","NAN","NAN",92.5,93.3,90.2,84.8,89,89.3,88.2,94.9,90.6,"NAN",87.2,"NAN","NAN","NAN",1027,1027,1025,1020,1027,1027,676.7,1028,1027,"NAN",1027,"NAN","NAN","NAN",59,39,11,11,47,11,134,51,159,"NAN",52,"NAN","NAN",22.36,22.35,22.42,22.38,23.14,23.01,24.15,24.14,24.45,25.44,24.77,25.26,0,0,22.7,22.68,23.31,24.13,24.53,25.22,25.39,25.92,25.86,26.5,26.47,28.02,0,0,"NAN","NAN","NAN","NAN","NAN","NAN","NAN","NAN","NAN","NAN","NAN","NAN",0,0,20.44,23.38,21.79,25.3,23.59,26.17,28.55,27.42,28.07,26.89,29.35,30.8,0,0,"NAN",0,"NAN","NAN"
"2026-09-15 02:52:00",96002,13.74,14.94,0,"NAN",0,0,0,0,0,0,0,0,0,"NAN","NAN",0,0,"NAN",0,0,0,0,0,0,0,0,0,"NAN",0,"NAN","NAN","NAN",12.7,13.11,13.11,13.23,13.17,13.32,8.5,13.12,13.52,"NAN",13.2,"NAN","NAN","NAN",92.5,93.3,90.1,84.6,89,89.1,88.2,94.9,90.5,"NAN",87.1,"NAN","NAN","NAN",1027,1027,1025,1020,1027,1027,676.6,1028,1027,"NAN",1027,"NAN","NAN","NAN",67,47,19,19,55,19,142,59,167,"NAN",60,"NAN","NAN",22.36,22.35,22.41,22.37,23.14,23.01,24.15,24.14,24.45,25.43,24.77,25.26,0,0,22.7,22.68,23.31,24.14,24.53,25.22,25.39,25.92,25.85,26.5,26.47,28.02,0,0,"NAN","NAN","NAN","NAN","NAN","NAN","NAN","NAN","NAN","NAN","NAN","NAN",0,0,20.44,23.39,21.79,25.3,23.59,26.17,28.54,27.43,28.07,26.89,29.36,30.8,0,0,"NAN",0,"NAN","NAN"
"2026-09-15 02:53:00",96003,13.73,14.92,0,"NAN",0,0,0,0,0,0,0,0,0,"NAN","NAN",0,0,"NAN",0,0,0,0,0,0,0,0,0,"NAN",0,"NAN","NAN","NAN",12.68,13.09,13.11,13.2,13.16,13.29,8.49,13.12,13.49,"NAN",13.2,"NAN","NAN","NAN",92.6,93.4,90.1,84.6,88.9,89.1,88.1,94.9,90.4,"NAN",87,"NAN","NAN","NAN",1027,1027,1025,1020,1027,1027,676.4,1028,1027,"NAN",1027,"NAN","NAN","NAN",75,55,27,27,63,27,150,67,175,"NAN",68,"NAN","NAN",22.36,22.35,22.41,22.37,23.14,23,24.14,24.14,24.45,25.43,24.76,25.26,0,0,22.7,22.68,23.31,24.13,24.53,25.22,25.38,25.92,25.85,26.5,26.47,28.02,0,0,"NAN","NAN","NAN","NAN","NAN","NAN","NAN","NAN","NAN","NAN","NAN","NAN",0,0,20.45,23.39,21.79,25.3,23.59,26.16,28.55,27.43,28.07,26.89,29.36,30.8,0,0,"NAN",0,"NAN","NAN"
"2026-09-15 02:54:00",96004,13.73,14.9,0,"NAN",0,0,0,0,0,0,0,0,0,"NAN","NAN",0,0,"NAN",0,0,0,0,0,0,0,0,0,"NAN",0,"NAN","NAN","NAN",12.67,13.08,13.11,13.19,13.18,13.26,8.47,13.13,13.48,"NAN",13.22,"NAN","NAN","NAN",92.8,93.4,90.1,84.7,88.9,89.1,88.1,94.8,90.4,"NAN",87,"NAN","NAN","NAN",1027,1027,1025,1020,1027,1027,676.4,1028,1027,"NAN",1027,"NAN","NAN","NAN",83,63,35,35,71,35,158,75,183,"NAN",76,"NAN","NAN",22.35,22.35,22.41,22.36,23.13,23,24.14,24.14,24.45,25.43,24.76,25.26,0,0,22.7,22.68,23.31,24.13,24.53,25.22,25.39,25.92,25.85,26.5,26.47,28.02,0,0,"NAN","NAN","NAN","NAN","NAN","NAN","NAN","NAN","NAN","NAN","NAN","NAN",0,0,20.44,23.39,21.8,25.3,23.59,26.17,28.55,27.42,28.07,26.89,29.36,30.8,0,0,"NAN",0,"NAN","NAN"
"2026-09-15 02:55:00",96005,13.72,14.89,0,"NAN",0,0,0,0,0,0,0,0,0,"NAN","NAN",0,0,"NAN",0,0,0,0,0,0,0,0,0,"NAN",0,"NAN","NAN","NAN",12.65,13.07,13.11,13.19,13.19,13.24,8.46,13.12,13.49,"NAN",13.23,"NAN","NAN","NAN",92.6,93.4,90.1,84.7,88.8,89.2,88.2,94.8,90.4,"NAN",86.9,"NAN","NAN","NAN",1027,1027,1025,1020,1027,1027,677,1028,1027,"NAN",1027,"NAN","NAN","NAN",91,71,43,43,79,43,166,83,191,"NAN",84,"NAN","NAN",22.35,22.34,22.41,22.36,23.13,23,24.14,24.14,24.45,25.43,24.76,25.25,0,0,22.7,22.68,23.31,24.13,24.53,25.22,25.38,25.92,25.85,26.5,26.47,28.02,0,0,"NAN","NAN","NAN","NAN","NAN","NAN","NAN","NAN","NAN","NAN","NAN","NAN",0,0,20.44,23.39,21.79,25.3,23.59,26.17,28.55,27.42,28.07,26.89,29.35,30.8,0,0,"NAN",0,"NAN","NAN"
"2026-09-15 02:56:00",96006,13.74,14.87,0,"NAN",0,0,0,0,0,0,0,0,0,"NAN","NAN",0,0,"NAN",0,0,0,0,0,0,0,0,0,"NAN",0,"NAN","NAN","NAN",12.63,13.06,13.11,13.18,13.19,13.22,8.45,13.11,13.48,"NAN",13.22,"NAN","NAN","NAN",92.8,93.4,90.1,84.8,88.8,89.4,88.3,94.8,90.4,"NAN",86.9,"NAN","NAN","NAN",1027,1027,1025,1020,1027,1027,676.7,1028,1027,"NAN",1027,"NAN","NAN","NAN",99,79,51,51,87,51,174,91,199,"NAN",92,"NAN","NAN",22.35,22.34,22.4,22.36,23.13,22.99,24.14,24.13,24.44,25.43,24.76,25.25,0,0,22.7,22.68,23.31,24.13,24.53,25.22,25.39,25.92,25.85,26.5,26.47,28.02,0,0,"NAN","NAN","NAN","NAN","NAN","NAN","NAN","NAN","NAN","NAN","NAN","NAN",0,0,20.44,23.38,21.79,25.3,23.59,26.17,28.55,27.42,28.07,26.89,29.35,30.8,0,0,"NAN",0,"NAN","NAN"
"2026-09-15 02:57:00",96007,13.73,14.85,0,"NAN",0,0,0,0,0,0,0,0,0,"NAN","NAN",0,0,"NAN",0,0,0,0,0,0,0,0,0,"NAN",0,"NAN","NAN","NAN",12.63,13.06,13.15,13.17,13.21,13.21,8.44,13.11,13.48,"NAN",13.21,"NAN","NAN","NAN",93,93.4,90.3,84.9,88.8,89.8,88.3,94.9,90.4,"NAN",87,"NAN","NAN","NAN",1027,1027,1025,1020,1027,1027,676.6,1028,1027,"NAN",1027,"NAN","NAN","NAN",107,87,59,59,95,59,182,99,207,"NAN",100,"NAN","NAN",22.34,22.34,22.4,22.35,23.13,22.99,24.13,24.13,24.44,25.43,24.76,25.25,0,0,22.7,22.68,23.31,24.13,24.53,25.22,25.39,25.92,25.85,26.5,26.47,28.02,0,0,"NAN","NAN","NAN","NAN","NAN","NAN","NAN","NAN","NAN","NAN","NAN","NAN",0,0,20.44,23.39,21.79,25.3,23.59,26.17,28.54,27.43,28.07,26.89,29.35,30.8,0,0,"NAN",0,"NAN","NAN"
"2026-09-15 02:58:00",96008,13.72,14.83,0,"NAN",0,0,0,0,0,0,0,0,0,"NAN","NAN",0,0,"NAN",0,0,0,0,0,0,0,0,0,"NAN",0,"NAN","NAN","NAN",12.61,13.05,13.16,13.15,13.21,13.21,8.44,13.1,13.48,"NAN",13.21,"NAN","NAN","NAN",92.7,93.5,90.2,85,88.8,90,88.4,95,90.5,"NAN",87.1,"NAN","NAN","NAN",1027,1027,1025,1020,1027,1027,676.6,1028,1027,"NAN",1027,"NAN","NAN","NAN",115,95,67,67,103,67,190,107,215,"NAN",108,"NAN","NAN",22.34,22.34,22.4,22.35,23.12,22.99,24.13,24.13,24.44,25.42,24.75,25.25,0,0,22.7,22.68,23.31,24.13,24.53,25.22,25.38,25.92,25.85,26.5,26.47,28.02,0,0,"NAN","NAN","NAN","NAN","NAN","NAN","NAN","NAN","NAN","NAN","NAN","NAN",0,0,20.44,23.39,21.79,25.3,23.59,26.17,28.55,27.42,28.07,26.89,29.35,30.8,0,0,"NAN",0,"NAN","NAN"
"2026-09-15 02:59:00",96009,13.74,14.82,0,"NAN",0,0,0,0,0,0,0,0,0,"NAN","NAN",0,0,"NAN",0,0,0,0,0,0,0,0,0,"NAN",0,"NAN","NAN","NAN",12.59,13.04,13.12,13.14,13.18,13.19,8.43,13.08,13.46,"NAN",13.19,"NAN","NAN","NAN",92.8,93.5,90.1,85.1,88.8,90.1,88.4,95.1,90.5,"NAN",87.1,"NAN","NAN","NAN",1027,1027,1025,1020,1027,1027,676.8,1028,1027,"NAN",1027,"NAN","NAN","NAN",123,103,75,75,111,75,198,115,223,"NAN",116,"NAN","NAN",22.34,22.34,22.39,22.34,23.12,22.98,24.13,24.12,24.44,25.42,24.75,25.24,0,0,22.7,22.68,23.31,24.13,24.53,25.22,25.38,25.92,25.85,26.5,26.47,28.02,0,0,"NAN","NAN","NAN","NAN","NAN","NAN","NAN","NAN","NAN","NAN","NAN","NAN",0,0,20.44,23.39,21.8,25.3,23.59,26.17,28.55,27.42,28.07,26.89,29.35,30.8,0,0,"NAN",0,"NAN","NAN"
"2026-09-15 03:00:00",96010,13.71,14.8,0,"NAN",0,0,0,0,0,0,0,0,0,"NAN","NAN",0,0,"NAN",0,0,0,0,0,0,0,0,0,"NAN",0,"NAN","NAN","NAN",12.58,13.04,13.11,13.12,13.17,13.19,8.42,13.06,13.44,"NAN",13.19,"NAN","NAN","NAN",93.1,93.5,90.2,85.2,88.9,90.2,88.5,95.1,90.5,"NAN",87.2,"NAN","NAN","NAN",1027,1027,1025,1020,1027,1027,676.6,1028,1027,"NAN",1027,"NAN","NAN","NAN",131,111,83,83,119,83,206,123,231,"NAN",124,"NAN","NAN",22.34,22.33,22.39,22.34,23.12,22.98,24.12,24.12,24.44,25.42,24.75,25.24,0,0,22.7,22.68,23.31,24.13,24.53,25.22,25.38,25.92,25.85,26.5,26.47,28.02,0,0,"NAN","NAN","NAN","NAN","NAN","NAN","NAN","NAN","NAN","NAN","NAN","NAN",0,0,20.44,23.39,21.79,25.3,23.59,26.17,28.55,27.42,28.07,26.89,29.35,30.81,0,0,"NAN",0,"NAN","NAN"
"2026-09-15 03:01:00",96011,13.74,14.78,0,"NAN",0,0,0,0,0,0,0,0,0,"NAN","NAN",0,0,"NAN",0,0,0,0,0,0,0,0,0,"NAN",0,"NAN","NAN","NAN",12.58,13.04,13.13,13.12,13.18,13.19,8.41,13.07,13.39,"NAN",13.18,"NAN","NAN","NAN",93.2,93.6,90.3,85.3,88.9,90.4,88.6,95.2,90.3,"NAN",87.2,"NAN","NAN","NAN",1027,1027,1025,1020,1027,1027,676.9,1028,1027,"NAN",1027,"NAN","NAN","NAN",139,119,91,91,127,91,214,131,239,"NAN",132,"NAN","NAN",22.34,22.33,22.39,22.34,23.11,22.98,24.12,24.12,24.44,25.42,24.74,25.24,0,0,22.69,22.68,23.31,24.13,24.53,25.22,25.38,25.92,25.85,26.49,26.47,28.02,0,0,"NAN","NAN","NAN","NAN","NAN","NAN","NAN","NAN","NAN","NAN","NAN","NAN",0,0,20.44,23.39,21.79,25.3,23.59,26.17,28.55,27.42,28.07,26.89,29.35,30.81,0,0,"NAN",0,"NAN","NAN"
"2026-09-15 03:02:00",96012,13.73,14.77,0,"NAN",0,0,0,0,0,0,0,0,0,"NAN","NAN",0,0,"NAN",0,0,0,0,0,0,0,0,0,"NAN",0,"NAN","NAN","NAN",12.57,13.03,13.11,13.11,13.17,13.19,8.4,13.06,13.36,"NAN",13.18,"NAN","NAN","NAN",93.2,93.6,90.2,85.3,88.9,90.5,88.7,95.2,90.1,"NAN",87.2,"NAN","NAN","NAN",1027,1027,1025,1020,1027,1027,677,1028,1027,"NAN",1027,"NAN","NAN","NAN",147,127,99,99,135,99,222,139,3,"NAN",140,"NAN","NAN",22.33,22.33,22.38,22.34,23.11,22.97,24.12,24.12,24.43,25.42,24.74,25.23,0,0,22.7,22.68,23.31,24.13,24.53,25.22,25.38,25.92,25.85,26.5,26.47,28.02,0,0,"NAN","NAN","NAN","NAN","NAN","NAN","NAN","NAN","NAN","NAN","NAN","NAN",0,0,20.44,23.39,21.8,25.3,23.59,26.17,28.55,27.42,28.07,26.89,29.35,30.8,0,0,"NAN",0,"NAN","NAN"
"2026-09-15 03:03:00",96013,13.73,14.75,0,"NAN",0,0,0,0,0,0,0,0,0,"NAN","NAN",0,0,"NAN",0,0,0,0,0,0,0,0,0,"NAN",0,"NAN","NAN","NAN",12.56,13.03,13.11,13.1,13.16,13.19,8.39,13.07,13.28,"NAN",13.18,"NAN","NAN","NAN",93.2,93.7,90.3,85.4,88.9,90.4,88.8,95.3,90,"NAN",87.3,"NAN","NAN","NAN",1027,1027,1025,1020,1027,1027,676.6,1028,1027,"NAN",1027,"NAN","NAN","NAN",155,135,107,107,143,107,230,147,11,"NAN",148,"NAN","NAN",22.33,22.33,22.38,22.33,23.11,22.97,24.12,24.12,24.43,25.41,24.74,25.23,0,0,22.69,22.68,23.31,24.13,24.53,25.22,25.38,25.92,25.85,26.49,26.47,28.02,0,0,"NAN","NAN","NAN","NAN","NAN","NAN","NAN","NAN","NAN","NAN","NAN","NAN",0,0,20.44,23.38,21.8,25.3,23.59,26.17,28.55,27.42,28.07,26.89,29.35,30.8,0,0,"NAN",0,"NAN","NAN"
"2026-09-15 03:04:00",96014,13.73,14.73,0,"NAN",0,0,0,0,0,0,0,0,0,"NAN","NAN",0,0,"NAN",0,0,0,0,0,0,0,0,0,"NAN",0,"NAN","NAN","NAN",12.55,13.04,13.14,13.1,13.17,13.19,8.39,13.08,13.22,"NAN",13.19,"NAN","NAN","NAN",93.3,93.7,90.5,85.4,89,90.5,88.8,95.4,90,"NAN",87.3,"NAN","NAN","NAN",1027,1027,1025,1021,1027,1027,677,1028,1027,"NAN",1027,"NAN","NAN","NAN",163,143,115,115,151,115,238,155,19,"NAN",156,"NAN","NAN",22.32,22.32,22.38,22.33,23.11,22.97,24.12,24.12,24.43,25.41,24.74,25.23,0,0,22.69,22.68,23.31,24.13,24.53,25.22,25.38,25.92,25.85,26.5,26.47,28.02,0,0,"NAN","NAN","NAN","NAN","NAN","NAN","NAN","NAN","NAN","NAN","NAN","NAN",0,0,20.44,23.39,21.79,25.3,23.59,26.17,28.55,27.42,28.07,26.89,29.36,30.81,0,0,"NAN",0,"NAN","NAN"
"2026-09-15 03:05:00",96015,13.74,14.72,0,"NAN",0,0,0,0,0,0,0,0,0,"NAN","NAN",0,0,"NAN",0,0,0,0,0,0,0,0,0,"NAN",0,"NAN","NAN","NAN",12.53,13.04,13.13,13.09,13.16,13.19,8.37,13.09,13.15,"NAN",0,"NAN","NAN","NAN",93.1,93.8,90.2,85.4,89,90.5,88.9,95.5,90,"NAN",0,"NAN","NAN","NAN",1027,1027,1025,1021,1027,1027,676.4,1028,1027,"NAN",0,"NAN","NAN","NAN",171,151,123,123,159,123,5,159,28,"NAN",0,"NAN","NAN",22.32,22.32,22.37,22.33,23.1,22.96,24.11,24.12,24.43,25.41,24.74,25.23,0,0,22.68,22.68,23.3,24.13,24.53,25.22,25.38,25.92,25.85,26.5,26.46,28.02,0,0,"NAN","NAN","NAN","NAN","NAN","NAN","NAN","NAN","NAN","NAN","NAN","NAN",0,0,20.44,23.39,21.79,25.3,23.59,26.17,28.55,27.42,28.07,26.89,29.35,30.8,0,0,"NAN",0,"NAN","NAN"
"2026-09-15 03:06:00",96016,13.72,14.7,0,"NAN",0,0,0,0,0,0,0,0,0,"NAN","NAN",0,0,"NAN",0,0,0,0,0,0,0,0,0,"NAN",0,"NAN","NAN","NAN",12.53,13.04,13.11,13.1,13.16,13.18,8.36,13.08,13.12,"NAN",13.16,"NAN","NAN","NAN",93.5,93.8,90.3,85.3,89.1,90.6,88.8,95.3,90.1,"NAN",87.4,"NAN","NAN","NAN",1027,1027,1025,1021,1027,1027,676.7,1028,1027,"NAN",1027,"NAN","NAN","NAN",179,159,131,131,7,131,13,3,35,"NAN",8,"NAN","NAN",22.32,22.32,22.37,22.32,23.1,22.96,24.11,24.11,24.43,25.41,24.73,25.22,0,0,22.7,22.68,23.3,24.13,24.53,25.22,25.38,25.92,25.85,26.49,26.46,28.02,0,0,"NAN","NAN","NAN","NAN","NAN","NAN","NAN","NAN","NAN","NAN","NAN","NAN",0,0,20.44,23.39,21.8,25.3,23.59,26.16,28.55,27.42,28.07,26.89,29.36,30.8,0,0,"NAN",0,"NAN","NAN"
"2026-09-15 03:07:00",96017,13.72,14.69,0,"NAN",0,0,0,0,0,0,0,0,0,"NAN","NAN",0,0,"NAN",0,0,0,0,0,0,0,0,0,"NAN",0,"NAN","NAN","NAN",12.53,13.03,13.09,13.09,13.14,13.18,8.36,13.05,13.17,"NAN",13.14,"NAN","NAN","NAN",93.5,93.8,90.3,85.4,89.1,90.7,88.9,95.3,90.7,"NAN",87.4,"NAN","NAN","NAN",1027,1027,1026,1021,1027,1027,677.1,1028,1027,"NAN",1027,"NAN","NAN","NAN",187,167,139,139,15,139,21,11,43,"NAN",16,"NAN","NAN",22.31,22.32,22.37,22.32,23.1,22.96,24.11,24.11,24.42,25.4,24.73,25.22,0,0,22.7,22.68,23.3,24.13,24.53,25.22,25.38,25.92,25.85,26.49,26.46,28.02,0,0,"NAN","NAN","NAN","NAN","NAN","NAN","NAN","NAN","NAN","NAN","NAN","NAN",0,0,20.44,23.38,21.8,25.3,23.59,26.17,28.55,27.42,28.07,26.89,29.35,30.8,0,0,"NAN",0,"NAN","NAN"
"2026-09-15 03:08:00",96018,13.74,14.67,0,"NAN",0,0,0,0,0,0,0,0,0,"NAN","NAN",0,0,"NAN",0,0,0,0,0,0,0,0,0,"NAN",0,"NAN","NAN","NAN",12.52,13.01,13.04,13.07,13.11,13.18,0,13.02,0,"NAN",13.11,"NAN","NAN","NAN",93.4,93.8,90.2,85.4,89.1,90.6,0,95.3,0,"NAN",87.3,"NAN","NAN","NAN",1027,1027,1025,1021,1027,1027,0,1028,0,"NAN",1027,"NAN","NAN","NAN",195,175,147,147,23,147,0,20,0,"NAN",25,"NAN","NAN",22.32,22.32,22.36,22.31,23.1,22.95,24.1,24.1,24.42,25.4,24.73,25.22,0,0,22.7,22.68,23.3,24.13,24.53,25.22,25.38,25.92,25.85,26.49,26.46,28.02,0,0,"NAN","NAN","NAN","NAN","NAN","NAN","NAN","NAN","NAN","NAN","NAN","NAN",0,0,20.44,23.39,21.8,25.3,23.59,26.17,28.55,27.42,28.07,26.89,29.35,30.8,0,0,"NAN",0,"NAN","NAN"
"2026-09-15 03:09:00",96019,13.73,14.66,0,"NAN",0,0,0,0,0,0,0,0,0,"NAN","NAN",0,0,"NAN",0,0,0,0,0,0,0,0,0,"NAN",0,"NAN","NAN","NAN",12.51,13,13,13.05,13.08,13.17,8.34,13.01,13.21,"NAN",13.07,"NAN","NAN","NAN",93.4,93.8,90.2,85.4,89.1,90.5,88.8,95.1,91.2,"NAN",87.3,"NAN","NAN","NAN",1027,1027,1025,1021,1027,1027,677.7,1028,1027,"NAN",1027,"NAN","NAN","NAN",203,183,155,6,31,155,8,3,7,"NAN",32,"NAN","NAN",22.31,22.31,22.36,22.31,23.09,22.95,24.1,24.1,24.42,25.4,24.72,25.22,0,0,22.7,22.67,23.3,24.13,24.53,25.22,25.38,25.92,25.85,26.49,26.46,28.02,0,0,"NAN","NAN","NAN","NAN","NAN","NAN","NAN","NAN","NAN","NAN","NAN","NAN",0,0,20.44,23.38,21.79,25.3,23.59,26.17,28.55,27.42,28.07,26.89,29.35,30.8,0,0,"NAN",0,"NAN","NAN"
"2026-09-15 03:10:00",96020,13.73,14.64,0,"NAN",0,0,0,0,0,0,0,0,0,"NAN","NAN",0,0,"NAN",0,0,0,0,0,0,0,0,0,"NAN",0,"NAN","NAN","NAN",12.5,12.97,12.98,13.03,13.07,13.16,8.32,12.98,13.22,"NAN",13.07,"NAN","NAN","NAN",93.5,93.8,90.3,85.4,89.1,90.6,88.8,95.2,91.2,"NAN",87.4,"NAN","NAN","NAN",1027,1027,1025,1021,1027,1027,677,1028,1027,"NAN",1027,"NAN","NAN","NAN",211,191,163,14,39,163,16,11,15,"NAN",40,"NAN","NAN",22.31,22.31,22.36,22.31,23.09,22.95,24.1,24.1,24.42,25.4,24.72,25.22,0,0,22.7,22.67,23.3,24.13,24.53,25.21,25.37,25.92,25.84,26.49,26.46,28.02,0,0,"NAN","NAN","NAN","NAN","NAN","NAN","NAN","NAN","NAN","NAN","NAN","NAN",0,0,20.44,23.38,21.8,25.3,23.59,26.17,28.55,27.42,28.07,26.89,29.35,30.8,0,0,"NAN",0,"NAN","NAN"
"2026-09-15 03:11:00",96021,13.73,14.63,0,"NAN",0,0,0,0,0,0,0,0,0,"NAN","NAN",0,0,"NAN",0,0,0,0,0,0,0,0,0,"NAN",0,"NAN","NAN","NAN",12.48,12.96,12.96,13.02,13.06,13.15,8.3,12.97,13.23,"NAN",13.06,"NAN","NAN","NAN",93.3,93.8,90.3,85.4,89.1,90.6,88.8,95.3,91.3,"NAN",87.4,"NAN","NAN","NAN",1027,1027,1025,1021,1027,1027,676.6,1028,1027,"NAN",1027,"NAN","NAN","NAN",219,199,171,22,47,171,24,7,23,"NAN",48,"NAN","NAN",22.3,22.31,22.35,22.3,23.09,22.94,24.1,24.1,24.42,25.4,24.72,25.21,0,0,22.7,22.68,23.3,24.13,24.53,25.21,25.38,25.92,25.84,26.49,26.46,28.01,0,0,"NAN","NAN","NAN","NAN","NAN","NAN","NAN","NAN","NAN","NAN","NAN","NAN",0,0,20.44,23.38,21.8,25.3,23.59,26.17,28.55,27.43,28.07,26.89,29.35,30.8,0,0,"NAN",0,"NAN","NAN"
"2026-09-15 03:12:00",96022,13.72,14.61,0,"NAN",0,0,0,0,0,0,0,0,0,"NAN","NAN",0,0,"NAN",0,0,0,0,0,0,0,0,0,"NAN",0,"NAN","NAN","NAN",12.46,12.95,12.96,13,13.05,13.15,8.29,12.95,13.24,"NAN",13.06,"NAN","NAN","NAN",93.1,93.8,90.4,85.5,89.1,90.6,88.9,95.3,91.3,"NAN",87.4,"NAN","NAN","NAN",1027,1027,1025,1021,1027,1027,676.8,1028,1027,"NAN",1027,"NAN","NAN","NAN",227,207,179,30,55,179,32,15,31,"NAN",56,"NAN","NAN",22.3,22.31,22.35,22.3,23.09,22.94,24.09,24.1,24.42,25.39,24.72,25.21,0,0,22.69,22.67,23.3,24.13,24.53,25.21,25.38,25.92,25.84,26.49,26.46,28.01,0,0,"NAN","NAN","NAN","NAN","NAN","NAN","NAN","NAN","NAN","NAN","NAN","NAN",0,0,20.44,23.39,21.79,25.3,23.59,26.17,28.55,27.42,28.07,26.89,29.36,30.8,0,0,"NAN",0,"NAN","NAN"
"2026-09-15 03:13:00",96023,13.74,14.6,0,"NAN",0,0,0,0,0,0,0,0,0,"NAN","NAN",0,0,"NAN",0,0,0,0,0,0,0,0,0,"NAN",0,"NAN","NAN","NAN",12.44,12.94,12.98,13,13.07,13.15,8.28,12.95,13.25,"NAN",13.06,"NAN","NAN","NAN",93.1,93.8,90.5,85.6,89.2,90.7,89,95.4,91.4,"NAN",87.4,"NAN","NAN","NAN",1027,1027,1025,1021,1027,1027,677.1,1028,1027,"NAN",1027,"NAN","NAN","NAN",235,215,187,38,63,187,40,23,39,"NAN",64,"NAN","NAN",22.3,22.31,22.35,22.3,23.08,22.94,24.09,24.09,24.41,25.39,24.72,25.21,0,0,22.7,22.67,23.3,24.13,24.53,25.21,25.37,25.91,25.84,26.49,26.46,28.01,0,0,"NAN","NAN","NAN","NAN","NAN","NAN","NAN","NAN","NAN","NAN","NAN","NAN",0,0,20.44,23.39,21.8,25.3,23.59,26.17,28.55,27.42,28.07,26.89,29.35,30.8,0,0,"NAN",0,"NAN","NAN"
"2026-09-15 03:14:00",96024,13.74,14.58,0,"NAN",0,0,0,0,0,0,0,0,0,"NAN","NAN",0,0,"NAN",0,0,0,0,0,0,0,0,0,"NAN",0,"NAN","NAN","NAN",12.41,12.93,12.96,12.99,13.03,13.14,8.27,12.93,13.26,"NAN",13.04,"NAN","NAN","NAN",93.3,93.8,90.4,85.6,89.2,90.6,88.9,95.4,91.3,"NAN",87.5,"NAN","NAN","NAN",1027,1027,1025,1021,1027,1027,676.6,1028,1027,"NAN",1027,"NAN","NAN","NAN",2,223,195,46,71,195,48,31,47,"NAN",72,"NAN","NAN",22.29,22.3,22.34,22.29,23.08,22.93,24.09,24.09,24.41,25.39,24.71,25.2,0,0,22.69,22.67,23.3,24.12,24.53,25.21,25.38,25.92,25.84,26.49,26.46,28.01,0,0,"NAN","NAN","NAN","NAN","NAN","NAN","NAN","NAN","NAN","NAN","NAN","NAN",0,0,20.44,23.38,21.79,25.3,23.59,26.17,28.55,27.42,28.07,26.89,29.35,30.8,0,0,"NAN",0,"NAN","NAN"
"2026-09-15 03:15:00",96025,13.72,14.56,0,"NAN",0,0,0,0,0,0,0,0,0,"NAN","NAN",0,0,"NAN",0,0,0,0,0,0,0,0,0,"NAN",0,"NAN","NAN","NAN",12.46,12.91,12.92,12.98,12.99,13.13,8.26,12.91,13.25,"NAN",13.02,"NAN","NAN","NAN",93.2,93.8,90.4,85.6,89.2,90.6,88.9,95.4,91.3,"NAN",87.6,"NAN","NAN","NAN",1027,1027,1025,1021,1027,1027,676.6,1028,1027,"NAN",1027,"NAN","NAN","NAN",3,231,203,54,79,203,56,39,55,"NAN",80,"NAN","NAN",22.29,22.3,22.34,22.29,23.08,22.93,24.08,24.09,24.41,25.39,24.71,25.2,0,0,22.69,22.67,23.3,24.12,24.53,25.21,25.37,25.92,25.84,26.49,26.46,28.02,0,0,"NAN","NAN","NAN","NAN","NAN","NAN","NAN","NAN","NAN","NAN","NAN","NAN",0,0,20.44,23.39,21.8,25.3,23.59,26.17,28.55,27.42,28.07,26.89,29.36,30.8,0,0,"NAN",0,"NAN","NAN"
"2026-09-15 03:16:00",96026,13.73,14.55,0,"NAN",0,0,0,0,0,0,0,0,0,"NAN","NAN",0,0,"NAN",0,0,0,0,0,0,0,0,0,"NAN",0,"NAN","NAN","NAN",12.43,12.9,12.93,12.98,13,13.12,8.25,12.91,13.25,"NAN",13.02,"NAN","NAN","NAN",93.2,93.9,90.6,85.6,89.2,90.7,89,95.5,91.3,"NAN",87.5,"NAN","NAN","NAN",1027,1027,1025,1020,1027,1027,676.7,1028,1027,"NAN",1027,"NAN","NAN","NAN",11,239,211,62,87,211,64,47,63,"NAN",88,"NAN","NAN",22.29,22.3,22.34,22.29,23.07,22.93,24.08,24.09,24.4,25.39,24.71,25.2,0,0,22.7,22.67,23.3,24.13,24.52,25.21,25.38,25.91,25.84,26.49,26.46,28.01,0,0,"NAN","NAN","NAN","NAN","NAN","NAN","NAN","NAN","NAN","NAN","NAN","NAN",0,0,20.44,23.39,21.8,25.3,23.59,26.17,28.55,27.42,28.07,26.89,29.36,30.8,0,0,"NAN",0,"NAN","NAN"
"2026-09-15 03:17:00",96027,13.72,14.53,0,"NAN",0,0,0,0,0,0,0,0,0,"NAN","NAN",0,0,"NAN",0,0,0,0,0,0,0,0,0,"NAN",0,"NAN","NAN","NAN",12.44,12.92,12.91,12.97,12.98,13.12,8.24,12.89,13.25,"NAN",13,"NAN","NAN","NAN",93.4,93.9,90.5,85.6,89.2,90.7,89,95.4,91.3,"NAN",87.5,"NAN","NAN","NAN",1027,1027,1025,1020,1027,1027,676.9,1028,1027,"NAN",1027,"NAN","NAN","NAN",19,3,219,70,95,219,72,55,71,"NAN",96,"NAN","NAN",22.28,22.3,22.33,22.28,23.07,22.92,24.08,24.09,24.41,25.39,24.71,25.2,0,0,22.69,22.67,23.3,24.12,24.53,25.21,25.38,25.91,25.84,26.49,26.46,28.01,0,0,"NAN","NAN","NAN","NAN","NAN","NAN","NAN","NAN","NAN","NAN","NAN","NAN",0,0,20.44,23.39,21.8,25.3,23.59,26.17,28.55,27.42,28.07,26.89,29.35,30.8,0,0,"NAN",0,"NAN","NAN"
"2026-09-15 03:18:00",96028,13.73,14.52,0,"NAN",0,0,0,0,0,0,0,0,0,"NAN","NAN",0,0,"NAN",0,0,0,0,0,0,0,0,0,"NAN",0,"NAN","NAN","NAN",12.44,12.89,12.91,12.97,12.98,13.11,8.23,12.89,13.25,"NAN",12.99,"NAN","NAN","NAN",93.4,93.9,90.6,85.7,89.3,90.8,89.1,95.5,91.3,"NAN",87.5,"NAN","NAN","NAN",1027,1027,1025,1020,1027,1027,676.7,1028,1027,"NAN",1027,"NAN","NAN","NAN",27,7,227,78,103,227,80,63,79,"NAN",104,"NAN","NAN",22.29,22.29,22.33,22.28,23.07,22.92,24.07,24.08,24.4,25.39,24.7,25.19,0,0,22.69,22.67,23.3,24.12,24.52,25.21,25.37,25.91,25.84,26.49,26.46,28.01,0,0,"NAN","NAN","NAN","NAN","NAN","NAN","NAN","NAN","NAN","NAN","NAN","NAN",0,0,20.44,23.39,21.79,25.3,23.59,26.17,28.55,27.42,28.07,26.89,29.35,30.8,0,0,"NAN",0,"NAN","NAN"
"2026-09-15 03:19:00",96029,13.72,14.51,0,"NAN",0,0,0,0,0,0,0,0,0,"NAN","NAN",0,0,"NAN",0,0,0,0,0,0,0,0,0,"NAN",0,"NAN","NAN","NAN",12.44,12.89,12.92,12.98,13,13.11,8.23,12.89,13.26,"NAN",13,"NAN","NAN","NAN",93.4,94,90.6,85.7,89.3,90.8,89.1,95.5,91.3,"NAN",87.5,"NAN","NAN","NAN",1027,1027,1025,1020,1027,1027,676.9,1028,1027,"NAN",1027,"NAN","NAN","NAN",35,15,235,86,111,235,88,71,87,"NAN",112,"NAN","NAN",22.27,22.29,22.33,22.28,23.07,22.92,24.07,24.08,24.41,25.38,24.7,25.19,0,0,22.69,22.67,23.3,24.12,24.52,25.21,25.37,25.91,25.84,26.49,26.46,28.01,0,0,"NAN","NAN","NAN","NAN","NAN","NAN","NAN","NAN","NAN","NAN","NAN","NAN",0,0,20.44,23.39,21.79,25.3,23.59,26.17,28.55,27.43,28.07,26.89,29.36,30.81,0,0,"NAN",0,"NAN","NAN"
"2026-09-15 03:20:00",96030,13.72,14.49,0,"NAN",0,0,0,0,0,0,0,0,0,"NAN","NAN",0,0,"NAN",0,0,0,0,0,0,0,0,0,"NAN",0,"NAN","NAN","NAN",12.45,12.88,12.91,12.97,12.99,13.1,8.22,12.9,13.27,"NAN",13,"NAN","NAN","NAN",93.4,94,90.7,85.7,89.3,90.9,89.2,95.7,91.3,"NAN",87.5,"NAN","NAN","NAN",1027,1027,1025,1020,1027,1027,676.5,1028,1027,"NAN",1027,"NAN","NAN","NAN",43,23,2,94,119,3,96,79,95,"NAN",120,"NAN","NAN",22.28,22.29,22.32,22.27,23.06,22.91,24.07,24.08,24.4,25.38,24.7,25.19,0,0,22.69,22.67,23.3,24.12,24.53,25.21,25.37,25.91,25.84,26.49,26.46,28.01,0,0,"NAN","NAN","NAN","NAN","NAN","NAN","NAN","NAN","NAN","NAN","NAN","NAN",0,0,20.44,23.39,21.79,25.3,23.59,26.17,28.55,27.42,28.07,26.89,29.35,30.8,0,0,"NAN",0,"NAN","NAN"
"2026-09-15 03:21:00",96031,13.72,14.48,0,"NAN",0,0,0,0,0,0,0,0,0,"NAN","NAN",0,0,"NAN",0,0,0,0,0,0,0,0,0,"NAN",0,"NAN","NAN","NAN",12.44,12.88,12.93,0,12.98,0,8.22,12.93,13.29,"NAN",12.99,"NAN","NAN","NAN",93.6,94,90.8,0,89.3,0,89.2,95.8,91.2,"NAN",87.5,"NAN","NAN","NAN",1027,1027,1025,0,1027,0,676.9,1028,1027,"NAN",1027,"NAN","NAN","NAN",51,31,10,0,123,0,105,4,1,"NAN",129,"NAN","NAN",22.27,22.29,22.32,22.27,23.06,22.91,24.07,24.07,24.41,25.38,24.7,25.19,0,0,22.69,22.67,23.3,24.12,24.52,25.21,25.38,25.91,25.84,26.49,26.46,28.01,0,0,"NAN","NAN","NAN","NAN","NAN","NAN","NAN","NAN","NAN","NAN","NAN","NAN",0,0,20.44,23.39,21.8,25.3,23.59,26.17,28.55,27.42,28.07,26.89,29.36,30.81,0,0,"NAN",0,"NAN","NAN"
"2026-09-15 03:22:00",96032,13.73,14.46,0,"NAN",0,0,0,0,0,0,0,0,0,"NAN","NAN",0,0,"NAN",0,0,0,0,0,0,0,0,0,"NAN",0,"NAN","NAN","NAN",12.43,12.89,12.95,12.97,12.98,13.11,8.23,12.94,0,"NAN",0,"NAN","NAN","NAN",93.5,94.1,90.6,85.6,89.3,90.7,89.1,95.6,0,"NAN",0,"NAN","NAN","NAN",1027,1027,1025,1020,1027,1027,677.4,1028,0,"NAN",0,"NAN","NAN","NAN",59,6,6,7,123,7,4,3,0,"NAN",0,"NAN","NAN",22.27,22.28,22.32,22.27,23.06,22.91,24.06,24.07,24.4,25.38,24.69,25.18,0,0,22.69,22.67,23.3,24.12,24.52,25.21,25.37,25.91,25.84,26.49,26.46,28.01,0,0,"NAN","NAN","NAN","NAN","NAN","NAN","NAN","NAN","NAN","NAN","NAN","NAN",0,0,20.44,23.39,21.79,25.3,23.59,26.17,28.54,27.42,28.07,26.89,29.36,30.8,0,0,"NAN",0,"NAN","NAN"
"2026-09-15 03:23:00",96033,13.74,14.45,0,"NAN",0,0,0,0,0,0,0,0,0,"NAN","NAN",0,0,"NAN",0,0,0,0,0,0,0,0,0,"NAN",0,"NAN","NAN","NAN",12.41,12.87,12.92,12.98,12.98,13.08,8.21,12.89,13.26,"NAN",0,"NAN","NAN","NAN",93.4,94.1,90.6,85.7,89.3,90.6,89,95.6,91.3,"NAN",0,"NAN","NAN","NAN",1027,1027,1025,1020,1027,1027,677.5,1028,1027,"NAN",0,"NAN","NAN","NAN",67,14,6,7,123,15,7,11,8,"NAN",0,"NAN","NAN",22.27,22.28,22.31,22.26,23.06,22.9,24.06,24.07,24.4,25.37,24.69,25.18,0,0,22.69,22.67,23.3,24.12,24.52,25.21,25.37,25.91,25.84,26.49,26.46,28.01,0,0,"NAN","NAN","NAN","NAN","NAN","NAN","NAN","NAN","NAN","NAN","NAN","NAN",0,0,20.44,23.39,21.79,25.3,23.59,26.17,28.55,27.42,28.07,26.89,29.35,30.8,0,0,"NAN",0,"NAN","NAN"
"2026-09-15 03:24:00",96034,13.72,14.43,0,"NAN",0,0,0,0,0,0,0,0,0,"NAN","NAN",0,0,"NAN",0,0,0,0,0,0,0,0,0,"NAN",0,"NAN","NAN","NAN",12.39,12.86,12.87,13,12.98,13.07,8.18,12.86,13.24,"NAN",12.95,"NAN","NAN","NAN",93.4,94.1,90.5,85.7,89.3,90.6,89,95.6,91.2,"NAN",87.8,"NAN","NAN","NAN",1027,1027,1025,1020,1027,1027,676.9,1028,1027,"NAN",1027,"NAN","NAN","NAN",75,22,14,2,123,23,15,19,16,"NAN",8,"NAN","NAN",22.26,22.28,22.31,22.26,23.05,22.9,24.06,24.07,24.4,25.37,24.69,25.18,0,0,22.69,22.67,23.3,24.12,24.52,25.21,25.37,25.91,25.84,26.49,26.46,28.01,0,0,"NAN","NAN","NAN","NAN","NAN","NAN","NAN","NAN","NAN","NAN","NAN","NAN",0,0,20.44,23.39,21.8,25.3,23.59,26.17,28.55,27.42,28.07,26.89,29.36,30.8,0,0,"NAN",0,"NAN","NAN"
"2026-09-15 03:25:00",96035,13.57,14.42,0,"NAN",0,0,0,0,0,0,0,0,0,"NAN","NAN",0,0,"NAN",0,0,0,0,0,0,0,0,0,"NAN",0,"NAN","NAN","NAN",12.38,12.85,12.84,12.95,12.98,13.06,8.17,12.85,13.23,"NAN",12.93,"NAN","NAN","NAN",93.6,94.1,90.6,85.7,89.3,90.8,89.1,95.6,91.2,"NAN",87.7,"NAN","NAN","NAN",1027,1027,1025,1020,1027,1027,676.5,1028,1027,"NAN",1027,"NAN","NAN","NAN",83,30,22,10,123,31,23,27,24,"NAN",16,"NAN","NAN",22.27,22.28,22.31,22.26,23.05,22.9,24.06,24.07,24.39,25.37,24.69,25.18,0,0,22.69,22.67,23.3,24.12,24.52,25.21,25.37,25.91,25.83,26.49,26.45,28.01,0,0,"NAN","NAN","NAN","NAN","NAN","NAN","NAN","NAN","NAN","NAN","NAN","NAN",0,0,20.44,23.39,21.79,25.3,23.59,26.17,28.55,27.43,28.07,26.89,29.35,30.8,0,0,"NAN",0,"NAN","NAN"
"2026-09-15 03:26:00",96036,13.74,14.41,0,"NAN",0,0,0,0,0,0,0,0,0,"NAN","NAN",0,0,"NAN",0,0,0,0,0,0,0,0,0,"NAN",0,"NAN","NAN","NAN",12.38,12.84,12.83,12.94,12.98,13.06,8.17,12.84,13.22,"NAN",12.92,"NAN","NAN","NAN",93.8,94.2,90.7,85.7,89.3,90.8,89.1,95.7,91.3,"NAN",87.7,"NAN","NAN","NAN",1027,1027,1025,1020,1027,1027,676.8,1028,1027,"NAN",1027,"NAN","NAN","NAN",91,38,30,18,123,7,31,35,32,"NAN",24,"NAN","NAN",22.26,22.28,22.3,22.25,23.05,22.89,24.05,24.06,24.4,25.37,24.68,25.17,0,0,22.69,22.67,23.3,24.12,24.52,25.21,25.37,25.91,25.83,26.49,26.45,28.01,0,0,"NAN","NAN","NAN","NAN","NAN","NAN","NAN","NAN","NAN","NAN","NAN","NAN",0,0,20.44,23.39,21.79,25.3,23.59,26.17,28.55,27.42,28.07,26.89,29.36,30.8,0,0,"NAN",0,"NAN","NAN"
"2026-09-15 03:27:00",96037,13.74,14.39,0,"NAN",0,0,0,0,0,0,0,0,0,"NAN","NAN",0,0,"NAN",0,0,0,0,0,0,0,0,0,"NAN",0,"NAN","NAN","NAN",12.38,12.83,12.8,12.93,12.98,13.05,8.15,12.83,13.21,"NAN",12.91,"NAN","NAN","NAN",93.9,94.2,90.6,85.6,89.3,90.8,89.1,95.7,91.3,"NAN",87.7,"NAN","NAN","NAN",1027,1027,1025,1020,1027,1027,676.7,1028,1027,"NAN",1027,"NAN","NAN","NAN",99,46,38,26,123,15,39,43,40,"NAN",32,"NAN","NAN",22.25,22.27,22.3,22.25,23.05,22.89,24.05,24.06,24.39,25.37,24.68,25.17,0,0,22.69,22.66,23.3,24.12,24.52,25.21,25.37,25.91,25.83,26.49,26.45,28.01,0,0,"NAN","NAN","NAN","NAN","NAN","NAN","NAN","NAN","NAN","NAN","NAN","NAN",0,0,20.44,23.39,21.8,25.3,23.59,26.17,28.55,27.42,28.07,26.89,29.36,30.81,0,0,"NAN",0,"NAN","NAN"
"2026-09-15 03:28:00",96038,13.73,14.38,0,"NAN",0,0,0,0,0,0,0,0,0,"NAN","NAN",0,0,"NAN",0,0,0,0,0,0,0,0,0,"NAN",0,"NAN","NAN","NAN",12.38,12.81,12.8,12.91,12.98,13.04,8.14,12.86,13.2,"NAN",12.91,"NAN","NAN","NAN",94,94.2,90.8,85.6,89.3,90.8,89.2,95.7,91.2,"NAN",87.7,"NAN","NAN","NAN",1027,1027,1025,1020,1027,1027,676.7,1028,1027,"NAN",1027,"NAN","NAN","NAN",107,54,46,34,123,23,47,1,49,"NAN",41,"NAN","NAN",22.26,22.27,22.3,22.24,23.04,22.89,24.05,24.06,24.39,25.37,24.68,25.17,0,0,22.69,22.66,23.3,24.13,24.52,25.21,25.36,25.91,25.83,26.49,26.45,28.01,0,0,"NAN","NAN","NAN","NAN","NAN","NAN","NAN","NAN","NAN","NAN","NAN","NAN",0,0,20.44,23.39,21.8,25.3,23.59,26.17,28.55,27.42,28.07,26.89,29.35,30.8,0,0,"NAN",0,"NAN","NAN"
"2026-09-15 03:29:00",96039,13.72,14.37,0,"NAN",0,0,0,0,"NAN",0,0,0,0,"NAN","NAN",0,0,"NAN",0,0,0,0,"NAN",0,0,0,0,"NAN",0,"NAN","NAN","NAN",12.38,12.8,12.82,12.9,"NAN",13.09,8.14,12.82,13.2,"NAN",12.9,"NAN","NAN","NAN",94.2,94.2,90.9,85.7,"NAN",90.8,89.2,95.7,91.2,"NAN",87.7,"NAN","NAN","NAN",1027,1027,1025,1020,"NAN",1027,676.5,1028,1027,"NAN",1027,"NAN","NAN","NAN",115,62,54,42,"NAN",1,55,9,57,"NAN",49,"NAN","NAN",22.25,22.27,22.29,22.24,23.04,22.88,24.05,24.06,24.39,25.36,24.68,25.17,0,0,22.69,22.67,23.29,24.12,24.52,25.21,25.37,25.91,25.83,26.49,26.45,28.01,0,0,"NAN","NAN","NAN","NAN","NAN","NAN","NAN","NAN","NAN","NAN","NAN","NAN",0,0,20.44,23.39,21.79,25.3,23.59,26.17,28.55,27.42,28.07,26.89,29.36,30.8,0,0,"NAN",0,"NAN","NAN"
"2026-09-15 03:30:00",96040,13.72,14.35,0,"NAN",0,0,0,0,"NAN",0,0,0,0,"NAN","NAN",0,0,"NAN",0,0,0,0,"NAN",0,0,0,0,"NAN",0,"NAN","NAN","NAN",12.38,12.8,12.84,12.89,"NAN",13.04,8.13,12.82,13.2,"NAN",12.96,"NAN","NAN","NAN",94.2,94.2,90.9,85.8,"NAN",91,89.3,95.8,91.4,"NAN",87.7,"NAN","NAN","NAN",1027,1027,1025,1020,"NAN",1027,676.9,1028,1027,"NAN",1027,"NAN","NAN","NAN",123,70,62,50,"NAN",9,63,17,64,"NAN",1,"NAN","NAN",22.25,22.27,22.29,22.24,23.04,22.88,24.04,24.05,24.39,25.36,24.68,25.16,0,0,22.69,22.67,23.29,24.12,24.52,25.21,25.37,25.91,25.83,26.49,26.45,28.01,0,0,"NAN","NAN","NAN","NAN","NAN","NAN","NAN","NAN","NAN","NAN","NAN","NAN",0,0,20.44,23.39,21.8,25.3,23.59,26.17,28.55,27.43,28.08,26.89,29.36,30.8,0,0,"NAN",0,"NAN","NAN"
"2026-09-15 03:31:00",96041,13.71,14.34,0,"NAN",0,0,0,0,"NAN",0,0,0,0,"NAN","NAN",0,0,"NAN",0,0,0,0,"NAN",0,0,0,0,"NAN",0,"NAN","NAN","NAN",12.36,12.79,12.77,12.88,"NAN",13.02,8.12,12.81,0,"NAN",12.91,"NAN","NAN","NAN",93.9,94.2,90.5,85.8,"NAN",90.9,89.3,95.9,0,"NAN",87.9,"NAN","NAN","NAN",1027,1027,1025,1020,"NAN",1027,676.9,1028,0,"NAN",1027,"NAN","NAN","NAN",131,78,70,58,"NAN",17,71,25,0,"NAN",10,"NAN","NAN",22.24,22.26,22.29,22.24,23.03,22.88,24.04,24.05,24.38,25.36,24.67,25.16,0,0,22.69,22.67,23.29,24.12,24.52,25.21,25.37,25.91,25.83,26.49,26.45,28.01,0,0,"NAN","NAN","NAN","NAN","NAN","NAN","NAN","NAN","NAN","NAN","NAN","NAN",0,0,20.44,23.39,21.79,25.3,23.59,26.17,28.55,27.43,28.07,26.89,29.36,30.8,0,0,"NAN",0,"NAN","NAN"
"2026-09-15 03:32:00",96042,13.74,14.33,0,"NAN",0,0,0,0,"NAN",0,0,0,0,"NAN","NAN",0,0,"NAN",0,0,0,0,"NAN",0,0,0,0,"NAN",0,"NAN","NAN","NAN",12.34,12.84,12.69,12.87,"NAN",13,8.11,12.8,13.22,"NAN",12.92,"NAN","NAN","NAN",93.9,94.1,90.5,85.8,"NAN",90.8,89.3,95.8,91.2,"NAN",87.7,"NAN","NAN","NAN",1027,1027,1025,1020,"NAN",1027,676.7,1028,1027,"NAN",1027,"NAN","NAN","NAN",139,1,78,66,"NAN",25,79,1,1,"NAN",5,"NAN","NAN",22.24,22.26,22.28,22.23,23.03,22.87,24.04,24.05,24.38,25.36,24.67,25.16,0,0,22.69,22.67,23.29,24.12,24.52,25.21,25.37,25.91,25.83,26.49,26.45,28.01,0,0,"NAN","NAN","NAN","NAN","NAN","NAN","NAN","NAN","NAN","NAN","NAN","NAN",0,0,20.44,23.39,21.8,25.3,23.59,26.17,28.55,27.42,28.07,26.89,29.35,30.8,0,0,"NAN",0,"NAN","NAN"
"2026-09-15 03:33:00",96043,13.74,14.32,0,"NAN",0,0,0,0,"NAN",0,0,0,0,"NAN","NAN",0,0,"NAN",0,0,0,0,"NAN",0,0,0,0,"NAN",0,"NAN","NAN","NAN",12.33,12.78,12.63,12.87,"NAN",12.99,8.17,12.8,13.19,"NAN",0,"NAN","NAN","NAN",93.9,94.2,90.5,85.8,"NAN",90.8,89.2,95.8,91.2,"NAN",0,"NAN","NAN","NAN",1027,1027,1025,1020,"NAN",1027,678.6,1028,1027,"NAN",0,"NAN","NAN","NAN",147,9,86,74,"NAN",33,1,9,9,"NAN",0,"NAN","NAN",22.24,22.26,22.28,22.23,23.03,22.87,24.03,24.05,24.38,25.36,24.67,25.16,0,0,22.69,22.66,23.29,24.12,24.52,25.21,25.36,25.91,25.83,26.49,26.45,28.01,0,0,"NAN","NAN","NAN","NAN","NAN","NAN","NAN","NAN","NAN","NAN","NAN","NAN",0,0,20.44,23.39,21.8,25.3,23.59,26.17,28.55,27.42,28.07,26.89,29.35,30.8,0,0,"NAN",0,"NAN","NAN"
"2026-09-15 03:34:00",96044,13.74,14.31,0,"NAN",0,0,0,0,"NAN",0,0,0,0,"NAN","NAN",0,0,"NAN",0,0,0,0,"NAN",0,0,0,0,"NAN",0,"NAN","NAN","NAN",12.32,12.77,12.59,12.87,"NAN",12.99,8.1,12.8,13.19,"NAN",12.93,"NAN","NAN","NAN",94.1,94.2,90.6,85.8,"NAN",91,89.3,95.9,91.3,"NAN",87.8,"NAN","NAN","NAN",1027,1027,1025,1020,"NAN",1027,677.2,1028,1027,"NAN",1027,"NAN","NAN","NAN",155,17,94,82,"NAN",41,9,17,17,"NAN",5,"NAN","NAN",22.24,22.26,22.28,22.22,23.03,22.87,24.03,24.04,24.38,25.35,24.67,25.15,0,0,22.69,22.66,23.29,24.12,24.52,25.21,25.37,25.91,25.83,26.49,26.45,28.01,0,0,"NAN","NAN","NAN","NAN","NAN","NAN","NAN","NAN","NAN","NAN","NAN","NAN",0,0,20.44,23.39,21.8,25.3,23.59,26.17,28.55,27.43,28.07,26.89,29.36,30.81,0,0,"NAN",0,"NAN","NAN"
"2026-09-15 03:35:00",96045,13.59,14.3,0,"NAN",0,0,0,0,"NAN",0,0,0,0,"NAN","NAN",0,0,"NAN",0,0,0,0,"NAN",0,0,0,0,"NAN",0,"NAN","NAN","NAN",12.35,12.78,12.59,12.9,"NAN",13,8.1,12.82,13.2,"NAN",12.94,"NAN","NAN","NAN",94.4,94.3,90.9,86,"NAN",91.2,89.5,96,91.4,"NAN",87.9,"NAN","NAN","NAN",1027,1027,1025,1020,"NAN",1027,677.1,1028,1027,"NAN",1027,"NAN","NAN","NAN",6,25,102,90,"NAN",49,17,25,25,"NAN",5,"NAN","NAN",22.24,22.26,22.27,22.22,23.02,22.86,24.03,24.04,24.38,25.35,24.66,25.15,0,0,22.69,22.66,23.29,24.12,24.52,25.21,25.36,25.91,25.83,26.48,26.45,28.01,0,0,"NAN","NAN","NAN","NAN","NAN","NAN","NAN","NAN","NAN","NAN","NAN","NAN",0,0,20.44,23.39,21.8,25.3,23.59,26.16,28.55,27.42,28.07,26.89,29.35,30.81,0,0,"NAN",0,"NAN","NAN"
"2026-09-15 03:36:00",96046,13.73,14.28,0,"NAN",0,0,0,0,"NAN",0,0,0,0,"NAN","NAN",0,0,"NAN",0,0,0,0,"NAN",0,0,0,0,"NAN",0,"NAN","NAN","NAN",12.34,12.78,12.55,12.9,"NAN",13,8.1,12.81,13.2,"NAN",12.91,"NAN","NAN","NAN",94.4,94.3,90.9,86,"NAN",91.2,89.5,96,91.5,"NAN",87.9,"NAN","NAN","NAN",1027,1027,1025,1020,"NAN",1027,676.8,1028,1027,"NAN",1027,"NAN","NAN","NAN",14,33,110,98,"NAN",57,25,33,33,"NAN",13,"NAN","NAN",22.23,22.25,22.27,22.22,23.02,22.86,24.03,24.04,24.38,25.35,24.66,25.15,0,0,22.69,22.66,23.29,24.12,24.52,25.2,25.37,25.91,25.83,26.48,26.45,28.01,0,0,"NAN","NAN","NAN","NAN","NAN","NAN","NAN","NAN","NAN","NAN","NAN","NAN",0,0,20.44,23.39,21.8,25.3,23.59,26.17,28.55,27.42,28.07,26.89,29.36,30.81,0,0,"NAN",0,"NAN","NAN"
"2026-09-15 03:37:00",96047,13.73,14.27,0,"NAN",0,0,0,0,"NAN",0,0,0,0,"NAN","NAN",0,0,"NAN",0,0,0,0,"NAN",0,0,0,0,"NAN",0,"NAN","NAN","NAN",12.33,12.78,12.61,12.89,"NAN",12.99,8.1,12.82,13.2,"NAN",12.9,"NAN","NAN","NAN",94.4,94.4,91.3,86.1,"NAN",91.3,89.6,96.1,91.5,"NAN",87.9,"NAN","NAN","NAN",1027,1027,1025,1020,"NAN",1027,676.8,1028,1027,"NAN",1027,"NAN","NAN","NAN",22,41,118,106,"NAN",65,33,41,41,"NAN",21,"NAN","NAN",22.22,22.25,22.27,22.21,23.02,22.86,24.02,24.04,24.38,25.35,24.66,25.15,0,0,22.69,22.66,23.29,24.12,24.52,25.2,25.37,25.91,25.83,26.48,26.45,28.01,0,0,"NAN","NAN","NAN","NAN","NAN","NAN","NAN","NAN","NAN","NAN","NAN","NAN",0,0,20.44,23.39,21.79,25.3,23.59,26.17,28.55,27.43,28.08,26.89,29.35,30.81,0,0,"NAN",0,"NAN","NAN"
"2026-09-15 03:38:00",96048,13.73,14.26,0,"NAN",0,0,0,0,"NAN",0,0,0,0,"NAN","NAN",0,0,"NAN",0,0,0,0,"NAN",0,0,0,0,"NAN",0,"NAN","NAN","NAN",12.33,12.78,12.65,12.88,"NAN",12.99,8.09,0,0,"NAN",12.89,"NAN","NAN","NAN",94.5,94.4,91.4,86,"NAN",91.2,89.6,0,0,"NAN",87.9,"NAN","NAN","NAN",1027,1027,1025,1020,"NAN",1027,677,0,0,"NAN",1027,"NAN","NAN","NAN",30,49,126,114,"NAN",72,41,0,0,"NAN",29,"NAN","NAN",22.23,22.25,22.26,22.21,23.02,22.85,24.02,24.03,24.37,25.35,24.66,25.14,0,0,22.69,22.66,23.29,24.12,24.52,25.2,25.36,25.91,25.83,26.48,26.45,28.01,0,0,"NAN","NAN","NAN","NAN","NAN","NAN","NAN","NAN","NAN","NAN","NAN","NAN",0,0,20.44,23.39,21.8,25.3,23.59,26.17,28.55,27.43,28.07,26.89,29.36,30.81,0,0,"NAN",0,"NAN","NAN"
"2026-09-15 03:39:00",96049,13.72,14.25,0,"NAN",0,0,0,0,"NAN",0,0,0,0,"NAN","NAN",0,0,"NAN",0,0,0,0,"NAN",0,0,0,0,"NAN",0,"NAN","NAN","NAN",12.34,12.78,12.69,12.87,"NAN",12.99,8.09,12.81,13.27,"NAN",12.88,"NAN","NAN","NAN",94.6,94.4,91.5,86,"NAN",91.2,89.6,96.1,91.4,"NAN",87.9,"NAN","NAN","NAN",1027,1027,1025,1020,"NAN",1027,677,1028,1027,"NAN",1027,"NAN","NAN","NAN",6,57,134,122,"NAN",80,49,8,1,"NAN",37,"NAN","NAN",22.22,22.25,22.26,22.21,23.01,22.85,24.02,24.03,24.37,25.35,24.66,25.14,0,0,22.69,22.66,23.29,24.12,24.52,25.2,25.37,25.91,25.83,26.48,26.45,28.01,0,0,"NAN","NAN","NAN","NAN","NAN","NAN","NAN","NAN","NAN","NAN","NAN","NAN",0,0,20.44,23.39,21.79,25.3,23.59,26.16,28.55,27.42,28.07,26.89,29.35,30.81,0,0,"NAN",0,"NAN","NAN"
"2026-09-15 03:40:00",96050,13.72,14.24,0,"NAN",0,0,0,0,"NAN",0,0,0,0,"NAN","NAN",0,0,"NAN",0,0,0,0,"NAN",0,0,0,0,"NAN",0,"NAN","NAN","NAN",12.33,12.77,12.69,12.86,"NAN",12.98,8.08,12.78,13.19,"NAN",12.87,"NAN","NAN","NAN",94.6,94.4,91.3,86,"NAN",91.2,89.6,96,91.4,"NAN",88,"NAN","NAN","NAN",1027,1027,1025,1020,"NAN",1027,676.6,1028,1027,"NAN",1027,"NAN","NAN","NAN",14,65,142,130,"NAN",88,57,16,9,"NAN",45,"NAN","NAN",22.22,22.25,22.26,22.2,23.01,22.85,24.02,24.03,24.37,25.34,24.65,25.14,0,0,22.69,22.66,23.29,24.12,24.52,25.2,25.36,25.91,25.82,26.48,26.45,28.01,0,0,"NAN","NAN","NAN","NAN","NAN","NAN","NAN","NAN","NAN","NAN","NAN","NAN",0,0,20.44,23.39,21.8,25.3,23.59,26.17,28.55,27.43,28.08,26.89,29.36,30.8,0,0,"NAN",0,"NAN","NAN"
"2026-09-15 03:41:00",96051,13.72,14.23,0,"NAN",0,0,0,0,"NAN",0,0,0,0,"NAN","NAN",0,0,"NAN",0,0,0,0,"NAN",0,0,0,0,"NAN",0,"NAN","NAN","NAN",12.33,12.77,12.7,12.86,"NAN",12.98,8.07,12.78,13.18,"NAN",12.88,"NAN","NAN","NAN",94.5,94.5,91.3,86.1,"NAN",91.3,89.5,96.1,91.5,"NAN",88,"NAN","NAN","NAN",1027,1027,1025,1021,"NAN",1027,676.5,1028,1027,"NAN",1027,"NAN","NAN","NAN",22,73,150,138,"NAN",96,65,24,17,"NAN",53,"NAN","NAN",22.21,22.24,22.26,22.2,23.01,22.84,24.01,24.03,24.37,25.34,24.65,25.14,0,0,22.68,22.66,23.29,24.11,24.52,25.2,25.36,25.91,25.82,26.48,26.45,28.01,0,0,"NAN","NAN","NAN","NAN","NAN","NAN","NAN","NAN","NAN","NAN","NAN","NAN",0,0,20.44,23.39,21.79,25.3,23.59,26.17,28.55,27.43,28.07,26.89,29.36,30.81,0,0,"NAN",0,"NAN","NAN"
"2026-09-15 03:42:00",96052,13.74,14.23,0,"NAN",0,0,0,0,"NAN",0,0,0,0,"NAN","NAN",0,0,"NAN",0,0,0,0,"NAN",0,0,0,0,"NAN",0,"NAN","NAN","NAN",12.32,12.76,12.69,12.86,"NAN",12.98,8.05,12.75,13.17,"NAN",12.85,"NAN","NAN","NAN",94.5,94.5,91.2,86,"NAN",91.3,89.3,96,91.4,"NAN",88,"NAN","NAN","NAN",1027,1027,1025,1021,"NAN",1027,676.7,1028,1027,"NAN",1027,"NAN","NAN","NAN",30,81,158,146,"NAN",104,73,32,25,"NAN",61,"NAN","NAN",22.21,22.24,22.25,22.2,23,22.84,24.01,24.02,24.37,25.34,24.65,25.13,0,0,22.68,22.66,23.29,24.11,24.51,25.2,25.36,25.91,25.82,26.48,26.44,28.01,0,0,"NAN","NAN","NAN","NAN","NAN","NAN","NAN","NAN","NAN","NAN","NAN","NAN",0,0,20.44,23.39,21.8,25.3,23.59,26.17,28.55,27.42,28.08,26.89,29.35,30.81,0,0,"NAN",0,"NAN","NAN"
"2026-09-15 03:43:00",96053,13.73,14.22,0,"NAN",0,0,0,0,"NAN",0,0,0,0,"NAN","NAN",0,0,"NAN",0,0,0,0,"NAN",0,0,0,0,"NAN",0,"NAN","NAN","NAN",12.39,12.75,12.68,12.85,"NAN",12.97,8.03,12.73,0,"NAN",12.83,"NAN","NAN","NAN",94.5,94.5,91.2,86,"NAN",91.3,89,96,0,"NAN",88.1,"NAN","NAN","NAN",1027,1027,1026,1021,"NAN",1027,676.7,1028,0,"NAN",1027,"NAN","NAN","NAN",1,89,166,154,"NAN",112,81,40,0,"NAN",69,"NAN","NAN",22.21,22.24,22.25,22.19,23,22.84,24.01,24.02,24.36,25.33,24.65,25.13,0,0,22.68,22.66,23.29,24.11,24.52,25.2,25.36,25.91,25.82,26.48,26.44,28.01,0,0,"NAN","NAN","NAN","NAN","NAN","NAN","NAN","NAN","NAN","NAN","NAN","NAN",0,0,20.44,23.39,21.79,25.3,23.59,26.17,28.55,27.42,28.08,26.89,29.36,30.81,0,0,"NAN",0,"NAN","NAN"
"2026-09-15 03:44:00",96054,13.74,14.21,0,"NAN",0,0,0,0,"NAN",0,0,0,0,"NAN","NAN",0,0,"NAN",0,0,0,0,"NAN",0,0,0,0,"NAN",0,"NAN","NAN","NAN",12.32,12.73,12.67,12.83,"NAN",12.96,8.02,12.71,13.23,"NAN",12.83,"NAN","NAN","NAN",94.5,94.5,91.2,86,"NAN",91.3,88.8,96,91.3,"NAN",88.2,"NAN","NAN","NAN",1027,1028,1026,1021,"NAN",1027,676.8,1028,1027,"NAN",1027,"NAN","NAN","NAN",9,97,174,162,"NAN",120,89,47,1,"NAN",77,"NAN","NAN",22.2,22.24,22.24,22.19,23,22.83,24,24.02,24.36,25.33,24.65,25.13,0,0,22.68,22.66,23.29,24.11,24.52,25.2,25.36,25.91,25.82,26.48,26.44,28.01,0,0,"NAN","NAN","NAN","NAN","NAN","NAN","NAN","NAN","NAN","NAN","NAN","NAN",0,0,20.44,23.39,21.8,25.3,23.59,26.17,28.55,27.42,28.07,26.89,29.36,30.81,0,0,"NAN",0,"NAN","NAN"
"2026-09-15 03:45:00",96055,13.72,14.19,0,"NAN",0,0,0,0,"NAN",0,0,0,0,"NAN","NAN",0,0,"NAN",0,0,0,0,"NAN",0,0,0,0,"NAN",0,"NAN","NAN","NAN",12.3,12.72,12.67,12.82,"NAN",12.96,8.01,12.69,13.17,"NAN",12.8,"NAN","NAN","NAN",94.6,94.5,91.3,86,"NAN",91.3,88.6,96.1,91.4,"NAN",88.2,"NAN","NAN","NAN",1027,1027,1026,1021,"NAN",1027,676.4,1028,1027,"NAN",1027,"NAN","NAN","NAN",17,105,182,170,"NAN",128,97,56,1,"NAN",85,"NAN","NAN",22.21,22.23,22.24,22.19,23,22.83,24,24.02,24.37,25.33,24.64,25.12,0,0,22.69,22.66,23.29,24.11,24.51,25.2,25.36,25.91,25.82,26.48,26.44,28.01,0,0,"NAN","NAN","NAN","NAN","NAN","NAN","NAN","NAN","NAN","NAN","NAN","NAN",0,0,20.44,23.39,21.8,25.3,23.59,26.17,28.55,27.43,28.07,26.89,29.36,30.81,0,0,"NAN",0,"NAN","NAN"
"2026-09-15 03:46:00",96056,13.74,14.18,0,"NAN",0,0,0,0,"NAN",0,0,0,0,"NAN","NAN",0,0,"NAN",0,0,0,0,"NAN",0,0,0,0,"NAN",0,"NAN","NAN","NAN",12.3,12.71,12.66,12.82,"NAN",12.95,8.01,12.68,13.14,"NAN",12.79,"NAN","NAN","NAN",94.6,94.5,91.3,86,"NAN",91.3,88.6,96.1,91.5,"NAN",88.2,"NAN","NAN","NAN",1027,1028,1026,1021,"NAN",1027,677.1,1028,1027,"NAN",1027,"NAN","NAN","NAN",6,113,190,178,"NAN",136,105,64,9,"NAN",93,"NAN","NAN",22.2,22.23,22.24,22.18,22.99,22.83,24,24.02,24.36,25.33,24.64,25.12,0,0,22.68,22.66,23.29,24.11,24.52,25.2,25.36,25.91,25.82,26.48,26.44,28,0,0,"NAN","NAN","NAN","NAN","NAN","NAN","NAN","NAN","NAN","NAN","NAN","NAN",0,0,20.44,23.39,21.8,25.3,23.59,26.17,28.55,27.42,28.07,26.89,29.36,30.81,0,0,"NAN",0,"NAN","NAN"
"2026-09-15 03:47:00",96057,13.71,14.17,0,"NAN",0,0,0,0,"NAN",0,0,0,0,"NAN","NAN",0,0,"NAN",0,0,0,0,"NAN",0,0,0,0,"NAN",0,"NAN","NAN","NAN",12.29,12.7,12.65,12.81,"NAN",12.99,8.02,12.67,13.12,"NAN",12.78,"NAN","NAN","NAN",94.6,94.5,91.3,86,"NAN",91.3,88.7,96.2,91.5,"NAN",88.2,"NAN","NAN","NAN",1027,1028,1026,1021,"NAN",1027,676.6,1028,1027,"NAN",1027,"NAN","NAN","NAN",14,121,198,186,"NAN",2,113,72,17,"NAN",101,"NAN","NAN",22.2,22.23,22.24,22.18,22.99,22.82,24,24.01,24.36,25.33,24.64,25.12,0,0,22.68,22.66,23.29,24.11,24.51,25.2,25.36,25.91,25.82,26.48,26.44,28,0,0,"NAN","NAN","NAN","NAN","NAN","NAN","NAN","NAN","NAN","NAN","NAN","NAN",0,0,20.44,23.39,21.8,25.3,23.58,26.17,28.55,27.43,28.08,26.89,29.36,30.81,0,0,"NAN",0,"NAN","NAN"
"2026-09-15 03:48:00",96058,13.74,14.16,0,"NAN",0,0,0,0,"NAN",0,0,0,0,"NAN","NAN",0,0,"NAN",0,0,0,0,"NAN",0,0,0,0,"NAN",0,"NAN","NAN","NAN",12.29,12.7,12.65,12.81,"NAN",12.96,8.04,12.68,13.11,"NAN",12.78,"NAN","NAN","NAN",94.7,94.5,91.4,86.1,"NAN",91.3,89,96.3,91.6,"NAN",88.2,"NAN","NAN","NAN",1027,1028,1026,1021,"NAN",1027,677,1028,1027,"NAN",1027,"NAN","NAN","NAN",22,129,206,194,"NAN",3,121,80,25,"NAN",109,"NAN","NAN",22.2,22.23,22.23,22.18,22.99,22.82,23.99,24.01,24.35,25.33,24.63,25.12,0,0,22.68,22.66,23.29,24.11,24.51,25.2,25.36,25.91,25.82,26.48,26.44,28,0,0,"NAN","NAN","NAN","NAN","NAN","NAN","NAN","NAN","NAN","NAN","NAN","NAN",0,0,20.44,23.39,21.8,25.3,23.59,26.17,28.55,27.43,28.08,26.89,29.36,30.81,0,0,"NAN",0,"NAN","NAN"
"2026-09-15 03:49:00",96059,13.72,14.15,0,"NAN",0,0,0,0,"NAN",0,0,0,0,"NAN","NAN",0,0,"NAN",0,0,0,0,"NAN",0,0,0,0,"NAN",0,"NAN","NAN","NAN",12.29,12.69,12.66,12.79,"NAN",12.95,8.05,12.69,13.09,"NAN",12.76,"NAN","NAN","NAN",94.8,94.5,91.4,86.1,"NAN",91.3,89.1,96.3,91.6,"NAN",88.2,"NAN","NAN","NAN",1027,1028,1026,1021,"NAN",1027,676.6,1028,1027,"NAN",1027,"NAN","NAN","NAN",30,137,214,202,"NAN",11,129,88,33,"NAN",117,"NAN","NAN",22.19,22.23,22.23,22.17,22.99,22.82,23.99,24.01,24.35,25.32,24.63,25.11,0,0,22.68,22.66,23.29,24.11,24.51,25.2,25.36,25.91,25.82,26.48,26.44,28,0,0,"NAN","NAN","NAN","NAN","NAN","NAN","NAN","NAN","NAN","NAN","NAN","NAN",0,0,20.44,23.39,21.79,25.3,23.59,26.16,28.55,27.43,28.08,26.89,29.35,30.81,0,0,"NAN",0,"NAN","NAN"
"2026-09-15 03:50:00",96060,13.73,14.14,0,"NAN",0,0,0,0,"NAN",0,0,0,0,"NAN","NAN",0,0,"NAN",0,0,0,0,"NAN",0,0,0,0,"NAN",0,"NAN","NAN","NAN",12.28,12.68,12.64,12.77,"NAN",12.94,8.04,12.68,13.08,"NAN",12.74,"NAN","NAN","NAN",94.7,94.5,91.3,86.2,"NAN",91.3,89.2,96.2,91.6,"NAN",88.1,"NAN","NAN","NAN",1027,1028,1026,1021,"NAN",1027,676.7,1028,1027,"NAN",1027,"NAN","NAN","NAN",38,145,222,210,"NAN",19,137,96,41,"NAN",125,"NAN","NAN",22.19,22.22,22.22,22.17,22.98,22.81,23.99,24.01,24.36,25.32,24.63,25.11,0,0,22.68,22.65,23.29,24.11,24.51,25.2,25.35,25.91,25.82,26.48,26.44,28,0,0,"NAN","NAN","NAN","NAN","NAN","NAN","NAN","NAN","NAN","NAN","NAN","NAN",0,0,20.44,23.39,21.8,25.3,23.59,26.17,28.55,27.42,28.08,26.89,29.36,30.8,0,0,"NAN",0,"NAN","NAN"
"2026-09-15 03:51:00",96061,13.73,14.13,0,"NAN",0,0,0,0,"NAN",0,0,0,0,"NAN","NAN",0,0,"NAN",0,0,0,0,"NAN",0,0,0,0,"NAN",0,"NAN","NAN","NAN",12.27,12.66,12.63,12.74,"NAN",12.93,8.04,12.66,13.1,"NAN",12.73,"NAN","NAN","NAN",94.6,94.6,91.3,86,"NAN",91.3,89.3,96.2,91.5,"NAN",88.1,"NAN","NAN","NAN",1027,1028,1026,1021,"NAN",1027,676.3,1028,1027,"NAN",1027,"NAN","NAN","NAN",46,153,230,218,"NAN",27,145,104,3,"NAN",133,"NAN","NAN",22.18,22.22,22.22,22.17,22.98,22.81,23.98,24,24.35,25.32,24.63,25.11,0,0,22.68,22.65,23.28,24.11,24.51,25.2,25.36,25.91,25.82,26.48,26.44,28,0,0,"NAN","NAN","NAN","NAN","NAN","NAN","NAN","NAN","NAN","NAN","NAN","NAN",0,0,20.44,23.39,21.79,25.3,23.59,26.16,28.55,27.43,28.08,26.89,29.35,30.81,0,0,"NAN",0,"NAN","NAN"
"2026-09-15 03:52:00",96062,13.73,14.12,0,"NAN",0,0,0,0,"NAN",0,0,0,0,"NAN","NAN",0,0,"NAN",0,0,0,0,"NAN",0,0,0,0,"NAN",0,"NAN","NAN","NAN",12.26,12.65,12.62,12.67,"NAN",12.92,8.03,12.66,0,"NAN",12.73,"NAN","NAN","NAN",94.7,94.6,91.3,85.5,"NAN",91.3,89.4,96.3,0,"NAN",88.2,"NAN","NAN","NAN",1027,1028,1026,1021,"NAN",1027,676.6,1028,0,"NAN",1027,"NAN","NAN","NAN",54,161,238,226,"NAN",35,153,112,0,"NAN",141,"NAN","NAN",22.18,22.22,22.22,22.16,22.98,22.81,23.98,24,24.34,25.32,24.62,25.11,0,0,22.68,22.66,23.28,24.11,24.51,25.2,25.36,25.91,25.82,26.48,26.44,28,0,0,"NAN","NAN","NAN","NAN","NAN","NAN","NAN","NAN","NAN","NAN","NAN","NAN",0,0,20.44,23.39,21.8,25.3,23.58,26.17,28.55,27.43,28.08,26.89,29.36,30.81,0,0,"NAN",0,"NAN","NAN"
"2026-09-15 03:53:00",96063,13.71,14.11,0,"NAN",0,0,0,0,"NAN",0,0,0,0,"NAN","NAN",0,0,"NAN",0,0,0,0,"NAN",0,0,0,0,"NAN",0,"NAN","NAN","NAN",12.25,12.65,12.63,12.63,"NAN",12.91,8.02,12.65,13.05,"NAN",12.73,"NAN","NAN","NAN",94.6,94.6,91.4,85.1,"NAN",91.3,89.4,96.3,91.6,"NAN",88.2,"NAN","NAN","NAN",1027,1028,1026,1021,"NAN",1027,676.7,1028,1027,"NAN",1027,"NAN","NAN","NAN",62,169,2,234,"NAN",43,161,120,8,"NAN",149,"NAN","NAN",22.18,22.22,22.22,22.16,22.98,22.8,23.98,24,24.34,25.32,24.62,25.1,0,0,22.68,22.65,23.28,24.11,24.51,25.2,25.36,25.91,25.82,26.48,26.44,28,0,0,"NAN","NAN","NAN","NAN","NAN","NAN","NAN","NAN","NAN","NAN","NAN","NAN",0,0,20.44,23.39,21.8,25.3,23.58,26.17,28.55,27.43,28.08,26.89,29.35,30.81,0,0,"NAN",0,"NAN","NAN"
"2026-09-15 03:54:00",96064,13.74,14.1,0,"NAN",0,0,0,0,"NAN",0,0,0,0,"NAN","NAN",0,0,"NAN",0,0,0,0,"NAN",0,0,0,0,"NAN",0,"NAN","NAN","NAN",12.24,12.63,12.64,12.57,"NAN",12.9,8.01,12.64,13.04,"NAN",12.73,"NAN","NAN","NAN",94.6,94.6,91.4,84.9,"NAN",91.1,89.4,96.4,91.7,"NAN",88.3,"NAN","NAN","NAN",1027,1028,1026,1021,"NAN",1027,676.5,1028,1027,"NAN",1027,"NAN","NAN","NAN",70,177,10,1,"NAN",51,169,128,16,"NAN",157,"NAN","NAN",22.18,22.21,22.21,22.16,22.97,22.8,23.98,24,24.34,25.31,24.62,25.1,0,0,22.68,22.65,23.28,24.11,24.51,25.2,25.35,25.9,25.82,26.48,26.44,28,0,0,"NAN","NAN","NAN","NAN","NAN","NAN","NAN","NAN","NAN","NAN","NAN","NAN",0,0,20.44,23.39,21.79,25.3,23.58,26.17,28.55,27.42,28.08,26.89,29.36,30.81,0,0,"NAN",0,"NAN","NAN"
"2026-09-15 03:55:00",96065,13.72,14.09,0,"NAN",0,0,0,0,"NAN",0,0,0,0,"NAN","NAN",0,0,"NAN",0,0,0,0,"NAN",0,0,0,0,"NAN",0,"NAN","NAN","NAN",12.22,12.62,12.64,12.55,"NAN",12.88,7.988,12.63,13.05,"NAN",12.71,"NAN","NAN","NAN",94.6,94.6,91.3,84.6,"NAN",91.1,89.3,96.3,91.6,"NAN",88.2,"NAN","NAN","NAN",1027,1028,1026,1021,"NAN",1027,676.4,1028,1027,"NAN",1027,"NAN","NAN","NAN",78,185,18,9,"NAN",59,177,136,1,"NAN",165,"NAN","NAN",22.17,22.21,22.21,22.15,22.97,22.8,23.97,23.99,24.34,25.31,24.62,25.1,0,0,22.68,22.65,23.28,24.11,24.51,25.2,25.36,25.91,25.81,26.48,26.44,28,0,0,"NAN","NAN","NAN","NAN","NAN","NAN","NAN","NAN","NAN","NAN","NAN","NAN",0,0,20.44,23.39,21.8,25.3,23.59,26.17,28.55,27.42,28.08,26.89,29.36,30.81,0,0,"NAN",0,"NAN","NAN"
"2026-09-15 03:56:00",96066,13.75,14.08,0,"NAN",0,0,0,0,"NAN",0,0,0,0,"NAN","NAN",0,0,"NAN",0,0,0,0,"NAN",0,0,0,0,"NAN",0,"NAN","NAN","NAN",12.21,12.61,12.62,12.51,"NAN",12.89,8.02,12.63,13.09,"NAN",12.79,"NAN","NAN","NAN",94.5,94.6,91.3,84.5,"NAN",91.2,89.3,96.3,91.6,"NAN",88.2,"NAN","NAN","NAN",1027,1028,1026,1021,"NAN",1027,677.8,1028,1027,"NAN",1027,"NAN","NAN","NAN",86,193,26,17,"NAN",5,3,1,1,"NAN",1,"NAN","NAN",22.17,22.21,22.21,22.15,22.97,22.79,23.97,23.99,24.34,25.31,24.62,25.09,0,0,22.68,22.65,23.28,24.11,24.51,25.19,25.36,25.91,25.81,26.48,26.44,28,0,0,"NAN","NAN","NAN","NAN","NAN","NAN","NAN","NAN","NAN","NAN","NAN","NAN",0,0,20.44,23.39,21.8,25.3,23.58,26.17,28.55,27.43,28.08,26.89,29.35,30.81,0,0,"NAN",0,"NAN","NAN"
"2026-09-15 03:57:00",96067,13.73,14.07,0,"NAN",0,0,0,0,"NAN",0,0,0,0,"NAN","NAN",0,0,"NAN",0,0,0,0,"NAN",0,0,0,0,"NAN",0,"NAN","NAN","NAN",12.2,12.6,12.62,12.52,"NAN",12.87,7.972,12.64,13.03,"NAN",0,"NAN","NAN","NAN",94.6,94.6,91.3,84.7,"NAN",91.3,89.4,96.2,91.7,"NAN",0,"NAN","NAN","NAN",1027,1028,1026,1021,"NAN",1027,677,1028,1027,"NAN",0,"NAN","NAN","NAN",94,201,34,7,"NAN",13,11,1,5,"NAN",0,"NAN","NAN",22.16,22.21,22.2,22.15,22.96,22.79,23.97,23.99,24.34,25.31,24.61,25.09,0,0,22.68,22.65,23.28,24.11,24.51,25.19,25.36,25.91,25.81,26.48,26.44,28,0,0,"NAN","NAN","NAN","NAN","NAN","NAN","NAN","NAN","NAN","NAN","NAN","NAN",0,0,20.44,23.39,21.8,25.3,23.58,26.16,28.55,27.43,28.08,26.89,29.36,30.81,0,0,"NAN",0,"NAN","NAN"
"2026-09-15 03:58:00",96068,13.74,14.06,0,"NAN",0,0,0,0,"NAN",0,0,0,0,"NAN","NAN",0,0,"NAN",0,0,0,0,"NAN",0,0,0,0,"NAN",0,"NAN","NAN","NAN",12.26,12.6,12.6,12.56,"NAN",12.86,7.989,12.59,13.05,"NAN",12.68,"NAN","NAN","NAN",94.7,94.7,91.2,85.5,"NAN",91.3,89.5,96.3,91.7,"NAN",88.2,"NAN","NAN","NAN",1027,1028,1026,1021,"NAN",1027,677.8,1028,1027,"NAN",1027,"NAN","NAN","NAN",2,2,42,15,"NAN",20,5,9,2,"NAN",4,"NAN","NAN",22.17,22.21,22.2,22.14,22.96,22.79,23.97,23.99,24.33,25.31,24.61,25.09,0,0,22.68,22.65,23.28,24.11,24.51,25.19,25.36,25.9,25.81,26.48,26.43,28,0,0,"NAN","NAN","NAN","NAN","NAN","NAN","NAN","NAN","NAN","NAN","NAN","NAN",0,0,20.44,23.39,21.8,25.3,23.58,26.17,28.55,27.43,28.08,26.89,29.35,30.81,0,0,"NAN",0,"NAN","NAN"
"2026-09-15 03:59:00",96069,13.72,14.06,0,"NAN",0,0,0,0,"NAN",0,0,0,0,"NAN","NAN",0,0,"NAN",0,0,0,0,"NAN",0,0,0,0,"NAN",0,"NAN","NAN","NAN",12.2,12.58,12.57,12.6,"NAN",12.85,7.956,12.56,12.98,"NAN",12.65,"NAN","NAN","NAN",94.8,94.7,91.2,85.8,"NAN",91.3,89.6,96.3,91.6,"NAN",88.2,"NAN","NAN","NAN",1027,1028,1026,1021,"NAN",1028,676.9,1028,1027,"NAN",1027,"NAN","NAN","NAN",10,10,50,3,"NAN",29,13,17,5,"NAN",12,"NAN","NAN",22.17,22.2,22.2,22.14,22.96,22.78,23.96,23.99,24.33,25.3,24.61,25.09,0,0,22.68,22.65,23.28,24.11,24.51,25.19,25.35,25.9,25.81,26.48,26.44,28,0,0,"NAN","NAN","NAN","NAN","NAN","NAN","NAN","NAN","NAN","NAN","NAN","NAN",0,0,20.44,23.39,21.8,25.3,23.58,26.17,28.55,27.42,28.08,26.89,29.36,30.81,0,0,"NAN",0,"NAN","NAN"
"2026-09-15 04:00:00",96070,13.73,14.05,0,"NAN",0,0,0,0,"NAN",0,0,0,0,"NAN","NAN",0,0,"NAN",0,0,0,0,"NAN",0,0,0,0,"NAN",0,"NAN","NAN","NAN",12.19,12.56,12.54,12.57,"NAN",12.84,7.942,12.55,12.96,"NAN",12.64,"NAN","NAN","NAN",94.8,94.7,91.1,85.9,"NAN",91.2,89.6,96.2,91.6,"NAN",88.1,"NAN","NAN","NAN",1027,1028,1026,1021,"NAN",1028,676.8,1028,1027,"NAN",1027,"NAN","NAN","NAN",18,18,58,11,"NAN",37,21,25,13,"NAN",20,"NAN","NAN",22.16,22.2,22.19,22.13,22.96,22.78,23.96,23.98,24.33,25.3,24.61,25.09,0,0,22.68,22.65,23.28,24.11,24.51,25.19,25.36,25.9,25.81,26.48,26.43,28,0,0,"NAN","NAN","NAN","NAN","NAN","NAN","NAN","NAN","NAN","NAN","NAN","NAN",0,0,20.44,23.39,21.8,25.3,23.58,26.17,28.55,27.43,28.08,26.89,29.36,30.81,0,0,"NAN",0,"NAN","NAN"
"2026-09-15 04:01:00",96071,13.74,14.04,0,0,0,0,0,0,0,0,0,0,0,"NAN","NAN",0,0,0,0,0,0,0,0,0,0,0,0,"NAN",0,"NAN","NAN",0,12.18,0,0,12.49,0,12.83,7.825,12.51,12.92,"NAN",12.59,"NAN","NAN",0,94.9,0,0,86.2,0,91.2,89.7,96.3,91.6,"NAN",88.2,"NAN","NAN",0,1028,0,0,1021,0,1028,670.5,1028,1027,"NAN",1027,"NAN","NAN",0,22,0,0,1,0,41,1,1,1,"NAN",2,"NAN","NAN",22.16,22.2,22.19,22.13,22.95,22.77,23.96,23.98,24.33,25.3,24.6,25.08,0,0,22.68,22.65,23.28,24.11,24.51,25.19,25.35,25.91,25.81,26.48,26.43,28,0,0,"NAN","NAN","NAN","NAN","NAN","NAN","NAN","NAN","NAN","NAN","NAN","NAN",0,0,20.44,23.39,21.8,25.3,23.58,26.17,28.55,27.43,28.07,26.89,29.35,30.81,0,0,"NAN",0,"NAN","NAN"
"2026-09-15 04:02:00",96072,13.72,14.03,0,0,0,0,0,0,0,0,0,0,0,"NAN","NAN",0,0,0,0,0,0,0,0,0,0,0,0,"NAN",0,"NAN","NAN",12.67,12.15,12.55,12.52,12.52,0,12.83,7.917,0,12.93,"NAN",12.63,"NAN","NAN",89,94.8,94.6,91.3,86.2,0,91.2,89.7,0,91.6,"NAN",88.1,"NAN","NAN",1027,1028,1028,1026,1021,0,1028,674.9,0,1027,"NAN",1027,"NAN","NAN",3,8,3,8,9,0,4,5,0,5,"NAN",7,"NAN","NAN",22.15,22.2,22.19,22.13,22.95,22.77,23.95,23.98,24.33,25.3,24.6,25.08,0,0,22.68,22.64,23.28,24.11,24.51,25.19,25.35,25.91,25.81,26.47,26.43,28,0,0,"NAN","NAN","NAN","NAN","NAN","NAN","NAN","NAN","NAN","NAN","NAN","NAN",0,0,20.44,23.39,21.8,25.3,23.58,26.17,28.55,27.42,28.08,26.89,29.35,30.81,0,0,"NAN",0,"NAN","NAN"
"2026-09-15 04:03:00",96073,13.74,14.02,0,0,0,0,0,0,0,0,0,0,0,"NAN","NAN",0,0,0,0,0,0,0,0,0,0,0,0,"NAN",0,"NAN","NAN",12.68,12.19,12.51,12.52,12.55,12.6,12.82,7.896,12.41,12.93,"NAN",12.65,"NAN","NAN",89,94.7,94.6,91.2,86.3,90.4,91.2,89.7,95.8,91.6,"NAN",88.1,"NAN","NAN",1027,1028,1028,1026,1021,1028,1028,675.6,1028,1027,"NAN",1027,"NAN","NAN",4,2,11,11,4,7,5,13,7,5,"NAN",1,"NAN","NAN",22.15,22.19,22.18,22.12,22.95,22.77,23.95,23.98,24.33,25.3,24.6,25.08,0,0,22.68,22.65,23.28,24.1,24.51,25.19,25.35,25.9,25.81,26.48,26.43,28,0,0,"NAN","NAN","NAN","NAN","NAN","NAN","NAN","NAN","NAN","NAN","NAN","NAN",0,0,20.44,23.39,21.8,25.3,23.58,26.17,28.55,27.43,28.08,26.89,29.35,30.81,0,0,"NAN",0,"NAN","NAN"
"2026-09-15 04:04:00",96074,13.72,14,0,0,0,0,0,0,0,0,0,0,0,"NAN","NAN",0,0,0,0,0,0,0,0,0,0,0,0,"NAN",0,"NAN","NAN",12.65,12.15,12.51,12.51,12.59,12.6,0,0,12.35,0,"NAN",12.64,"NAN","NAN",88.9,94.6,94.6,91.1,86.1,90.3,0,0,95.7,0,"NAN",88.1,"NAN","NAN",1027,1028,1028,1026,1021,1028,0,0,1028,0,"NAN",1027,"NAN","NAN",1,7,7,7,3,3,0,0,15,0,"NAN",1,"NAN","NAN",22.15,22.19,22.18,22.12,22.95,22.76,23.95,23.97,24.33,25.29,24.6,25.08,0,0,22.68,22.65,23.28,24.11,24.51,25.19,25.35,25.9,25.81,26.47,26.43,28,0,0,"NAN","NAN","NAN","NAN","NAN","NAN","NAN","NAN","NAN","NAN","NAN","NAN",0,0,20.44,23.39,21.8,25.3,23.58,26.17,28.55,27.43,28.08,26.89,29.35,30.81,0,0,"NAN",0,"NAN","NAN"
"2026-09-15 04:05:00",96075,13.74,13.99,0,0,0,0,0,0,0,0,0,0,0,"NAN","NAN",0,0,0,0,0,0,0,0,0,0,0,0,"NAN",0,"NAN","NAN",12.65,12.13,12.49,12.52,12.53,12.58,12.79,7.991,12.33,12.93,"NAN",12.59,"NAN","NAN",89,94.9,94.6,91.2,86.2,90.3,91.3,89.6,95.7,91.6,"NAN",88.2,"NAN","NAN",1027,1028,1028,1026,1021,1028,1028,677.6,1028,1027,"NAN",1027,"NAN","NAN",2,15,15,7,7,11,7,3,3,5,"NAN",9,"NAN","NAN",22.14,22.19,22.18,22.12,22.94,22.76,23.95,23.97,24.32,25.29,24.59,25.07,0,0,22.68,22.65,23.28,24.1,24.51,25.19,25.35,25.9,25.81,26.47,26.43,28,0,0,"NAN","NAN","NAN","NAN","NAN","NAN","NAN","NAN","NAN","NAN","NAN","NAN",0,0,20.44,23.39,21.79,25.3,23.58,26.16,28.55,27.42,28.08,26.89,29.36,30.81,0,0,"NAN",0,"NAN","NAN"
"2026-09-15 04:06:00",96076,13.74,13.98,0,0,0,0,0,0,0,0,0,0,0,"NAN","NAN",0,0,0,0,0,0,0,0,0,0,0,0,"NAN",0,"NAN","NAN",12.65,12.12,12.48,12.49,12.53,12.57,12.8,7.88,12.3,12.9,"NAN",12.59,"NAN","NAN",89,94.8,94.6,91.2,86.3,90.2,91.3,89.7,95.7,91.7,"NAN",88.2,"NAN","NAN",1027,1028,1028,1026,1021,1028,1028,676.6,1028,1027,"NAN",1027,"NAN","NAN",6,23,23,15,15,19,3,12,11,16,"NAN",5,"NAN","NAN",22.15,22.19,22.17,22.11,22.94,22.76,23.94,23.97,24.32,25.29,24.59,25.07,0,0,22.68,22.65,23.28,24.1,24.51,25.19,25.35,25.9,25.81,26.47,26.43,28,0,0,"NAN","NAN","NAN","NAN","NAN","NAN","NAN","NAN","NAN","NAN","NAN","NAN",0,0,20.44,23.39,21.8,25.3,23.58,26.17,28.55,27.43,28.08,26.89,29.36,30.81,0,0,"NAN",0,"NAN","NAN"
"2026-09-15 04:07:00",96077,13.74,13.97,0,0,0,0,0,0,0,0,0,0,0,"NAN","NAN",0,0,0,0,0,0,0,0,0,0,0,0,"NAN",0,"NAN","NAN",12.65,12.11,12.47,12.47,12.52,12.55,12.79,0,12.28,12.88,"NAN",12.56,"NAN","NAN",89,94.8,94.6,91.2,86.3,90.2,91.3,0,95.7,91.6,"NAN",88.2,"NAN","NAN",1027,1028,1028,1026,1021,1028,1028,0,1028,1027,"NAN",1027,"NAN","NAN",8,31,31,23,23,27,3,0,15,25,"NAN",13,"NAN","NAN",22.14,22.18,22.17,22.11,22.94,22.76,23.94,23.97,24.32,25.29,24.59,25.07,0,0,22.68,22.64,23.28,24.1,24.51,25.19,25.35,25.9,25.81,26.48,26.43,28,0,0,"NAN","NAN","NAN","NAN","NAN","NAN","NAN","NAN","NAN","NAN","NAN","NAN",0,0,20.44,23.39,21.8,25.3,23.58,26.16,28.55,27.43,28.08,26.89,29.35,30.81,0,0,"NAN",0,"NAN","NAN"
"2026-09-15 04:08:00",96078,13.73,13.96,0,0,0,0,0,0,0,0,0,0,0,"NAN","NAN",0,0,0,0,0,0,0,0,0,0,0,0,"NAN",0,"NAN","NAN",12.65,12.09,12.46,12.45,12.55,12.54,12.75,7.863,12.3,12.91,"NAN",12.55,"NAN","NAN",89,94.7,94.6,91.2,86.4,90.2,91.3,89.6,96.1,91.6,"NAN",88.3,"NAN","NAN",1027,1028,1028,1026,1021,1028,1028,677.1,1028,1027,"NAN",1027,"NAN","NAN",8,39,39,31,2,35,10,7,7,3,"NAN",21,"NAN","NAN",22.14,22.18,22.17,22.1,22.94,22.75,23.94,23.96,24.32,25.29,24.59,25.07,0,0,22.67,22.65,23.28,24.1,24.51,25.19,25.35,25.9,25.81,26.47,26.43,28,0,0,"NAN","NAN","NAN","NAN","NAN","NAN","NAN","NAN","NAN","NAN","NAN","NAN",0,0,20.44,23.39,21.79,25.3,23.58,26.17,28.55,27.43,28.07,26.89,29.36,30.81,0,0,"NAN",0,"NAN","NAN"
"2026-09-15 04:09:00",96079,13.73,13.95,0,0,0,0,0,0,0,0,0,0,0,"NAN","NAN",0,0,0,0,0,0,0,0,0,0,0,0,"NAN",0,"NAN","NAN",12.63,12.07,12.45,12.44,12.51,12.54,0,7.871,12.31,0,"NAN",0,"NAN","NAN",89,94.7,94.6,91.2,86.4,90.2,0,89.6,96.3,0,"NAN",0,"NAN","NAN",1027,1028,1028,1026,1021,1028,0,677.2,1028,0,"NAN",0,"NAN","NAN",12,47,47,39,10,43,0,7,15,0,"NAN",0,"NAN","NAN",22.14,22.18,22.16,22.1,22.93,22.75,23.94,23.96,24.32,25.28,24.58,25.06,0,0,22.67,22.64,23.28,24.1,24.51,25.19,25.35,25.9,25.8,26.47,26.43,28,0,0,"NAN","NAN","NAN","NAN","NAN","NAN","NAN","NAN","NAN","NAN","NAN","NAN",0,0,20.44,23.39,21.79,25.3,23.58,26.16,28.55,27.42,28.08,26.89,29.36,30.81,0,0,"NAN",0,"NAN","NAN"
"2026-09-15 04:10:00",96080,13.72,13.94,0,0,0,0,0,0,0,0,0,0,0,"NAN","NAN",0,0,0,0,0,0,0,0,0,0,0,0,"NAN",0,"NAN","NAN",12.63,12.05,12.44,12.41,12.5,12.54,12.74,7.819,12.33,12.89,"NAN",12.54,"NAN","NAN",89,94.8,94.7,91.2,86.4,90.2,91.3,89.6,96.4,91.7,"NAN",88.2,"NAN","NAN",1027,1028,1028,1026,1021,1028,1028,676.8,1028,1027,"NAN",1027,"NAN","NAN",12,55,55,47,18,51,8,15,23,4,"NAN",8,"NAN","NAN",22.13,22.18,22.16,22.1,22.93,22.74,23.93,23.96,24.32,25.28,24.58,25.06,0,0,22.67,22.64,23.28,24.1,24.5,25.19,25.35,25.9,25.8,26.47,26.43,28,0,0,"NAN","NAN","NAN","NAN","NAN","NAN","NAN","NAN","NAN","NAN","NAN","NAN",0,0,20.44,23.39,21.8,25.3,23.58,26.16,28.55,27.42,28.08,26.89,29.36,30.81,0,0,"NAN",0,"NAN","NAN"
"2026-09-15 04:11:00",96081,13.74,13.92,0,0,0,0,0,0,0,0,0,0,0,"NAN","NAN",0,0,0,0,0,0,0,0,0,0,0,0,"NAN",0,"NAN","NAN",12.63,12.04,12.43,12.4,12.5,12.53,12.7,7.827,12.37,12.86,"NAN",12.5,"NAN","NAN",89,94.7,94.7,91.3,86.2,90.1,91.2,89.6,96.5,91.7,"NAN",88.1,"NAN","NAN",1027,1028,1028,1026,1021,1027,1028,677.5,1028,1027,"NAN",1027,"NAN","NAN",2,63,63,55,3,59,16,5,4,4,"NAN",17,"NAN","NAN",22.13,22.18,22.16,22.09,22.93,22.74,23.93,23.96,24.31,25.28,24.58,25.06,0,0,22.67,22.64,23.28,24.1,24.5,25.19,25.34,25.9,25.8,26.47,26.43,28,0,0,"NAN","NAN","NAN","NAN","NAN","NAN","NAN","NAN","NAN","NAN","NAN","NAN",0,0,20.44,23.39,21.8,25.3,23.58,26.16,28.55,27.43,28.08,26.89,29.36,30.81,0,0,"NAN",0,"NAN","NAN"
"2026-09-15 04:12:00",96082,13.72,13.91,0,0,0,0,0,0,0,0,0,0,0,"NAN","NAN",0,0,0,0,0,0,0,0,0,0,0,0,"NAN",0,"NAN","NAN",12.63,12.02,12.41,12.4,12.49,12.52,12.69,7.795,12.35,12.85,"NAN",12.39,"NAN","NAN",89,94.8,94.7,91.4,86.2,90.1,91.4,89.7,96.6,91.7,"NAN",87.8,"NAN","NAN",1027,1028,1028,1026,1021,1027,1028,676.9,1028,1027,"NAN",1027,"NAN","NAN",2,71,71,63,11,67,24,13,12,12,"NAN",25,"NAN","NAN",22.12,22.17,22.15,22.09,22.93,22.74,23.93,23.95,24.31,25.28,24.58,25.05,0,0,22.68,22.64,23.28,24.1,24.51,25.18,25.35,25.9,25.8,26.47,26.43,28,0,0,"NAN","NAN","NAN","NAN","NAN","NAN","NAN","NAN","NAN","NAN","NAN","NAN",0,0,20.44,23.39,21.79,25.3,23.58,26.17,28.55,27.43,28.07,26.89,29.35,30.81,0,0,"NAN",0,"NAN","NAN"
"2026-09-15 04:13:00",96083,13.72,13.9,0,0,0,0,0,0,0,0,0,0,0,"NAN","NAN",0,0,0,0,0,0,0,0,0,0,0,0,"NAN",0,"NAN","NAN",12.63,12.02,12.4,12.4,12.49,12.51,12.68,7.831,12.35,12.85,"NAN",12.34,"NAN","NAN",89,94.9,94.7,91.4,86.3,90.1,91.4,89.7,96.5,91.7,"NAN",87.7,"NAN","NAN",1027,1028,1028,1026,1021,1028,1028,678,1028,1027,"NAN",1027,"NAN","NAN",2,79,79,71,19,75,32,3,19,16,"NAN",1,"NAN","NAN",22.13,22.17,22.15,22.09,22.92,22.73,23.92,23.95,24.31,25.28,24.57,25.05,0,0,22.67,22.64,23.27,24.1,24.5,25.19,25.34,25.9,25.8,26.47,26.43,28,0,0,"NAN","NAN","NAN","NAN","NAN","NAN","NAN","NAN","NAN","NAN","NAN","NAN",0,0,20.44,23.39,21.8,25.3,23.58,26.16,28.55,27.43,28.08,26.89,29.36,30.81,0,0,"NAN",0,"NAN","NAN"
"2026-09-15 04:14:00",96084,13.74,13.88,0,0,0,0,0,0,0,0,0,0,0,"NAN","NAN",0,0,0,0,0,0,0,0,0,0,0,0,"NAN",0,"NAN","NAN",12.58,12,12.39,12.48,12.48,12.49,12.68,7.884,12.34,12.86,"NAN",12.25,"NAN","NAN",89,94.8,94.7,91.3,86.3,90.1,91.3,89.7,96.5,91.6,"NAN",87.7,"NAN","NAN",1027,1028,1028,1026,1021,1028,1028,678,1028,1027,"NAN",1027,"NAN","NAN",2,87,87,2,27,83,7,3,27,3,"NAN",8,"NAN","NAN",22.12,22.17,22.15,22.08,22.92,22.73,23.92,23.95,24.31,25.27,24.57,25.05,0,0,22.67,22.64,23.27,24.1,24.5,25.18,25.35,25.9,25.8,26.47,26.43,28,0,0,"NAN","NAN","NAN","NAN","NAN","NAN","NAN","NAN","NAN","NAN","NAN","NAN",0,0,20.44,23.39,21.8,25.3,23.58,26.17,28.55,27.43,28.08,26.89,29.36,30.8,0,0,"NAN",0,"NAN","NAN"
"2026-09-15 04:15:00",96085,13.72,13.87,0,0,0,0,0,0,0,0,0,0,0,"NAN","NAN",0,0,0,0,0,0,0,0,0,0,0,0,"NAN",0,"NAN","NAN",12.57,11.97,12.37,12.37,12.46,12.46,12.65,7.77,12.33,12.85,"NAN",12.19,"NAN","NAN",89,94.7,94.7,91.2,86.3,90.1,91.3,89.7,96.5,91.6,"NAN",87.7,"NAN","NAN",1027,1028,1028,1026,1021,1028,1028,676.6,1028,1027,"NAN",1027,"NAN","NAN",6,95,95,3,34,91,15,11,35,3,"NAN",16,"NAN","NAN",22.12,22.17,22.14,22.08,22.92,22.73,23.92,23.95,24.3,25.27,24.57,25.05,0,0,22.67,22.64,23.27,24.1,24.5,25.19,25.35,25.9,25.8,26.47,26.43,28,0,0,"NAN","NAN","NAN","NAN","NAN","NAN","NAN","NAN","NAN","NAN","NAN","NAN",0,0,20.45,23.39,21.8,25.3,23.58,26.16,28.55,27.43,28.08,26.89,29.35,30.81,0,0,"NAN",0,"NAN","NAN"
"2026-09-15 04:16:00",96086,13.72,13.86,0,0,0,0,0,0,0,0,0,0,0,"NAN","NAN",0,0,0,0,0,0,0,0,0,0,0,0,"NAN",0,"NAN","NAN",12.55,11.95,12.34,12.34,12.46,12.43,12.63,7.744,12.31,12.79,"NAN",12.14,"NAN","NAN",89,94.7,94.7,91.3,86.1,90.1,91.2,89.6,96.5,91.5,"NAN",87.8,"NAN","NAN",1027,1028,1028,1026,1021,1028,1028,676.5,1028,1027,"NAN",1027,"NAN","NAN",8,103,103,11,3,99,23,19,43,11,"NAN",24,"NAN","NAN",22.12,22.16,22.14,22.08,22.91,22.72,23.92,23.94,24.31,25.27,24.57,25.04,0,0,22.68,22.64,23.27,24.1,24.5,25.18,25.34,25.9,25.8,26.47,26.43,28,0,0,"NAN","NAN","NAN","NAN","NAN","NAN","NAN","NAN","NAN","NAN","NAN","NAN",0,0,20.44,23.39,21.8,25.3,23.58,26.16,28.55,27.43,28.08,26.89,29.36,30.81,0,0,"NAN",0,"NAN","NAN"
"2026-09-15 04:17:00",96087,13.74,13.84,0,0,0,0,0,0,0,0,0,0,0,"NAN","NAN",0,0,0,0,0,0,0,0,0,0,0,0,"NAN",0,"NAN","NAN",12.54,11.94,12.32,12.34,12.42,12.42,12.62,7.724,12.3,12.77,"NAN",12.11,"NAN","NAN",89,94.8,94.7,91.4,86.2,90.1,91.2,89.6,96.5,91.5,"NAN",88,"NAN","NAN",1027,1028,1028,1026,1021,1028,1028,676.5,1028,1027,"NAN",1027,"NAN","NAN",10,111,111,19,11,107,31,27,51,19,"NAN",32,"NAN","NAN",22.11,22.16,22.14,22.07,22.91,22.72,23.91,23.94,24.3,25.26,24.57,25.04,0,0,22.67,22.64,23.27,24.1,24.5,25.18,25.35,25.9,25.8,26.47,26.42,28,0,0,"NAN","NAN","NAN","NAN","NAN","NAN","NAN","NAN","NAN","NAN","NAN","NAN",0,0,20.44,23.39,21.8,25.3,23.58,26.17,28.55,27.42,28.08,26.89,29.35,30.81,0,0,"NAN",0,"NAN","NAN"
"2026-09-15 04:18:00",96088,13.74,13.83,0,0,0,0,0,0,0,0,0,0,0,"NAN","NAN",0,0,0,0,0,0,0,0,0,0,0,0,"NAN",0,"NAN","NAN",12.54,11.94,12.31,12.4,12.4,12.43,12.61,7.713,12.29,12.76,"NAN",12.21,"NAN","NAN",89,95,94.7,91.5,86.3,90.1,91.3,89.7,96.6,91.6,"NAN",88.5,"NAN","NAN",1027,1028,1028,1026,1021,1028,1028,676.3,1028,1027,"NAN",1027,"NAN","NAN",12,119,119,3,7,115,39,35,59,27,"NAN",40,"NAN","NAN",22.11,22.16,22.13,22.07,22.91,22.72,23.91,23.94,24.3,25.26,24.56,25.04,0,0,22.67,22.64,23.27,24.1,24.5,25.18,25.34,25.9,25.8,26.47,26.42,28,0,0,"NAN","NAN","NAN","NAN","NAN","NAN","NAN","NAN","NAN","NAN","NAN","NAN",0,0,20.44,23.39,21.8,25.3,23.58,26.16,28.55,27.43,28.07,26.89,29.36,30.81,0,0,"NAN",0,"NAN","NAN"
"2026-09-15 04:19:00",96089,13.74,13.82,0,0,0,0,0,0,0,0,0,0,0,"NAN","NAN",0,0,0,0,0,0,0,0,0,0,0,0,"NAN",0,"NAN","NAN",12.54,11.94,12.31,12.39,12.4,12.47,12.6,7.707,12.31,0,"NAN",12.3,"NAN","NAN",89,95,94.8,91.6,86.5,90.1,91.5,89.8,96.8,0,"NAN",88.7,"NAN","NAN",1027,1028,1028,1026,1021,1028,1028,676.2,1028,0,"NAN",1027,"NAN","NAN",12,127,127,7,15,123,47,43,68,0,"NAN",49,"NAN","NAN",22.1,22.16,22.13,22.07,22.91,22.71,23.91,23.94,24.3,25.26,24.56,25.04,0,0,22.67,22.64,23.27,24.1,24.5,25.18,25.34,25.9,25.8,26.47,26.42,27.99,0,0,"NAN","NAN","NAN","NAN","NAN","NAN","NAN","NAN","NAN","NAN","NAN","NAN",0,0,20.44,23.39,21.8,25.3,23.58,26.16,28.55,27.43,28.08,26.89,29.36,30.81,0,0,"NAN",0,"NAN","NAN"
"2026-09-15 04:20:00",96090,13.75,13.8,0,0,0,0,0,0,0,0,0,0,0,"NAN","NAN",0,0,0,0,0,0,0,0,0,0,0,0,"NAN",0,"NAN","NAN",12.54,11.93,12.31,12.43,12.4,12.47,12.59,7.703,12.32,12.77,"NAN",12.34,"NAN","NAN",89,95.1,94.8,91.5,86.5,90.2,91.6,89.9,96.8,91.8,"NAN",88.8,"NAN","NAN",1027,1028,1028,1026,1021,1028,1028,676.1,1028,1027,"NAN",1027,"NAN","NAN",12,135,135,3,7,7,55,51,75,7,"NAN",56,"NAN","NAN",22.1,22.16,22.13,22.06,22.9,22.71,23.9,23.93,24.3,25.26,24.56,25.03,0,0,22.67,22.64,23.27,24.1,24.5,25.18,25.34,25.9,25.8,26.47,26.42,28,0,0,"NAN","NAN","NAN","NAN","NAN","NAN","NAN","NAN","NAN","NAN","NAN","NAN",0,0,20.45,23.39,21.8,25.3,23.58,26.17,28.55,27.43,28.07,26.9,29.36,30.81,0,0,"NAN",0,"NAN","NAN"
"2026-09-15 04:21:00",96091,13.72,13.79,0,0,0,0,0,0,0,0,0,0,0,"NAN","NAN",0,0,0,0,0,0,0,0,0,0,0,0,"NAN",0,"NAN","NAN",12.53,11.92,0,0,12.41,12.5,12.62,7.716,12.35,12.79,"NAN",12.39,"NAN","NAN",89.2,95.1,0,0,86.6,90.1,91.7,90.1,96.8,91.8,"NAN",88.8,"NAN","NAN",1027,1028,0,0,1021,1028,1028,677.6,1028,1027,"NAN",1027,"NAN","NAN",14,139,0,0,1,1,1,1,1,1,"NAN",1,"NAN","NAN",22.09,22.15,22.12,22.06,22.9,22.71,23.9,23.93,24.3,25.26,24.55,25.03,0,0,22.67,22.64,23.27,24.1,24.5,25.18,25.34,25.9,25.8,26.47,26.42,27.99,0,0,"NAN","NAN","NAN","NAN","NAN","NAN","NAN","NAN","NAN","NAN","NAN","NAN",0,0,20.44,23.39,21.8,25.3,23.58,26.16,28.55,27.43,28.08,26.89,29.35,30.81,0,0,"NAN",0,"NAN","NAN"
"2026-09-15 04:22:00",96092,13.74,13.78,0,0,0,0,0,0,0,0,0,0,0,"NAN","NAN",0,0,0,0,0,0,0,0,0,0,0,0,"NAN",0,"NAN","NAN",12.53,11.91,12.3,12.37,12.39,12.47,12.59,7.696,12.33,12.77,"NAN",0,"NAN","NAN",89.2,95.1,94.8,91.5,86.6,90.2,91.7,90.2,96.9,91.9,"NAN",0,"NAN","NAN",1027,1028,1028,1026,1021,1028,1028,676.5,1028,1027,"NAN",0,"NAN","NAN",4,7,7,7,7,7,8,8,8,8,"NAN",0,"NAN","NAN",22.09,22.15,22.12,22.06,22.9,22.7,23.9,23.93,24.3,25.26,24.55,25.03,0,0,22.67,22.64,23.27,24.1,24.5,25.18,25.34,25.9,25.8,26.47,26.42,27.99,0,0,"NAN","NAN","NAN","NAN","NAN","NAN","NAN","NAN","NAN","NAN","NAN","NAN",0,0,20.44,23.39,21.8,25.3,23.58,26.16,28.55,27.43,28.08,26.89,29.35,30.81,0,0,"NAN",0,"NAN","NAN"
"2026-09-15 04:23:00",96093,13.75,13.77,0,0,0,0,0,0,0,0,0,0,0,"NAN","NAN",0,0,0,0,0,0,0,0,0,0,0,0,"NAN",0,"NAN","NAN",12.53,11.91,12.28,12.36,12.37,12.44,12.58,7.685,12.32,12.75,"NAN",12.38,"NAN","NAN",89.2,95.2,94.8,91.4,86.7,90.2,91.8,90.2,96.8,91.9,"NAN",88.7,"NAN","NAN",1027,1028,1028,1026,1021,1028,1028,676.6,1028,1027,"NAN",1027,"NAN","NAN",4,15,15,15,15,15,16,16,16,16,"NAN",8,"NAN","NAN",22.09,22.15,22.12,22.06,22.9,22.7,23.9,23.93,24.29,25.25,24.55,25.03,0,0,22.67,22.64,23.27,24.1,24.5,25.18,25.34,25.9,25.79,26.47,26.42,27.99,0,0,"NAN","NAN","NAN","NAN","NAN","NAN","NAN","NAN","NAN","NAN","NAN","NAN",0,0,20.44,23.39,21.79,25.3,23.58,26.16,28.55,27.43,28.08,26.89,29.36,30.81,0,0,"NAN",0,"NAN","NAN"
"2026-09-15 04:24:00",96094,13.74,13.75,0,0,0,0,0,0,0,0,0,0,0,"NAN","NAN",0,0,0,0,0,0,0,0,0,0,0,0,"NAN",0,"NAN","NAN",12.51,11.9,12.25,12.35,12.35,12.42,12.57,7.672,12.31,12.74,"NAN",12.37,"NAN","NAN",89.2,95.2,94.8,91.4,86.7,90.2,91.7,90.1,96.8,91.9,"NAN",88.6,"NAN","NAN",1027,1028,1028,1026,1021,1028,1028,676.3,1028,1027,"NAN",1027,"NAN","NAN",6,23,23,23,3,23,24,24,24,24,"NAN",16,"NAN","NAN",22.09,22.15,22.11,22.05,22.89,22.7,23.89,23.92,24.29,25.26,24.55,25.02,0,0,22.67,22.64,23.27,24.1,24.5,25.18,25.34,25.9,25.79,26.47,26.42,27.99,0,0,"NAN","NAN","NAN","NAN","NAN","NAN","NAN","NAN","NAN","NAN","NAN","NAN",0,0,20.44,23.39,21.79,25.3,23.58,26.16,28.55,27.43,28.08,26.89,29.36,30.81,0,0,"NAN",0,"NAN","NAN"
"2026-09-15 04:25:00",96095,13.74,13.74,0,0,0,0,0,0,0,0,0,0,0,"NAN","NAN",0,0,0,0,0,0,0,0,0,0,0,0,"NAN",0,"NAN","NAN",12.51,11.88,12.2,12.33,12.4,12.41,12.56,7.655,12.31,0,"NAN",12.41,"NAN","NAN",89.2,95.2,94.7,91.5,86.7,90.3,91.6,90.1,96.7,0,"NAN",88.7,"NAN","NAN",1027,1028,1028,1026,1021,1028,1028,676.3,1028,0,"NAN",1027,"NAN","NAN",6,32,32,32,3,32,32,32,29,0,"NAN",5,"NAN","NAN",22.09,22.15,22.11,22.05,22.89,22.69,23.89,23.92,24.29,25.25,24.55,25.02,0,0,22.67,22.64,23.27,24.1,24.5,25.18,25.34,25.9,25.79,26.47,26.42,27.99,0,0,"NAN","NAN","NAN","NAN","NAN","NAN","NAN","NAN","NAN","NAN","NAN","NAN",0,0,20.44,23.39,21.8,25.3,23.58,26.16,28.55,27.43,28.08,26.89,29.36,30.81,0,0,"NAN",0,"NAN","NAN"
"2026-09-15 04:26:00",96096,13.73,13.73,0,0,0,0,0,0,0,0,0,0,0,"NAN","NAN",0,0,0,0,0,0,0,0,0,0,0,0,"NAN",0,"NAN","NAN",12.51,11.86,12.16,12.32,12.36,12.41,12.59,7.643,12.29,12.75,"NAN",0,"NAN","NAN",89.2,95,94.6,91.4,86.7,90.2,91.5,90,96.6,91.8,"NAN",0,"NAN","NAN",1027,1028,1028,1026,1021,1028,1028,676,1028,1027,"NAN",0,"NAN","NAN",6,3,7,7,11,7,3,40,7,7,"NAN",0,"NAN","NAN",22.09,22.14,22.11,22.04,22.89,22.69,23.89,23.92,24.29,25.25,24.54,25.02,0,0,22.67,22.64,23.27,24.1,24.5,25.18,25.34,25.9,25.79,26.47,26.42,27.99,0,0,"NAN","NAN","NAN","NAN","NAN","NAN","NAN","NAN","NAN","NAN","NAN","NAN",0,0,20.44,23.39,21.8,25.3,23.58,26.16,28.55,27.43,28.08,26.89,29.36,30.81,0,0,"NAN",0,"NAN","NAN"
"2026-09-15 04:27:00",96097,13.72,13.71,0,0,0,0,0,0,0,0,0,0,0,"NAN","NAN",0,0,0,0,0,0,0,0,0,0,0,0,"NAN",0,"NAN","NAN",12.51,11.84,12.1,12.29,12.34,12.36,12.54,7.643,12.25,12.72,"NAN",12.39,"NAN","NAN",89.2,94.9,94.4,91.4,86.5,90.2,91.5,89.9,96.5,91.8,"NAN",88.7,"NAN","NAN",1027,1028,1028,1026,1021,1028,1028,676.9,1028,1027,"NAN",1027,"NAN","NAN",6,11,15,15,19,15,11,7,15,15,"NAN",8,"NAN","NAN",22.08,22.14,22.1,22.04,22.88,22.69,23.88,23.92,24.28,25.25,24.54,25.02,0,0,22.67,22.63,23.27,24.1,24.5,25.18,25.34,25.9,25.79,26.47,26.42,27.99,0,0,"NAN","NAN","NAN","NAN","NAN","NAN","NAN","NAN","NAN","NAN","NAN","NAN",0,0,20.44,23.39,21.8,25.3,23.58,26.16,28.55,27.43,28.08,26.89,29.36,30.81,0,0,"NAN",0,"NAN","NAN"
"2026-09-15 04:28:00",96098,13.75,13.7,0,0,0,0,0,0,0,0,0,0,0,"NAN","NAN",0,0,0,0,0,0,0,0,0,0,0,0,"NAN",0,"NAN","NAN",12.51,11.82,12.09,12.26,12.32,12.33,12.51,7.611,12.22,12.69,"NAN",12.36,"NAN","NAN",89.2,94.9,94.4,91.4,86.4,90.2,91.4,89.8,96.5,91.7,"NAN",88.7,"NAN","NAN",1027,1028,1028,1026,1021,1028,1028,676.2,1028,1027,"NAN",1027,"NAN","NAN",6,19,23,23,27,23,19,15,23,23,"NAN",16,"NAN","NAN",22.08,22.14,22.1,22.04,22.88,22.68,23.88,23.91,24.28,25.25,24.54,25.01,0,0,22.67,22.63,23.27,24.1,24.5,25.18,25.33,25.9,25.79,26.46,26.42,27.99,0,0,"NAN","NAN","NAN","NAN","NAN","NAN","NAN","NAN","NAN","NAN","NAN","NAN",0,0,20.44,23.39,21.8,25.3,23.58,26.17,28.55,27.43,28.08,26.89,29.36,30.81,0,0,"NAN",0,"NAN","NAN"
"2026-09-15 04:29:00",96099,13.73,13.69,0,0,0,0,0,0,0,0,0,0,0,"NAN","NAN",0,0,0,0,0,0,0,0,0,0,0,0,"NAN",0,"NAN","NAN",12.36,11.84,12.13,12.25,12.31,12.31,12.49,7.588,12.21,12.65,"NAN",12.32,"NAN","NAN",89.2,94.9,94.4,91.4,86.4,90.2,91.3,89.7,96.5,91.6,"NAN",88.7,"NAN","NAN",1027,1028,1028,1026,1021,1028,1028,676.3,1028,1027,"NAN",1027,"NAN","NAN",3,3,3,3,35,31,27,23,31,31,"NAN",24,"NAN","NAN",22.07,22.14,22.1,22.03,22.88,22.68,23.88,23.91,24.28,25.24,24.54,25.01,0,0,22.67,22.64,23.27,24.09,24.5,25.18,25.34,25.9,25.79,26.47,26.42,27.99,0,0,"NAN","NAN","NAN","NAN","NAN","NAN","NAN","NAN","NAN","NAN","NAN","NAN",0,0,20.44,23.39,21.8,25.3,23.58,26.17,28.55,27.43,28.08,26.89,29.35,30.81,0,0,"NAN",0,"NAN","NAN"
"2026-09-15 04:30:00",96100,13.74,13.67,0,0,0,0,0,0,0,0,0,0,0,"NAN","NAN",0,0,0,0,0,0,0,0,0,0,0,0,"NAN",0,"NAN","NAN",12.37,11.83,12.15,12.28,12.33,12.3,12.47,7.58,12.22,12.64,"NAN",12.31,"NAN","NAN",89.2,95.1,94.5,91.5,86.4,90.3,91.4,89.8,96.6,91.6,"NAN",88.7,"NAN","NAN",1027,1028,1028,1026,1021,1028,1028,676.2,1028,1027,"NAN",1027,"NAN","NAN",4,3,3,3,3,39,34,31,3,39,"NAN",32,"NAN","NAN",22.07,22.13,22.1,22.03,22.88,22.68,23.88,23.91,24.28,25.24,24.53,25.01,0,0,22.67,22.63,23.27,24.09,24.5,25.18,25.33,25.9,25.79,26.46,26.42,27.99,0,0,"NAN","NAN","NAN","NAN","NAN","NAN","NAN","NAN","NAN","NAN","NAN","NAN",0,0,20.44,23.39,21.8,25.31,23.58,26.17,28.55,27.43,28.08,26.89,29.36,30.81,0,0,"NAN",0,"NAN","NAN"
"2026-09-15 04:31:00",96101,13.75,13.66,0,0,0,0,0,0,0,0,0,0,0,"NAN","NAN",0,0,0,0,0,0,0,0,0,0,0,0,"NAN",0,"NAN","NAN",12.37,11.79,12.12,12.25,12.29,12.32,12.48,7.581,12.21,0,"NAN",12.32,"NAN","NAN",89.2,95.2,94.6,91.6,86.6,90.3,91.6,90,96.7,0,"NAN",88.8,"NAN","NAN",1027,1028,1028,1026,1021,1028,1028,676.2,1028,0,"NAN",1027,"NAN","NAN",6,11,11,11,11,47,7,39,11,0,"NAN",40,"NAN","NAN",22.07,22.13,22.09,22.02,22.87,22.67,23.87,23.91,24.28,25.24,24.53,25,0,0,22.67,22.63,23.27,24.09,24.5,25.18,25.34,25.9,25.79,26.46,26.42,27.99,0,0,"NAN","NAN","NAN","NAN","NAN","NAN","NAN","NAN","NAN","NAN","NAN","NAN",0,0,20.44,23.39,21.8,25.3,23.58,26.16,28.55,27.43,28.08,26.89,29.35,30.81,0,0,"NAN",0,"NAN","NAN"
"2026-09-15 04:32:00",96102,13.73,13.64,0,0,0,0,0,0,0,0,0,0,0,"NAN","NAN",0,0,0,0,0,0,0,0,0,0,0,0,"NAN",0,"NAN","NAN",12.37,11.79,12.12,12.23,12.28,12.23,12.5,7.578,12.21,0,"NAN",12.35,"NAN","NAN",89.2,95.3,94.7,91.6,86.7,90.3,91.7,90.1,96.9,0,"NAN",88.7,"NAN","NAN",1027,1028,1028,1026,1021,1028,1028,676.3,1028,0,"NAN",1027,"NAN","NAN",6,7,19,19,19,55,3,47,20,0,"NAN",1,"NAN","NAN",22.06,22.13,22.09,22.02,22.87,22.67,23.87,23.9,24.27,25.24,24.53,25,0,0,22.67,22.63,23.26,24.09,24.5,25.18,25.34,25.9,25.79,26.46,26.42,27.99,0,0,"NAN","NAN","NAN","NAN","NAN","NAN","NAN","NAN","NAN","NAN","NAN","NAN",0,0,20.44,23.39,21.8,25.3,23.58,26.16,28.55,27.43,28.08,26.89,29.36,30.81,0,0,"NAN",0,"NAN","NAN"
"2026-09-15 04:33:00",96103,13.74,13.63,0,0,0,0,0,0,0,0,0,0,0,"NAN","NAN",0,0,0,0,0,0,0,0,0,0,0,0,"NAN",0,"NAN","NAN",12.37,11.8,12.12,12.23,12.27,12.12,12.46,7.568,12.22,12.65,"NAN",12.31,"NAN","NAN",89.2,95.5,94.8,91.7,86.8,90.2,91.8,90.2,96.9,92,"NAN",88.7,"NAN","NAN",1027,1028,1028,1026,1021,1028,1028,676.1,1028,1027,"NAN",1027,"NAN","NAN",6,6,27,27,27,63,11,55,28,8,"NAN",9,"NAN","NAN",22.06,22.13,22.09,22.02,22.87,22.66,23.87,23.9,24.27,25.24,24.53,25,0,0,22.67,22.63,23.26,24.09,24.5,25.18,25.33,25.9,25.79,26.46,26.42,27.99,0,0,"NAN","NAN","NAN","NAN","NAN","NAN","NAN","NAN","NAN","NAN","NAN","NAN",0,0,20.44,23.39,21.8,25.3,23.58,26.16,28.55,27.43,28.08,26.89,29.35,30.81,0,0,"NAN",0,"NAN","NAN"
"2026-09-15 04:34:00",96104,13.73,13.62,0,0,0,0,0,0,0,0,0,0,0,"NAN","NAN",0,0,0,0,0,0,0,0,0,0,0,0,"NAN",0,"NAN","NAN",12.37,11.77,12.12,12.21,12.26,12.05,12.45,7.555,12.21,12.64,"NAN",12.3,"NAN","NAN",89.2,95.4,94.8,91.6,86.8,90.1,91.8,90.2,96.9,92,"NAN",88.8,"NAN","NAN",1027,1028,1028,1026,1021,1028,1028,676.4,1028,1027,"NAN",1027,"NAN","NAN",6,14,35,35,35,71,19,63,36,16,"NAN",17,"NAN","NAN",22.06,22.12,22.08,22.01,22.87,22.66,23.87,23.9,24.27,25.23,24.52,25,0,0,22.67,22.63,23.26,24.09,24.5,25.18,25.34,25.89,25.79,26.46,26.42,27.99,0,0,"NAN","NAN","NAN","NAN","NAN","NAN","NAN","NAN","NAN","NAN","NAN","NAN",0,0,20.44,23.39,21.79,25.3,23.58,26.16,28.55,27.43,28.08,26.89,29.36,30.81,0,0,"NAN",0,"NAN","NAN"
"2026-09-15 04:35:00",96105,13.74,13.61,0,0,0,0,0,0,0,0,0,0,0,"NAN","NAN",0,0,0,0,0,0,0,0,0,0,0,0,"NAN",0,"NAN","NAN",12.37,11.75,12.11,12.18,12.25,11.99,12.43,7.545,12.2,12.63,"NAN",12.3,"NAN","NAN",89.2,95.4,94.9,91.6,86.8,90.1,91.7,90.2,96.9,92,"NAN",88.8,"NAN","NAN",1027,1028,1028,1026,1021,1028,1028,676.1,1029,1028,"NAN",1028,"NAN","NAN",6,22,43,43,43,79,27,71,44,24,"NAN",25,"NAN","NAN",22.06,22.12,22.08,22.01,22.86,22.66,23.86,23.9,24.27,25.23,24.52,24.99,0,0,22.67,22.63,23.26,24.09,24.5,25.18,25.33,25.89,25.79,26.46,26.41,27.99,0,0,"NAN","NAN","NAN","NAN","NAN","NAN","NAN","NAN","NAN","NAN","NAN","NAN",0,0,20.44,23.39,21.8,25.3,23.58,26.16,28.55,27.43,28.08,26.89,29.35,30.81,0,0,"NAN",0,"NAN","NAN"
"2026-09-15 04:36:00",96106,13.74,13.6,0,0,0,0,0,0,0,0,0,0,0,"NAN","NAN",0,0,0,0,0,0,0,0,0,0,0,0,"NAN",0,"NAN","NAN",12.37,11.74,12.11,12.22,12.26,11.97,12.43,7.542,12.21,12.63,"NAN",12.32,"NAN","NAN",89.2,95.4,95,91.6,86.8,90,91.9,90.3,97,92.1,"NAN",88.8,"NAN","NAN",1027,1028,1028,1026,1021,1028,1028,676.2,1029,1028,"NAN",1028,"NAN","NAN",6,30,51,3,3,3,35,79,52,32,"NAN",33,"NAN","NAN",22.05,22.12,22.08,22.01,22.86,22.66,23.86,23.9,24.27,25.23,24.52,24.99,0,0,22.67,22.63,23.26,24.09,24.5,25.17,25.34,25.9,25.79,26.46,26.41,27.99,0,0,"NAN","NAN","NAN","NAN","NAN","NAN","NAN","NAN","NAN","NAN","NAN","NAN",0,0,20.45,23.39,21.8,25.3,23.58,26.16,28.55,27.43,28.08,26.9,29.35,30.81,0,0,"NAN",0,"NAN","NAN"
"2026-09-15 04:37:00",96107,13.74,13.58,0,0,0,0,0,0,0,0,0,0,0,"NAN","NAN",0,0,0,0,0,0,0,0,0,0,0,0,"NAN",0,"NAN","NAN",12.37,11.74,12.12,12.17,12.25,11.93,12.43,7.535,12.2,12.64,"NAN",12.3,"NAN","NAN",89.2,95.6,95,91.6,86.8,90,92,90.3,96.9,92.1,"NAN",88.8,"NAN","NAN",1027,1028,1028,1026,1021,1028,1028,676.3,1029,1028,"NAN",1028,"NAN","NAN",6,38,59,11,11,11,43,87,59,39,"NAN",40,"NAN","NAN",22.05,22.12,22.07,22,22.86,22.65,23.86,23.89,24.27,25.23,24.52,24.99,0,0,22.67,22.63,23.26,24.09,24.5,25.18,25.34,25.89,25.78,26.46,26.41,27.99,0,0,"NAN","NAN","NAN","NAN","NAN","NAN","NAN","NAN","NAN","NAN","NAN","NAN",0,0,20.44,23.39,21.8,25.3,23.58,26.16,28.55,27.43,28.08,26.89,29.36,30.81,0,0,"NAN",0,"NAN","NAN"
"2026-09-15 04:38:00",96108,13.75,13.57,0,0,0,0,0,0,0,0,0,0,0,"NAN","NAN",0,0,0,0,0,0,0,0,0,0,0,0,"NAN",0,"NAN","NAN",12.37,11.75,12.14,12.17,12.24,12,12.43,7.563,12.21,12.63,"NAN",12.28,"NAN","NAN",89.2,95.7,95.1,91.7,86.8,90.1,92,90.3,96.9,92.1,"NAN",88.8,"NAN","NAN",1027,1028,1028,1026,1021,1028,1028,677.3,1029,1028,"NAN",1028,"NAN","NAN",6,46,7,19,19,19,51,7,3,48,"NAN",49,"NAN","NAN",22.05,22.12,22.07,22,22.85,22.65,23.85,23.89,24.26,25.22,24.51,24.99,0,0,22.66,22.63,23.26,24.09,24.49,25.18,25.33,25.89,25.78,26.46,26.41,27.99,0,0,"NAN","NAN","NAN","NAN","NAN","NAN","NAN","NAN","NAN","NAN","NAN","NAN",0,0,20.44,23.39,21.79,25.3,23.58,26.16,28.55,27.43,28.08,26.9,29.35,30.81,0,0,"NAN",0,"NAN","NAN"
"2026-09-15 04:39:00",96109,13.73,13.56,0,"NAN",0,0,0,0,0,0,0,0,0,"NAN","NAN",0,0,"NAN",0,0,0,0,0,0,0,0,0,"NAN",0,"NAN","NAN","NAN",11.78,12.12,12.18,12.23,12.1,12.42,7.518,12.19,12.63,"NAN",12.26,"NAN","NAN","NAN",95.6,95.1,91.7,86.7,90.3,91.9,90.3,96.8,92,"NAN",88.7,"NAN","NAN","NAN",1028,1028,1026,1021,1028,1028,676.4,1029,1028,"NAN",1028,"NAN","NAN","NAN",3,15,3,27,3,59,15,3,4,"NAN",57,"NAN","NAN",22.05,22.11,22.07,22,22.85,22.64,23.85,23.89,24.26,25.22,24.51,24.98,0,0,22.67,22.63,23.26,24.09,24.49,25.17,25.33,25.89,25.78,26.46,26.41,27.99,0,0,"NAN","NAN","NAN","NAN","NAN","NAN","NAN","NAN","NAN","NAN","NAN","NAN",0,0,20.45,23.39,21.79,25.3,23.58,26.16,28.55,27.43,28.08,26.89,29.36,30.81,0,0,"NAN",0,"NAN","NAN"
"2026-09-15 04:40:00",96110,13.73,13.55,0,"NAN",0,0,0,0,0,0,0,0,0,"NAN","NAN",0,0,"NAN",0,0,0,0,0,0,0,0,0,"NAN",0,"NAN","NAN","NAN",11.75,12.11,12.13,12.23,12.09,12.41,7.663,12.17,12.59,"NAN",12.24,"NAN","NAN","NAN",95.8,95.2,91.6,86.7,90.4,91.9,90.3,96.8,92,"NAN",88.6,"NAN","NAN","NAN",1028,1028,1026,1021,1028,1028,677.6,1029,1028,"NAN",1028,"NAN","NAN","NAN",11,23,11,3,11,67,2,11,12,"NAN",65,"NAN","NAN",22.04,22.11,22.06,21.99,22.85,22.64,23.85,23.89,24.26,25.22,24.51,24.98,0,0,22.67,22.63,23.26,24.09,24.49,25.17,25.33,25.89,25.78,26.46,26.41,27.99,0,0,"NAN","NAN","NAN","NAN","NAN","NAN","NAN","NAN","NAN","NAN","NAN","NAN",0,0,20.44,23.39,21.8,25.3,23.58,26.16,28.55,27.43,28.08,26.89,29.35,30.81,0,0,"NAN",0,"NAN","NAN"
"2026-09-15 04:41:00",96111,13.74,13.54,0,"NAN",0,0,0,0,0,0,0,0,0,"NAN","NAN",0,0,"NAN",0,0,0,0,0,0,0,0,0,"NAN",0,"NAN","NAN","NAN",11.74,12.1,12.17,12.2,12.12,12.4,7.538,12.16,12.61,"NAN",12.24,"NAN","NAN","NAN",95.7,95.2,91.6,86.7,90.4,91.8,90.2,96.7,92,"NAN",88.5,"NAN","NAN","NAN",1028,1028,1026,1021,1028,1028,677.9,1029,1028,"NAN",1028,"NAN","NAN","NAN",19,31,3,11,19,1,3,19,3,"NAN",73,"NAN","NAN",22.04,22.11,22.06,21.99,22.85,22.64,23.85,23.88,24.26,25.22,24.51,24.98,0,0,22.67,22.63,23.26,24.09,24.49,25.17,25.33,25.89,25.78,26.46,26.41,27.99,0,0,"NAN","NAN","NAN","NAN","NAN","NAN","NAN","NAN","NAN","NAN","NAN","NAN",0,0,20.44,23.39,21.8,25.3,23.58,26.16,28.55,27.43,28.08,26.89,29.36,30.8,0,0,"NAN",0,"NAN","NAN"
"2026-09-15 04:42:00",96112,13.73,13.53,0,"NAN",0,0,0,0,0,0,0,0,0,"NAN","NAN",0,0,"NAN",0,0,0,0,0,0,0,0,0,"NAN",0,"NAN","NAN","NAN",11.76,12.1,12.17,12.19,12.15,12.41,7.492,12.16,12.57,"NAN",12.23,"NAN","NAN","NAN",95.9,95.2,91.7,86.8,90.5,91.9,90.2,96.7,92,"NAN",88.6,"NAN","NAN","NAN",1028,1028,1026,1021,1028,1028,676.6,1029,1028,"NAN",1028,"NAN","NAN","NAN",7,39,11,19,27,7,11,23,12,"NAN",81,"NAN","NAN",22.03,22.11,22.06,21.98,22.84,22.63,23.84,23.88,24.26,25.22,24.5,24.98,0,0,22.67,22.62,23.26,24.09,24.49,25.17,25.33,25.89,25.78,26.46,26.41,27.99,0,0,"NAN","NAN","NAN","NAN","NAN","NAN","NAN","NAN","NAN","NAN","NAN","NAN",0,0,20.44,23.39,21.8,25.3,23.58,26.16,28.55,27.42,28.08,26.89,29.36,30.81,0,0,"NAN",0,"NAN","NAN"
"2026-09-15 04:43:00",96113,13.74,13.52,0,"NAN",0,0,0,0,0,0,0,0,0,"NAN","NAN",0,0,"NAN",0,0,0,0,0,0,0,0,0,"NAN",0,"NAN","NAN","NAN",11.75,12.11,12.2,12.2,12.21,12.4,7.485,12.17,12.58,"NAN",12.24,"NAN","NAN","NAN",95.9,95.2,91.8,86.9,90.5,91.9,90.3,96.9,92,"NAN",88.7,"NAN","NAN","NAN",1028,1028,1026,1021,1028,1028,676.8,1029,1028,"NAN",1028,"NAN","NAN","NAN",15,47,19,7,35,15,19,6,19,"NAN",89,"NAN","NAN",22.04,22.1,22.05,21.98,22.84,22.63,23.84,23.88,24.25,25.21,24.5,24.97,0,0,22.66,22.63,23.26,24.09,24.49,25.17,25.33,25.89,25.78,26.46,26.41,27.99,0,0,"NAN","NAN","NAN","NAN","NAN","NAN","NAN","NAN","NAN","NAN","NAN","NAN",0,0,20.44,23.39,21.8,25.3,23.58,26.16,28.55,27.43,28.08,26.89,29.36,30.81,0,0,"NAN",0,"NAN","NAN"
"2026-09-15 04:44:00",96114,13.73,13.51,0,"NAN",0,0,0,0,0,0,0,0,0,"NAN","NAN",0,0,"NAN",0,0,0,0,0,0,0,0,0,"NAN",0,"NAN","NAN","NAN",11.74,12.18,12.22,12.18,12.22,12.39,7.476,12.17,12.58,"NAN",12.25,"NAN","NAN","NAN",95.9,95.2,91.8,87,90.6,91.9,90.3,96.9,92.1,"NAN",88.8,"NAN","NAN","NAN",1028,1028,1026,1021,1028,1028,676.3,1029,1028,"NAN",1028,"NAN","NAN","NAN",23,1,27,6,43,23,27,11,28,"NAN",97,"NAN","NAN",22.03,22.1,22.05,21.98,22.84,22.63,23.84,23.88,24.25,25.21,24.5,24.97,0,0,22.66,22.63,23.26,24.09,24.49,25.17,25.33,25.89,25.78,26.46,26.41,27.99,0,0,"NAN","NAN","NAN","NAN","NAN","NAN","NAN","NAN","NAN","NAN","NAN","NAN",0,0,20.44,23.39,21.8,25.3,23.58,26.16,28.55,27.43,28.08,26.89,29.35,30.81,0,0,"NAN",0,"NAN","NAN"
"2026-09-15 04:45:00",96115,13.74,13.5,0,"NAN",0,0,0,0,0,0,0,0,0,"NAN","NAN",0,0,"NAN",0,0,0,0,0,0,0,0,0,"NAN",0,"NAN","NAN","NAN",11.73,12.12,12.23,12.19,12.22,12.38,7.463,12.17,12.58,"NAN",12.26,"NAN","NAN","NAN",95.8,95.3,91.8,86.9,90.6,92,90.3,97,92.1,"NAN",88.9,"NAN","NAN","NAN",1028,1028,1026,1021,1028,1028,676.1,1029,1028,"NAN",1028,"NAN","NAN","NAN",31,7,35,7,51,31,35,8,35,"NAN",105,"NAN","NAN",22.03,22.1,22.05,21.97,22.84,22.62,23.83,23.87,24.25,25.21,24.5,24.97,0,0,22.66,22.62,23.26,24.09,24.49,25.17,25.32,25.89,25.78,26.44,26.41,27.99,0,0,"NAN","NAN","NAN","NAN","NAN","NAN","NAN","NAN","NAN","NAN","NAN","NAN",0,0,20.44,23.39,21.8,25.3,23.58,26.16,28.55,27.42,28.08,26.89,29.36,30.81,0,0,"NAN",0,"NAN","NAN"
"2026-09-15 04:46:00",96116,13.73,13.49,0,"NAN",0,0,0,0,0,0,0,0,0,"NAN","NAN",0,0,"NAN",0,0,0,0,0,0,0,0,0,"NAN",0,"NAN","NAN","NAN",11.72,12.12,12.21,12.19,12.22,12.38,7.454,12.15,12.58,"NAN",12.27,"NAN","NAN","NAN",95.8,95.3,91.7,87,90.6,92.1,90.4,97.1,92.1,"NAN",88.9,"NAN","NAN","NAN",1028,1028,1026,1021,1028,1028,676.2,1029,1028,"NAN",1028,"NAN","NAN","NAN",39,15,43,15,59,39,43,16,43,"NAN",113,"NAN","NAN",22.02,22.1,22.04,21.97,22.83,22.62,23.83,23.87,24.25,25.21,24.5,24.97,0,0,22.66,22.63,23.26,24.09,24.49,25.17,25.33,25.89,25.78,26.46,26.41,27.99,0,0,"NAN","NAN","NAN","NAN","NAN","NAN","NAN","NAN","NAN","NAN","NAN","NAN",0,0,20.44,23.39,21.8,25.3,23.58,26.16,28.55,27.43,28.08,26.89,29.36,30.81,0,0,"NAN",0,"NAN","NAN"
"2026-09-15 04:47:00",96117,13.73,13.48,0,"NAN",0,0,0,0,0,0,0,0,0,"NAN","NAN",0,0,"NAN",0,0,0,0,0,0,0,0,0,"NAN",0,"NAN","NAN","NAN",11.69,12.11,12.18,12.18,12.21,12.37,7.442,12.14,12.57,"NAN",12.26,"NAN","NAN","NAN",95.5,95.3,91.6,87,90.6,91.9,90.3,97,92.1,"NAN",88.9,"NAN","NAN","NAN",1028,1028,1026,1022,1028,1028,676.3,1029,1028,"NAN",1028,"NAN","NAN","NAN",47,23,51,23,67,47,51,24,51,"NAN",121,"NAN","NAN",22.02,22.1,22.04,21.97,22.83,22.61,23.83,23.87,24.25,25.21,24.49,24.96,0,0,22.66,22.62,23.26,24.08,24.49,25.17,25.33,25.89,25.78,26.46,26.41,27.99,0,0,"NAN","NAN","NAN","NAN","NAN","NAN","NAN","NAN","NAN","NAN","NAN","NAN",0,0,20.44,23.39,21.8,25.3,23.58,26.16,28.55,27.43,28.08,26.89,29.36,30.81,0,0,"NAN",0,"NAN","NAN"
"2026-09-15 04:48:00",96118,13.74,13.47,0,"NAN",0,0,0,0,0,0,0,0,0,"NAN","NAN",0,0,"NAN",0,0,0,0,0,0,0,0,0,"NAN",0,"NAN","NAN","NAN",11.68,12.09,12.13,12.18,12.16,12.36,7.426,12.09,12.55,"NAN",12.22,"NAN","NAN","NAN",95.5,95.3,91.5,87,90.6,91.7,90.3,96.9,92,"NAN",88.9,"NAN","NAN","NAN",1028,1029,1027,1022,1028,1028,676,1029,1028,"NAN",1028,"NAN","NAN","NAN",6,31,59,31,75,55,59,32,59,"NAN",129,"NAN","NAN",22.02,22.09,22.04,21.96,22.83,22.61,23.83,23.87,24.25,25.21,24.49,24.96,0,0,22.66,22.62,23.26,24.09,24.49,25.17,25.33,25.89,25.78,26.46,26.41,27.99,0,0,"NAN","NAN","NAN","NAN","NAN","NAN","NAN","NAN","NAN","NAN","NAN","NAN",0,0,20.44,23.39,21.8,25.3,23.58,26.16,28.55,27.42,28.08,26.89,29.35,30.81,0,0,"NAN",0,"NAN","NAN"
"2026-09-15 04:49:00",96119,13.73,13.46,0,"NAN",0,0,0,0,0,0,0,0,0,"NAN","NAN",0,0,"NAN",0,0,0,0,0,0,0,0,0,"NAN",0,"NAN","NAN","NAN",11.66,12.07,12.11,12.15,12.12,12.34,7.405,12.05,12.53,"NAN",12.19,"NAN","NAN","NAN",95.4,95.3,91.5,86.9,90.6,91.7,90.2,96.9,91.9,"NAN",88.9,"NAN","NAN","NAN",1028,1029,1027,1022,1028,1028,676.5,1029,1028,"NAN",1028,"NAN","NAN","NAN",7,39,67,39,83,63,67,40,67,"NAN",137,"NAN","NAN",22.02,22.09,22.03,21.96,22.83,22.61,23.82,23.86,24.24,25.2,24.49,24.96,0,0,22.66,22.62,23.26,24.09,24.49,25.17,25.32,25.89,25.78,26.46,26.41,27.98,0,0,"NAN","NAN","NAN","NAN","NAN","NAN","NAN","NAN","NAN","NAN","NAN","NAN",0,0,20.44,23.39,21.8,25.3,23.58,26.16,28.55,27.42,28.08,26.89,29.36,30.81,0,0,"NAN",0,"NAN","NAN"
"2026-09-15 04:50:00",96120,13.73,13.45,0,"NAN",0,0,0,0,0,0,0,0,0,"NAN","NAN",0,0,"NAN",0,0,0,0,0,0,0,0,0,"NAN",0,"NAN","NAN","NAN",11.63,12.05,12.06,12.14,12.12,12.33,7.392,12.03,12.52,"NAN",12.15,"NAN","NAN","NAN",95.5,95.3,91.5,86.8,90.6,91.8,90.1,96.9,92,"NAN",88.9,"NAN","NAN","NAN",1028,1029,1027,1022,1028,1028,676.2,1029,1028,"NAN",1028,"NAN","NAN","NAN",15,47,75,47,91,71,75,48,75,"NAN",145,"NAN","NAN",22.01,22.09,22.03,21.96,22.82,22.61,23.82,23.86,24.24,25.2,24.49,24.96,0,0,22.66,22.62,23.26,24.09,24.49,25.17,25.33,25.89,25.77,26.46,26.41,27.98,0,0,"NAN","NAN","NAN","NAN","NAN","NAN","NAN","NAN","NAN","NAN","NAN","NAN",0,0,20.44,23.39,21.8,25.3,23.58,26.16,28.55,27.43,28.08,26.89,29.36,30.81,0,0,"NAN",0,"NAN","NAN"
"2026-09-15 04:51:00",96121,13.72,13.44,0,"NAN",0,0,0,0,0,0,0,0,0,"NAN","NAN",0,0,"NAN",0,0,0,0,0,0,0,0,0,"NAN",0,"NAN","NAN","NAN",11.61,12.04,12.05,12.14,12.13,12.32,7.378,12.02,12.51,"NAN",12.13,"NAN","NAN","NAN",95.5,95.3,91.6,86.8,90.6,91.9,90.1,97,92,"NAN",88.9,"NAN","NAN","NAN",1028,1029,1027,1022,1028,1028,676,1029,1028,"NAN",1028,"NAN","NAN","NAN",23,55,83,55,99,79,83,56,83,"NAN",153,"NAN","NAN",22.01,22.09,22.03,21.95,22.82,22.6,23.82,23.86,24.24,25.2,24.48,24.95,0,0,22.66,22.62,23.26,24.09,24.49,25.17,25.32,25.89,25.77,26.46,26.4,27.98,0,0,"NAN","NAN","NAN","NAN","NAN","NAN","NAN","NAN","NAN","NAN","NAN","NAN",0,0,20.44,23.39,21.8,25.3,23.58,26.16,28.55,27.43,28.08,26.89,29.36,30.81,0,0,"NAN",0,"NAN","NAN"
"2026-09-15 04:52:00",96122,13.73,13.43,0,"NAN",0,0,0,0,0,0,0,0,0,"NAN","NAN",0,0,"NAN",0,0,0,0,0,0,0,0,0,"NAN",0,"NAN","NAN","NAN",11.61,12.04,12.05,12.14,12.13,12.31,7.363,12,12.51,"NAN",12.12,"NAN","NAN","NAN",95.7,95.3,91.7,86.7,90.7,91.9,90.1,97,92.1,"NAN",88.9,"NAN","NAN","NAN",1028,1029,1027,1022,1028,1028,675.7,1029,1028,"NAN",1028,"NAN","NAN","NAN",31,63,91,63,107,87,91,64,91,"NAN",161,"NAN","NAN",22,22.09,22.02,21.95,22.82,22.6,23.81,23.86,24.24,25.2,24.48,24.95,0,0,22.66,22.62,23.26,24.08,24.49,25.17,25.33,25.89,25.77,26.45,26.4,27.98,0,0,"NAN","NAN","NAN","NAN","NAN","NAN","NAN","NAN","NAN","NAN","NAN","NAN",0,0,20.44,23.39,21.8,25.3,23.58,26.16,28.55,27.43,28.08,26.89,29.35,30.81,0,0,"NAN",0,"NAN","NAN"
"2026-09-15 04:53:00",96123,13.75,13.42,0,"NAN",0,0,0,0,0,0,0,0,0,"NAN","NAN",0,0,"NAN",0,0,0,0,0,0,0,0,0,"NAN",0,"NAN","NAN","NAN",11.61,12.04,12.05,12.13,12.13,12.29,7.353,12,12.51,"NAN",12.11,"NAN","NAN","NAN",95.8,95.3,91.8,86.7,90.7,91.6,90.2,97.1,92.1,"NAN",88.9,"NAN","NAN","NAN",1028,1029,1027,1022,1028,1028,676.1,1029,1028,"NAN",1028,"NAN","NAN","NAN",39,71,99,71,115,95,99,72,99,"NAN",169,"NAN","NAN",22.01,22.08,22.02,21.94,22.81,22.6,23.81,23.85,24.24,25.19,24.48,24.95,0,0,22.66,22.61,23.26,24.08,24.49,25.17,25.33,25.89,25.77,26.46,26.4,27.98,0,0,"NAN","NAN","NAN","NAN","NAN","NAN","NAN","NAN","NAN","NAN","NAN","NAN",0,0,20.44,23.39,21.8,25.3,23.58,26.16,28.55,27.43,28.08,26.89,29.36,30.81,0,0,"NAN",0,"NAN","NAN"
"2026-09-15 04:54:00",96124,13.73,13.41,0,"NAN",0,0,0,0,0,0,0,0,0,"NAN","NAN",0,0,"NAN",0,0,0,0,0,0,0,0,0,"NAN",0,"NAN","NAN","NAN",11.6,12.03,12.06,12.11,12.12,12.27,7.343,12.01,12.5,"NAN",12.1,"NAN","NAN","NAN",95.8,95.4,91.9,86.7,90.7,91.5,90.3,97.1,92.1,"NAN",88.9,"NAN","NAN","NAN",1028,1029,1027,1022,1028,1028,676.2,1029,1028,"NAN",1028,"NAN","NAN","NAN",47,79,107,79,123,103,107,80,107,"NAN",177,"NAN","NAN",22,22.08,22.02,21.94,22.81,22.59,23.81,23.85,24.24,25.19,24.48,24.94,0,0,22.66,22.62,23.25,24.08,24.49,25.16,25.32,25.89,25.77,26.45,26.4,27.98,0,0,"NAN","NAN","NAN","NAN","NAN","NAN","NAN","NAN","NAN","NAN","NAN","NAN",0,0,20.44,23.39,21.8,25.3,23.58,26.16,28.55,27.43,28.08,26.89,29.35,30.81,0,0,"NAN",0,"NAN","NAN"
"2026-09-15 04:55:00",96125,13.72,13.4,0,"NAN",0,0,0,0,0,0,0,0,0,"NAN","NAN",0,0,"NAN",0,0,0,0,0,0,0,0,0,"NAN",0,"NAN","NAN","NAN",11.6,12.03,12.08,12.1,12.13,12.25,7.342,12.02,12.5,"NAN",12.11,"NAN","NAN","NAN",95.9,95.4,92,86.9,90.7,91.5,90.4,97.2,92.2,"NAN",89,"NAN","NAN","NAN",1028,1029,1027,1022,1028,1028,676.2,1029,1028,"NAN",1028,"NAN","NAN","NAN",55,87,115,87,131,111,115,88,115,"NAN",185,"NAN","NAN",21.99,22.08,22.01,21.94,22.81,22.59,23.81,23.85,24.23,25.19,24.48,24.94,0,0,22.66,22.62,23.25,24.09,24.49,25.17,25.32,25.89,25.77,26.46,26.4,27.98,0,0,"NAN","NAN","NAN","NAN","NAN","NAN","NAN","NAN","NAN","NAN","NAN","NAN",0,0,20.44,23.39,21.8,25.3,23.58,26.16,28.55,27.43,28.08,26.89,29.35,30.81,0,0,"NAN",0,"NAN","NAN"
"2026-09-15 04:56:00",96126,13.73,13.39,0,"NAN",0,0,0,0,0,0,0,0,0,"NAN","NAN",0,0,"NAN",0,0,0,0,0,0,0,0,0,"NAN",0,"NAN","NAN","NAN",11.6,12.03,12.09,12.08,12.12,12.24,7.334,12.01,12.48,"NAN",12.09,"NAN","NAN","NAN",96,95.4,91.9,87,90.7,91.4,90.5,97.2,92.1,"NAN",89,"NAN","NAN","NAN",1028,1029,1027,1022,1028,1028,676.1,1029,1028,"NAN",1028,"NAN","NAN","NAN",63,95,123,95,139,119,123,96,123,"NAN",193,"NAN","NAN",22,22.08,22.01,21.93,22.81,22.58,23.8,23.85,24.23,25.19,24.47,24.94,0,0,22.66,22.62,23.25,24.08,24.49,25.16,25.32,25.89,25.77,26.45,26.4,27.98,0,0,"NAN","NAN","NAN","NAN","NAN","NAN","NAN","NAN","NAN","NAN","NAN","NAN",0,0,20.44,23.39,21.8,25.3,23.58,26.16,28.55,27.43,28.08,26.89,29.36,30.81,0,0,"NAN",0,"NAN","NAN"
"2026-09-15 04:57:00",96127,13.73,13.39,0,"NAN",0,0,0,0,0,0,0,0,0,"NAN","NAN",0,0,"NAN",0,0,0,0,0,0,0,0,0,"NAN",0,"NAN","NAN","NAN",11.61,12.03,12.08,12.08,12.13,12.22,7.327,12.02,12.49,"NAN",12.13,"NAN","NAN","NAN",96.1,95.4,91.9,87.1,90.7,91.4,90.5,97.3,92.2,"NAN",89.1,"NAN","NAN","NAN",1028,1029,1027,1022,1028,1028,675.9,1029,1028,"NAN",1028,"NAN","NAN","NAN",71,103,131,103,147,127,131,104,131,"NAN",201,"NAN","NAN",21.99,22.07,22.01,21.93,22.8,22.58,23.8,23.84,24.23,25.19,24.47,24.94,0,0,22.66,22.62,23.25,24.08,24.49,25.16,25.32,25.89,25.77,26.46,26.4,27.98,0,0,"NAN","NAN","NAN","NAN","NAN","NAN","NAN","NAN","NAN","NAN","NAN","NAN",0,0,20.44,23.39,21.8,25.3,23.58,26.16,28.55,27.43,28.08,26.89,29.36,30.81,0,0,"NAN",0,"NAN","NAN"
"2026-09-15 04:58:00",96128,13.72,13.38,0,"NAN",0,0,0,0,0,0,0,0,0,"NAN","NAN",0,0,"NAN",0,0,0,0,0,0,0,0,0,"NAN",0,"NAN","NAN","NAN",11.61,12.04,12.08,12.08,12.13,12.2,7.323,12.03,12.48,"NAN",12.12,"NAN","NAN","NAN",96.1,95.5,91.9,87.2,90.7,91.5,90.6,97.3,92.2,"NAN",89.1,"NAN","NAN","NAN",1028,1029,1027,1022,1028,1028,676.1,1029,1028,"NAN",1028,"NAN","NAN","NAN",79,111,139,111,155,135,139,112,139,"NAN",209,"NAN","NAN",21.99,22.07,22,21.93,22.8,22.58,23.8,23.84,24.23,25.18,24.47,24.93,0,0,22.66,22.62,23.25,24.08,24.49,25.16,25.32,25.89,25.77,26.45,26.4,27.98,0,0,"NAN","NAN","NAN","NAN","NAN","NAN","NAN","NAN","NAN","NAN","NAN","NAN",0,0,20.44,23.39,21.8,25.3,23.58,26.16,28.55,27.43,28.08,26.89,29.35,30.81,0,0,"NAN",0,"NAN","NAN"
"2026-09-15 04:59:00",96129,13.73,13.37,0,"NAN",0,0,0,0,0,0,0,0,0,"NAN","NAN",0,0,"NAN",0,0,0,0,0,0,0,0,0,"NAN",0,"NAN","NAN","NAN",11.6,12.03,12.08,12.07,12.13,12.19,7.308,12.03,12.47,"NAN",12.13,"NAN","NAN","NAN",96.1,95.5,91.9,87.2,90.7,91.7,90.5,97.3,92.2,"NAN",89.1,"NAN","NAN","NAN",1028,1029,1027,1022,1028,1028,675.9,1029,1028,"NAN",1028,"NAN","NAN","NAN",87,119,147,119,163,143,147,120,147,"NAN",217,"NAN","NAN",21.98,22.07,22,21.92,22.8,22.57,23.79,23.84,24.23,25.18,24.46,24.93,0,0,22.66,22.62,23.25,24.08,24.49,25.16,25.32,25.89,25.77,26.45,26.4,27.98,0,0,"NAN","NAN","NAN","NAN","NAN","NAN","NAN","NAN","NAN","NAN","NAN","NAN",0,0,20.44,23.4,21.79,25.3,23.58,26.16,28.55,27.42,28.08,26.89,29.36,30.81,0,0,"NAN",0,"NAN","NAN"
"2026-09-15 05:00:00",96130,13.73,13.36,0,"NAN",0,0,0,0,0,0,0,0,0,"NAN","NAN",0,0,"NAN",0,0,0,0,0,0,0,0,0,"NAN",0,"NAN","NAN","NAN",11.6,12.04,12.1,12.08,12.16,12.19,7.303,12.05,12.49,"NAN",12.14,"NAN","NAN","NAN",96.1,95.5,92,87.2,90.7,91.8,90.5,97.3,92.3,"NAN",89.2,"NAN","NAN","NAN",1028,1029,1027,1022,1028,1028,676,1029,1028,"NAN",1028,"NAN","NAN","NAN",95,127,155,127,171,151,155,127,155,"NAN",224,"NAN","NAN",21.98,22.07,22,21.92,22.79,22.57,23.79,23.84,24.22,25.18,24.46,24.93,0,0,22.66,22.62,23.25,24.08,24.49,25.16,25.32,25.89,25.77,26.45,26.4,27.98,0,0,"NAN","NAN","NAN","NAN","NAN","NAN","NAN","NAN","NAN","NAN","NAN","NAN",0,0,20.44,23.39,21.8,25.3,23.58,26.16,28.55,27.43,28.08,26.89,29.35,30.81,0,0,"NAN",0,"NAN","NAN"
"2026-09-15 05:01:00",96131,13.73,13.36,0,"NAN",0,0,0,0,0,0,0,0,0,"NAN","NAN",0,0,"NAN",0,0,0,0,0,0,0,0,0,"NAN",0,"NAN","NAN","NAN",11.59,12.03,12.09,12.09,12.15,12.18,7.298,12.05,12.5,"NAN",12.15,"NAN","NAN","NAN",96.1,95.5,91.9,87.2,90.7,92,90.6,97.3,92.3,"NAN",89.1,"NAN","NAN","NAN",1028,1029,1027,1022,1028,1028,675.9,1029,1028,"NAN",1028,"NAN","NAN","NAN",103,135,163,135,179,159,163,135,163,"NAN",232,"NAN","NAN",21.98,22.06,21.99,21.92,22.79,22.57,23.79,23.83,24.22,25.18,24.46,24.92,0,0,22.66,22.62,23.25,24.08,24.48,25.16,25.32,25.89,25.77,26.45,26.4,27.98,0,0,"NAN","NAN","NAN","NAN","NAN","NAN","NAN","NAN","NAN","NAN","NAN","NAN",0,0,20.44,23.39,21.8,25.3,23.58,26.16,28.55,27.43,28.08,26.89,29.35,30.81,0,0,"NAN",0,"NAN","NAN"
"2026-09-15 05:02:00",96132,13.73,13.35,0,"NAN",0,0,0,0,0,0,0,0,0,"NAN","NAN",0,0,"NAN",0,0,0,0,0,0,0,0,0,"NAN",0,"NAN","NAN","NAN",11.59,12.03,12.06,12.09,12.13,12.19,7.298,12.03,12.49,"NAN",0,"NAN","NAN","NAN",96.1,95.6,91.8,87.2,90.7,92.1,90.7,97.2,92.3,"NAN",0,"NAN","NAN","NAN",1028,1029,1027,1022,1028,1028,676.2,1029,1028,"NAN",0,"NAN","NAN","NAN",111,143,171,143,187,167,171,143,171,"NAN",0,"NAN","NAN",21.97,22.06,21.99,21.91,22.79,22.56,23.79,23.83,24.22,25.18,24.46,24.93,0,0,22.66,22.61,23.25,24.08,24.48,25.16,25.32,25.89,25.77,26.45,26.4,27.98,0,0,"NAN","NAN","NAN","NAN","NAN","NAN","NAN","NAN","NAN","NAN","NAN","NAN",0,0,20.44,23.4,21.8,25.3,23.58,26.16,28.55,27.43,28.08,26.89,29.36,30.81,0,0,"NAN",0,"NAN","NAN"
"2026-09-15 05:03:00",96133,13.72,13.34,0,"NAN",0,0,0,0,0,0,0,0,0,"NAN","NAN",0,0,"NAN",0,0,0,0,0,0,0,0,0,"NAN",0,"NAN","NAN","NAN",11.59,12.05,12.04,12.1,12.12,12.19,7.292,12.02,12.41,"NAN",12.15,"NAN","NAN","NAN",96.1,95.6,91.8,87.2,90.7,92.1,90.7,97.2,92,"NAN",89,"NAN","NAN","NAN",1028,1029,1027,1022,1028,1028,676.1,1029,1028,"NAN",1028,"NAN","NAN","NAN",7,3,179,7,195,175,179,7,179,"NAN",1,"NAN","NAN",21.98,22.06,21.99,21.91,22.79,22.56,23.78,23.83,24.22,25.18,24.45,24.92,0,0,22.66,22.61,23.25,24.08,24.48,25.16,25.32,25.89,25.77,26.45,26.4,27.98,0,0,"NAN","NAN","NAN","NAN","NAN","NAN","NAN","NAN","NAN","NAN","NAN","NAN",0,0,20.44,23.4,21.8,25.3,23.58,26.16,28.55,27.43,28.08,26.89,29.36,30.81,0,0,"NAN",0,"NAN","NAN"
"2026-09-15 05:04:00",96134,13.74,13.33,0,"NAN",0,0,0,0,0,0,0,0,0,"NAN","NAN",0,0,"NAN",0,0,0,0,0,0,0,0,0,"NAN",0,"NAN","NAN","NAN",11.57,12.01,12.01,12.08,12.1,12.18,7.29,12.01,12.34,"NAN",12.13,"NAN","NAN","NAN",96.1,95.6,91.8,87.2,90.7,92.1,90.7,97.2,91.7,"NAN",89,"NAN","NAN","NAN",1028,1029,1027,1022,1028,1028,676,1029,1028,"NAN",1028,"NAN","NAN","NAN",15,11,187,15,203,183,187,15,187,"NAN",4,"NAN","NAN",21.97,22.06,21.98,21.91,22.78,22.56,23.78,23.83,24.22,25.17,24.45,24.92,0,0,22.66,22.61,23.25,24.08,24.48,25.16,25.31,25.89,25.76,26.45,26.4,27.98,0,0,"NAN","NAN","NAN","NAN","NAN","NAN","NAN","NAN","NAN","NAN","NAN","NAN",0,0,20.44,23.4,21.8,25.3,23.58,26.16,28.55,27.43,28.08,26.89,29.36,30.81,0,0,"NAN",0,"NAN","NAN"
"2026-09-15 05:05:00",96135,13.71,13.33,0,"NAN",0,0,0,0,0,0,0,0,0,"NAN","NAN",0,0,"NAN",0,0,0,0,0,0,0,0,0,"NAN",0,"NAN","NAN","NAN",11.57,12,12,12.08,12.08,12.18,7.288,12,12.28,"NAN",12.11,"NAN","NAN","NAN",96.1,95.6,91.8,87.1,90.7,92.1,90.7,97.2,91.5,"NAN",89,"NAN","NAN","NAN",1028,1029,1027,1022,1028,1028,676.1,1029,1028,"NAN",1028,"NAN","NAN","NAN",23,19,195,23,211,191,195,23,195,"NAN",12,"NAN","NAN",21.97,22.05,21.98,21.9,22.78,22.55,23.78,23.82,24.21,25.17,24.45,24.92,0,0,22.66,22.61,23.25,24.08,24.48,25.16,25.32,25.89,25.76,26.45,26.4,27.98,0,0,"NAN","NAN","NAN","NAN","NAN","NAN","NAN","NAN","NAN","NAN","NAN","NAN",0,0,20.44,23.4,21.8,25.3,23.58,26.16,28.55,27.43,28.08,26.89,29.36,30.81,0,0,"NAN",0,"NAN","NAN"
"2026-09-15 05:06:00",96136,13.75,13.32,0,"NAN",0,0,0,0,0,0,0,0,0,"NAN","NAN",0,0,"NAN",0,0,0,0,0,0,0,0,0,"NAN",0,"NAN","NAN","NAN",11.56,11.98,12.01,12.07,12.07,12.17,7.28,12,12.23,"NAN",12.08,"NAN","NAN","NAN",96.1,95.6,91.9,87.1,90.7,92.1,90.7,97.2,91.3,"NAN",89,"NAN","NAN","NAN",1028,1029,1027,1022,1028,1029,676,1029,1028,"NAN",1028,"NAN","NAN","NAN",31,27,203,31,219,199,203,31,203,"NAN",20,"NAN","NAN",21.97,22.05,21.98,21.9,22.78,22.55,23.78,23.82,24.21,25.17,24.45,24.91,0,0,22.65,22.61,23.25,24.07,24.48,25.16,25.31,25.88,25.76,26.45,26.4,27.98,0,0,"NAN","NAN","NAN","NAN","NAN","NAN","NAN","NAN","NAN","NAN","NAN","NAN",0,0,20.44,23.39,21.8,25.3,23.58,26.16,28.55,27.43,28.08,26.89,29.35,30.81,0,0,"NAN",0,"NAN","NAN"
"2026-09-15 05:07:00",96137,13.73,13.31,0,"NAN",0,0,0,0,0,0,0,0,0,"NAN","NAN",0,0,"NAN",0,0,0,0,0,0,0,0,0,"NAN",0,"NAN","NAN","NAN",11.55,11.98,12.03,12.1,12.08,12.16,7.274,11.99,12.18,"NAN",12.09,"NAN","NAN","NAN",96.1,95.5,92,87.1,90.7,92.1,90.7,97.3,91.3,"NAN",89.1,"NAN","NAN","NAN",1028,1029,1027,1022,1028,1029,676,1029,1028,"NAN",1028,"NAN","NAN","NAN",39,35,211,3,227,207,211,39,211,"NAN",28,"NAN","NAN",21.96,22.05,21.97,21.9,22.78,22.55,23.77,23.82,24.21,25.17,24.44,24.91,0,0,22.65,22.61,23.25,24.08,24.48,25.16,25.32,25.88,25.76,26.45,26.39,27.98,0,0,"NAN","NAN","NAN","NAN","NAN","NAN","NAN","NAN","NAN","NAN","NAN","NAN",0,0,20.44,23.39,21.8,25.3,23.58,26.16,28.55,27.43,28.08,26.89,29.36,30.81,0,0,"NAN",0,"NAN","NAN"
"2026-09-15 05:08:00",96138,13.75,13.3,0,"NAN",0,0,0,0,0,0,0,0,0,"NAN","NAN",0,0,"NAN",0,0,0,0,0,0,0,0,0,"NAN",0,"NAN","NAN","NAN",11.59,11.98,12.04,0,12.1,12.2,7.26,11.98,12.24,"NAN",0,"NAN","NAN","NAN",96.1,95.6,92,0,90.8,92.1,90.7,97.3,91.4,"NAN",0,"NAN","NAN","NAN",1028,1029,1027,0,1028,1029,676.1,1029,1028,"NAN",0,"NAN","NAN","NAN",3,43,219,0,236,3,220,48,1,"NAN",0,"NAN","NAN",21.96,22.05,21.97,21.89,22.77,22.54,23.77,23.82,24.21,25.16,24.44,24.91,0,0,22.65,22.61,23.25,24.08,24.48,25.16,25.31,25.88,25.76,26.44,26.39,27.98,0,0,"NAN","NAN","NAN","NAN","NAN","NAN","NAN","NAN","NAN","NAN","NAN","NAN",0,0,20.44,23.39,21.8,25.3,23.58,26.16,28.55,27.43,28.08,26.89,29.35,30.81,0,0,"NAN",0,"NAN","NAN"
"2026-09-15 05:09:00",96139,13.73,13.29,0,"NAN",0,0,0,0,0,0,0,0,0,"NAN","NAN",0,0,"NAN",0,0,0,0,0,0,0,0,0,"NAN",0,"NAN","NAN","NAN",11.54,11.98,12,12.07,12.07,12.16,7.256,11.98,12.22,"NAN",12.09,"NAN","NAN","NAN",96.1,95.6,91.8,87.1,90.8,92.1,90.7,97.3,91.8,"NAN",89.1,"NAN","NAN","NAN",1029,1029,1027,1022,1028,1029,676,1029,1028,"NAN",1028,"NAN","NAN","NAN",11,7,227,3,3,11,228,53,9,"NAN",9,"NAN","NAN",21.95,22.05,21.97,21.89,22.77,22.54,23.77,23.82,24.21,25.16,24.44,24.91,0,0,22.65,22.61,23.25,24.08,24.48,25.16,25.31,25.88,25.76,26.44,26.39,27.98,0,0,"NAN","NAN","NAN","NAN","NAN","NAN","NAN","NAN","NAN","NAN","NAN","NAN",0,0,20.44,23.39,21.79,25.3,23.57,26.16,28.55,27.43,28.08,26.89,29.36,30.81,0,0,"NAN",0,"NAN","NAN"
"2026-09-15 05:10:00",96140,13.74,13.28,0,"NAN",0,0,0,0,0,0,0,0,0,"NAN","NAN",0,0,"NAN",0,0,0,0,0,0,0,0,0,"NAN",0,"NAN","NAN","NAN",11.52,11.97,12,12.06,12.08,12.16,7.252,11.99,12.26,"NAN",12.08,"NAN","NAN","NAN",96,95.6,91.9,87.1,90.7,92.2,90.8,97.3,92.1,"NAN",89.1,"NAN","NAN","NAN",1029,1029,1027,1022,1028,1029,675.8,1029,1028,"NAN",1028,"NAN","NAN","NAN",19,15,7,11,11,19,236,7,3,"NAN",16,"NAN","NAN",21.95,22.04,21.96,21.88,22.77,22.54,23.76,23.81,24.2,25.16,24.44,24.9,0,0,22.65,22.61,23.25,24.08,24.48,25.16,25.31,25.88,25.76,26.45,26.39,27.98,0,0,"NAN","NAN","NAN","NAN","NAN","NAN","NAN","NAN","NAN","NAN","NAN","NAN",0,0,20.44,23.39,21.8,25.3,23.58,26.16,28.55,27.43,28.08,26.89,29.36,30.81,0,0,"NAN",0,"NAN","NAN"
"2026-09-15 05:11:00",96141,13.73,13.27,0,"NAN",0,0,0,0,0,0,0,0,0,"NAN","NAN",0,0,"NAN",0,0,0,0,0,0,0,0,0,"NAN",0,"NAN","NAN","NAN",11.51,11.96,11.98,12.09,12.08,12.15,7.237,11.98,12.27,"NAN",12.07,"NAN","NAN","NAN",96.1,95.6,91.9,87.1,90.8,92.1,90.8,97.3,92.3,"NAN",89.1,"NAN","NAN","NAN",1029,1029,1027,1022,1028,1029,675.6,1029,1028,"NAN",1028,"NAN","NAN","NAN",27,23,15,3,19,27,3,15,11,"NAN",24,"NAN","NAN",21.95,22.04,21.96,21.88,22.76,22.53,23.76,23.81,24.2,25.16,24.44,24.9,0,0,22.65,22.61,23.25,24.08,24.48,25.16,25.31,25.88,25.76,26.45,26.39,27.98,0,0,"NAN","NAN","NAN","NAN","NAN","NAN","NAN","NAN","NAN","NAN","NAN","NAN",0,0,20.44,23.39,21.79,25.3,23.58,26.16,28.55,27.43,28.08,26.89,29.36,30.81,0,0,"NAN",0,"NAN","NAN"
"2026-09-15 05:12:00",96142,13.73,13.27,0,"NAN",0,0,0,0,0,0,0,0,0,"NAN","NAN",0,0,"NAN",0,0,0,0,0,0,0,0,0,"NAN",0,"NAN","NAN","NAN",11.49,11.96,11.99,12.08,12.05,12.17,7.234,11.97,0,"NAN",12.07,"NAN","NAN","NAN",96,95.6,92,87.1,90.8,91.9,90.7,97.3,0,"NAN",89.2,"NAN","NAN","NAN",1029,1029,1027,1022,1028,1029,676,1029,0,"NAN",1028,"NAN","NAN","NAN",35,31,23,3,27,3,11,23,0,"NAN",32,"NAN","NAN",21.94,22.04,21.96,21.88,22.76,22.53,23.76,23.81,24.2,25.16,24.43,24.9,0,0,22.65,22.61,23.24,24.08,24.48,25.15,25.31,25.88,25.76,26.45,26.39,27.98,0,0,"NAN","NAN","NAN","NAN","NAN","NAN","NAN","NAN","NAN","NAN","NAN","NAN",0,0,20.44,23.39,21.8,25.3,23.58,26.16,28.55,27.43,28.08,26.89,29.36,30.81,0,0,"NAN",0,"NAN","NAN"
"2026-09-15 05:13:00",96143,13.73,13.26,0,"NAN",0,0,0,0,0,0,0,0,0,"NAN","NAN",0,0,"NAN",0,0,0,0,0,0,0,0,0,"NAN",0,"NAN","NAN","NAN",11.53,11.94,11.96,12.03,12.02,12.13,7.224,11.93,0,"NAN",12.04,"NAN","NAN","NAN",95.7,95.6,91.9,87.1,90.8,91.9,90.7,97.2,0,"NAN",89.2,"NAN","NAN","NAN",1029,1029,1027,1022,1029,1029,675.9,1029,0,"NAN",1028,"NAN","NAN","NAN",1,38,31,11,31,11,19,31,0,"NAN",41,"NAN","NAN",21.95,22.04,21.95,21.87,22.76,22.53,23.75,23.81,24.2,25.15,24.43,24.9,0,0,22.65,22.61,23.24,24.08,24.48,25.16,25.31,25.88,25.76,26.45,26.39,27.98,0,0,"NAN","NAN","NAN","NAN","NAN","NAN","NAN","NAN","NAN","NAN","NAN","NAN",0,0,20.44,23.39,21.8,25.3,23.58,26.16,28.55,27.43,28.08,26.89,29.36,30.81,0,0,"NAN",0,"NAN","NAN"
"2026-09-15 05:14:00",96144,13.72,13.25,0,"NAN",0,0,0,0,0,0,0,0,0,"NAN","NAN",0,0,"NAN",0,0,0,0,0,0,0,0,0,"NAN",0,"NAN","NAN","NAN",11.45,11.93,11.94,12.02,12.01,12.12,7.211,11.89,12.3,"NAN",12.04,"NAN","NAN","NAN",95.6,95.6,91.9,87.1,90.9,91.8,90.6,97.2,92.4,"NAN",89.2,"NAN","NAN","NAN",1029,1029,1027,1022,1029,1029,675.9,1029,1028,"NAN",1028,"NAN","NAN","NAN",7,7,39,7,8,7,27,39,7,"NAN",5,"NAN","NAN",21.94,22.03,21.95,21.87,22.76,22.52,23.75,23.8,24.2,25.15,24.43,24.89,0,0,22.65,22.61,23.24,24.07,24.48,25.15,25.31,25.88,25.76,26.44,26.39,27.98,0,0,"NAN","NAN","NAN","NAN","NAN","NAN","NAN","NAN","NAN","NAN","NAN","NAN",0,0,20.44,23.39,21.8,25.3,23.58,26.16,28.55,27.43,28.08,26.89,29.36,30.81,0,0,"NAN",0,"NAN","NAN"
"2026-09-15 05:15:00",96145,13.73,13.24,0,"NAN",0,0,0,0,0,0,0,0,0,"NAN","NAN",0,0,"NAN",0,0,0,0,0,0,0,0,0,"NAN",0,"NAN","NAN","NAN",11.41,11.92,11.91,12.01,12.05,12.1,0,11.89,12.29,"NAN",12.03,"NAN","NAN","NAN",95.5,95.6,91.9,87.1,90.8,91.9,0,97.3,92.5,"NAN",89.2,"NAN","NAN","NAN",1029,1029,1027,1022,1029,1029,0,1029,1028,"NAN",1028,"NAN","NAN","NAN",15,15,47,15,3,15,0,47,11,"NAN",5,"NAN","NAN",21.94,22.03,21.95,21.87,22.75,22.52,23.75,23.8,24.2,25.15,24.43,24.89,0,0,22.65,22.61,23.24,24.07,24.48,25.15,25.31,25.88,25.76,26.44,26.39,27.98,0,0,"NAN","NAN","NAN","NAN","NAN","NAN","NAN","NAN","NAN","NAN","NAN","NAN",0,0,20.44,23.4,21.8,25.3,23.58,26.16,28.55,27.43,28.08,26.89,29.36,30.81,0,0,"NAN",0,"NAN","NAN"
"2026-09-15 05:16:00",96146,13.74,13.23,0,"NAN",0,0,0,0,0,0,0,0,0,"NAN","NAN",0,0,"NAN",0,0,0,0,0,0,0,0,0,"NAN",0,"NAN","NAN","NAN",11.42,11.93,11.91,0,12.02,0,7.258,11.89,12.3,"NAN",12.01,"NAN","NAN","NAN",95.5,95.6,91.9,0,90.9,0,90.5,97.4,92.6,"NAN",89.3,"NAN","NAN","NAN",1029,1029,1027,0,1029,0,677.6,1029,1028,"NAN",1028,"NAN","NAN","NAN",3,3,51,0,4,0,4,55,8,"NAN",13,"NAN","NAN",21.93,22.03,21.94,21.86,22.75,22.51,23.75,23.8,24.19,25.15,24.42,24.88,0,0,22.65,22.61,23.24,24.07,24.48,25.15,25.31,25.88,25.75,26.44,26.39,27.98,0,0,"NAN","NAN","NAN","NAN","NAN","NAN","NAN","NAN","NAN","NAN","NAN","NAN",0,0,20.44,23.39,21.8,25.3,23.58,26.16,28.55,27.43,28.08,26.89,29.36,30.81,0,0,"NAN",0,"NAN","NAN"
"2026-09-15 05:17:00",96147,13.72,13.22,0,"NAN",0,0,0,0,0,0,0,0,0,"NAN","NAN",0,0,"NAN",0,0,0,0,0,0,0,0,0,"NAN",0,"NAN","NAN","NAN",11.38,11.92,11.91,12.01,12.05,12.1,7.185,11.9,12.3,"NAN",12.01,"NAN","NAN","NAN",95.5,95.6,92,87.1,90.9,92,90.6,97.5,92.5,"NAN",89.4,"NAN","NAN","NAN",1029,1029,1027,1022,1028,1029,676.5,1029,1028,"NAN",1028,"NAN","NAN","NAN",11,3,7,7,3,7,11,63,15,"NAN",20,"NAN","NAN",21.93,22.03,21.94,21.86,22.75,22.51,23.74,23.8,24.19,25.15,24.42,24.89,0,0,22.65,22.61,23.24,24.07,24.48,25.15,25.31,25.88,25.75,26.44,26.39,27.97,0,0,"NAN","NAN","NAN","NAN","NAN","NAN","NAN","NAN","NAN","NAN","NAN","NAN",0,0,20.44,23.39,21.8,25.3,23.58,26.16,28.55,27.43,28.08,26.89,29.36,30.8,0,0,"NAN",0,"NAN","NAN"
"2026-09-15 05:18:00",96148,13.74,13.21,0,"NAN",0,0,0,0,0,0,0,0,0,"NAN","NAN",0,0,"NAN",0,0,0,0,0,0,0,0,0,"NAN",0,"NAN","NAN","NAN",11.37,11.91,11.91,12,12.04,12.08,7.209,11.91,12.31,"NAN",12.02,"NAN","NAN","NAN",95.4,95.6,92.1,87.2,90.9,92.2,90.6,97.5,92.6,"NAN",89.4,"NAN","NAN","NAN",1029,1029,1027,1022,1029,1029,677.1,1029,1028,"NAN",1028,"NAN","NAN","NAN",7,7,15,15,7,15,3,71,23,"NAN",28,"NAN","NAN",21.93,22.02,21.94,21.86,22.75,22.51,23.74,23.79,24.19,25.14,24.42,24.88,0,0,22.65,22.61,23.24,24.07,24.48,25.15,25.31,25.88,25.75,26.44,26.39,27.97,0,0,"NAN","NAN","NAN","NAN","NAN","NAN","NAN","NAN","NAN","NAN","NAN","NAN",0,0,20.44,23.39,21.8,25.3,23.58,26.16,28.55,27.43,28.08,26.89,29.36,30.81,0,0,"NAN",0,"NAN","NAN"
"2026-09-15 05:19:00",96149,13.74,13.2,0,"NAN",0,0,0,0,0,0,0,0,0,"NAN","NAN",0,0,"NAN",0,0,0,0,0,0,0,0,0,"NAN",0,"NAN","NAN","NAN",11.35,11.89,11.9,11.99,12.02,12.07,7.171,11.91,12.32,"NAN",12.01,"NAN","NAN","NAN",95.6,95.7,92.1,87.2,90.9,92.2,90.7,97.5,92.6,"NAN",89.4,"NAN","NAN","NAN",1029,1029,1027,1022,1028,1029,676.1,1029,1028,"NAN",1028,"NAN","NAN","NAN",15,15,23,23,15,23,11,79,31,"NAN",36,"NAN","NAN",21.92,22.02,21.93,21.85,22.74,22.5,23.74,23.79,24.19,25.14,24.42,24.88,0,0,22.65,22.6,23.24,24.07,24.48,25.15,25.31,25.88,25.75,26.44,26.39,27.97,0,0,"NAN","NAN","NAN","NAN","NAN","NAN","NAN","NAN","NAN","NAN","NAN","NAN",0,0,20.44,23.39,21.8,25.3,23.58,26.16,28.55,27.43,28.08,26.89,29.36,30.81,0,0,"NAN",0,"NAN","NAN"
"2026-09-15 05:20:00",96150,13.72,13.19,0,"NAN",0,0,0,0,0,0,0,0,0,"NAN","NAN",0,0,"NAN",0,0,0,0,0,0,0,0,0,"NAN",0,"NAN","NAN","NAN",11.34,11.86,11.88,11.96,11.96,12.06,7.148,11.87,12.32,"NAN",11.97,"NAN","NAN","NAN",95.5,95.7,92.1,87.1,91,92.2,90.7,97.4,92.6,"NAN",89.2,"NAN","NAN","NAN",1029,1029,1027,1022,1029,1029,675.8,1029,1028,"NAN",1028,"NAN","NAN","NAN",23,23,31,31,24,31,20,87,31,"NAN",5,"NAN","NAN",21.92,22.02,21.93,21.85,22.74,22.5,23.73,23.79,24.19,25.14,24.41,24.88,0,0,22.65,22.6,23.24,24.07,24.48,25.15,25.31,25.88,25.75,26.44,26.39,27.97,0,0,"NAN","NAN","NAN","NAN","NAN","NAN","NAN","NAN","NAN","NAN","NAN","NAN",0,0,20.44,23.39,21.8,25.3,23.58,26.16,28.55,27.43,28.08,26.89,29.35,30.81,0,0,"NAN",0,"NAN","NAN"
"2026-09-15 05:21:00",96151,13.73,13.18,0,"NAN",0,0,0,0,0,0,0,0,0,"NAN","NAN",0,0,"NAN",0,0,0,0,0,0,0,0,0,"NAN",0,"NAN","NAN","NAN",11.33,11.87,11.87,11.94,11.92,0,7.25,0,12.33,"NAN",0,"NAN","NAN","NAN",95.6,95.6,92.1,87,90.9,0,90.6,0,92.7,"NAN",0,"NAN","NAN","NAN",1029,1029,1027,1022,1028,0,677.3,0,1028,"NAN",0,"NAN","NAN","NAN",31,3,39,39,31,0,3,0,8,"NAN",0,"NAN","NAN",21.92,22.02,21.93,21.84,22.74,22.5,23.73,23.79,24.18,25.14,24.41,24.88,0,0,22.65,22.6,23.24,24.07,24.48,25.15,25.31,25.88,25.75,26.44,26.39,27.97,0,0,"NAN","NAN","NAN","NAN","NAN","NAN","NAN","NAN","NAN","NAN","NAN","NAN",0,0,20.44,23.39,21.8,25.3,23.57,26.16,28.55,27.43,28.08,26.89,29.36,30.81,0,0,"NAN",0,"NAN","NAN"
"2026-09-15 05:22:00",96152,13.72,13.17,0,"NAN",0,0,0,0,0,0,0,0,0,"NAN","NAN",0,0,"NAN",0,0,0,0,0,0,0,0,0,"NAN",0,"NAN","NAN","NAN",11.32,11.83,11.88,11.94,11.94,12.08,7.139,11.79,12.34,"NAN",0,"NAN","NAN","NAN",95.7,95.7,92.2,87.1,90.9,92.3,90.6,97.4,92.7,"NAN",0,"NAN","NAN","NAN",1029,1029,1027,1022,1028,1029,676.3,1029,1028,"NAN",0,"NAN","NAN","NAN",39,7,47,47,7,4,12,8,15,"NAN",0,"NAN","NAN",21.91,22.02,21.92,21.84,22.74,22.49,23.73,23.78,24.18,25.14,24.41,24.87,0,0,22.65,22.6,23.24,24.07,24.48,25.15,25.31,25.88,25.75,26.44,26.38,27.97,0,0,"NAN","NAN","NAN","NAN","NAN","NAN","NAN","NAN","NAN","NAN","NAN","NAN",0,0,20.44,23.39,21.8,25.3,23.57,26.16,28.55,27.43,28.08,26.89,29.36,30.81,0,0,"NAN",0,"NAN","NAN"
"2026-09-15 05:23:00",96153,13.73,13.16,0,"NAN",0,0,0,0,0,0,0,0,0,"NAN","NAN",0,0,"NAN",0,0,0,0,0,0,0,0,0,"NAN",0,"NAN","NAN","NAN",11.37,11.82,11.89,11.96,11.97,12.07,7.126,11.79,12.35,"NAN",11.92,"NAN","NAN","NAN",95.6,95.7,92.3,87.2,91,92.4,90.6,97.4,92.8,"NAN",89.4,"NAN","NAN","NAN",1029,1029,1027,1022,1028,1029,675.9,1029,1028,"NAN",1028,"NAN","NAN","NAN",1,15,6,55,7,7,19,8,24,"NAN",9,"NAN","NAN",21.92,22.01,21.92,21.84,22.73,22.49,23.73,23.78,24.18,25.13,24.41,24.86,0,0,22.65,22.6,23.24,24.07,24.48,25.15,25.31,25.88,25.75,26.44,26.38,27.97,0,0,"NAN","NAN","NAN","NAN","NAN","NAN","NAN","NAN","NAN","NAN","NAN","NAN",0,0,20.44,23.39,21.8,25.3,23.58,26.16,28.55,27.43,28.08,26.89,29.35,30.81,0,0,"NAN",0,"NAN","NAN"
"2026-09-15 05:24:00",96154,13.73,13.16,0,"NAN",0,0,0,0,0,0,0,0,0,"NAN","NAN",0,0,"NAN",0,0,0,0,0,0,0,0,0,"NAN",0,"NAN","NAN","NAN",11.33,11.86,11.88,11.96,11.99,12.1,7.122,11.81,12.36,"NAN",11.91,"NAN","NAN","NAN",95.7,95.7,92.3,87.2,91,92.5,90.7,97.6,92.8,"NAN",89.5,"NAN","NAN","NAN",1029,1029,1027,1022,1028,1029,676.1,1029,1028,"NAN",1028,"NAN","NAN","NAN",3,3,14,63,15,3,27,7,31,"NAN",16,"NAN","NAN",21.91,22.01,21.92,21.84,22.73,22.49,23.73,23.78,24.18,25.13,24.4,24.86,0,0,22.65,22.6,23.24,24.07,24.47,25.15,25.3,25.88,25.75,26.44,26.38,27.97,0,0,"NAN","NAN","NAN","NAN","NAN","NAN","NAN","NAN","NAN","NAN","NAN","NAN",0,0,20.44,23.39,21.8,25.3,23.57,26.16,28.55,27.43,28.08,26.89,29.35,30.81,0,0,"NAN",0,"NAN","NAN"
"2026-09-15 05:25:00",96155,13.74,13.15,0,"NAN",0,0,0,0,0,0,0,0,0,"NAN","NAN",0,0,"NAN",0,0,0,0,0,0,0,0,0,"NAN",0,"NAN","NAN","NAN",11.29,11.83,11.86,11.95,11.97,12.07,7.129,11.82,12.34,"NAN",11.91,"NAN","NAN","NAN",95.9,95.7,92.3,87.3,91.1,92.5,90.8,97.6,92.7,"NAN",89.5,"NAN","NAN","NAN",1029,1029,1027,1022,1028,1029,675.9,1029,1028,"NAN",1028,"NAN","NAN","NAN",11,11,22,71,23,11,35,15,39,"NAN",24,"NAN","NAN",21.9,22.01,21.91,21.83,22.73,22.48,23.72,23.78,24.18,25.13,24.4,24.87,0,0,22.65,22.6,23.24,24.07,24.47,25.15,25.31,25.88,25.75,26.44,26.38,27.97,0,0,"NAN","NAN","NAN","NAN","NAN","NAN","NAN","NAN","NAN","NAN","NAN","NAN",0,0,20.44,23.39,21.8,25.3,23.57,26.16,28.55,27.43,28.08,26.89,29.36,30.81,0,0,"NAN",0,"NAN","NAN"
"2026-09-15 05:26:00",96156,13.72,13.14,0,"NAN",0,0,0,0,0,0,0,0,0,"NAN","NAN",0,0,"NAN",0,0,0,0,0,0,0,0,0,"NAN",0,"NAN","NAN","NAN",11.28,11.82,11.87,11.94,11.96,12.06,7.131,11.83,12.33,"NAN",11.91,"NAN","NAN","NAN",96,95.8,92.3,87.3,91.1,92.5,90.9,97.7,92.7,"NAN",89.5,"NAN","NAN","NAN",1029,1029,1027,1022,1028,1029,675.7,1029,1028,"NAN",1028,"NAN","NAN","NAN",19,19,30,79,31,19,43,23,47,"NAN",32,"NAN","NAN",21.91,22.01,21.91,21.83,22.72,22.48,23.72,23.77,24.17,25.13,24.4,24.86,0,0,22.65,22.6,23.24,24.07,24.47,25.15,25.3,25.88,25.75,26.44,26.38,27.97,0,0,"NAN","NAN","NAN","NAN","NAN","NAN","NAN","NAN","NAN","NAN","NAN","NAN",0,0,20.44,23.39,21.8,25.3,23.57,26.16,28.56,27.43,28.08,26.89,29.36,30.81,0,0,"NAN",0,"NAN","NAN"
"2026-09-15 05:27:00",96157,13.73,13.14,0,"NAN",0,0,0,0,0,0,0,0,0,"NAN","NAN",0,0,"NAN",0,0,0,0,0,0,0,0,0,"NAN",0,"NAN","NAN","NAN",11.28,11.82,11.89,11.92,11.99,12.06,7.132,11.85,12.34,"NAN",11.92,"NAN","NAN","NAN",96.1,95.8,92.4,87.4,91.1,92.6,90.9,97.8,92.7,"NAN",89.6,"NAN","NAN","NAN",1029,1029,1027,1022,1028,1029,676.3,1029,1028,"NAN",1028,"NAN","NAN","NAN",27,27,38,87,39,27,51,31,55,"NAN",40,"NAN","NAN",21.9,22,21.91,21.82,22.72,22.48,23.72,23.77,24.17,25.13,24.4,24.86,0,0,22.64,22.6,23.24,24.07,24.47,25.15,25.31,25.88,25.75,26.44,26.38,27.97,0,0,"NAN","NAN","NAN","NAN","NAN","NAN","NAN","NAN","NAN","NAN","NAN","NAN",0,0,20.44,23.39,21.8,25.3,23.57,26.16,28.55,27.43,28.08,26.89,29.36,30.81,0,0,"NAN",0,"NAN","NAN"
"2026-09-15 05:28:00",96158,13.74,13.13,0,"NAN",0,0,0,0,0,0,0,0,0,"NAN","NAN",0,0,"NAN",0,0,0,0,0,0,0,0,0,"NAN",0,"NAN","NAN","NAN",11.28,11.83,11.9,11.92,11.99,12.06,7.142,11.88,12.34,"NAN",11.93,"NAN","NAN","NAN",96.2,95.8,92.5,87.4,91.1,92.6,91,97.9,92.7,"NAN",89.6,"NAN","NAN","NAN",1029,1029,1027,1022,1028,1029,676.1,1029,1028,"NAN",1028,"NAN","NAN","NAN",35,35,46,95,47,35,59,39,63,"NAN",48,"NAN","NAN",21.9,22,21.9,21.82,22.72,22.47,23.71,23.77,24.17,25.12,24.39,24.86,0,0,22.65,22.6,23.24,24.07,24.47,25.15,25.31,25.88,25.74,26.44,26.38,27.97,0,0,"NAN","NAN","NAN","NAN","NAN","NAN","NAN","NAN","NAN","NAN","NAN","NAN",0,0,20.44,23.39,21.8,25.3,23.57,26.16,28.55,27.43,28.08,26.89,29.36,30.81,0,0,"NAN",0,"NAN","NAN"
"2026-09-15 05:29:00",96159,13.72,13.13,0,"NAN",0,0,0,0,0,0,0,0,0,"NAN","NAN",0,0,"NAN",0,0,0,0,0,0,0,0,0,"NAN",0,"NAN","NAN","NAN",11.28,11.83,11.87,11.9,11.96,12.06,7.131,11.86,0,"NAN",11.92,"NAN","NAN","NAN",96.2,95.9,92.3,87.4,91.1,92.5,91,97.8,0,"NAN",89.6,"NAN","NAN","NAN",1029,1029,1027,1022,1028,1029,676,1029,0,"NAN",1028,"NAN","NAN","NAN",43,43,54,103,55,43,67,47,0,"NAN",56,"NAN","NAN",21.9,22,21.9,21.82,22.71,22.47,23.71,23.77,24.17,25.12,24.39,24.85,0,0,22.64,22.6,23.24,24.07,24.47,25.15,25.3,25.88,25.74,26.44,26.38,27.97,0,0,"NAN","NAN","NAN","NAN","NAN","NAN","NAN","NAN","NAN","NAN","NAN","NAN",0,0,20.44,23.39,21.8,25.3,23.57,26.16,28.55,27.43,28.08,26.89,29.35,30.81,0,0,"NAN",0,"NAN","NAN"
"2026-09-15 05:30:00",96160,13.73,13.12,0,"NAN",0,0,0,0,0,0,0,0,0,"NAN","NAN",0,0,"NAN",0,0,0,0,0,0,0,0,0,"NAN",0,"NAN","NAN","NAN",11.27,11.84,11.87,11.88,11.94,12.06,0,11.83,0,"NAN",11.9,"NAN","NAN","NAN",96.2,95.9,92.3,87.4,91.1,92.4,0,97.8,0,"NAN",89.6,"NAN","NAN","NAN",1029,1029,1027,1022,1028,1029,0,1029,0,"NAN",1028,"NAN","NAN","NAN",51,3,3,111,63,7,0,56,0,"NAN",65,"NAN","NAN",21.89,22,21.9,21.81,22.71,22.46,23.71,23.76,24.17,25.12,24.39,24.85,0,0,22.64,22.6,23.24,24.07,24.47,25.14,25.3,25.88,25.74,26.44,26.38,27.97,0,0,"NAN","NAN","NAN","NAN","NAN","NAN","NAN","NAN","NAN","NAN","NAN","NAN",0,0,20.44,23.4,21.8,25.3,23.57,26.16,28.55,27.43,28.08,26.89,29.35,30.81,0,0,"NAN",0,"NAN","NAN"
"2026-09-15 05:31:00",96161,13.73,13.12,0,"NAN",0,0,0,0,0,0,0,0,0,"NAN","NAN",0,0,"NAN",0,0,0,0,0,0,0,0,0,"NAN",0,"NAN","NAN","NAN",11.26,11.81,11.85,11.87,11.92,12.04,7.135,11.82,0,"NAN",11.92,"NAN","NAN","NAN",96.3,95.9,92.3,87.4,91.1,92.4,90.9,97.8,0,"NAN",89.6,"NAN","NAN","NAN",1029,1029,1027,1022,1028,1029,677,1029,0,"NAN",1028,"NAN","NAN","NAN",59,11,11,119,71,15,7,63,0,"NAN",72,"NAN","NAN",21.89,21.99,21.89,21.81,22.71,22.46,23.7,23.76,24.17,25.12,24.39,24.85,0,0,22.64,22.6,23.23,24.07,24.47,25.15,25.3,25.88,25.74,26.44,26.38,27.97,0,0,"NAN","NAN","NAN","NAN","NAN","NAN","NAN","NAN","NAN","NAN","NAN","NAN",0,0,20.44,23.39,21.8,25.3,23.57,26.16,28.55,27.43,28.08,26.89,29.36,30.81,0,0,"NAN",0,"NAN","NAN"
"2026-09-15 05:32:00",96162,13.72,13.11,0,"NAN",0,0,0,0,0,0,0,0,0,"NAN","NAN",0,0,"NAN",0,0,0,0,0,0,0,0,0,"NAN",0,"NAN","NAN","NAN",11.29,11.8,11.85,11.88,11.93,12.03,7.123,11.84,12.32,"NAN",11.94,"NAN","NAN","NAN",96.2,95.9,92.4,87.5,91.1,92.3,90.9,97.9,92.5,"NAN",89.7,"NAN","NAN","NAN",1029,1029,1027,1022,1028,1029,678.8,1029,1028,"NAN",1028,"NAN","NAN","NAN",3,19,19,127,79,23,3,71,3,"NAN",80,"NAN","NAN",21.88,21.99,21.89,21.81,22.71,22.46,23.7,23.76,24.16,25.11,24.38,24.84,0,0,22.64,22.6,23.23,24.07,24.47,25.14,25.3,25.88,25.74,26.44,26.38,27.97,0,0,"NAN","NAN","NAN","NAN","NAN","NAN","NAN","NAN","NAN","NAN","NAN","NAN",0,0,20.44,23.4,21.8,25.3,23.57,26.16,28.55,27.43,28.08,26.89,29.36,30.81,0,0,"NAN",0,"NAN","NAN"
"2026-09-15 05:33:00",96163,13.73,13.11,0,"NAN",0,0,0,0,0,0,0,0,0,"NAN","NAN",0,0,"NAN",0,0,0,0,0,0,0,0,0,"NAN",0,"NAN","NAN","NAN",11.25,11.82,11.79,11.91,11.95,12.03,7.107,11.86,12.29,"NAN",11.96,"NAN","NAN","NAN",96.2,95.9,92.1,87.6,91.1,92.2,91,97.9,92.5,"NAN",89.7,"NAN","NAN","NAN",1029,1029,1027,1022,1028,1029,676.6,1029,1028,"NAN",1028,"NAN","NAN","NAN",7,27,27,135,87,31,11,79,11,"NAN",88,"NAN","NAN",21.89,21.99,21.89,21.8,22.7,22.45,23.7,23.76,24.16,25.11,24.38,24.84,0,0,22.64,22.6,23.23,24.07,24.47,25.14,25.3,25.88,25.74,26.44,26.38,27.97,0,0,"NAN","NAN","NAN","NAN","NAN","NAN","NAN","NAN","NAN","NAN","NAN","NAN",0,0,20.44,23.4,21.8,25.3,23.57,26.16,28.55,27.43,28.08,26.89,29.36,30.81,0,0,"NAN",0,"NAN","NAN"
"2026-09-15 05:34:00",96164,13.74,13.1,0,"NAN",0,0,0,0,0,0,0,0,0,"NAN","NAN",0,0,"NAN",0,0,0,0,0,0,0,0,0,"NAN",0,"NAN","NAN","NAN",11.24,11.82,11.69,11.91,11.96,12.02,7.134,11.87,12.32,"NAN",11.97,"NAN","NAN","NAN",96.3,96,91.9,87.7,91.2,92.2,91,97.9,92.7,"NAN",89.7,"NAN","NAN","NAN",1029,1029,1027,1022,1028,1029,676.9,1029,1028,"NAN",1028,"NAN","NAN","NAN",15,35,35,143,95,39,4,87,4,"NAN",96,"NAN","NAN",21.88,21.99,21.88,21.8,22.7,22.45,23.7,23.76,24.16,25.11,24.38,24.84,0,0,22.64,22.6,23.23,24.07,24.47,25.14,25.3,25.88,25.74,26.44,26.38,27.97,0,0,"NAN","NAN","NAN","NAN","NAN","NAN","NAN","NAN","NAN","NAN","NAN","NAN",0,0,20.44,23.4,21.8,25.3,23.57,26.16,28.55,27.43,28.08,26.89,29.36,30.81,0,0,"NAN",0,"NAN","NAN"
"2026-09-15 05:35:00",96165,13.74,13.1,0,"NAN",0,0,0,0,0,0,0,0,0,"NAN","NAN",0,0,"NAN",0,0,0,0,0,0,0,0,0,"NAN",0,"NAN","NAN","NAN",11.23,11.8,11.61,11.92,11.92,12.03,7.146,11.84,12.26,"NAN",11.92,"NAN","NAN","NAN",96.3,96,91.7,87.6,91.2,92.1,91,97.8,92.6,"NAN",89.6,"NAN","NAN","NAN",1029,1029,1027,1022,1028,1029,677.9,1029,1028,"NAN",1028,"NAN","NAN","NAN",23,43,43,3,103,3,3,95,3,"NAN",104,"NAN","NAN",21.87,21.98,21.88,21.8,22.7,22.45,23.69,23.75,24.16,25.11,24.38,24.84,0,0,22.64,22.6,23.23,24.06,24.47,25.14,25.3,25.87,25.74,26.43,26.38,27.97,0,0,"NAN","NAN","NAN","NAN","NAN","NAN","NAN","NAN","NAN","NAN","NAN","NAN",0,0,20.44,23.4,21.8,25.3,23.57,26.16,28.55,27.43,28.08,26.89,29.36,30.81,0,0,"NAN",0,"NAN","NAN"
"2026-09-15 05:36:00",96166,13.72,13.09,0,"NAN",0,0,0,0,0,0,0,0,0,"NAN","NAN",0,0,"NAN",0,0,0,0,0,0,0,0,0,"NAN",0,"NAN","NAN","NAN",11.22,11.78,11.56,11.88,11.94,12.01,7.167,11.8,12.25,"NAN",11.9,"NAN","NAN","NAN",96.3,96,91.7,87.5,91.3,92.1,90.9,97.8,92.6,"NAN",89.6,"NAN","NAN","NAN",1029,1029,1027,1022,1028,1029,678.4,1029,1028,"NAN",1028,"NAN","NAN","NAN",31,51,51,11,2,3,1,104,12,"NAN",113,"NAN","NAN",21.88,21.98,21.88,21.79,22.7,22.44,23.69,23.75,24.16,25.11,24.38,24.83,0,0,22.64,22.59,23.23,24.06,24.47,25.14,25.3,25.87,25.74,26.44,26.38,27.97,0,0,"NAN","NAN","NAN","NAN","NAN","NAN","NAN","NAN","NAN","NAN","NAN","NAN",0,0,20.44,23.4,21.8,25.3,23.57,26.16,28.55,27.43,28.08,26.89,29.36,30.81,0,0,"NAN",0,"NAN","NAN"
"2026-09-15 05:37:00",96167,13.74,13.09,0,"NAN",0,0,0,0,0,0,0,0,0,"NAN","NAN",0,0,"NAN",0,0,0,0,0,0,0,0,0,"NAN",0,"NAN","NAN","NAN",11.21,11.77,11.51,11.87,11.89,11.99,7.091,11.77,12.24,"NAN",11.88,"NAN","NAN","NAN",96.2,96,91.7,87.4,91.3,92.3,90.9,97.7,92.6,"NAN",89.6,"NAN","NAN","NAN",1029,1029,1027,1022,1029,1029,677.4,1029,1028,"NAN",1028,"NAN","NAN","NAN",39,59,59,19,10,11,7,111,19,"NAN",120,"NAN","NAN",21.87,21.98,21.87,21.79,22.69,22.44,23.69,23.75,24.15,25.1,24.37,24.83,0,0,22.64,22.59,23.23,24.06,24.47,25.14,25.3,25.88,25.74,26.43,26.38,27.97,0,0,"NAN","NAN","NAN","NAN","NAN","NAN","NAN","NAN","NAN","NAN","NAN","NAN",0,0,20.44,23.39,21.8,25.3,23.58,26.16,28.55,27.43,28.08,26.89,29.35,30.81,0,0,"NAN",0,"NAN","NAN"
"2026-09-15 05:38:00",96168,13.75,13.08,0,"NAN",0,0,0,0,0,0,0,0,0,"NAN","NAN",0,0,"NAN",0,0,0,0,0,0,0,0,0,"NAN",0,"NAN","NAN","NAN",11.2,11.76,11.49,11.85,11.88,11.98,7.078,11.76,12.23,"NAN",11.85,"NAN","NAN","NAN",96.3,96,91.8,87.4,91.3,92.3,90.9,97.7,92.5,"NAN",89.6,"NAN","NAN","NAN",1029,1029,1027,1022,1029,1029,676.5,1029,1028,"NAN",1028,"NAN","NAN","NAN",47,67,67,27,18,19,15,119,27,"NAN",128,"NAN","NAN",21.87,21.98,21.87,21.78,22.69,22.44,23.68,23.74,24.15,25.1,24.37,24.83,0,0,22.64,22.59,23.23,24.06,24.47,25.14,25.29,25.88,25.74,26.43,26.37,27.97,0,0,"NAN","NAN","NAN","NAN","NAN","NAN","NAN","NAN","NAN","NAN","NAN","NAN",0,0,20.44,23.4,21.79,25.3,23.57,26.16,28.56,27.43,28.08,26.89,29.36,30.81,0,0,"NAN",0,"NAN","NAN"
"2026-09-15 05:39:00",96169,13.72,13.08,0,"NAN",0,0,0,0,0,0,0,0,0,"NAN","NAN",0,0,"NAN",0,0,0,0,0,0,0,0,0,"NAN",0,"NAN","NAN","NAN",11.2,11.74,11.55,11.84,11.88,11.97,7.075,11.75,12.22,"NAN",11.85,"NAN","NAN","NAN",96.3,96,92.2,87.4,91.2,92.4,90.9,97.7,92.5,"NAN",89.6,"NAN","NAN","NAN",1029,1029,1027,1022,1029,1029,676.2,1029,1028,"NAN",1028,"NAN","NAN","NAN",55,75,75,35,7,27,23,127,35,"NAN",136,"NAN","NAN",21.86,21.98,21.87,21.78,22.69,22.43,23.68,23.74,24.15,25.1,24.36,24.83,0,0,22.64,22.59,23.23,24.06,24.47,25.14,25.3,25.88,25.74,26.43,26.37,27.97,0,0,"NAN","NAN","NAN","NAN","NAN","NAN","NAN","NAN","NAN","NAN","NAN","NAN",0,0,20.44,23.4,21.8,25.3,23.57,26.16,28.55,27.43,28.08,26.89,29.36,30.81,0,0,"NAN",0,"NAN","NAN"
"2026-09-15 05:40:00",96170,13.73,13.07,0,"NAN",0,0,0,0,0,0,0,0,0,"NAN","NAN",0,0,"NAN",0,0,0,0,0,0,0,0,0,"NAN",0,"NAN","NAN","NAN",11.2,11.73,11.6,11.84,11.87,11.97,7.078,11.76,12.21,"NAN",11.85,"NAN","NAN","NAN",96.4,96,92.4,87.4,91.2,92.5,91,97.8,92.6,"NAN",89.6,"NAN","NAN","NAN",1029,1029,1027,1022,1029,1029,676,1029,1028,"NAN",1028,"NAN","NAN","NAN",63,83,83,43,15,35,31,135,43,"NAN",144,"NAN","NAN",21.86,21.97,21.86,21.78,22.68,22.43,23.68,23.74,24.15,25.1,24.37,24.82,0,0,22.64,22.59,23.23,24.06,24.47,25.14,25.3,25.87,25.73,26.43,26.37,27.97,0,0,"NAN","NAN","NAN","NAN","NAN","NAN","NAN","NAN","NAN","NAN","NAN","NAN",0,0,20.44,23.4,21.8,25.3,23.57,26.16,28.55,27.43,28.08,26.89,29.36,30.81,0,0,"NAN",0,"NAN","NAN"
"2026-09-15 05:41:00",96171,13.73,13.07,0,"NAN",0,0,0,0,0,0,0,0,0,"NAN","NAN",0,0,"NAN",0,0,0,0,0,0,0,0,0,"NAN",0,"NAN","NAN","NAN",11.2,11.73,11.65,11.86,11.88,11.97,7.083,11.77,12.22,"NAN",11.91,"NAN","NAN","NAN",96.5,96,92.6,87.4,91.3,92.6,91.1,97.8,92.7,"NAN",89.5,"NAN","NAN","NAN",1029,1029,1027,1022,1029,1029,675.9,1029,1028,"NAN",1028,"NAN","NAN","NAN",71,91,91,3,24,44,39,139,53,"NAN",1,"NAN","NAN",21.86,21.97,21.86,21.77,22.68,22.43,23.68,23.74,24.15,25.1,24.36,24.82,0,0,22.64,22.59,23.23,24.06,24.47,25.14,25.29,25.87,25.73,26.43,26.37,27.97,0,0,"NAN","NAN","NAN","NAN","NAN","NAN","NAN","NAN","NAN","NAN","NAN","NAN",0,0,20.44,23.39,21.8,25.3,23.57,26.16,28.55,27.43,28.08,26.89,29.35,30.81,0,0,"NAN",0,"NAN","NAN"
"2026-09-15 05:42:00",96172,13.74,13.06,0,"NAN",0,0,0,0,0,0,0,0,0,"NAN","NAN",0,0,"NAN",0,0,0,0,0,0,0,0,0,"NAN",0,"NAN","NAN","NAN",11.2,11.73,11.7,11.86,11.89,11.97,7.085,0,12.21,"NAN",11.88,"NAN","NAN","NAN",96.6,96,92.7,87.4,91.2,92.6,91.1,0,92.8,"NAN",89.7,"NAN","NAN","NAN",1029,1029,1027,1022,1029,1029,676.1,0,1028,"NAN",1028,"NAN","NAN","NAN",79,99,99,7,31,51,47,0,60,"NAN",8,"NAN","NAN",21.85,21.97,21.86,21.77,22.68,22.42,23.67,23.73,24.14,25.09,24.36,24.82,0,0,22.64,22.59,23.23,24.06,24.47,25.14,25.3,25.87,25.73,26.43,26.38,27.97,0,0,"NAN","NAN","NAN","NAN","NAN","NAN","NAN","NAN","NAN","NAN","NAN","NAN",0,0,20.44,23.4,21.8,25.3,23.57,26.16,28.55,27.43,28.08,26.89,29.36,30.81,0,0,"NAN",0,"NAN","NAN"
"2026-09-15 05:43:00",96173,13.74,13.06,0,"NAN",0,0,0,0,0,0,0,0,0,"NAN","NAN",0,0,"NAN",0,0,0,0,0,0,0,0,0,"NAN",0,"NAN","NAN","NAN",11.21,11.74,11.71,11.85,11.9,11.98,7.087,11.79,12.22,"NAN",11.89,"NAN","NAN","NAN",96.7,96,92.7,87.5,91.2,92.7,91.1,97.9,92.8,"NAN",89.7,"NAN","NAN","NAN",1029,1029,1027,1022,1029,1029,676.2,1029,1028,"NAN",1028,"NAN","NAN","NAN",87,107,107,15,39,59,55,7,67,"NAN",16,"NAN","NAN",21.86,21.97,21.85,21.77,22.68,22.42,23.67,23.73,24.14,25.09,24.36,24.81,0,0,22.64,22.59,23.23,24.06,24.47,25.14,25.29,25.87,25.73,26.43,26.37,27.96,0,0,"NAN","NAN","NAN","NAN","NAN","NAN","NAN","NAN","NAN","NAN","NAN","NAN",0,0,20.44,23.4,21.8,25.3,23.57,26.16,28.55,27.43,28.08,26.89,29.36,30.81,0,0,"NAN",0,"NAN","NAN"
"2026-09-15 05:44:00",96174,13.72,13.06,0,"NAN",0,0,0,0,0,0,0,0,0,"NAN","NAN",0,0,"NAN",0,0,0,0,0,0,0,0,0,"NAN",0,"NAN","NAN","NAN",11.22,11.74,11.72,11.85,11.93,11.98,7.085,11.79,12.24,"NAN",11.9,"NAN","NAN","NAN",96.7,96.1,92.6,87.6,91.3,92.8,91.1,97.9,92.8,"NAN",89.7,"NAN","NAN","NAN",1029,1029,1027,1022,1029,1029,676,1029,1028,"NAN",1028,"NAN","NAN","NAN",95,115,115,23,3,67,63,15,75,"NAN",24,"NAN","NAN",21.85,21.96,21.85,21.76,22.67,22.41,23.67,23.73,24.14,25.09,24.36,24.81,0,0,22.64,22.59,23.23,24.06,24.47,25.14,25.29,25.87,25.73,26.43,26.37,27.96,0,0,"NAN","NAN","NAN","NAN","NAN","NAN","NAN","NAN","NAN","NAN","NAN","NAN",0,0,20.44,23.4,21.8,25.3,23.57,26.16,28.55,27.43,28.08,26.89,29.36,30.81,0,0,"NAN",0,"NAN","NAN"
"2026-09-15 05:45:00",96175,13.74,13.06,0,"NAN",0,0,0,0,0,0,0,0,0,"NAN","NAN",0,0,"NAN",0,0,0,0,0,0,0,0,0,"NAN",0,"NAN","NAN","NAN",11.23,11.75,11.75,11.85,11.9,11.99,7.09,11.79,12.25,"NAN",11.9,"NAN","NAN","NAN",96.8,96.1,92.7,87.7,91.3,92.9,91,97.9,92.8,"NAN",89.7,"NAN","NAN","NAN",1029,1029,1027,1022,1029,1029,676,1029,1028,"NAN",1028,"NAN","NAN","NAN",103,123,123,31,11,75,71,23,83,"NAN",32,"NAN","NAN",21.85,21.96,21.85,21.76,22.67,22.41,23.66,23.72,24.14,25.09,24.35,24.81,0,0,22.64,22.59,23.23,24.06,24.46,25.14,25.29,25.87,25.73,26.43,26.37,27.96,0,0,"NAN","NAN","NAN","NAN","NAN","NAN","NAN","NAN","NAN","NAN","NAN","NAN",0,0,20.44,23.4,21.8,25.3,23.57,26.16,28.55,27.43,28.08,26.89,29.36,30.81,0,0,"NAN",0,"NAN","NAN"
"2026-09-15 05:46:00",96176,13.72,13.06,0,"NAN",0,0,0,0,0,0,0,0,0,"NAN","NAN",0,0,"NAN",0,0,0,0,0,0,0,0,0,"NAN",0,"NAN","NAN","NAN",11.24,11.75,11.75,11.86,11.9,12,7.097,11.79,12.25,"NAN",11.9,"NAN","NAN","NAN",96.9,96.1,92.6,87.7,91.3,92.9,90.9,98,92.9,"NAN",89.7,"NAN","NAN","NAN",1029,1029,1027,1022,1029,1029,676,1029,1028,"NAN",1028,"NAN","NAN","NAN",111,131,131,39,19,83,79,31,91,"NAN",40,"NAN","NAN",21.84,21.96,21.84,21.75,22.67,22.41,23.66,23.72,24.14,25.08,24.35,24.81,0,0,22.64,22.59,23.23,24.06,24.47,25.14,25.29,25.87,25.73,26.43,26.37,27.96,0,0,"NAN","NAN","NAN","NAN","NAN","NAN","NAN","NAN","NAN","NAN","NAN","NAN",0,0,20.44,23.4,21.8,25.3,23.57,26.16,28.55,27.43,28.08,26.89,29.35,30.81,0,0,"NAN",0,"NAN","NAN"
"2026-09-15 05:47:00",96177,13.72,13.05,0,"NAN",0,0,0,0,0,0,0,0,0,"NAN","NAN",0,0,"NAN",0,0,0,0,0,0,0,0,0,"NAN",0,"NAN","NAN","NAN",11.26,11.76,11.76,11.87,11.91,12,7.106,11.81,12.24,"NAN",11.91,"NAN","NAN","NAN",96.9,96.1,92.6,87.8,91.3,92.9,90.8,98,92.9,"NAN",89.7,"NAN","NAN","NAN",1029,1029,1027,1022,1029,1029,676.4,1029,1028,"NAN",1028,"NAN","NAN","NAN",119,139,139,48,27,91,87,7,100,"NAN",48,"NAN","NAN",21.84,21.96,21.84,21.75,22.67,22.4,23.66,23.72,24.13,25.08,24.35,24.8,0,0,22.64,22.59,23.23,24.06,24.46,25.13,25.29,25.87,25.73,26.43,26.37,27.96,0,0,"NAN","NAN","NAN","NAN","NAN","NAN","NAN","NAN","NAN","NAN","NAN","NAN",0,0,20.44,23.4,21.8,25.3,23.57,26.16,28.55,27.43,28.08,26.89,29.36,30.81,0,0,"NAN",0,"NAN","NAN"
"2026-09-15 05:48:00",96178,13.73,13.05,0,"NAN",0,0,0,0,0,0,0,0,0,"NAN","NAN",0,0,"NAN",0,0,0,0,0,0,0,0,0,"NAN",0,"NAN","NAN","NAN",11.26,11.76,11.73,11.88,11.91,12.01,7.114,11.79,12.24,"NAN",11.91,"NAN","NAN","NAN",96.9,96.1,92.5,87.8,91.3,92.8,90.6,97.9,92.9,"NAN",89.7,"NAN","NAN","NAN",1029,1029,1027,1022,1029,1029,676.1,1029,1028,"NAN",1028,"NAN","NAN","NAN",127,147,147,56,35,99,95,15,108,"NAN",56,"NAN","NAN",21.84,21.95,21.84,21.75,22.66,22.4,23.66,23.72,24.13,25.08,24.35,24.8,0,0,22.64,22.59,23.23,24.06,24.46,25.13,25.29,25.87,25.73,26.43,26.37,27.96,0,0,"NAN","NAN","NAN","NAN","NAN","NAN","NAN","NAN","NAN","NAN","NAN","NAN",0,0,20.44,23.4,21.8,25.3,23.57,26.16,28.55,27.43,28.08,26.89,29.36,30.81,0,0,"NAN",0,"NAN","NAN"
"2026-09-15 05:49:00",96179,13.73,13.05,0,"NAN",0,0,0,0,0,0,0,0,0,"NAN","NAN",0,0,"NAN",0,0,0,0,0,0,0,0,0,"NAN",0,"NAN","NAN","NAN",11.27,11.76,11.73,11.88,11.9,12.01,7.128,11.78,12.24,"NAN",11.9,"NAN","NAN","NAN",96.9,96.1,92.5,87.7,91.3,92.7,90.5,97.9,92.9,"NAN",89.7,"NAN","NAN","NAN",1029,1029,1027,1022,1029,1029,676,1029,1028,"NAN",1028,"NAN","NAN","NAN",135,155,155,64,43,107,103,23,116,"NAN",64,"NAN","NAN",21.83,21.95,21.83,21.74,22.66,22.4,23.65,23.72,24.13,25.08,24.34,24.8,0,0,22.64,22.59,23.22,24.06,24.46,25.13,25.29,25.87,25.73,26.43,26.36,27.96,0,0,"NAN","NAN","NAN","NAN","NAN","NAN","NAN","NAN","NAN","NAN","NAN","NAN",0,0,20.44,23.4,21.8,25.3,23.57,26.16,28.55,27.43,28.08,26.89,29.36,30.81,0,0,"NAN",0,"NAN","NAN"
"2026-09-15 05:50:00",96180,13.71,13.05,0,"NAN",0,0,0,0,0,0,0,0,0,"NAN","NAN",0,0,"NAN",0,0,0,0,0,0,0,0,0,"NAN",0,"NAN","NAN","NAN",11.28,11.76,11.74,11.88,11.94,12.01,7.142,11.8,12.24,"NAN",11.93,"NAN","NAN","NAN",96.9,96.1,92.5,87.7,91.3,92.7,90.5,97.9,92.8,"NAN",89.7,"NAN","NAN","NAN",1029,1029,1027,1022,1029,1029,675.6,1029,1028,"NAN",1028,"NAN","NAN","NAN",143,163,163,72,3,116,111,3,124,"NAN",1,"NAN","NAN",21.83,21.95,21.83,21.74,22.65,22.39,23.65,23.71,24.13,25.08,24.34,24.8,0,0,22.63,22.58,23.22,24.06,24.46,25.13,25.29,25.87,25.73,26.42,26.37,27.96,0,0,"NAN","NAN","NAN","NAN","NAN","NAN","NAN","NAN","NAN","NAN","NAN","NAN",0,0,20.44,23.4,21.8,25.3,23.57,26.16,28.55,27.43,28.08,26.89,29.36,30.81,0,0,"NAN",0,"NAN","NAN"
"2026-09-15 05:51:00",96181,13.73,13.05,0,"NAN",0,0,0,0,0,0,0,0,0,"NAN","NAN",0,0,"NAN",0,0,0,0,0,0,0,0,0,"NAN",0,"NAN","NAN","NAN",11.3,11.76,11.77,11.9,11.91,12.02,7.158,11.79,12.24,"NAN",11.95,"NAN","NAN","NAN",97,96.1,92.6,87.6,91.3,92.8,90.6,97.9,92.9,"NAN",89.6,"NAN","NAN","NAN",1029,1029,1027,1022,1029,1029,676.1,1029,1028,"NAN",1028,"NAN","NAN","NAN",151,171,171,80,11,124,119,11,132,"NAN",1,"NAN","NAN",21.83,21.95,21.83,21.74,22.65,22.39,23.65,23.71,24.13,25.07,24.34,24.79,0,0,22.64,22.59,23.22,24.06,24.46,25.13,25.29,25.87,25.73,26.43,26.37,27.96,0,0,"NAN","NAN","NAN","NAN","NAN","NAN","NAN","NAN","NAN","NAN","NAN","NAN",0,0,20.44,23.4,21.8,25.3,23.57,26.16,28.56,27.43,28.08,26.89,29.36,30.81,0,0,"NAN",0,"NAN","NAN"
"2026-09-15 05:52:00",96182,13.73,13.05,0,"NAN",0,0,0,0,0,0,0,0,0,"NAN","NAN",0,0,"NAN",0,0,0,0,0,0,0,0,0,"NAN",0,"NAN","NAN","NAN",11.31,11.76,11.76,11.91,11.9,12.03,7.172,11.8,12.24,"NAN",11.92,"NAN","NAN","NAN",97,96.1,92.5,87.6,91.3,92.8,90.7,97.9,92.9,"NAN",89.7,"NAN","NAN","NAN",1029,1029,1027,1022,1029,1029,676.4,1029,1028,"NAN",1028,"NAN","NAN","NAN",159,179,179,88,19,132,127,19,140,"NAN",4,"NAN","NAN",21.82,21.95,21.82,21.74,22.65,22.39,23.64,23.71,24.13,25.07,24.34,24.79,0,0,22.63,22.58,23.22,24.06,24.46,25.13,25.29,25.87,25.73,26.43,26.37,27.96,0,0,"NAN","NAN","NAN","NAN","NAN","NAN","NAN","NAN","NAN","NAN","NAN","NAN",0,0,20.45,23.4,21.8,25.3,23.57,26.16,28.55,27.43,28.08,26.89,29.36,30.81,0,0,"NAN",0,"NAN","NAN"
"2026-09-15 05:53:00",96183,13.72,13.05,0,"NAN",0,0,0,0,0,0,0,0,0,"NAN","NAN",0,0,"NAN",0,0,0,0,0,0,0,0,0,"NAN",0,"NAN","NAN","NAN",11.33,11.77,11.76,11.89,11.94,12.04,0,0,12.24,"NAN",11.98,"NAN","NAN","NAN",97.1,96.1,92.5,87.5,91.3,92.8,0,0,92.8,"NAN",89.6,"NAN","NAN","NAN",1029,1029,1027,1022,1029,1029,0,0,1028,"NAN",1028,"NAN","NAN","NAN",167,187,187,96,3,139,0,0,149,"NAN",1,"NAN","NAN",21.83,21.94,21.82,21.73,22.65,22.38,23.64,23.71,24.12,25.07,24.33,24.79,0,0,22.64,22.58,23.22,24.06,24.46,25.13,25.28,25.87,25.72,26.42,26.36,27.96,0,0,"NAN","NAN","NAN","NAN","NAN","NAN","NAN","NAN","NAN","NAN","NAN","NAN",0,0,20.44,23.4,21.8,25.3,23.57,26.16,28.55,27.43,28.08,26.89,29.35,30.81,0,0,"NAN",0,"NAN","NAN"
"2026-09-15 05:54:00",96184,13.74,13.06,0,"NAN",0,0,0,0,0,0,0,0,0,"NAN","NAN",0,0,"NAN",0,0,0,0,0,0,0,0,0,"NAN",0,"NAN","NAN","NAN",11.35,11.8,11.8,11.85,11.93,12.05,7.203,11.81,12.24,"NAN",11.93,"NAN","NAN","NAN",97.1,96.2,92.6,87.2,91.3,92.9,90.8,98,92.9,"NAN",89.6,"NAN","NAN","NAN",1029,1029,1027,1022,1029,1029,677.1,1029,1028,"NAN",1028,"NAN","NAN","NAN",175,6,6,104,7,147,7,8,156,"NAN",9,"NAN","NAN",21.82,21.94,21.82,21.73,22.64,22.38,23.64,23.7,24.12,25.07,24.33,24.78,0,0,22.63,22.58,23.22,24.05,24.46,25.13,25.29,25.87,25.72,26.42,26.36,27.96,0,0,"NAN","NAN","NAN","NAN","NAN","NAN","NAN","NAN","NAN","NAN","NAN","NAN",0,0,20.44,23.4,21.8,25.3,23.57,26.16,28.55,27.43,28.08,26.89,29.36,30.81,0,0,"NAN",0,"NAN","NAN"
"2026-09-15 05:55:00",96185,13.73,13.06,0,"NAN",0,0,0,0,0,0,0,0,0,"NAN","NAN",0,0,"NAN",0,0,0,0,0,0,0,0,0,"NAN",0,"NAN","NAN","NAN",11.36,11.79,11.8,11.83,11.92,12.06,7.198,11.81,12.25,"NAN",11.92,"NAN","NAN","NAN",97.1,96.2,92.6,86.9,91.3,92.9,90.9,97.9,92.9,"NAN",89.7,"NAN","NAN","NAN",1029,1029,1027,1022,1029,1029,676.6,1029,1028,"NAN",1028,"NAN","NAN","NAN",183,14,14,112,15,155,15,15,164,"NAN",16,"NAN","NAN",21.82,21.94,21.81,21.72,22.64,22.37,23.63,23.7,24.12,25.06,24.33,24.78,0,0,22.63,22.59,23.22,24.06,24.46,25.13,25.28,25.87,25.72,26.42,26.36,27.96,0,0,"NAN","NAN","NAN","NAN","NAN","NAN","NAN","NAN","NAN","NAN","NAN","NAN",0,0,20.44,23.4,21.8,25.3,23.57,26.16,28.55,27.43,28.08,26.89,29.35,30.81,0,0,"NAN",0,"NAN","NAN"
"2026-09-15 05:56:00",96186,13.72,13.06,0,"NAN",0,0,0,0,0,0,0,0,0,"NAN","NAN",0,0,"NAN",0,0,0,0,0,0,0,0,0,"NAN",0,"NAN","NAN","NAN",11.37,11.79,11.81,11.82,11.92,12.07,7.235,11.81,12.25,"NAN",11.93,"NAN","NAN","NAN",97.1,96.2,92.6,86.6,91.3,92.9,90.9,98,92.8,"NAN",89.7,"NAN","NAN","NAN",1029,1029,1027,1022,1029,1029,677.1,1029,1028,"NAN",1028,"NAN","NAN","NAN",191,22,22,120,23,163,7,23,171,"NAN",24,"NAN","NAN",21.81,21.93,21.81,21.72,22.64,22.37,23.63,23.7,24.12,25.06,24.33,24.78,0,0,22.63,22.58,23.22,24.05,24.46,25.13,25.29,25.87,25.72,26.42,26.36,27.96,0,0,"NAN","NAN","NAN","NAN","NAN","NAN","NAN","NAN","NAN","NAN","NAN","NAN",0,0,20.44,23.4,21.8,25.3,23.57,26.16,28.55,27.43,28.08,26.89,29.35,30.81,0,0,"NAN",0,"NAN","NAN"
"2026-09-15 05:57:00",96187,13.74,13.07,0,"NAN",0,0,0,0,0,0,0,0,0,"NAN","NAN",0,0,"NAN",0,0,0,0,0,0,0,0,0,"NAN",0,"NAN","NAN","NAN",11.38,11.8,11.8,11.81,0,12.09,7.203,0,12.25,"NAN",11.94,"NAN","NAN","NAN",97.1,96.2,92.5,86.4,0,92.8,91,0,92.9,"NAN",89.7,"NAN","NAN","NAN",1029,1029,1027,1022,0,1029,676.5,0,1028,"NAN",1028,"NAN","NAN","NAN",199,30,30,2,0,7,16,0,180,"NAN",33,"NAN","NAN",21.81,21.93,21.81,21.72,22.64,22.37,23.63,23.7,24.11,25.06,24.32,24.78,0,0,22.63,22.58,23.22,24.05,24.46,25.13,25.29,25.87,25.72,26.42,26.36,27.96,0,0,"NAN","NAN","NAN","NAN","NAN","NAN","NAN","NAN","NAN","NAN","NAN","NAN",0,0,20.44,23.4,21.8,25.3,23.57,26.16,28.55,27.43,28.08,26.89,29.35,30.81,0,0,"NAN",0,"NAN","NAN"
"2026-09-15 05:58:00",96188,13.72,13.07,0,"NAN",0,0,0,0,0,0,0,0,0,"NAN","NAN",0,0,"NAN",0,0,0,0,0,0,0,0,0,"NAN",0,"NAN","NAN","NAN",11.41,11.85,11.87,11.79,11.95,12.09,7.251,11.85,12.27,"NAN",11.95,"NAN","NAN","NAN",97,96.2,92.5,86.2,91.3,92.8,91,98.1,92.8,"NAN",89.7,"NAN","NAN","NAN",1029,1029,1027,1022,1029,1029,678.1,1029,1028,"NAN",1028,"NAN","NAN","NAN",3,3,3,10,7,14,3,7,187,"NAN",40,"NAN","NAN",21.81,21.93,21.8,21.71,22.63,22.37,23.63,23.69,24.11,25.06,24.32,24.77,0,0,22.63,22.58,23.22,24.06,24.46,25.13,25.29,25.87,25.72,26.42,26.36,27.96,0,0,"NAN","NAN","NAN","NAN","NAN","NAN","NAN","NAN","NAN","NAN","NAN","NAN",0,0,20.44,23.4,21.8,25.3,23.57,26.16,28.55,27.43,28.08,26.89,29.36,30.81,0,0,"NAN",0,"NAN","NAN"
"2026-09-15 05:59:00",96189,13.72,13.08,0,"NAN",0,0,0,0,0,0,0,0,0,"NAN","NAN",0,0,"NAN",0,0,0,0,0,0,0,0,0,"NAN",0,"NAN","NAN","NAN",11.41,11.84,11.9,0,11.99,12.1,7.225,11.87,0,"NAN",11.98,"NAN","NAN","NAN",97.1,96.2,92.6,0,91.4,92.7,91.1,98.1,0,"NAN",89.7,"NAN","NAN","NAN",1029,1029,1027,0,1029,1029,676.9,1029,0,"NAN",1028,"NAN","NAN","NAN",11,7,7,0,8,8,12,16,0,"NAN",49,"NAN","NAN",21.81,21.93,21.8,21.71,22.63,22.36,23.63,23.69,24.11,25.06,24.32,24.77,0,0,22.63,22.58,23.22,24.05,24.46,25.13,25.28,25.87,25.72,26.42,26.36,27.96,0,0,"NAN","NAN","NAN","NAN","NAN","NAN","NAN","NAN","NAN","NAN","NAN","NAN",0,0,20.44,23.4,21.8,25.3,23.57,26.16,28.55,27.43,28.08,26.89,29.36,30.81,0,0,"NAN",0,"NAN","NAN"
"2026-09-15 06:00:00",96190,13.72,13.08,0,"NAN",0,0,0,0,0,0,0,0,0,"NAN","NAN",0,0,"NAN",0,0,0,0,0,0,0,0,0,"NAN",0,"NAN","NAN","NAN",11.42,11.84,11.86,11.88,11.99,12.1,7.236,11.87,12.31,"NAN",11.97,"NAN","NAN","NAN",97.1,96.2,92.4,86.6,91.4,92.7,91,97.9,92.9,"NAN",89.7,"NAN","NAN","NAN",1029,1029,1027,1022,1029,1029,676.8,1029,1028,"NAN",1028,"NAN","NAN","NAN",19,15,7,7,4,15,6,3,4,"NAN",56,"NAN","NAN",21.8,21.93,21.8,21.7,22.63,22.36,23.62,23.69,24.11,25.05,24.32,24.77,0,0,22.63,22.58,23.22,24.05,24.46,25.13,25.28,25.87,25.72,26.42,26.36,27.96,0,0,"NAN","NAN","NAN","NAN","NAN","NAN","NAN","NAN","NAN","NAN","NAN","NAN",0,0,20.44,23.4,21.8,25.3,23.57,26.16,28.55,27.43,28.08,26.89,29.36,30.81,0,0,"NAN",0,"NAN","NAN"
"2026-09-15 06:01:00",96191,13.72,13.09,0,0,0,0,0,0,0,0,0,0,0,"NAN","NAN",0,0,0,0,0,0,0,0,0,0,0,0,"NAN",0,"NAN","NAN",0,11.46,11.82,0,11.84,0,12.11,7.136,11.83,12.26,"NAN",11.94,"NAN","NAN",0,97.1,96.3,0,87.1,0,92.7,91.1,98.1,92.9,"NAN",89.7,"NAN","NAN",0,1029,1029,0,1022,0,1029,669.3,1029,1028,"NAN",1028,"NAN","NAN",0,3,1,0,1,0,19,1,1,1,"NAN",2,"NAN","NAN",21.8,21.93,21.79,21.7,22.63,22.35,23.62,23.69,24.11,25.05,24.32,24.77,0,0,22.63,22.58,23.22,24.05,24.46,25.12,25.28,25.87,25.72,26.42,26.36,27.96,0,0,"NAN","NAN","NAN","NAN","NAN","NAN","NAN","NAN","NAN","NAN","NAN","NAN",0,0,20.44,23.4,21.8,25.3,23.57,26.16,28.55,27.43,28.09,26.89,29.36,30.81,0,0,"NAN",0,"NAN","NAN"
"2026-09-15 06:02:00",96192,13.71,13.1,0,0,0,0,0,0,0,0,0,0,0,"NAN","NAN",0,0,0,0,0,0,0,0,0,0,0,0,"NAN",0,"NAN","NAN",0,11.46,11.84,11.88,0,11.98,12.15,7.205,11.85,12.28,"NAN",11.98,"NAN","NAN",0,97.2,96.2,92.4,0,91.4,92.7,91.1,98,92.8,"NAN",89.7,"NAN","NAN",0,1029,1029,1027,0,1029,1029,672.8,1029,1028,"NAN",1028,"NAN","NAN",0,6,3,3,0,4,4,9,9,9,"NAN",10,"NAN","NAN",21.79,21.92,21.79,21.7,22.62,22.35,23.62,23.68,24.1,25.05,24.31,24.76,0,0,22.63,22.58,23.22,24.05,24.46,25.13,25.28,25.87,25.72,26.42,26.36,27.96,0,0,"NAN","NAN","NAN","NAN","NAN","NAN","NAN","NAN","NAN","NAN","NAN","NAN",0,0,20.44,23.4,21.8,25.3,23.57,26.16,28.55,27.43,28.08,26.89,29.36,30.81,0,0,"NAN",0,"NAN","NAN"
"2026-09-15 06:03:00",96193,13.73,13.11,0,0,0,0,0,0,0,0,0,0,0,"NAN","NAN",0,0,0,0,0,0,0,0,0,0,0,0,"NAN",0,"NAN","NAN",0,11.51,11.85,11.9,11.94,12.01,12.14,7.27,0,0,"NAN",12.02,"NAN","NAN",0,97.2,96.2,92.4,87.4,91.2,92.8,91.3,0,0,"NAN",89.6,"NAN","NAN",0,1029,1029,1027,1022,1029,1029,676.3,0,0,"NAN",1028,"NAN","NAN",0,3,11,3,7,3,12,4,0,0,"NAN",5,"NAN","NAN",21.79,21.92,21.79,21.7,22.62,22.35,23.61,23.68,24.1,25.05,24.31,24.76,0,0,22.63,22.58,23.22,24.05,24.46,25.12,25.28,25.86,25.72,26.42,26.36,27.96,0,0,"NAN","NAN","NAN","NAN","NAN","NAN","NAN","NAN","NAN","NAN","NAN","NAN",0,0,20.44,23.4,21.8,25.3,23.57,26.16,28.55,27.43,28.08,26.89,29.36,30.81,0,0,"NAN",0,"NAN","NAN"
"2026-09-15 06:04:00",96194,13.74,13.12,0,0,0,0,0,0,0,0,0,0,0,"NAN","NAN",0,0,0,0,0,0,0,0,0,0,0,0,"NAN",0,"NAN","NAN",0,11.5,11.86,11.89,11.95,12,12.17,7.253,11.82,12.31,"NAN",12.02,"NAN","NAN",0,97.3,96.2,92.4,87.5,91.3,92.8,91.3,97.7,92.9,"NAN",89.6,"NAN","NAN",0,1029,1029,1027,1022,1029,1029,676.1,1029,1028,"NAN",1028,"NAN","NAN",0,11,19,11,15,11,7,12,8,7,"NAN",13,"NAN","NAN",21.8,21.92,21.78,21.69,22.62,22.34,23.61,23.68,24.1,25.05,24.31,24.76,0,0,22.63,22.58,23.22,24.05,24.46,25.12,25.28,25.86,25.71,26.42,26.36,27.96,0,0,"NAN","NAN","NAN","NAN","NAN","NAN","NAN","NAN","NAN","NAN","NAN","NAN",0,0,20.44,23.4,21.8,25.3,23.57,26.16,28.55,27.43,28.08,26.89,29.36,30.81,0,0,"NAN",0,"NAN","NAN"
"2026-09-15 06:05:00",96195,13.72,13.13,0,0,0,0,0,0,0,0,0,0,0,"NAN","NAN",0,0,0,0,0,0,0,0,0,0,0,0,"NAN",0,"NAN","NAN",0,11.51,11.88,11.88,12,11.99,12.17,7.262,11.78,12.31,"NAN",12.03,"NAN","NAN",0,97.2,96.2,92.4,87.6,91.3,92.8,91.3,97.7,92.9,"NAN",89.6,"NAN","NAN",0,1029,1029,1027,1022,1029,1029,676.1,1029,1028,"NAN",1028,"NAN","NAN",0,19,27,19,3,19,15,20,16,15,"NAN",21,"NAN","NAN",21.78,21.92,21.78,21.69,22.61,22.34,23.61,23.68,24.1,25.05,24.3,24.76,0,0,22.63,22.58,23.21,24.05,24.46,25.12,25.28,25.87,25.71,26.42,26.36,27.95,0,0,"NAN","NAN","NAN","NAN","NAN","NAN","NAN","NAN","NAN","NAN","NAN","NAN",0,0,20.44,23.4,21.8,25.3,23.57,26.16,28.55,27.43,28.08,26.89,29.36,30.81,0,0,"NAN",0,"NAN","NAN"
"2026-09-15 06:06:00",96196,13.74,13.15,0,0,0,0,0,0,0,0,0,0,0,"NAN","NAN",0,0,0,0,0,0,0,0,0,0,0,0,"NAN",0,"NAN","NAN",0,11.52,11.88,11.88,11.99,11.99,12.18,7.273,11.76,12.32,"NAN",12.04,"NAN","NAN",0,97.1,96.2,92.4,87.6,91.3,92.7,91.2,97.5,92.8,"NAN",89.6,"NAN","NAN",0,1029,1029,1027,1022,1029,1029,676.2,1029,1028,"NAN",1028,"NAN","NAN",0,27,35,27,11,27,23,28,24,23,"NAN",29,"NAN","NAN",21.79,21.91,21.78,21.68,22.61,22.34,23.6,23.67,24.1,25.04,24.3,24.75,0,0,22.63,22.58,23.22,24.05,24.45,25.12,25.28,25.86,25.71,26.42,26.36,27.96,0,0,"NAN","NAN","NAN","NAN","NAN","NAN","NAN","NAN","NAN","NAN","NAN","NAN",0,0,20.44,23.4,21.8,25.3,23.57,26.16,28.55,27.43,28.08,26.89,29.36,30.81,0,0,"NAN",0,"NAN","NAN"
"2026-09-15 06:07:00",96197,13.73,13.16,0,0,0,0,0,0,0,0,0,0,0,"NAN","NAN",0,0,0,0,0,0,0,0,0,0,0,0,"NAN",0,"NAN","NAN",0,11.53,11.9,11.89,12.01,12.02,12.19,7.283,11.76,12.33,"NAN",12.05,"NAN","NAN",0,97.1,96.3,92.4,87.6,91.3,92.7,91.2,97.5,92.9,"NAN",89.6,"NAN","NAN",0,1029,1029,1027,1022,1029,1029,676.1,1029,1028,"NAN",1028,"NAN","NAN",0,35,43,35,19,35,31,36,32,31,"NAN",37,"NAN","NAN",21.78,21.91,21.77,21.68,22.61,22.33,23.6,23.67,24.09,25.04,24.3,24.75,0,0,22.63,22.57,23.21,24.05,24.45,25.12,25.28,25.86,25.71,26.42,26.36,27.95,0,0,"NAN","NAN","NAN","NAN","NAN","NAN","NAN","NAN","NAN","NAN","NAN","NAN",0,0,20.44,23.4,21.8,25.3,23.57,26.16,28.55,27.43,28.08,26.89,29.36,30.81,0,0,"NAN",0,"NAN","NAN"
"2026-09-15 06:08:00",96198,13.74,13.19,0,0,0,0,0,0,0,0,0,0,0,"NAN","NAN",0,0,0,0,0,0,0,0,0,0,0,0,"NAN",0,"NAN","NAN",0,11.55,11.92,11.91,12.03,12.03,12.21,7.305,11.75,12.35,"NAN",12.06,"NAN","NAN",0,97.1,96.3,92.4,87.6,91.3,92.7,91.2,97.4,92.9,"NAN",89.6,"NAN","NAN",0,1029,1029,1027,1022,1029,1029,676.4,1029,1028,"NAN",1028,"NAN","NAN",0,43,51,43,27,43,39,44,40,39,"NAN",45,"NAN","NAN",21.78,21.91,21.77,21.68,22.61,22.33,23.6,23.67,24.1,25.04,24.3,24.75,0,0,22.63,22.57,23.21,24.05,24.45,25.12,25.28,25.86,25.71,26.42,26.35,27.95,0,0,"NAN","NAN","NAN","NAN","NAN","NAN","NAN","NAN","NAN","NAN","NAN","NAN",0,0,20.44,23.4,21.8,25.3,23.57,26.16,28.55,27.43,28.08,26.89,29.36,30.81,0,0,"NAN",0,"NAN","NAN"
"2026-09-15 06:09:00",96199,13.75,13.24,0,"NAN",0,0,0,0,0,0,0,0,0,"NAN","NAN",0,0,"NAN",0,0,0,0,0,0,0,0,0,"NAN",0,"NAN","NAN","NAN",11.57,11.93,11.92,12.06,12.05,12.22,7.327,11.77,12.36,"NAN",12.07,"NAN","NAN","NAN",97.1,96.3,92.4,87.6,91.3,92.7,91.2,97.4,92.9,"NAN",89.6,"NAN","NAN","NAN",1029,1029,1027,1022,1029,1029,676,1030,1028,"NAN",1028,"NAN","NAN","NAN",51,59,51,35,51,47,52,48,47,"NAN",53,"NAN","NAN",21.77,21.91,21.77,21.67,22.61,22.32,23.59,23.67,24.09,25.03,24.3,24.75,0,0,22.63,22.57,23.21,24.05,24.45,25.12,25.28,25.86,25.71,26.42,26.36,27.95,0,0,"NAN","NAN","NAN","NAN","NAN","NAN","NAN","NAN","NAN","NAN","NAN","NAN",0,0,20.44,23.4,21.8,25.3,23.57,26.16,28.55,27.43,28.08,26.89,29.36,30.81,0,0,"NAN",0,"NAN","NAN"
"2026-09-15 06:10:00",96200,13.74,13.31,0,"NAN",0,0,0,0,0,0,0,0,0,"NAN","NAN",0,0,"NAN",0,0,0,0,0,0,0,0,0,"NAN",0,"NAN","NAN","NAN",11.61,11.95,11.95,12.1,12.09,12.25,7.349,11.84,12.45,"NAN",12.11,"NAN","NAN","NAN",97.3,96.3,92.4,87.6,91.3,92.9,91.3,97.6,92.9,"NAN",89.6,"NAN","NAN","NAN",1029,1029,1027,1022,1029,1029,676.6,1030,1028,"NAN",1028,"NAN","NAN","NAN",59,67,59,43,59,55,60,56,3,"NAN",61,"NAN","NAN",21.77,21.9,21.76,21.67,22.6,22.32,23.59,23.67,24.09,25.03,24.29,24.74,0,0,22.63,22.58,23.21,24.05,24.45,25.12,25.27,25.86,25.71,26.42,26.35,27.95,0,0,"NAN","NAN","NAN","NAN","NAN","NAN","NAN","NAN","NAN","NAN","NAN","NAN",0,0,20.45,23.4,21.8,25.3,23.57,26.16,28.55,27.43,28.09,26.89,29.36,30.81,0,0,"NAN",0,"NAN","NAN"
"2026-09-15 06:11:00",96201,13.74,13.4,0,"NAN",0,0,0,0,0,0,0,0,0,"NAN","NAN",0,0,"NAN",0,0,0,0,0,0,0,0,0,"NAN",0,"NAN","NAN","NAN",11.74,12.01,12.04,12.15,12.16,12.3,7.429,11.93,12.47,"NAN",12.17,"NAN","NAN","NAN",97.6,96.3,92.6,87.7,91.3,93.1,91.3,97.8,93,"NAN",89.7,"NAN","NAN","NAN",1029,1029,1027,1022,1029,1029,677.4,1030,1028,"NAN",1029,"NAN","NAN","NAN",3,75,67,51,67,63,3,64,4,"NAN",4,"NAN","NAN",21.76,21.9,21.76,21.67,22.6,22.32,23.59,23.66,24.09,25.03,24.29,24.74,0,0,22.63,22.58,23.21,24.05,24.45,25.12,25.28,25.86,25.71,26.42,26.35,27.95,0,0,"NAN","NAN","NAN","NAN","NAN","NAN","NAN","NAN","NAN","NAN","NAN","NAN",0,0,20.44,23.4,21.8,25.3,23.57,26.16,28.55,27.43,28.09,26.89,29.36,30.81,0,0,"NAN",0,"NAN","NAN"
"2026-09-15 06:12:00",96202,13.73,13.52,0,"NAN",0,0,0,0,0,0,0,0,0,"NAN","NAN",0,0,"NAN",0,0,0,0,0,0,0,0,0,"NAN",0,"NAN","NAN","NAN",11.82,12.11,12.22,12.24,12.3,12.39,7.43,12.03,12.5,"NAN",12.2,"NAN","NAN","NAN",98.1,96.4,92.8,87.8,91.3,93.4,91.4,97.9,93.1,"NAN",89.7,"NAN","NAN","NAN",1029,1029,1027,1022,1029,1029,676.7,1030,1029,"NAN",1029,"NAN","NAN","NAN",11,83,75,59,75,71,11,72,12,"NAN",12,"NAN","NAN",21.76,21.9,21.76,21.66,22.6,22.31,23.59,23.66,24.09,25.03,24.29,24.73,0,0,22.62,22.57,23.21,24.05,24.45,25.12,25.28,25.86,25.71,26.42,26.35,27.95,0,0,"NAN","NAN","NAN","NAN","NAN","NAN","NAN","NAN","NAN","NAN","NAN","NAN",0,0,20.44,23.4,21.8,25.3,23.57,26.16,28.55,27.43,28.08,26.9,29.36,30.81,0,0,"NAN",0,"NAN","NAN"
"2026-09-15 06:13:00",96203,13.75,13.67,0,"NAN",0,0,0,0,0,0,0,0,0,"NAN","NAN",0,0,"NAN",0,0,0,0,0,0,0,0,0,"NAN",0,"NAN","NAN","NAN",12.02,12.28,12.44,12.42,12.52,12.52,7.486,12.18,12.58,"NAN",12.24,"NAN","NAN","NAN",98.6,96.5,93,88.1,91.4,93.7,91.5,98.1,93.2,"NAN",89.7,"NAN","NAN","NAN",1029,1029,1027,1022,1029,1029,676.6,1030,1029,"NAN",1029,"NAN","NAN","NAN",19,91,83,67,83,79,19,80,20,"NAN",20,"NAN","NAN",21.76,21.9,21.75,21.66,22.59,22.31,23.59,23.66,24.09,25.03,24.29,24.73,0,0,22.63,22.57,23.21,24.05,24.45,25.12,25.27,25.86,25.71,26.42,26.35,27.95,0,0,"NAN","NAN","NAN","NAN","NAN","NAN","NAN","NAN","NAN","NAN","NAN","NAN",0,0,20.45,23.4,21.8,25.3,23.57,26.16,28.55,27.43,28.08,26.89,29.36,30.81,0,0,"NAN",0,"NAN","NAN"
"2026-09-15 06:14:00",96204,13.73,13.85,0,"NAN",0,0,0,0,0,0,0,0,0,"NAN","NAN",0,0,"NAN",0,0,0,0,0,0,0,0,0,"NAN",0,"NAN","NAN","NAN",12.24,12.47,12.63,12.66,12.75,12.67,7.579,12.39,12.68,"NAN",12.26,"NAN","NAN","NAN",99,96.6,93,88.4,91.5,93.7,91.7,98.2,93.4,"NAN",89.6,"NAN","NAN","NAN",1029,1029,1027,1022,1029,1029,677,1030,1029,"NAN",1029,"NAN","NAN","NAN",27,99,91,75,91,87,27,88,28,"NAN",28,"NAN","NAN",21.76,21.89,21.75,21.65,22.59,22.31,23.58,23.66,24.08,25.02,24.29,24.73,0,0,22.62,22.57,23.21,24.05,24.45,25.12,25.28,25.86,25.71,26.41,26.35,27.95,0,0,"NAN","NAN","NAN","NAN","NAN","NAN","NAN","NAN","NAN","NAN","NAN","NAN",0,0,20.44,23.4,21.8,25.3,23.57,26.16,28.55,27.43,28.08,26.89,29.36,30.81,0,0,"NAN",0,"NAN","NAN"
"2026-09-15 06:15:00",96205,13.75,14.08,0,"NAN",0,0,0,0,0,0,0,0,0,"NAN","NAN",0,0,"NAN",0,0,0,0,0,0,0,0,0,"NAN",0,"NAN","NAN","NAN",12.47,12.65,12.81,12.89,12.94,12.83,7.687,12.5,12.83,"NAN",12.39,"NAN","NAN","NAN",99.3,96.7,92.9,88.5,91.5,93.6,91.9,98.3,93.4,"NAN",89.4,"NAN","NAN","NAN",1029,1029,1027,1022,1029,1029,677,1030,1029,"NAN",1029,"NAN","NAN","NAN",35,107,99,83,99,95,35,92,4,"NAN",1,"NAN","NAN",21.76,21.89,21.75,21.65,22.59,22.3,23.58,23.65,24.08,25.02,24.28,24.73,0,0,22.62,22.57,23.21,24.05,24.45,25.12,25.27,25.86,25.7,26.41,26.35,27.95,0,0,"NAN","NAN","NAN","NAN","NAN","NAN","NAN","NAN","NAN","NAN","NAN","NAN",0,0,20.44,23.4,21.8,25.3,23.57,26.16,28.55,27.43,28.08,26.89,29.36,30.81,0,0,"NAN",0,"NAN","NAN"
"2026-09-15 06:16:00",96206,13.72,14.32,0,"NAN",0,0,0,0,0,0,0,0,0,"NAN","NAN",0,0,"NAN",0,0,0,0,0,0,0,0,0,"NAN",0,"NAN","NAN","NAN",12.73,12.83,12.99,13.13,13.13,13.04,7.804,12.74,12.93,"NAN",12.42,"NAN","NAN","NAN",99.5,96.8,92.7,88.5,91.5,93.4,92,98.2,93.5,"NAN",89.4,"NAN","NAN","NAN",1029,1029,1027,1022,1029,1029,677.2,1030,1029,"NAN",1029,"NAN","NAN","NAN",43,115,107,91,107,3,43,5,12,"NAN",5,"NAN","NAN",21.75,21.89,21.74,21.65,22.58,22.3,23.58,23.65,24.08,25.02,24.28,24.73,0,0,22.62,22.57,23.21,24.04,24.45,25.12,25.27,25.86,25.7,26.41,26.35,27.95,0,0,"NAN","NAN","NAN","NAN","NAN","NAN","NAN","NAN","NAN","NAN","NAN","NAN",0,0,20.44,23.4,21.8,25.3,23.57,26.16,28.55,27.43,28.09,26.89,29.36,30.81,0,0,"NAN",0,"NAN","NAN"
"2026-09-15 06:17:00",96207,13.74,14.59,0,"NAN",0,0,0,0,0,0,0,0,0,"NAN","NAN",0,0,"NAN",0,0,0,0,0,0,0,0,0,"NAN",0,"NAN","NAN","NAN",12.98,13,13.17,13.43,13.3,13.16,7.913,12.95,13.04,"NAN",12.52,"NAN","NAN","NAN",99.7,96.9,92.4,88.2,91.5,93.2,92,97.9,93.4,"NAN",89.4,"NAN","NAN","NAN",1029,1029,1027,1023,1029,1029,677.8,1030,1029,"NAN",1029,"NAN","NAN","NAN",51,123,115,3,115,7,51,7,19,"NAN",5,"NAN","NAN",21.75,21.89,21.74,21.64,22.58,22.3,23.57,23.65,24.08,25.02,24.28,24.72,0,0,22.62,22.57,23.21,24.04,24.45,25.12,25.27,25.86,25.7,26.41,26.35,27.95,0,0,"NAN","NAN","NAN","NAN","NAN","NAN","NAN","NAN","NAN","NAN","NAN","NAN",0,0,20.44,23.4,21.8,25.3,23.57,26.16,28.55,27.43,28.09,26.89,29.36,30.81,0,0,"NAN",0,"NAN","NAN"
"2026-09-15 06:18:00",96208,13.73,14.87,0,"NAN",0,0,0,0,0,0,0,0,0,"NAN","NAN",0,0,"NAN",0,0,0,0,0,0,0,0,0,"NAN",0,"NAN","NAN","NAN",13.25,13.18,13.35,13.59,13.47,13.32,8.04,13.1,13.17,"NAN",12.59,"NAN","NAN","NAN",99.9,97,92,87.8,91.4,93,92,97.7,93.4,"NAN",89.4,"NAN","NAN","NAN",1029,1030,1027,1023,1029,1029,677.2,1030,1029,"NAN",1029,"NAN","NAN","NAN",59,131,123,11,123,15,59,15,27,"NAN",13,"NAN","NAN",21.75,21.89,21.74,21.64,22.58,22.29,23.57,23.65,24.07,25.02,24.27,24.72,0,0,22.62,22.57,23.21,24.04,24.45,25.12,25.27,25.86,25.7,26.42,26.35,27.95,0,0,"NAN","NAN","NAN","NAN","NAN","NAN","NAN","NAN","NAN","NAN","NAN","NAN",0,0,20.44,23.4,21.8,25.3,23.57,26.16,28.55,27.43,28.09,26.89,29.36,30.81,0,0,"NAN",0,"NAN","NAN"
"2026-09-15 06:19:00",96209,13.72,15.17,0,"NAN",0,0,0,0,0,0,0,0,0,"NAN","NAN",0,0,"NAN",0,0,0,0,0,0,0,0,0,"NAN",0,"NAN","NAN","NAN",13.53,13.35,13.54,13.89,13.68,13.54,8.16,13.32,13.32,"NAN",12.78,"NAN","NAN","NAN",100,97,91.6,87.5,91.4,92.7,92,97.5,93.3,"NAN",89.3,"NAN","NAN","NAN",1029,1030,1028,1023,1029,1029,678.1,1030,1029,"NAN",1029,"NAN","NAN","NAN",67,139,131,3,131,3,67,3,35,"NAN",1,"NAN","NAN",21.74,21.88,21.73,21.64,22.58,22.29,23.57,23.64,24.07,25.01,24.27,24.72,0,0,22.62,22.57,23.21,24.04,24.45,25.11,25.28,25.86,25.7,26.41,26.35,27.95,0,0,"NAN","NAN","NAN","NAN","NAN","NAN","NAN","NAN","NAN","NAN","NAN","NAN",0,0,20.44,23.4,21.8,25.3,23.57,26.16,28.55,27.43,28.09,26.89,29.36,30.81,0,0,"NAN",0,"NAN","NAN"
"2026-09-15 06:20:00",96210,13.74,15.48,0,"NAN",0,0,0,0,0,0,0,0,0,"NAN","NAN",0,0,"NAN",0,0,0,0,0,0,0,0,0,"NAN",0,"NAN","NAN","NAN",13.8,13.54,13.77,14.08,13.9,13.67,8.28,13.47,13.45,"NAN",12.83,"NAN","NAN","NAN",100,97.1,91.4,87.2,91.3,92.5,92,97.3,93.1,"NAN",89.5,"NAN","NAN","NAN",1029,1030,1028,1023,1029,1029,677.9,1030,1029,"NAN",1029,"NAN","NAN","NAN",75,147,139,11,139,11,75,11,43,"NAN",9,"NAN","NAN",21.74,21.88,21.73,21.63,22.57,22.29,23.57,23.64,24.07,25.01,24.27,24.72,0,0,22.62,22.57,23.21,24.04,24.45,25.11,25.27,25.86,25.7,26.41,26.35,27.95,0,0,"NAN","NAN","NAN","NAN","NAN","NAN","NAN","NAN","NAN","NAN","NAN","NAN",0,0,20.44,23.4,21.8,25.3,23.57,26.16,28.55,27.43,28.08,26.89,29.36,30.81,0,0,"NAN",0,"NAN","NAN"
"2026-09-15 06:21:00",96211,13.73,15.8,0,"NAN",0,0,0,0,0,0,0,0,0,"NAN","NAN",0,0,"NAN",0,0,0,0,0,0,0,0,0,"NAN",0,"NAN","NAN","NAN",14.07,13.71,13.98,14.3,14.09,13.85,8.43,13.66,13.59,"NAN",12.94,"NAN","NAN","NAN",100,97.1,91.1,86.8,91.2,92.3,91.9,97.1,93,"NAN",89.5,"NAN","NAN","NAN",1029,1030,1027,1023,1029,1029,677.7,1030,1029,"NAN",1029,"NAN","NAN","NAN",83,155,147,19,147,19,83,19,51,"NAN",17,"NAN","NAN",21.73,21.88,21.73,21.63,22.57,22.28,23.56,23.64,24.07,25.01,24.27,24.71,0,0,22.62,22.57,23.21,24.04,24.45,25.11,25.27,25.86,25.7,26.41,26.35,27.95,0,0,"NAN","NAN","NAN","NAN","NAN","NAN","NAN","NAN","NAN","NAN","NAN","NAN",0,0,20.45,23.4,21.8,25.3,23.57,26.16,28.55,27.43,28.08,26.9,29.36,30.81,0,0,"NAN",0,"NAN","NAN"
"2026-09-15 06:22:00",96212,13.73,16.13,0,"NAN",0,0,0,0,0,0,0,0,0,"NAN","NAN",0,0,"NAN",0,0,0,0,0,0,0,0,0,"NAN",0,"NAN","NAN","NAN",14.34,13.89,14.14,14.48,14.29,14.02,8.56,13.83,13.72,"NAN",13.05,"NAN","NAN","NAN",100,97.1,90.5,86.2,91.1,91.8,91.9,96.8,92.7,"NAN",89.5,"NAN","NAN","NAN",1029,1030,1028,1023,1029,1029,678.3,1030,1029,"NAN",1029,"NAN","NAN","NAN",91,163,155,27,155,27,91,27,59,"NAN",25,"NAN","NAN",21.73,21.88,21.72,21.63,22.57,22.28,23.56,23.64,24.07,25.01,24.27,24.71,0,0,22.62,22.56,23.21,24.04,24.45,25.11,25.27,25.86,25.7,26.41,26.35,27.95,0,0,"NAN","NAN","NAN","NAN","NAN","NAN","NAN","NAN","NAN","NAN","NAN","NAN",0,0,20.45,23.4,21.8,25.3,23.57,26.16,28.55,27.43,28.09,26.89,29.36,30.81,0,0,"NAN",0,"NAN","NAN"
"2026-09-15 06:23:00",96213,13.73,16.47,0,"NAN",0,0,0,0,0,0,0,0,0,"NAN","NAN",0,0,"NAN",0,0,0,0,0,0,0,0,0,"NAN",0,"NAN","NAN","NAN",14.59,14.04,14.28,14.66,14.4,14.2,8.68,13.96,13.85,"NAN",13.13,"NAN","NAN","NAN",100,97.1,89.9,85.7,90.9,91.3,91.7,96.1,92.4,"NAN",89.4,"NAN","NAN","NAN",1029,1030,1027,1023,1029,1029,678.4,1030,1029,"NAN",1029,"NAN","NAN","NAN",99,171,163,35,163,35,99,35,67,"NAN",33,"NAN","NAN",21.73,21.87,21.72,21.62,22.56,22.28,23.56,23.63,24.06,25.01,24.26,24.71,0,0,22.62,22.56,23.2,24.04,24.45,25.11,25.27,25.86,25.7,26.41,26.34,27.95,0,0,"NAN","NAN","NAN","NAN","NAN","NAN","NAN","NAN","NAN","NAN","NAN","NAN",0,0,20.44,23.4,21.8,25.3,23.57,26.15,28.56,27.43,28.09,26.89,29.36,30.81,0,0,"NAN",0,"NAN","NAN"
"2026-09-15 06:24:00",96214,13.74,16.81,0,"NAN",0,0,0,0,0,0,0,0,0,"NAN","NAN",0,0,"NAN",0,0,0,0,0,0,0,0,0,"NAN",0,"NAN","NAN","NAN",14.84,14.25,14.4,14.81,14.5,14.37,8.79,14.08,13.96,"NAN",13.24,"NAN","NAN","NAN",99.9,97.1,89.2,85,90.5,90.8,91.4,95.4,92.1,"NAN",89.3,"NAN","NAN","NAN",1029,1030,1028,1023,1029,1029,678.6,1030,1029,"NAN",1029,"NAN","NAN","NAN",107,179,171,43,171,43,107,43,75,"NAN",41,"NAN","NAN",21.73,21.87,21.72,21.62,22.56,22.27,23.55,23.63,24.06,25,24.26,24.7,0,0,22.62,22.56,23.2,24.04,24.45,25.11,25.27,25.86,25.7,26.41,26.34,27.95,0,0,"NAN","NAN","NAN","NAN","NAN","NAN","NAN","NAN","NAN","NAN","NAN","NAN",0,0,20.44,23.4,21.8,25.3,23.57,26.16,28.55,27.43,28.09,26.89,29.36,30.81,0,0,"NAN",0,"NAN","NAN"
"2026-09-15 06:25:00",96215,13.59,17.15,0,"NAN",0,0,0,0,0,0,0,0,0,"NAN","NAN",0,0,"NAN",0,0,0,0,0,0,0,0,0,"NAN",0,"NAN","NAN","NAN",15.08,14.53,14.52,14.96,14.6,14.55,8.88,14.2,14.05,"NAN",13.33,"NAN","NAN","NAN",99.6,97.1,88.8,84.4,90.1,90.2,91,94.9,91.7,"NAN",89,"NAN","NAN","NAN",1029,1030,1028,1023,1029,1029,678.5,1030,1029,"NAN",1029,"NAN","NAN","NAN",115,187,179,51,179,51,115,51,83,"NAN",49,"NAN","NAN",21.73,21.87,21.71,21.62,22.56,22.27,23.55,23.63,24.06,25,24.26,24.7,0,0,22.62,22.56,23.2,24.04,24.45,25.11,25.27,25.86,25.7,26.41,26.34,27.95,0,0,"NAN","NAN","NAN","NAN","NAN","NAN","NAN","NAN","NAN","NAN","NAN","NAN",0,0,20.45,23.4,21.8,25.3,23.57,26.16,28.55,27.43,28.09,26.9,29.35,30.81,0,0,"NAN",0,"NAN","NAN"
"2026-09-15 06:26:00",96216,13.72,17.5,0,"NAN",0,0,0,0,0,0,0,0,0,"NAN","NAN",0,0,"NAN",0,0,0,0,0,0,0,0,0,"NAN",0,"NAN","NAN","NAN",15.32,14.81,14.62,15.18,14.68,14.72,8.98,14.33,14.15,"NAN",13.46,"NAN","NAN","NAN",99,97.2,88.2,84.1,89.4,89.5,90.5,94.4,91.3,"NAN",88.9,"NAN","NAN","NAN",1029,1030,1028,1023,1029,1029,678.7,1030,1029,"NAN",1029,"NAN","NAN","NAN",123,195,187,3,187,59,123,59,91,"NAN",4,"NAN","NAN",21.72,21.87,21.71,21.61,22.56,22.27,23.55,23.62,24.06,25,24.26,24.7,0,0,22.62,22.56,23.2,24.04,24.45,25.11,25.27,25.86,25.7,26.41,26.34,27.95,0,0,"NAN","NAN","NAN","NAN","NAN","NAN","NAN","NAN","NAN","NAN","NAN","NAN",0,0,20.45,23.4,21.8,25.3,23.57,26.16,28.55,27.43,28.09,26.9,29.36,30.81,0,0,"NAN",0,"NAN","NAN"
"2026-09-15 06:27:00",96217,13.73,17.84,0,"NAN",0,0,0,0,0,0,0,0,0,"NAN","NAN",0,0,"NAN",0,0,0,0,0,0,0,0,0,"NAN",0,"NAN","NAN","NAN",15.57,15.07,14.72,15.31,14.79,14.89,9.07,14.44,14.24,"NAN",13.54,"NAN","NAN","NAN",98.2,97.2,87.8,83.8,88.8,89.1,90.2,93.7,91,"NAN",88.7,"NAN","NAN","NAN",1029,1030,1028,1023,1029,1029,678.8,1030,1029,"NAN",1029,"NAN","NAN","NAN",131,203,195,11,195,67,131,67,99,"NAN",12,"NAN","NAN",21.72,21.87,21.71,21.61,22.56,22.26,23.55,23.62,24.06,25,24.25,24.7,0,0,22.62,22.56,23.2,24.04,24.45,25.11,25.27,25.86,25.7,26.41,26.34,27.95,0,0,"NAN","NAN","NAN","NAN","NAN","NAN","NAN","NAN","NAN","NAN","NAN","NAN",0,0,20.44,23.4,21.8,25.3,23.57,26.15,28.55,27.43,28.09,26.89,29.36,30.81,0,0,"NAN",0,"NAN","NAN"
"2026-09-15 06:28:00",96218,13.73,18.2,0,"NAN",0,0,0,0,0,0,0,0,0,"NAN","NAN",0,0,"NAN",0,0,0,0,0,0,0,0,0,"NAN",0,"NAN","NAN","NAN",15.81,15.35,14.83,15.49,14.91,15.06,9.17,14.55,14.36,"NAN",13.68,"NAN","NAN","NAN",97.3,97.2,87.3,83.6,88.3,88.8,90,93.4,90.7,"NAN",88.7,"NAN","NAN","NAN",1029,1030,1028,1023,1029,1029,678.9,1030,1029,"NAN",1029,"NAN","NAN","NAN",139,211,203,19,203,75,139,75,107,"NAN",20,"NAN","NAN",21.72,21.86,21.7,21.61,22.55,22.26,23.54,23.62,24.05,25,24.25,24.69,0,0,22.62,22.56,23.2,24.04,24.45,25.11,25.26,25.86,25.69,26.4,26.34,27.95,0,0,"NAN","NAN","NAN","NAN","NAN","NAN","NAN","NAN","NAN","NAN","NAN","NAN",0,0,20.44,23.4,21.8,25.3,23.57,26.15,28.55,27.43,28.09,26.89,29.36,30.81,0,0,"NAN",0,"NAN","NAN"
"2026-09-15 06:29:00",96219,13.75,18.55,0,"NAN",0,0,0,0,0,0,0,0,0,"NAN","NAN",0,0,"NAN",0,0,0,0,0,0,0,0,0,"NAN",0,"NAN","NAN","NAN",16.05,15.62,14.94,15.66,15.02,15.23,9.27,14.68,14.47,"NAN",13.8,"NAN","NAN","NAN",96.3,97.1,87,83.1,87.7,88.5,89.8,93.3,90.4,"NAN",88.6,"NAN","NAN","NAN",1029,1030,1028,1023,1029,1029,678.8,1030,1029,"NAN",1029,"NAN","NAN","NAN",147,219,211,27,211,83,147,83,115,"NAN",28,"NAN","NAN",21.71,21.86,21.7,21.6,22.55,22.25,23.54,23.62,24.05,24.99,24.25,24.69,0,0,22.62,22.56,23.2,24.03,24.45,25.11,25.27,25.86,25.69,26.4,26.34,27.94,0,0,"NAN","NAN","NAN","NAN","NAN","NAN","NAN","NAN","NAN","NAN","NAN","NAN",0,0,20.44,23.4,21.8,25.3,23.57,26.15,28.55,27.43,28.09,26.89,29.36,30.81,0,0,"NAN",0,"NAN","NAN"
"2026-09-15 06:30:00",96220,13.74,18.9,0,"NAN",0,0,0,0,0,0,0,0,0,"NAN","NAN",0,0,"NAN",0,0,0,0,0,0,0,0,0,"NAN",0,"NAN","NAN","NAN",16.32,15.7,15.08,15.82,15.16,15.41,9.37,14.81,14.59,"NAN",13.91,"NAN","NAN","NAN",95.7,96.9,87.1,82.9,87.5,88.3,89.7,92.9,90.3,"NAN",88.3,"NAN","NAN","NAN",1029,1030,1028,1023,1029,1029,679.1,1030,1029,"NAN",1029,"NAN","NAN","NAN",155,227,219,35,219,91,155,91,123,"NAN",37,"NAN","NAN",21.72,21.86,21.7,21.6,22.55,22.25,23.54,23.62,24.05,24.99,24.25,24.69,0,0,22.62,22.56,23.2,24.04,24.45,25.11,25.26,25.86,25.69,26.41,26.34,27.94,0,0,"NAN","NAN","NAN","NAN","NAN","NAN","NAN","NAN","NAN","NAN","NAN","NAN",0,0,20.44,23.4,21.8,25.3,23.57,26.16,28.56,27.43,28.09,26.89,29.36,30.81,0,0,"NAN",0,"NAN","NAN"
"2026-09-15 06:31:00",96221,13.73,19.26,0,"NAN",0,0,0,0,0,0,0,0,0,"NAN","NAN",0,0,"NAN",0,0,0,0,0,0,0,0,0,"NAN",0,"NAN","NAN","NAN",16.6,15.73,15.25,15.95,15.28,15.59,9.46,14.93,14.68,"NAN",14.01,"NAN","NAN","NAN",94.9,96.4,87,82.2,87.2,87.9,89.5,92.8,90,"NAN",88.1,"NAN","NAN","NAN",1029,1030,1028,1023,1029,1029,679.4,1030,1029,"NAN",1029,"NAN","NAN","NAN",163,235,227,43,227,99,163,99,131,"NAN",45,"NAN","NAN",21.7,21.85,21.69,21.59,22.54,22.25,23.54,23.61,24.05,24.99,24.24,24.69,0,0,22.61,22.56,23.2,24.04,24.45,25.11,25.27,25.86,25.69,26.41,26.34,27.95,0,0,"NAN","NAN","NAN","NAN","NAN","NAN","NAN","NAN","NAN","NAN","NAN","NAN",0,0,20.44,23.4,21.8,25.3,23.57,26.16,28.55,27.43,28.09,26.89,29.36,30.81,0,0,"NAN",0,"NAN","NAN"
"2026-09-15 06:32:00",96222,13.72,19.61,0,"NAN",0,0,0,0,0,0,0,0,0,"NAN","NAN",0,0,"NAN",0,0,0,0,0,0,0,0,0,"NAN",0,"NAN","NAN","NAN",16.86,15.78,15.38,16.06,15.39,15.76,9.55,15.05,14.77,"NAN",14.13,"NAN","NAN","NAN",93.7,95.8,86.4,81.9,86.9,87.3,89.2,92.5,89.8,"NAN",87.9,"NAN","NAN","NAN",1029,1030,1028,1023,1029,1029,679.3,1030,1029,"NAN",1029,"NAN","NAN","NAN",171,2,235,51,235,107,171,107,139,"NAN",53,"NAN","NAN",21.7,21.85,21.69,21.59,22.54,22.24,23.53,23.61,24.05,24.99,24.24,24.68,0,0,22.62,22.56,23.2,24.04,24.44,25.11,25.27,25.86,25.69,26.4,26.34,27.94,0,0,"NAN","NAN","NAN","NAN","NAN","NAN","NAN","NAN","NAN","NAN","NAN","NAN",0,0,20.45,23.4,21.8,25.3,23.57,26.15,28.55,27.43,28.09,26.89,29.36,30.81,0,0,"NAN",0,"NAN","NAN"
"2026-09-15 06:33:00",96223,13.74,19.97,0,"NAN",0,0,0,0,0,0,0,0,0,"NAN","NAN",0,0,"NAN",0,0,0,0,0,0,0,0,0,"NAN",0,"NAN","NAN","NAN",17.1,15.86,15.51,16.17,15.48,15.93,9.62,15.16,14.82,"NAN",14.23,"NAN","NAN","NAN",92.5,94.8,86.4,81.6,86.7,86.9,88.9,91.9,89.5,"NAN",87.6,"NAN","NAN","NAN",1029,1030,1028,1023,1029,1029,679.4,1030,1029,"NAN",1029,"NAN","NAN","NAN",179,7,2,59,2,115,179,115,147,"NAN",61,"NAN","NAN",21.71,21.85,21.69,21.59,22.54,22.24,23.53,23.61,24.05,24.98,24.24,24.68,0,0,22.62,22.56,23.2,24.04,24.44,25.11,25.27,25.86,25.69,26.41,26.34,27.94,0,0,"NAN","NAN","NAN","NAN","NAN","NAN","NAN","NAN","NAN","NAN","NAN","NAN",0,0,20.45,23.4,21.8,25.3,23.57,26.15,28.55,27.43,28.09,26.9,29.36,30.81,0,0,"NAN",0,"NAN","NAN"
"2026-09-15 06:34:00",96224,13.73,20.32,0,"NAN",0,0,0,0,0,0,0,0,0,"NAN","NAN",0,0,"NAN",0,0,0,0,0,0,0,0,0,"NAN",0,"NAN","NAN","NAN",17.35,15.96,15.65,16.28,15.8,16.09,9.7,15.25,14.88,"NAN",14.37,"NAN","NAN","NAN",91.6,93.7,86.1,81.1,87,86.6,88.6,91.5,89.2,"NAN",87.5,"NAN","NAN","NAN",1029,1030,1028,1023,1029,1030,679.5,1030,1029,"NAN",1029,"NAN","NAN","NAN",187,7,7,67,3,123,187,123,155,"NAN",69,"NAN","NAN",21.7,21.85,21.68,21.58,22.54,22.24,23.53,23.61,24.04,24.98,24.24,24.68,0,0,22.62,22.56,23.2,24.04,24.44,25.1,25.27,25.86,25.69,26.4,26.34,27.94,0,0,"NAN","NAN","NAN","NAN","NAN","NAN","NAN","NAN","NAN","NAN","NAN","NAN",0,0,20.45,23.4,21.8,25.3,23.57,26.15,28.56,27.43,28.09,26.89,29.36,30.81,0,0,"NAN",0,"NAN","NAN"
"2026-09-15 06:35:00",96225,13.73,20.68,0,"NAN",0,0,0,0,0,0,0,0,0,"NAN","NAN",0,0,"NAN",0,0,0,0,0,0,0,0,0,"NAN",0,"NAN","NAN","NAN",17.59,16.01,15.76,16.4,16.09,16.27,9.77,15.34,14.95,"NAN",14.5,"NAN","NAN","NAN",90.8,92.5,85.5,81,87.7,86.6,88.4,91.3,89.1,"NAN",87.1,"NAN","NAN","NAN",1030,1030,1028,1023,1029,1030,679.6,1030,1029,"NAN",1029,"NAN","NAN","NAN",195,15,15,75,11,131,195,131,163,"NAN",77,"NAN","NAN",21.7,21.85,21.68,21.58,22.53,22.23,23.52,23.6,24.04,24.98,24.23,24.68,0,0,22.62,22.56,23.2,24.04,24.44,25.1,25.26,25.86,25.69,26.4,26.34,27.94,0,0,"NAN","NAN","NAN","NAN","NAN","NAN","NAN","NAN","NAN","NAN","NAN","NAN",0,0,20.44,23.4,21.8,25.3,23.57,26.15,28.56,27.43,28.09,26.89,29.36,30.81,0,0,"NAN",0,"NAN","NAN"
"2026-09-15 06:36:00",96226,13.74,21.03,0,"NAN",0,0,0,0,0,0,0,0,0,"NAN","NAN",0,0,"NAN",0,0,0,0,0,0,0,0,0,"NAN",0,"NAN","NAN","NAN",17.84,16.08,15.88,16.55,16.45,16.44,9.84,15.43,15.02,"NAN",14.65,"NAN","NAN","NAN",90,91.5,85.5,80.8,88.1,86.3,88.4,90.9,89,"NAN",86.8,"NAN","NAN","NAN",1030,1030,1028,1023,1029,1030,679.5,1030,1029,"NAN",1029,"NAN","NAN","NAN",203,23,23,83,19,139,203,139,171,"NAN",85,"NAN","NAN",21.69,21.84,21.68,21.58,22.53,22.23,23.52,23.6,24.04,24.98,24.23,24.67,0,0,22.61,22.56,23.2,24.03,24.44,25.1,25.26,25.85,25.69,26.4,26.34,27.94,0,0,"NAN","NAN","NAN","NAN","NAN","NAN","NAN","NAN","NAN","NAN","NAN","NAN",0,0,20.44,23.4,21.8,25.3,23.57,26.15,28.56,27.43,28.09,26.89,29.36,30.81,0,0,"NAN",0,"NAN","NAN"
"2026-09-15 06:37:00",96227,13.73,21.38,0,"NAN",0,0,0,0,0,0,0,0,0,"NAN","NAN",0,0,"NAN",0,0,0,0,0,0,0,0,0,"NAN",0,"NAN","NAN","NAN",18.1,16.16,16.04,16.74,16.78,16.62,9.93,15.5,0,"NAN",14.79,"NAN","NAN","NAN",89.8,90.7,85.1,80.5,88.2,85.9,88.3,90.5,0,"NAN",86.4,"NAN","NAN","NAN",1030,1030,1028,1023,1029,1030,679.6,1030,0,"NAN",1029,"NAN","NAN","NAN",211,31,31,3,27,147,211,147,0,"NAN",93,"NAN","NAN",21.69,21.84,21.67,21.58,22.53,22.23,23.52,23.6,24.04,24.98,24.23,24.67,0,0,22.61,22.56,23.2,24.03,24.44,25.1,25.26,25.85,25.69,26.4,26.34,27.94,0,0,"NAN","NAN","NAN","NAN","NAN","NAN","NAN","NAN","NAN","NAN","NAN","NAN",0,0,20.45,23.4,21.8,25.3,23.57,26.15,28.55,27.43,28.09,26.89,29.36,30.81,0,0,"NAN",0,"NAN","NAN"
"2026-09-15 06:38:00",96228,13.75,21.74,0,"NAN",0,0,0,0,0,0,0,0,0,"NAN","NAN",0,0,"NAN",0,0,0,0,0,0,0,0,0,"NAN",0,"NAN","NAN","NAN",18.36,16.24,16.16,16.83,17.12,16.81,10,15.58,15.15,"NAN",15.01,"NAN","NAN","NAN",89.3,90,84.5,80.5,88.3,85.7,88.3,90.1,88.7,"NAN",86.5,"NAN","NAN","NAN",1030,1030,1028,1023,1029,1030,679.8,1030,1029,"NAN",1029,"NAN","NAN","NAN",219,39,39,11,35,155,219,155,7,"NAN",101,"NAN","NAN",21.69,21.84,21.67,21.57,22.53,22.22,23.52,23.6,24.03,24.97,24.23,24.67,0,0,22.61,22.56,23.2,24.04,24.44,25.1,25.26,25.85,25.68,26.4,26.33,27.94,0,0,"NAN","NAN","NAN","NAN","NAN","NAN","NAN","NAN","NAN","NAN","NAN","NAN",0,0,20.44,23.4,21.8,25.3,23.57,26.15,28.56,27.43,28.09,26.89,29.36,30.81,0,0,"NAN",0,"NAN","NAN"
"2026-09-15 06:39:00",96229,13.72,22.1,0,"NAN",0,0,0,0,0,0,0,0,0,"NAN","NAN",0,0,"NAN",0,0,0,0,0,0,0,0,0,"NAN",0,"NAN","NAN","NAN",18.61,16.35,16.28,16.97,17.47,16.99,10.09,15.67,15.21,"NAN",15.21,"NAN","NAN","NAN",88.2,89.7,84.4,80.4,88.2,85.8,88.3,90.2,88.8,"NAN",86.1,"NAN","NAN","NAN",1030,1030,1028,1023,1029,1030,680.2,1030,1029,"NAN",1029,"NAN","NAN","NAN",227,47,47,19,43,163,227,163,15,"NAN",109,"NAN","NAN",21.68,21.84,21.67,21.57,22.52,22.22,23.51,23.59,24.03,24.97,24.23,24.66,0,0,22.61,22.55,23.2,24.03,24.44,25.1,25.26,25.85,25.68,26.4,26.33,27.94,0,0,"NAN","NAN","NAN","NAN","NAN","NAN","NAN","NAN","NAN","NAN","NAN","NAN",0,0,20.44,23.4,21.8,25.3,23.57,26.15,28.56,27.43,28.09,26.89,29.36,30.81,0,0,"NAN",0,"NAN","NAN"
"2026-09-15 06:40:00",96230,13.72,22.47,0,"NAN",0,0,0,0,0,0,0,0,0,"NAN","NAN",0,0,"NAN",0,0,0,0,0,0,0,0,0,"NAN",0,"NAN","NAN","NAN",18.85,16.47,16.46,17.13,17.51,17.19,10.18,15.78,15.29,"NAN",15.41,"NAN","NAN","NAN",87.6,89.5,84.6,80.5,86.5,85.1,88.4,90.3,88.8,"NAN",85.8,"NAN","NAN","NAN",1030,1030,1028,1023,1029,1030,680,1030,1029,"NAN",1029,"NAN","NAN","NAN",235,55,55,27,51,171,235,171,23,"NAN",117,"NAN","NAN",21.68,21.84,21.66,21.56,22.52,22.22,23.51,23.59,24.03,24.97,24.22,24.66,0,0,22.61,22.55,23.19,24.03,24.44,25.1,25.26,25.85,25.68,26.4,26.33,27.94,0,0,"NAN","NAN","NAN","NAN","NAN","NAN","NAN","NAN","NAN","NAN","NAN","NAN",0,0,20.44,23.4,21.8,25.3,23.57,26.15,28.56,27.43,28.09,26.89,29.36,30.81,0,0,"NAN",0,"NAN","NAN"
"2026-09-15 06:41:00",96231,13.72,22.84,0,"NAN",0,0,0,0,0,0,0,0,0,"NAN","NAN",0,0,"NAN",0,0,0,0,0,0,0,0,0,"NAN",0,"NAN","NAN","NAN",19.11,16.59,16.61,17.25,17.39,17.37,10.26,15.91,15.34,"NAN",15.59,"NAN","NAN","NAN",86.8,89.2,83.8,79.72,83.8,84.1,88.3,90.2,88.6,"NAN",85.2,"NAN","NAN","NAN",1030,1030,1028,1023,1029,1030,678.7,1030,1029,"NAN",1029,"NAN","NAN","NAN",2,63,63,35,59,179,2,179,31,"NAN",125,"NAN","NAN",21.67,21.83,21.66,21.56,22.52,22.21,23.51,23.59,24.03,24.97,24.22,24.66,0,0,22.61,22.55,23.19,24.03,24.44,25.1,25.26,25.85,25.68,26.4,26.33,27.94,0,0,"NAN","NAN","NAN","NAN","NAN","NAN","NAN","NAN","NAN","NAN","NAN","NAN",0,0,20.44,23.4,21.8,25.3,23.57,26.15,28.56,27.43,28.09,26.89,29.36,30.81,0,0,"NAN",0,"NAN","NAN"
"2026-09-15 06:42:00",96232,13.74,23.21,0,"NAN",0,0,0,0,0,0,0,0,0,"NAN","NAN",0,0,"NAN",0,0,0,0,0,0,0,0,0,"NAN",0,"NAN","NAN","NAN",19.31,16.68,16.65,17.37,17.3,17.54,10.34,16.03,15.38,"NAN",15.84,"NAN","NAN","NAN",85.4,88.6,83.2,79.41,82.4,83.8,88,89.8,88.5,"NAN",85.1,"NAN","NAN","NAN",1030,1030,1028,1023,1029,1030,680,1030,1029,"NAN",1029,"NAN","NAN","NAN",7,71,67,43,4,187,11,188,40,"NAN",4,"NAN","NAN",21.67,21.83,21.66,21.56,22.52,22.21,23.51,23.59,24.03,24.97,24.22,24.66,0,0,22.61,22.55,23.19,24.03,24.44,25.1,25.26,25.85,25.68,26.4,26.33,27.94,0,0,"NAN","NAN","NAN","NAN","NAN","NAN","NAN","NAN","NAN","NAN","NAN","NAN",0,0,20.45,23.4,21.8,25.3,23.57,26.15,28.55,27.43,28.09,26.89,29.36,30.81,0,0,"NAN",0,"NAN","NAN"
"2026-09-15 06:43:00",96233,13.75,23.59,0,"NAN",0,0,0,0,0,0,0,0,0,"NAN","NAN",0,0,"NAN",0,0,0,0,0,0,0,0,0,"NAN",0,"NAN","NAN","NAN",19.52,16.8,16.82,17.5,17.29,17.71,10.47,16.13,15.42,"NAN",16.01,"NAN","NAN","NAN",84.8,88.2,82.9,78.92,82.2,83,87.8,89.4,88.3,"NAN",84.2,"NAN","NAN","NAN",1030,1030,1028,1023,1029,1030,681.6,1030,1029,"NAN",1029,"NAN","NAN","NAN",6,6,7,7,12,195,3,195,47,"NAN",5,"NAN","NAN",21.68,21.83,21.66,21.55,22.51,22.21,23.51,23.58,24.03,24.96,24.22,24.65,0,0,22.61,22.55,23.19,24.03,24.44,25.1,25.26,25.85,25.68,26.4,26.33,27.94,0,0,"NAN","NAN","NAN","NAN","NAN","NAN","NAN","NAN","NAN","NAN","NAN","NAN",0,0,20.44,23.4,21.8,25.3,23.57,26.15,28.56,27.43,28.09,26.89,29.36,30.81,0,0,"NAN",0,"NAN","NAN"
"2026-09-15 06:44:00",96234,13.73,23.96,0,"NAN",0,0,0,0,0,0,0,0,0,"NAN","NAN",0,0,"NAN",0,0,0,0,0,0,0,0,0,"NAN",0,"NAN","NAN","NAN",19.7,16.89,16.86,17.61,17.28,17.88,10.5,16.22,15.49,"NAN",16.15,"NAN","NAN","NAN",84.3,87.5,82.1,78.96,81.6,82.8,87.6,88.7,88.2,"NAN",84,"NAN","NAN","NAN",1030,1030,1028,1023,1029,1030,681,1030,1029,"NAN",1029,"NAN","NAN","NAN",14,7,15,15,20,203,11,203,7,"NAN",13,"NAN","NAN",21.67,21.83,21.65,21.55,22.51,22.2,23.5,23.58,24.02,24.96,24.21,24.65,0,0,22.61,22.55,23.19,24.03,24.44,25.1,25.26,25.85,25.68,26.4,26.33,27.94,0,0,"NAN","NAN","NAN","NAN","NAN","NAN","NAN","NAN","NAN","NAN","NAN","NAN",0,0,20.44,23.4,21.8,25.3,23.57,26.15,28.55,27.43,28.09,26.89,29.36,30.81,0,0,"NAN",0,"NAN","NAN"
"2026-09-15 06:45:00",96235,13.74,24.34,0,"NAN",0,0,0,0,0,0,0,0,0,"NAN","NAN",0,0,"NAN",0,0,0,0,0,0,0,0,0,"NAN",0,"NAN","NAN","NAN",19.9,16.98,16.96,17.75,17.3,18.05,10.58,16.31,15.55,"NAN",16.32,"NAN","NAN","NAN",83.4,87.2,82.3,78.72,81.9,82.7,87.5,88.8,88.3,"NAN",83.5,"NAN","NAN","NAN",1030,1030,1028,1023,1029,1030,680.6,1030,1029,"NAN",1029,"NAN","NAN","NAN",22,15,23,23,28,211,19,211,3,"NAN",20,"NAN","NAN",21.67,21.82,21.65,21.55,22.51,22.2,23.5,23.58,24.02,24.96,24.21,24.65,0,0,22.61,22.55,23.19,24.03,24.44,25.1,25.25,25.85,25.68,26.4,26.33,27.94,0,0,"NAN","NAN","NAN","NAN","NAN","NAN","NAN","NAN","NAN","NAN","NAN","NAN",0,0,20.45,23.4,21.8,25.3,23.57,26.15,28.56,27.43,28.09,26.89,29.36,30.81,0,0,"NAN",0,"NAN","NAN"
"2026-09-15 06:46:00",96236,13.73,24.72,0,"NAN",0,0,0,0,0,0,0,0,0,"NAN","NAN",0,0,"NAN",0,0,0,0,0,0,0,0,0,"NAN",0,"NAN","NAN","NAN",20.13,17.1,17.14,17.86,17.37,18.22,10.66,16.43,15.6,"NAN",16.51,"NAN","NAN","NAN",83.2,87.2,82.5,78.23,82.2,82.2,87.5,88.6,88.4,"NAN",83.3,"NAN","NAN","NAN",1030,1030,1028,1023,1030,1030,680.5,1030,1029,"NAN",1029,"NAN","NAN","NAN",30,23,31,31,35,219,27,219,11,"NAN",28,"NAN","NAN",21.66,21.82,21.65,21.54,22.5,22.2,23.49,23.58,24.02,24.96,24.21,24.65,0,0,22.61,22.55,23.19,24.03,24.44,25.1,25.26,25.85,25.68,26.4,26.33,27.94,0,0,"NAN","NAN","NAN","NAN","NAN","NAN","NAN","NAN","NAN","NAN","NAN","NAN",0,0,20.45,23.4,21.8,25.3,23.57,26.15,28.56,27.43,28.09,26.89,29.36,30.81,0,0,"NAN",0,"NAN","NAN"
"2026-09-15 06:47:00",96237,13.74,25.1,0,"NAN",0,0,0,0,0,0,0,0,0,"NAN","NAN",0,0,"NAN",0,0,0,0,0,0,0,0,0,"NAN",0,"NAN","NAN","NAN",20.36,17.21,17.22,17.94,17.43,18.38,10.74,16.55,15.64,"NAN",16.72,"NAN","NAN","NAN",82,86.9,81.6,77.77,81.2,81.2,87.1,88.3,88.1,"NAN",83,"NAN","NAN","NAN",1030,1030,1028,1023,1030,1030,680.9,1030,1029,"NAN",1029,"NAN","NAN","NAN",39,31,39,39,7,227,35,227,19,"NAN",36,"NAN","NAN",21.66,21.82,21.64,21.54,22.5,22.19,23.49,23.58,24.02,24.95,24.21,24.64,0,0,22.61,22.55,23.19,24.03,24.44,25.1,25.26,25.85,25.68,26.4,26.33,27.94,0,0,"NAN","NAN","NAN","NAN","NAN","NAN","NAN","NAN","NAN","NAN","NAN","NAN",0,0,20.45,23.4,21.8,25.3,23.57,26.15,28.56,27.43,28.09,26.89,29.36,30.81,0,0,"NAN",0,"NAN","NAN"
"2026-09-15 06:48:00",96238,13.74,25.49,0,"NAN",0,0,0,0,0,0,0,0,0,"NAN","NAN",0,0,"NAN",0,0,0,0,0,0,0,0,0,"NAN",0,"NAN","NAN","NAN",20.54,17.32,17.28,18.07,17.46,18.54,10.82,16.64,15.69,"NAN",16.9,"NAN","NAN","NAN",81.1,86.5,81.6,77.97,81.3,81.2,87,87.8,88,"NAN",82.7,"NAN","NAN","NAN",1030,1030,1028,1023,1030,1030,680.4,1030,1029,"NAN",1029,"NAN","NAN","NAN",47,39,47,47,15,235,43,235,27,"NAN",44,"NAN","NAN",21.66,21.81,21.64,21.54,22.5,22.19,23.49,23.57,24.01,24.95,24.2,24.64,0,0,22.61,22.55,23.19,24.03,24.44,25.09,25.25,25.85,25.68,26.4,26.33,27.94,0,0,"NAN","NAN","NAN","NAN","NAN","NAN","NAN","NAN","NAN","NAN","NAN","NAN",0,0,20.45,23.4,21.8,25.31,23.57,26.15,28.56,27.43,28.09,26.89,29.36,30.81,0,0,"NAN",0,"NAN","NAN"
"2026-09-15 06:49:00",96239,13.72,25.87,0,"NAN",0,0,0,0,0,0,0,0,0,"NAN","NAN",0,0,"NAN",0,0,0,0,0,0,0,0,0,"NAN",0,"NAN","NAN","NAN",20.75,17.48,17.45,18.26,17.6,18.73,10.91,16.77,15.77,"NAN",17.09,"NAN","NAN","NAN",81.3,86.3,82,77.68,81.8,81.1,87,88,88.2,"NAN",81.7,"NAN","NAN","NAN",1030,1030,1028,1023,1030,1030,681.3,1030,1029,"NAN",1029,"NAN","NAN","NAN",55,1,55,2,4,3,51,3,36,"NAN",53,"NAN","NAN",21.65,21.81,21.64,21.53,22.5,22.19,23.49,23.57,24.01,24.95,24.2,24.64,0,0,22.6,22.55,23.19,24.03,24.44,25.1,25.25,25.85,25.67,26.39,26.33,27.94,0,0,"NAN","NAN","NAN","NAN","NAN","NAN","NAN","NAN","NAN","NAN","NAN","NAN",0,0,20.45,23.4,21.8,25.31,23.57,26.15,28.56,27.43,28.09,26.89,29.36,30.81,0,0,"NAN",0,"NAN","NAN"
"2026-09-15 06:50:00",96240,13.74,26.26,0,"NAN",0,0,0,0,0,0,0,0,0,"NAN","NAN",0,0,"NAN",0,0,0,0,0,0,0,0,0,"NAN",0,"NAN","NAN","NAN",20.96,17.57,17.6,18.31,17.66,18.87,11,16.81,15.83,"NAN",17.24,"NAN","NAN","NAN",80.3,85.9,81.6,76.97,81.3,80.8,86.9,87.9,88,"NAN",81.1,"NAN","NAN","NAN",1030,1030,1028,1023,1030,1030,680.8,1030,1029,"NAN",1029,"NAN","NAN","NAN",63,7,63,7,12,11,59,7,44,"NAN",61,"NAN","NAN",21.65,21.81,21.63,21.53,22.49,22.18,23.48,23.57,24.01,24.95,24.2,24.63,0,0,22.61,22.55,23.19,24.03,24.44,25.09,25.25,25.85,25.67,26.39,26.33,27.94,0,0,"NAN","NAN","NAN","NAN","NAN","NAN","NAN","NAN","NAN","NAN","NAN","NAN",0,0,20.45,23.4,21.8,25.31,23.57,26.15,28.56,27.43,28.09,26.89,29.36,30.81,0,0,"NAN",0,"NAN","NAN"
"2026-09-15 06:51:00",96241,13.72,26.64,0,"NAN",0,0,0,0,0,0,0,0,0,"NAN","NAN",0,0,"NAN",0,0,0,0,0,0,0,0,0,"NAN",0,"NAN","NAN","NAN",21.17,17.62,17.73,18.44,17.79,19.03,11.05,0,15.89,"NAN",17.4,"NAN","NAN","NAN",80.1,85.8,81.1,76.75,80.8,80.4,86.7,0,87.5,"NAN",80.4,"NAN","NAN","NAN",1030,1030,1028,1023,1030,1030,680.6,0,1029,"NAN",1029,"NAN","NAN","NAN",71,11,71,4,2,19,64,0,4,"NAN",5,"NAN","NAN",21.64,21.81,21.63,21.53,22.49,22.18,23.48,23.57,24.01,24.95,24.2,24.63,0,0,22.61,22.55,23.19,24.03,24.44,25.09,25.26,25.85,25.67,26.39,26.33,27.94,0,0,"NAN","NAN","NAN","NAN","NAN","NAN","NAN","NAN","NAN","NAN","NAN","NAN",0,0,20.44,23.4,21.8,25.3,23.57,26.15,28.56,27.43,28.09,26.9,29.36,30.81,0,0,"NAN",0,"NAN","NAN"
"2026-09-15 06:52:00",96242,13.73,27.03,0,"NAN",0,0,0,0,0,0,0,0,0,"NAN","NAN",0,0,"NAN",0,0,0,0,0,0,0,0,0,"NAN",0,"NAN","NAN","NAN",21.37,17.83,17.92,18.53,17.87,19.24,11.19,17.06,15.93,"NAN",17.5,"NAN","NAN","NAN",78.75,84.9,81.4,76.93,80.9,80.2,86.7,86.6,87.5,"NAN",80.8,"NAN","NAN","NAN",1030,1030,1028,1023,1030,1030,681.5,1030,1029,"NAN",1029,"NAN","NAN","NAN",79,3,79,3,3,3,7,7,11,"NAN",12,"NAN","NAN",21.64,21.81,21.63,21.52,22.49,22.17,23.48,23.57,24.01,24.94,24.19,24.63,0,0,22.61,22.55,23.19,24.03,24.43,25.09,25.25,25.85,25.67,26.39,26.32,27.94,0,0,"NAN","NAN","NAN","NAN","NAN","NAN","NAN","NAN","NAN","NAN","NAN","NAN",0,0,20.44,23.4,21.8,25.31,23.57,26.15,28.55,27.43,28.09,26.89,29.36,30.81,0,0,"NAN",0,"NAN","NAN"
"2026-09-15 06:53:00",96243,13.73,27.41,0,"NAN",0,0,0,0,0,0,0,0,0,"NAN","NAN",0,0,"NAN",0,0,0,0,0,0,0,0,0,"NAN",0,"NAN","NAN","NAN",21.59,17.89,18.13,18.6,18.04,19.35,11.27,17.13,16.01,"NAN",17.72,"NAN","NAN","NAN",78.43,84.7,80.3,76.84,81.6,79.92,86.5,86.7,87.7,"NAN",80.8,"NAN","NAN","NAN",1030,1030,1028,1023,1030,1030,681.2,1030,1029,"NAN",1029,"NAN","NAN","NAN",87,11,87,11,11,11,15,15,19,"NAN",20,"NAN","NAN",21.65,21.8,21.62,21.52,22.49,22.17,23.47,23.56,24,24.94,24.19,24.63,0,0,22.6,22.55,23.19,24.03,24.43,25.09,25.25,25.85,25.67,26.39,26.33,27.94,0,0,"NAN","NAN","NAN","NAN","NAN","NAN","NAN","NAN","NAN","NAN","NAN","NAN",0,0,20.45,23.4,21.8,25.31,23.57,26.15,28.56,27.43,28.09,26.9,29.36,30.81,0,0,"NAN",0,"NAN","NAN"
"2026-09-15 06:54:00",96244,13.74,27.8,0,"NAN",0,0,0,0,0,0,0,0,0,"NAN","NAN",0,0,"NAN",0,0,0,0,0,0,0,0,0,"NAN",0,"NAN","NAN","NAN",21.81,18.03,18.21,18.71,18.16,19.52,11.37,17.26,0,"NAN",17.91,"NAN","NAN","NAN",78.1,84.9,80.1,76.66,80.7,80.5,86.4,86.5,0,"NAN",79.87,"NAN","NAN","NAN",1030,1030,1028,1023,1030,1030,681.7,1030,0,"NAN",1029,"NAN","NAN","NAN",95,19,95,19,19,19,23,23,0,"NAN",29,"NAN","NAN",21.63,21.8,21.62,21.52,22.48,22.17,23.47,23.56,24,24.94,24.19,24.62,0,0,22.6,22.54,23.19,24.03,24.44,25.09,25.25,25.85,25.67,26.4,26.33,27.94,0,0,"NAN","NAN","NAN","NAN","NAN","NAN","NAN","NAN","NAN","NAN","NAN","NAN",0,0,20.44,23.4,21.8,25.31,23.57,26.15,28.56,27.43,28.09,26.89,29.36,30.81,0,0,"NAN",0,"NAN","NAN"
"2026-09-15 06:55:00",96245,13.73,28.18,0,"NAN",0,0,0,0,0,0,0,0,0,"NAN","NAN",0,0,"NAN",0,0,0,0,0,0,0,0,0,"NAN",0,"NAN","NAN","NAN",22.02,18.13,18.35,18.81,18.23,19.73,11.47,17.39,16.19,"NAN",18.07,"NAN","NAN","NAN",77.18,84.3,79.5,76.31,79.99,81.4,86.2,85.9,87.3,"NAN",79.71,"NAN","NAN","NAN",1030,1030,1028,1023,1030,1030,681.9,1030,1029,"NAN",1029,"NAN","NAN","NAN",103,27,103,27,27,27,31,6,7,"NAN",36,"NAN","NAN",21.64,21.8,21.62,21.51,22.48,22.17,23.47,23.56,24,24.94,24.19,24.62,0,0,22.61,22.54,23.19,24.03,24.43,25.09,25.25,25.85,25.67,26.39,26.33,27.93,0,0,"NAN","NAN","NAN","NAN","NAN","NAN","NAN","NAN","NAN","NAN","NAN","NAN",0,0,20.45,23.4,21.8,25.3,23.57,26.15,28.56,27.43,28.09,26.89,29.36,30.81,0,0,"NAN",0,"NAN","NAN"
"2026-09-15 06:56:00",96246,13.73,28.57,0,"NAN",0,0,0,0,0,0,0,0,0,"NAN","NAN",0,0,"NAN",0,0,0,0,0,0,0,0,0,"NAN",0,"NAN","NAN","NAN",22.21,18.24,18.49,18.92,18.43,19.95,11.56,17.46,16.27,"NAN",18.25,"NAN","NAN","NAN",76.19,83.9,79.3,76.54,81.3,82,86.1,86.1,87.3,"NAN",79.45,"NAN","NAN","NAN",1030,1030,1028,1023,1030,1030,681.8,1030,1029,"NAN",1029,"NAN","NAN","NAN",111,35,111,35,35,35,39,14,15,"NAN",44,"NAN","NAN",21.63,21.8,21.61,21.51,22.48,22.16,23.47,23.56,24,24.94,24.18,24.62,0,0,22.6,22.54,23.18,24.03,24.43,25.09,25.25,25.85,25.67,26.39,26.32,27.93,0,0,"NAN","NAN","NAN","NAN","NAN","NAN","NAN","NAN","NAN","NAN","NAN","NAN",0,0,20.45,23.4,21.8,25.31,23.57,26.15,28.56,27.43,28.09,26.89,29.36,30.81,0,0,"NAN",0,"NAN","NAN"
"2026-09-15 06:57:00",96247,13.73,28.95,0,"NAN",0,0,0,0,0,0,0,0,0,"NAN","NAN",0,0,"NAN",0,0,0,0,0,0,0,0,0,"NAN",0,"NAN","NAN","NAN",22.41,18.38,18.61,19.04,18.58,20.18,11.68,17.57,16.4,"NAN",18.44,"NAN","NAN","NAN",76.01,84,79.02,76.17,80.5,82.1,86.1,86,87.6,"NAN",79.44,"NAN","NAN","NAN",1030,1030,1028,1023,1030,1030,681.7,1030,1029,"NAN",1029,"NAN","NAN","NAN",119,43,119,43,43,43,47,22,23,"NAN",52,"NAN","NAN",21.63,21.79,21.61,21.51,22.47,22.16,23.46,23.55,23.99,24.93,24.19,24.62,0,0,22.6,22.54,23.18,24.02,24.43,25.09,25.25,25.85,25.67,26.39,26.32,27.93,0,0,"NAN","NAN","NAN","NAN","NAN","NAN","NAN","NAN","NAN","NAN","NAN","NAN",0,0,20.45,23.4,21.8,25.31,23.57,26.15,28.56,27.43,28.09,26.89,29.36,30.81,0,0,"NAN",0,"NAN","NAN"
"2026-09-15 06:58:00",96248,13.75,29.34,0,"NAN",0,0,0,0,0,0,0,0,0,"NAN","NAN",0,0,"NAN",0,0,0,0,0,0,0,0,0,"NAN",0,"NAN","NAN","NAN",22.59,18.51,18.7,19.16,18.68,20.41,11.79,17.65,16.49,"NAN",18.61,"NAN","NAN","NAN",75.49,83.6,79.34,75.84,79.32,81.9,85.9,84.8,86.9,"NAN",78.78,"NAN","NAN","NAN",1030,1030,1028,1023,1030,1030,681.7,1030,1029,"NAN",1029,"NAN","NAN","NAN",127,51,127,51,51,51,55,30,31,"NAN",60,"NAN","NAN",21.63,21.79,21.61,21.5,22.47,22.16,23.46,23.55,23.99,24.93,24.18,24.61,0,0,22.6,22.54,23.18,24.02,24.43,25.09,25.25,25.85,25.67,26.39,26.32,27.93,0,0,"NAN","NAN","NAN","NAN","NAN","NAN","NAN","NAN","NAN","NAN","NAN","NAN",0,0,20.45,23.4,21.8,25.31,23.57,26.15,28.56,27.43,28.09,26.89,29.36,30.81,0,0,"NAN",0,"NAN","NAN"
"2026-09-15 06:59:00",96249,13.73,29.72,0,"NAN",0,0,0,0,0,0,0,0,0,"NAN","NAN",0,0,"NAN",0,0,0,0,0,0,0,0,0,"NAN",0,"NAN","NAN","NAN",22.76,18.63,18.79,19.26,18.77,20.64,11.89,17.75,16.58,"NAN",18.86,"NAN","NAN","NAN",73.98,83,77.9,75.71,78.95,81.3,85.5,85.2,86.5,"NAN",78.07,"NAN","NAN","NAN",1030,1030,1028,1023,1030,1030,682,1030,1029,"NAN",1029,"NAN","NAN","NAN",135,59,135,59,59,59,63,38,39,"NAN",68,"NAN","NAN",21.62,21.79,21.6,21.5,22.47,22.15,23.46,23.55,23.99,24.93,24.18,24.61,0,0,22.6,22.54,23.18,24.02,24.43,25.09,25.25,25.85,25.67,26.39,26.32,27.93,0,0,"NAN","NAN","NAN","NAN","NAN","NAN","NAN","NAN","NAN","NAN","NAN","NAN",0,0,20.45,23.41,21.8,25.31,23.57,26.15,28.56,27.43,28.09,26.89,29.36,30.81,0,0,"NAN",0,"NAN","NAN"
"2026-09-15 07:00:00",96250,13.72,30.1,0,"NAN",0,0,0,0,0,0,0,0,0,"NAN","NAN",0,0,"NAN",0,0,0,0,0,0,0,0,0,"NAN",0,"NAN","NAN","NAN",22.92,18.76,18.85,19.36,18.85,20.86,12,17.83,16.67,"NAN",19.04,"NAN","NAN","NAN",73.44,82.6,78.29,75.41,77.87,79.57,85.3,84.3,86.3,"NAN",77.89,"NAN","NAN","NAN",1030,1030,1028,1023,1030,1030,681.9,1030,1029,"NAN",1029,"NAN","NAN","NAN",143,67,143,67,67,67,71,46,47,"NAN",76,"NAN","NAN",21.62,21.79,21.6,21.5,22.47,22.15,23.45,23.55,23.99,24.93,24.18,24.61,0,0,22.6,22.54,23.18,24.02,24.43,25.09,25.24,25.85,25.66,26.39,26.32,27.93,0,0,"NAN","NAN","NAN","NAN","NAN","NAN","NAN","NAN","NAN","NAN","NAN","NAN",0,0,20.44,23.4,21.8,25.31,23.57,26.15,28.56,27.43,28.09,26.89,29.36,30.81,0,0,"NAN",0,"NAN","NAN"
"2026-09-15 07:01:00",96251,13.74,30.48,0,"NAN",0,0,0,0,0,0,0,0,0,"NAN","NAN",0,0,"NAN",0,0,0,0,0,0,0,0,0,"NAN",0,"NAN","NAN","NAN",23.09,18.9,19.01,19.5,18.98,21.02,12.12,17.94,16.8,"NAN",19.25,"NAN","NAN","NAN",73.2,82.6,77.71,75.76,78.96,77.64,85.2,84.6,86.3,"NAN",77.66,"NAN","NAN","NAN",1030,1030,1028,1023,1030,1030,682.3,1030,1029,"NAN",1029,"NAN","NAN","NAN",151,75,151,75,75,75,79,54,55,"NAN",84,"NAN","NAN",21.61,21.78,21.6,21.5,22.46,22.15,23.45,23.55,23.99,24.92,24.17,24.61,0,0,22.6,22.54,23.18,24.02,24.43,25.09,25.25,25.84,25.66,26.39,26.32,27.93,0,0,"NAN","NAN","NAN","NAN","NAN","NAN","NAN","NAN","NAN","NAN","NAN","NAN",0,0,20.45,23.4,21.8,25.3,23.57,26.15,28.55,27.43,28.09,26.9,29.36,30.81,0,0,"NAN",0,"NAN","NAN"
"2026-09-15 07:02:00",96252,13.75,30.85,0,"NAN",0,0,0,0,0,0,0,0,0,"NAN","NAN",0,0,"NAN",0,0,0,0,0,0,0,0,0,"NAN",0,"NAN","NAN","NAN",23.26,19.02,19.1,19.62,19.09,21.18,12.22,18.04,16.93,"NAN",19.41,"NAN","NAN","NAN",72.67,82,77.64,75.18,77.79,77.3,85,84.6,86,"NAN",76.81,"NAN","NAN","NAN",1030,1030,1028,1023,1030,1030,682.3,1030,1029,"NAN",1029,"NAN","NAN","NAN",159,83,159,83,83,83,87,62,63,"NAN",92,"NAN","NAN",21.61,21.78,21.59,21.49,22.46,22.14,23.45,23.54,23.99,24.92,24.17,24.6,0,0,22.6,22.54,23.18,24.02,24.43,25.09,25.25,25.85,25.66,26.39,26.32,27.93,0,0,"NAN","NAN","NAN","NAN","NAN","NAN","NAN","NAN","NAN","NAN","NAN","NAN",0,0,20.45,23.4,21.8,25.31,23.57,26.15,28.55,27.43,28.09,26.89,29.36,30.81,0,0,"NAN",0,"NAN","NAN"
"2026-09-15 07:03:00",96253,13.75,31.22,0,"NAN",0,0,0,0,0,0,0,0,0,"NAN","NAN",0,0,"NAN",0,0,0,0,0,0,0,0,0,"NAN",0,"NAN","NAN","NAN",23.45,19.16,19.23,19.74,19.2,21.34,12.36,18.14,17.11,"NAN",19.49,"NAN","NAN","NAN",72.35,81.8,77.84,75.33,78.3,76.92,85.1,84.4,86.3,"NAN",76.18,"NAN","NAN","NAN",1030,1030,1028,1023,1030,1030,682.9,1030,1029,"NAN",1029,"NAN","NAN","NAN",167,91,167,91,91,91,95,70,71,"NAN",100,"NAN","NAN",21.62,21.78,21.59,21.49,22.46,22.14,23.45,23.54,23.99,24.92,24.17,24.6,0,0,22.6,22.54,23.18,24.02,24.43,25.08,25.24,25.85,25.66,26.39,26.32,27.93,0,0,"NAN","NAN","NAN","NAN","NAN","NAN","NAN","NAN","NAN","NAN","NAN","NAN",0,0,20.44,23.41,21.8,25.31,23.57,26.15,28.56,27.43,28.09,26.89,29.36,30.81,0,0,"NAN",0,"NAN","NAN"
"2026-09-15 07:04:00",96254,13.72,31.58,0,"NAN",0,0,0,0,0,0,0,0,0,"NAN","NAN",0,0,"NAN",0,0,0,0,0,0,0,0,0,"NAN",0,"NAN","NAN","NAN",23.65,19.27,19.45,19.87,19.4,21.5,12.48,18.28,17.3,"NAN",19.58,"NAN","NAN","NAN",72.51,81.3,77.31,74.9,78.88,76.81,84.9,84.6,86.3,"NAN",76.49,"NAN","NAN","NAN",1030,1030,1028,1023,1030,1030,682.7,1030,1029,"NAN",1029,"NAN","NAN","NAN",175,99,175,99,99,99,103,78,79,"NAN",108,"NAN","NAN",21.61,21.78,21.59,21.48,22.46,22.14,23.44,23.54,23.98,24.92,24.17,24.6,0,0,22.6,22.54,23.18,24.02,24.43,25.08,25.25,25.85,25.66,26.39,26.32,27.93,0,0,"NAN","NAN","NAN","NAN","NAN","NAN","NAN","NAN","NAN","NAN","NAN","NAN",0,0,20.45,23.4,21.8,25.31,23.57,26.15,28.56,27.43,28.09,26.89,29.36,30.81,0,0,"NAN",0,"NAN","NAN"
"2026-09-15 07:05:00",96255,13.74,31.95,0,"NAN",0,0,0,0,0,0,0,0,0,"NAN","NAN",0,0,"NAN",0,0,0,0,0,0,0,0,0,"NAN",0,"NAN","NAN","NAN",23.82,19.42,19.51,19.97,19.56,21.65,12.59,18.4,17.58,"NAN",19.74,"NAN","NAN","NAN",71.32,81.4,76.31,75.2,77.89,76,84.5,83.6,87.2,"NAN",75.93,"NAN","NAN","NAN",1030,1030,1028,1023,1030,1030,682.6,1030,1029,"NAN",1029,"NAN","NAN","NAN",183,107,183,107,107,107,111,86,87,"NAN",116,"NAN","NAN",21.61,21.77,21.59,21.48,22.45,22.13,23.44,23.54,23.98,24.92,24.16,24.59,0,0,22.6,22.54,23.18,24.02,24.43,25.08,25.24,25.84,25.66,26.39,26.32,27.93,0,0,"NAN","NAN","NAN","NAN","NAN","NAN","NAN","NAN","NAN","NAN","NAN","NAN",0,0,20.45,23.4,21.8,25.31,23.57,26.15,28.56,27.43,28.09,26.9,29.36,30.81,0,0,"NAN",0,"NAN","NAN"
"2026-09-15 07:06:00",96256,13.73,32.32,0,"NAN",0,0,0,0,0,0,0,0,0,"NAN","NAN",0,0,"NAN",0,0,0,0,0,0,0,0,0,"NAN",0,"NAN","NAN","NAN",23.98,19.57,19.64,20.07,19.7,21.78,12.71,18.52,17.87,"NAN",19.78,"NAN","NAN","NAN",71.12,81,76.75,74.25,77.99,74.96,84.1,83.4,87.6,"NAN",75.1,"NAN","NAN","NAN",1030,1030,1028,1023,1030,1030,683,1031,1029,"NAN",1029,"NAN","NAN","NAN",191,115,191,115,115,115,119,94,95,"NAN",124,"NAN","NAN",21.6,21.77,21.58,21.48,22.45,22.13,23.44,23.53,23.98,24.91,24.16,24.59,0,0,22.6,22.54,23.18,24.02,24.43,25.08,25.25,25.85,25.66,26.39,26.32,27.93,0,0,"NAN","NAN","NAN","NAN","NAN","NAN","NAN","NAN","NAN","NAN","NAN","NAN",0,0,20.45,23.4,21.8,25.31,23.57,26.15,28.56,27.43,28.09,26.9,29.36,30.81,0,0,"NAN",0,"NAN","NAN"
"2026-09-15 07:07:00",96257,13.73,32.68,0,"NAN",0,0,0,0,0,0,0,0,0,"NAN","NAN",0,0,"NAN",0,0,0,0,0,0,0,0,0,"NAN",0,"NAN","NAN","NAN",24.18,19.7,19.85,20.12,19.84,21.91,12.82,18.61,18.16,"NAN",19.91,"NAN","NAN","NAN",71.25,80.4,77.35,73.94,77.55,75,83.6,82.7,87.5,"NAN",75.31,"NAN","NAN","NAN",1030,1030,1028,1023,1030,1030,682.9,1031,1029,"NAN",1029,"NAN","NAN","NAN",199,123,199,123,123,123,127,102,103,"NAN",132,"NAN","NAN",21.6,21.77,21.58,21.48,22.45,22.13,23.44,23.53,23.98,24.91,24.16,24.59,0,0,22.6,22.54,23.18,24.02,24.43,25.08,25.24,25.85,25.66,26.39,26.32,27.93,0,0,"NAN","NAN","NAN","NAN","NAN","NAN","NAN","NAN","NAN","NAN","NAN","NAN",0,0,20.45,23.41,21.8,25.31,23.57,26.15,28.56,27.43,28.09,26.89,29.36,30.81,0,0,"NAN",0,"NAN","NAN"
"2026-09-15 07:08:00",96258,13.73,33.05,0,"NAN",0,0,0,0,0,0,0,0,0,"NAN","NAN",0,0,"NAN",0,0,0,0,0,0,0,0,0,"NAN",0,"NAN","NAN","NAN",24.38,19.84,20.05,20.21,19.94,22.05,12.95,18.71,18.43,"NAN",20.11,"NAN","NAN","NAN",70.73,80.3,77.09,73.85,76.67,74.85,83.6,82.7,87,"NAN",74.99,"NAN","NAN","NAN",1030,1030,1028,1023,1030,1030,683.5,1031,1029,"NAN",1029,"NAN","NAN","NAN",207,131,207,131,131,131,135,110,111,"NAN",140,"NAN","NAN",21.6,21.77,21.58,21.47,22.45,22.12,23.43,23.53,23.97,24.91,24.16,24.59,0,0,22.6,22.54,23.18,24.02,24.43,25.08,25.24,25.84,25.66,26.38,26.32,27.93,0,0,"NAN","NAN","NAN","NAN","NAN","NAN","NAN","NAN","NAN","NAN","NAN","NAN",0,0,20.45,23.41,21.8,25.31,23.57,26.15,28.56,27.43,28.09,26.89,29.36,30.81,0,0,"NAN",0,"NAN","NAN"
"2026-09-15 07:09:00",96259,13.73,33.42,0,"NAN",0,0,0,0,0,0,0,0,0,"NAN","NAN",0,0,"NAN",0,0,0,0,0,0,0,0,0,"NAN",0,"NAN","NAN","NAN",24.54,19.97,20.1,20.31,20,22.17,13.07,18.83,18.68,"NAN",20.21,"NAN","NAN","NAN",69.65,79.52,74.99,73.78,75.41,73.97,83.2,82.8,86.4,"NAN",74.78,"NAN","NAN","NAN",1030,1030,1028,1023,1030,1030,683.5,1031,1029,"NAN",1029,"NAN","NAN","NAN",215,139,215,139,139,139,143,118,119,"NAN",148,"NAN","NAN",21.59,21.76,21.58,21.47,22.44,22.12,23.43,23.53,23.97,24.91,24.16,24.58,0,0,22.6,22.53,23.18,24.02,24.43,25.08,25.24,25.84,25.66,26.38,26.32,27.93,0,0,"NAN","NAN","NAN","NAN","NAN","NAN","NAN","NAN","NAN","NAN","NAN","NAN",0,0,20.45,23.41,21.8,25.31,23.57,26.15,28.56,27.43,28.09,26.89,29.36,30.81,0,0,"NAN",0,"NAN","NAN"
"2026-09-15 07:10:00",96260,13.61,33.79,0,"NAN",0,0,0,0,0,0,0,0,0,"NAN","NAN",0,0,"NAN",0,0,0,0,0,0,0,0,0,"NAN",0,"NAN","NAN","NAN",24.68,20.1,20.15,20.38,20.07,22.3,13.19,18.94,18.92,"NAN",20.4,"NAN","NAN","NAN",69.18,79.25,75.37,73.29,75.56,73.78,83.2,82.8,85.3,"NAN",74.7,"NAN","NAN","NAN",1030,1030,1028,1023,1030,1030,683.2,1031,1029,"NAN",1029,"NAN","NAN","NAN",223,147,223,147,147,147,151,126,127,"NAN",156,"NAN","NAN",21.59,21.76,21.57,21.46,22.44,22.12,23.43,23.53,23.97,24.9,24.15,24.58,0,0,22.59,22.53,23.18,24.02,24.43,25.08,25.24,25.84,25.66,26.38,26.31,27.93,0,0,"NAN","NAN","NAN","NAN","NAN","NAN","NAN","NAN","NAN","NAN","NAN","NAN",0,0,20.45,23.41,21.8,25.31,23.57,26.15,28.55,27.43,28.09,26.89,29.36,30.81,0,0,"NAN",0,"NAN","NAN"
"2026-09-15 07:11:00",96261,13.74,34.15,0,"NAN",0,0,0,0,0,0,0,0,0,"NAN","NAN",0,0,"NAN",0,0,0,0,0,0,0,0,0,"NAN",0,"NAN","NAN","NAN",24.86,20.23,20.28,20.44,20.17,22.43,13.32,19.06,19.04,"NAN",20.56,"NAN","NAN","NAN",69.72,79.15,75.99,72.71,75.43,73.85,83,82.2,83,"NAN",73.52,"NAN","NAN","NAN",1030,1030,1028,1023,1030,1030,683.5,1031,1029,"NAN",1029,"NAN","NAN","NAN",231,155,231,155,155,155,159,134,135,"NAN",164,"NAN","NAN",21.58,21.76,21.57,21.46,22.44,22.11,23.42,23.52,23.97,24.9,24.15,24.58,0,0,22.59,22.53,23.18,24.02,24.43,25.08,25.24,25.84,25.66,26.37,26.31,27.93,0,0,"NAN","NAN","NAN","NAN","NAN","NAN","NAN","NAN","NAN","NAN","NAN","NAN",0,0,20.44,23.4,21.8,25.31,23.57,26.15,28.55,27.43,28.09,26.89,29.36,30.81,0,0,"NAN",0,"NAN","NAN"
"2026-09-15 07:12:00",96262,13.74,34.52,0,"NAN",0,0,0,0,0,0,0,0,0,"NAN","NAN",0,0,"NAN",0,0,0,0,0,0,0,0,0,"NAN",0,"NAN","NAN","NAN",25.06,20.39,20.47,20.47,20.3,22.56,13.45,19.18,19.15,"NAN",20.65,"NAN","NAN","NAN",69.43,79.28,75.39,72.39,75.89,74.22,82.6,81.5,81.8,"NAN",72.8,"NAN","NAN","NAN",1030,1030,1028,1023,1030,1030,683.9,1031,1029,"NAN",1029,"NAN","NAN","NAN",239,163,239,163,163,163,167,142,143,"NAN",172,"NAN","NAN",21.58,21.76,21.56,21.46,22.44,22.11,23.42,23.52,23.97,24.9,24.15,24.58,0,0,22.6,22.53,23.18,24.02,24.43,25.08,25.24,25.84,25.65,26.37,26.31,27.93,0,0,"NAN","NAN","NAN","NAN","NAN","NAN","NAN","NAN","NAN","NAN","NAN","NAN",0,0,20.45,23.4,21.8,25.31,23.57,26.15,28.56,27.43,28.09,26.89,29.36,30.81,0,0,"NAN",0,"NAN","NAN"
"2026-09-15 07:13:00",96263,13.73,34.89,0,"NAN",0,0,0,0,0,0,0,0,0,"NAN","NAN",0,0,"NAN",0,0,0,0,0,0,0,0,0,"NAN",0,"NAN","NAN","NAN",25.24,20.52,20.53,20.54,20.48,22.7,13.56,19.28,19.3,"NAN",20.73,"NAN","NAN","NAN",68.25,79.04,75.08,72.47,76.38,73.73,82,81.7,82,"NAN",73.79,"NAN","NAN","NAN",1030,1030,1028,1024,1030,1030,683.8,1031,1029,"NAN",1029,"NAN","NAN","NAN",6,171,6,171,171,171,175,150,151,"NAN",180,"NAN","NAN",21.58,21.76,21.56,21.45,22.43,22.11,23.42,23.52,23.96,24.9,24.15,24.57,0,0,22.59,22.53,23.17,24.02,24.42,25.08,25.24,25.84,25.65,26.37,26.31,27.93,0,0,"NAN","NAN","NAN","NAN","NAN","NAN","NAN","NAN","NAN","NAN","NAN","NAN",0,0,20.44,23.41,21.8,25.31,23.57,26.15,28.56,27.43,28.09,26.89,29.36,30.81,0,0,"NAN",0,"NAN","NAN"
"2026-09-15 07:14:00",96264,13.75,35.26,0,"NAN",0,0,0,0,0,0,0,0,0,"NAN","NAN",0,0,"NAN",0,0,0,0,0,0,0,0,0,"NAN",0,"NAN","NAN","NAN",25.4,20.66,20.69,20.62,20.58,22.83,13.69,19.36,19.42,"NAN",20.93,"NAN","NAN","NAN",68.8,78.5,74.52,72.58,74.66,73.14,81.9,80.4,80.1,"NAN",73.81,"NAN","NAN","NAN",1030,1030,1028,1024,1030,1030,684,1031,1029,"NAN",1029,"NAN","NAN","NAN",14,179,7,179,179,179,183,158,159,"NAN",188,"NAN","NAN",21.58,21.75,21.56,21.45,22.43,22.1,23.42,23.52,23.96,24.9,24.14,24.57,0,0,22.59,22.53,23.17,24.02,24.42,25.08,25.24,25.84,25.65,26.37,26.31,27.92,0,0,"NAN","NAN","NAN","NAN","NAN","NAN","NAN","NAN","NAN","NAN","NAN","NAN",0,0,20.44,23.41,21.8,25.31,23.57,26.15,28.56,27.43,28.09,26.89,29.36,30.81,0,0,"NAN",0,"NAN","NAN"
"2026-09-15 07:15:00",96265,13.74,35.64,0,"NAN",0,0,0,0,0,0,0,0,0,"NAN","NAN",0,0,"NAN",0,0,0,0,0,0,0,0,0,"NAN",0,"NAN","NAN","NAN",25.67,20.78,20.83,20.73,20.64,22.97,13.81,19.44,19.5,"NAN",21.15,"NAN","NAN","NAN",71.18,77.44,74.02,72.91,74.39,73.23,81.2,80.1,79.51,"NAN",73.06,"NAN","NAN","NAN",1030,1030,1028,1024,1030,1030,684.4,1031,1029,"NAN",1029,"NAN","NAN","NAN",22,187,15,187,187,187,191,166,167,"NAN",196,"NAN","NAN",21.58,21.75,21.56,21.45,22.43,22.1,23.41,23.51,23.96,24.9,24.14,24.57,0,0,22.59,22.53,23.17,24.01,24.42,25.08,25.23,25.84,25.65,26.37,26.31,27.92,0,0,"NAN","NAN","NAN","NAN","NAN","NAN","NAN","NAN","NAN","NAN","NAN","NAN",0,0,20.45,23.41,21.8,25.31,23.57,26.15,28.56,27.43,28.09,26.89,29.36,30.81,0,0,"NAN",0,"NAN","NAN"
"2026-09-15 07:16:00",96266,13.73,36,0,"NAN",0,0,0,0,0,0,0,0,0,"NAN","NAN",0,0,"NAN",0,0,0,0,0,0,0,0,0,"NAN",0,"NAN","NAN","NAN",26.05,20.92,20.97,20.86,20.76,23.12,13.94,19.47,19.62,"NAN",21.29,"NAN","NAN","NAN",71.94,77.55,74.45,72.79,74.28,72.67,81.6,80.1,79.92,"NAN",72.68,"NAN","NAN","NAN",1030,1030,1028,1024,1030,1030,684.5,1031,1029,"NAN",1029,"NAN","NAN","NAN",3,195,23,195,195,195,199,174,175,"NAN",204,"NAN","NAN",21.57,21.75,21.55,21.44,22.42,22.1,23.41,23.51,23.96,24.89,24.14,24.57,0,0,22.59,22.53,23.17,24.01,24.42,25.08,25.24,25.84,25.65,26.37,26.31,27.92,0,0,"NAN","NAN","NAN","NAN","NAN","NAN","NAN","NAN","NAN","NAN","NAN","NAN",0,0,20.45,23.41,21.8,25.31,23.57,26.15,28.56,27.43,28.09,26.9,29.36,30.81,0,0,"NAN",0,"NAN","NAN"
"2026-09-15 07:17:00",96267,13.73,36.37,0,"NAN",0,0,0,0,0,0,0,0,0,"NAN","NAN",0,0,"NAN",0,0,0,0,0,0,0,0,0,"NAN",0,"NAN","NAN","NAN",26.3,21.07,21.17,20.98,20.9,23.24,14.08,0,19.74,"NAN",21.47,"NAN","NAN","NAN",72.65,77.42,73.5,72.53,73.84,71.75,81.6,0,79.31,"NAN",72.53,"NAN","NAN","NAN",1030,1030,1028,1024,1030,1030,684.8,0,1029,"NAN",1029,"NAN","NAN","NAN",11,203,31,203,203,203,207,0,183,"NAN",212,"NAN","NAN",21.57,21.75,21.55,21.44,22.42,22.1,23.41,23.51,23.96,24.89,24.14,24.56,0,0,22.59,22.53,23.17,24.01,24.42,25.08,25.24,25.84,25.65,26.37,26.31,27.92,0,0,"NAN","NAN","NAN","NAN","NAN","NAN","NAN","NAN","NAN","NAN","NAN","NAN",0,0,20.45,23.41,21.8,25.31,23.57,26.15,28.56,27.43,28.09,26.9,29.36,30.81,0,0,"NAN",0,"NAN","NAN"
"2026-09-15 07:18:00",96268,13.73,36.74,0,"NAN",0,0,0,0,0,0,0,0,0,"NAN","NAN",0,0,"NAN",0,0,0,0,0,0,0,0,0,"NAN",0,"NAN","NAN","NAN",26.58,21.19,21.3,21.07,20.96,23.37,14.21,19.61,19.82,"NAN",21.63,"NAN","NAN","NAN",72.21,76.1,73.67,72.17,72.83,72.01,81,79.31,78.44,"NAN",72.26,"NAN","NAN","NAN",1030,1030,1028,1024,1030,1030,685,1031,1029,"NAN",1029,"NAN","NAN","NAN",19,7,7,211,211,211,215,4,191,"NAN",220,"NAN","NAN",21.57,21.74,21.55,21.44,22.42,22.09,23.41,23.51,23.95,24.89,24.14,24.56,0,0,22.59,22.53,23.17,24.01,24.42,25.07,25.23,25.84,25.65,26.38,26.31,27.92,0,0,"NAN","NAN","NAN","NAN","NAN","NAN","NAN","NAN","NAN","NAN","NAN","NAN",0,0,20.45,23.41,21.8,25.31,23.57,26.15,28.56,27.43,28.09,26.89,29.36,30.81,0,0,"NAN",0,"NAN","NAN"
"2026-09-15 07:19:00",96269,13.74,37.1,0,"NAN",0,0,0,0,0,0,0,0,0,"NAN","NAN",0,0,"NAN",0,0,0,0,0,0,0,0,0,"NAN",0,"NAN","NAN","NAN",26.88,21.32,21.45,21.16,21.09,23.5,14.34,19.7,19.97,"NAN",21.81,"NAN","NAN","NAN",72.14,76.6,72.96,72.38,74.09,71.88,80.6,80.7,79.09,"NAN",70.93,"NAN","NAN","NAN",1030,1030,1028,1024,1030,1030,685,1031,1029,"NAN",1029,"NAN","NAN","NAN",27,15,15,219,219,219,223,12,199,"NAN",228,"NAN","NAN",21.56,21.74,21.55,21.43,22.42,22.09,23.4,23.51,23.95,24.89,24.13,24.56,0,0,22.59,22.53,23.17,24.01,24.42,25.07,25.24,25.84,25.65,26.37,26.31,27.92,0,0,"NAN","NAN","NAN","NAN","NAN","NAN","NAN","NAN","NAN","NAN","NAN","NAN",0,0,20.44,23.41,21.8,25.31,23.57,26.15,28.56,27.43,28.09,26.89,29.36,30.81,0,0,"NAN",0,"NAN","NAN"
"2026-09-15 07:20:00",96270,13.72,37.46,0,"NAN",0,0,0,0,0,0,0,0,0,"NAN","NAN",0,0,"NAN",0,0,0,0,0,0,0,0,0,"NAN",0,"NAN","NAN","NAN",27.27,21.5,21.48,21.26,21.27,23.65,14.46,19.87,20.13,"NAN",21.88,"NAN","NAN","NAN",71.63,76.65,72.54,72.45,74.43,72.12,80.2,80.5,79.29,"NAN",71.96,"NAN","NAN","NAN",1030,1030,1028,1024,1030,1030,684.8,1031,1029,"NAN",1029,"NAN","NAN","NAN",3,6,23,227,227,227,231,20,207,"NAN",236,"NAN","NAN",21.56,21.74,21.54,21.43,22.41,22.09,23.4,23.5,23.95,24.89,24.13,24.56,0,0,22.59,22.53,23.17,24.01,24.42,25.07,25.23,25.84,25.65,26.36,26.31,27.92,0,0,"NAN","NAN","NAN","NAN","NAN","NAN","NAN","NAN","NAN","NAN","NAN","NAN",0,0,20.45,23.41,21.8,25.31,23.56,26.15,28.56,27.43,28.09,26.89,29.36,30.81,0,0,"NAN",0,"NAN","NAN"
"2026-09-15 07:21:00",96271,13.74,37.82,0,"NAN",0,0,0,0,0,0,0,0,0,"NAN","NAN",0,0,"NAN",0,0,0,0,0,0,0,0,0,"NAN",0,"NAN","NAN","NAN",27.37,21.61,21.57,21.37,21.46,23.79,14.6,19.97,20.29,"NAN",22.09,"NAN","NAN","NAN",65.75,76.13,72.16,72.24,73.67,71.22,80.4,80.2,78.55,"NAN",71.4,"NAN","NAN","NAN",1030,1030,1028,1024,1030,1030,685.2,1031,1029,"NAN",1029,"NAN","NAN","NAN",11,14,6,235,235,235,239,28,215,"NAN",1,"NAN","NAN",21.56,21.74,21.54,21.43,22.41,22.08,23.4,23.5,23.95,24.88,24.13,24.55,0,0,22.59,22.53,23.17,24.01,24.42,25.07,25.24,25.84,25.65,26.38,26.31,27.92,0,0,"NAN","NAN","NAN","NAN","NAN","NAN","NAN","NAN","NAN","NAN","NAN","NAN",0,0,20.45,23.41,21.8,25.31,23.57,26.15,28.56,27.43,28.09,26.89,29.36,30.81,0,0,"NAN",0,"NAN","NAN"
"2026-09-15 07:22:00",96272,13.73,38.18,0,"NAN",0,0,0,0,0,0,0,0,0,"NAN","NAN",0,0,"NAN",0,0,0,0,0,0,0,0,0,"NAN",0,"NAN","NAN","NAN",27.41,21.76,21.63,21.53,21.57,23.95,0,20.12,20.47,"NAN",22.14,"NAN","NAN","NAN",64.34,74.88,72.46,72.35,72.89,71.53,0,79.49,78.94,"NAN",70.47,"NAN","NAN","NAN",1030,1030,1028,1024,1030,1030,0,1031,1029,"NAN",1029,"NAN","NAN","NAN",19,3,3,3,3,2,0,4,224,"NAN",9,"NAN","NAN",21.55,21.73,21.54,21.43,22.41,22.08,23.39,23.5,23.95,24.88,24.12,24.55,0,0,22.59,22.53,23.17,24.01,24.42,25.07,25.23,25.84,25.64,26.37,26.31,27.92,0,0,"NAN","NAN","NAN","NAN","NAN","NAN","NAN","NAN","NAN","NAN","NAN","NAN",0,0,20.44,23.41,21.8,25.31,23.57,26.15,28.56,27.43,28.09,26.89,29.36,30.81,0,0,"NAN",0,"NAN","NAN"
"2026-09-15 07:23:00",96273,13.75,38.53,0,"NAN",0,0,0,0,0,0,0,0,0,"NAN","NAN",0,0,"NAN",0,0,0,0,0,0,0,0,0,"NAN",0,"NAN","NAN","NAN",27.49,21.89,21.72,21.63,0,24.1,14.89,20.23,20.59,"NAN",22.31,"NAN","NAN","NAN",62.18,74.68,71.71,71.39,0,70.09,79.88,79.49,77.22,"NAN",69.32,"NAN","NAN","NAN",1030,1030,1028,1024,0,1030,686.8,1031,1029,"NAN",1029,"NAN","NAN","NAN",27,3,3,3,0,4,5,13,233,"NAN",17,"NAN","NAN",21.55,21.73,21.53,21.42,22.41,22.08,23.39,23.5,23.94,24.88,24.13,24.55,0,0,22.59,22.52,23.17,24.01,24.42,25.07,25.23,25.84,25.64,26.36,26.3,27.92,0,0,"NAN","NAN","NAN","NAN","NAN","NAN","NAN","NAN","NAN","NAN","NAN","NAN",0,0,20.45,23.41,21.8,25.31,23.56,26.15,28.56,27.43,28.09,26.9,29.36,30.81,0,0,"NAN",0,"NAN","NAN"
"2026-09-15 07:24:00",96274,13.73,38.88,0,"NAN",0,0,0,0,0,0,0,0,0,"NAN","NAN",0,0,"NAN",0,0,0,0,0,0,0,0,0,"NAN",0,"NAN","NAN","NAN",27.62,21.95,21.88,21.68,21.69,24.21,15.08,20.38,0,"NAN",22.36,"NAN","NAN","NAN",62.56,74.67,72.97,71.23,72.24,70.22,79.26,78.64,0,"NAN",68.97,"NAN","NAN","NAN",1030,1030,1028,1024,1030,1030,687,1031,0,"NAN",1029,"NAN","NAN","NAN",3,11,11,11,8,3,7,4,0,"NAN",25,"NAN","NAN",21.55,21.73,21.53,21.42,22.4,22.07,23.39,23.49,23.94,24.87,24.12,24.54,0,0,22.59,22.52,23.17,24.01,24.42,25.07,25.23,25.84,25.64,26.36,26.3,27.92,0,0,"NAN","NAN","NAN","NAN","NAN","NAN","NAN","NAN","NAN","NAN","NAN","NAN",0,0,20.45,23.41,21.8,25.31,23.57,26.15,28.56,27.43,28.09,26.9,29.36,30.81,0,0,"NAN",0,"NAN","NAN"
"2026-09-15 07:25:00",96275,13.75,39.23,0,"NAN",0,0,0,0,0,0,0,0,0,"NAN","NAN",0,0,"NAN",0,0,0,0,0,0,0,0,0,"NAN",0,"NAN","NAN","NAN",27.81,22.1,22.11,21.74,21.82,24.4,15.17,20.47,20.95,"NAN",0,"NAN","NAN","NAN",62.95,74.94,70.67,70.8,71.88,71,79.06,78.41,76.94,"NAN",0,"NAN","NAN","NAN",1030,1030,1028,1024,1030,1030,686.4,1031,1029,"NAN",0,"NAN","NAN","NAN",1,19,19,19,16,2,15,12,1,"NAN",0,"NAN","NAN",21.55,21.73,21.53,21.42,22.4,22.07,23.39,23.49,23.94,24.87,24.12,24.54,0,0,22.59,22.52,23.17,24.01,24.42,25.07,25.23,25.84,25.64,26.36,26.3,27.92,0,0,"NAN","NAN","NAN","NAN","NAN","NAN","NAN","NAN","NAN","NAN","NAN","NAN",0,0,20.45,23.41,21.8,25.31,23.56,26.15,28.56,27.43,28.09,26.9,29.36,30.81,0,0,"NAN",0,"NAN","NAN"
"2026-09-15 07:26:00",96276,13.74,39.58,0,"NAN",0,0,0,0,0,0,0,0,0,"NAN","NAN",0,0,"NAN",0,0,0,0,0,0,0,0,0,"NAN",0,"NAN","NAN","NAN",27.83,22.2,22.17,21.83,21.89,24.48,15.3,20.54,20.97,"NAN",22.6,"NAN","NAN","NAN",62.47,73.43,70.88,69.81,71.04,70.16,78.48,77.29,76.07,"NAN",69.79,"NAN","NAN","NAN",1030,1030,1028,1024,1030,1030,686.3,1031,1029,"NAN",1029,"NAN","NAN","NAN",7,27,27,27,24,7,23,19,4,"NAN",8,"NAN","NAN",21.54,21.73,21.53,21.41,22.4,22.07,23.38,23.49,23.94,24.87,24.12,24.54,0,0,22.59,22.52,23.17,24.01,24.42,25.07,25.23,25.84,25.64,26.36,26.3,27.92,0,0,"NAN","NAN","NAN","NAN","NAN","NAN","NAN","NAN","NAN","NAN","NAN","NAN",0,0,20.44,23.41,21.8,25.31,23.57,26.15,28.56,27.43,28.09,26.89,29.36,30.81,0,0,"NAN",0,"NAN","NAN"
"2026-09-15 07:27:00",96277,13.75,39.93,0,"NAN",0,0,0,0,0,0,0,0,0,"NAN","NAN",0,0,"NAN",0,0,0,0,0,0,0,0,0,"NAN",0,"NAN","NAN","NAN",27.87,22.32,22.17,21.86,22,24.57,15.41,20.64,21.06,"NAN",22.83,"NAN","NAN","NAN",61.31,73.2,70.44,70.22,70.66,69.07,77.92,77.54,75.71,"NAN",69.15,"NAN","NAN","NAN",1030,1030,1028,1024,1030,1030,686.5,1031,1029,"NAN",1029,"NAN","NAN","NAN",15,35,35,35,32,15,31,27,12,"NAN",16,"NAN","NAN",21.54,21.72,21.52,21.41,22.4,22.06,23.38,23.49,23.94,24.87,24.11,24.54,0,0,22.58,22.52,23.17,24.01,24.42,25.07,25.23,25.84,25.64,26.36,26.3,27.92,0,0,"NAN","NAN","NAN","NAN","NAN","NAN","NAN","NAN","NAN","NAN","NAN","NAN",0,0,20.44,23.41,21.8,25.31,23.56,26.15,28.56,27.43,28.09,26.89,29.36,30.81,0,0,"NAN",0,"NAN","NAN"
"2026-09-15 07:28:00",96278,13.72,40.27,0,"NAN",0,0,0,0,0,0,0,0,0,"NAN","NAN",0,0,"NAN",0,0,0,0,0,0,0,0,0,"NAN",0,"NAN","NAN","NAN",27.94,22.43,22.27,21.94,22.02,24.69,15.53,20.73,21.16,"NAN",22.9,"NAN","NAN","NAN",61,72.77,70.74,70.58,70.72,69.07,77.53,76.72,75.6,"NAN",68.33,"NAN","NAN","NAN",1030,1030,1028,1024,1030,1030,686.5,1031,1029,"NAN",1029,"NAN","NAN","NAN",23,43,43,43,40,23,39,35,20,"NAN",24,"NAN","NAN",21.54,21.72,21.52,21.41,22.39,22.06,23.38,23.48,23.93,24.87,24.11,24.53,0,0,22.59,22.52,23.17,24.01,24.42,25.07,25.23,25.84,25.64,26.36,26.3,27.92,0,0,"NAN","NAN","NAN","NAN","NAN","NAN","NAN","NAN","NAN","NAN","NAN","NAN",0,0,20.44,23.41,21.8,25.31,23.57,26.15,28.56,27.43,28.09,26.89,29.36,30.81,0,0,"NAN",0,"NAN","NAN"
"2026-09-15 07:29:00",96279,13.73,40.6,0,"NAN",0,0,0,0,0,0,0,0,0,"NAN","NAN",0,0,"NAN",0,0,0,0,0,0,0,0,0,"NAN",0,"NAN","NAN","NAN",28.02,22.57,22.54,22.06,22.23,24.83,15.67,20.85,21.3,"NAN",22.99,"NAN","NAN","NAN",61.32,73.3,71.13,70.25,72.18,70.14,77.9,77.87,76.03,"NAN",69.17,"NAN","NAN","NAN",1030,1030,1028,1024,1030,1030,686.4,1031,1029,"NAN",1029,"NAN","NAN","NAN",31,51,51,51,48,31,47,43,28,"NAN",32,"NAN","NAN",21.53,21.72,21.52,21.41,22.39,22.06,23.38,23.48,23.93,24.86,24.11,24.53,0,0,22.59,22.52,23.16,24.01,24.42,25.07,25.23,25.84,25.64,26.36,26.3,27.92,0,0,"NAN","NAN","NAN","NAN","NAN","NAN","NAN","NAN","NAN","NAN","NAN","NAN",0,0,20.44,23.41,21.8,25.31,23.57,26.15,28.56,27.43,28.09,26.89,29.36,30.81,0,0,"NAN",0,"NAN","NAN"
"2026-09-15 07:30:00",96280,13.75,40.93,0,"NAN",0,0,0,0,0,0,0,0,0,"NAN","NAN",0,0,"NAN",0,0,0,0,0,0,0,0,0,"NAN",0,"NAN","NAN","NAN",28.16,22.68,22.79,22.18,22.48,25,15.81,21.04,21.5,"NAN",23.21,"NAN","NAN","NAN",61.52,72.72,70.94,70.22,71.88,69.92,77.52,77.88,76.11,"NAN",68.76,"NAN","NAN","NAN",1030,1030,1028,1024,1030,1030,687,1031,1029,"NAN",1029,"NAN","NAN","NAN",39,59,59,59,56,39,55,51,36,"NAN",40,"NAN","NAN",21.53,21.72,21.51,21.4,22.39,22.06,23.37,23.48,23.93,24.86,24.11,24.53,0,0,22.58,22.52,23.16,24.01,24.42,25.07,25.23,25.84,25.64,26.36,26.3,27.92,0,0,"NAN","NAN","NAN","NAN","NAN","NAN","NAN","NAN","NAN","NAN","NAN","NAN",0,0,20.45,23.41,21.8,25.31,23.56,26.15,28.56,27.43,28.09,26.89,29.36,30.81,0,0,"NAN",0,"NAN","NAN"
"2026-09-15 07:31:00",96281,13.74,41.25,0,"NAN",0,0,0,0,0,0,0,0,0,"NAN","NAN",0,0,"NAN",0,0,0,0,0,0,0,0,0,"NAN",0,"NAN","NAN","NAN",28.28,22.83,23.08,22.27,22.67,25.16,15.94,21.2,21.63,"NAN",23.39,"NAN","NAN","NAN",62.01,72.77,70.72,69.45,69.91,69.26,77,76.31,74.49,"NAN",68.81,"NAN","NAN","NAN",1030,1030,1028,1024,1030,1030,686.9,1031,1029,"NAN",1029,"NAN","NAN","NAN",47,67,67,67,64,47,63,59,43,"NAN",48,"NAN","NAN",21.53,21.71,21.51,21.4,22.39,22.05,23.37,23.48,23.93,24.86,24.11,24.53,0,0,22.59,22.52,23.16,24.01,24.42,25.07,25.23,25.83,25.63,26.36,26.3,27.92,0,0,"NAN","NAN","NAN","NAN","NAN","NAN","NAN","NAN","NAN","NAN","NAN","NAN",0,0,20.44,23.41,21.8,25.31,23.56,26.15,28.56,27.43,28.09,26.89,29.36,30.81,0,0,"NAN",0,"NAN","NAN"
"2026-09-15 07:32:00",96282,13.73,41.57,0,"NAN",0,0,0,0,0,0,0,0,0,"NAN","NAN",0,0,"NAN",0,0,0,0,0,0,0,0,0,"NAN",0,"NAN","NAN","NAN",28.36,22.98,23.26,22.37,22.77,25.28,16.07,21.34,21.73,"NAN",23.57,"NAN","NAN","NAN",60.7,71.86,69.38,69.35,68.97,67.74,76.61,76.52,73.7,"NAN",68.26,"NAN","NAN","NAN",1030,1030,1028,1024,1030,1030,686.8,1031,1029,"NAN",1029,"NAN","NAN","NAN",55,75,75,75,72,55,71,67,51,"NAN",56,"NAN","NAN",21.52,21.71,21.51,21.4,22.39,22.05,23.37,23.48,23.92,24.86,24.1,24.52,0,0,22.58,22.52,23.16,24.01,24.41,25.06,25.23,25.84,25.64,26.36,26.3,27.92,0,0,"NAN","NAN","NAN","NAN","NAN","NAN","NAN","NAN","NAN","NAN","NAN","NAN",0,0,20.44,23.41,21.8,25.31,23.56,26.15,28.55,27.43,28.09,26.89,29.36,30.81,0,0,"NAN",0,"NAN","NAN"
"2026-09-15 07:33:00",96283,13.73,41.88,0,"NAN",0,0,0,0,0,0,0,0,0,"NAN","NAN",0,0,"NAN",0,0,0,0,0,0,0,0,0,"NAN",0,"NAN","NAN","NAN",28.42,23.11,23.4,22.5,22.88,25.4,16.22,21.5,0,"NAN",23.69,"NAN","NAN","NAN",60.67,71.45,70.24,69.79,69.59,68,76.84,77.3,0,"NAN",67.12,"NAN","NAN","NAN",1030,1030,1028,1024,1030,1030,687.2,1031,0,"NAN",1029,"NAN","NAN","NAN",63,83,83,83,80,63,79,75,0,"NAN",64,"NAN","NAN",21.53,21.71,21.51,21.39,22.38,22.05,23.37,23.47,23.92,24.86,24.1,24.52,0,0,22.59,22.52,23.16,24,24.41,25.07,25.22,25.83,25.63,26.36,26.3,27.92,0,0,"NAN","NAN","NAN","NAN","NAN","NAN","NAN","NAN","NAN","NAN","NAN","NAN",0,0,20.45,23.41,21.8,25.31,23.57,26.15,28.56,27.43,28.09,26.9,29.36,30.81,0,0,"NAN",0,"NAN","NAN"
"2026-09-15 07:34:00",96284,13.74,42.18,0,"NAN",0,0,0,0,0,0,0,0,0,"NAN","NAN",0,0,"NAN",0,0,0,0,0,0,0,0,0,"NAN",0,"NAN","NAN","NAN",28.52,23.26,23.68,22.63,23.07,25.54,16.37,21.65,22.12,"NAN",23.77,"NAN","NAN","NAN",59.34,71.25,68.61,68.63,69.87,67.67,76.57,75.78,72.95,"NAN",66.86,"NAN","NAN","NAN",1030,1030,1028,1024,1030,1030,687.3,1031,1029,"NAN",1029,"NAN","NAN","NAN",71,91,91,91,88,71,87,83,3,"NAN",72,"NAN","NAN",21.52,21.71,21.5,21.39,22.38,22.04,23.36,23.47,23.92,24.85,24.1,24.52,0,0,22.58,22.52,23.16,24,24.41,25.06,25.23,25.83,25.63,26.36,26.3,27.92,0,0,"NAN","NAN","NAN","NAN","NAN","NAN","NAN","NAN","NAN","NAN","NAN","NAN",0,0,20.45,23.41,21.8,25.31,23.56,26.15,28.56,27.43,28.09,26.89,29.36,30.81,0,0,"NAN",0,"NAN","NAN"
"2026-09-15 07:35:00",96285,13.72,42.48,0,"NAN",0,0,0,0,0,0,0,0,0,"NAN","NAN",0,0,"NAN",0,0,0,0,0,0,0,0,0,"NAN",0,"NAN","NAN","NAN",28.63,23.4,24.27,22.72,23.2,25.69,16.52,21.78,22.18,"NAN",23.79,"NAN","NAN","NAN",59.66,70.71,73.87,68.21,68.79,67.16,75.97,74.66,72.71,"NAN",66.51,"NAN","NAN","NAN",1030,1030,1028,1024,1030,1030,687.4,1031,1029,"NAN",1029,"NAN","NAN","NAN",79,99,99,99,96,79,95,91,11,"NAN",80,"NAN","NAN",21.52,21.7,21.5,21.39,22.38,22.04,23.36,23.47,23.92,24.85,24.1,24.52,0,0,22.58,22.52,23.16,24,24.41,25.06,25.22,25.83,25.63,26.37,26.3,27.91,0,0,"NAN","NAN","NAN","NAN","NAN","NAN","NAN","NAN","NAN","NAN","NAN","NAN",0,0,20.45,23.41,21.8,25.31,23.56,26.15,28.56,27.43,28.09,26.89,29.36,30.81,0,0,"NAN",0,"NAN","NAN"
"2026-09-15 07:36:00",96286,13.73,42.78,0,"NAN",0,0,0,0,0,0,0,0,0,"NAN","NAN",0,0,"NAN",0,0,0,0,0,0,0,0,0,"NAN",0,"NAN","NAN","NAN",28.73,23.55,25.09,22.8,23.35,25.84,16.67,21.88,22.34,"NAN",23.99,"NAN","NAN","NAN",59.42,70.7,74.93,69.03,68.84,68.65,76.05,74.6,73.72,"NAN",67.01,"NAN","NAN","NAN",1030,1030,1028,1024,1030,1030,687.8,1031,1029,"NAN",1029,"NAN","NAN","NAN",87,107,107,107,104,87,103,99,19,"NAN",88,"NAN","NAN",21.51,21.7,21.5,21.39,22.37,22.04,23.36,23.47,23.92,24.85,24.09,24.51,0,0,22.58,22.52,23.16,24,24.41,25.06,25.23,25.83,25.63,26.37,26.3,27.91,0,0,"NAN","NAN","NAN","NAN","NAN","NAN","NAN","NAN","NAN","NAN","NAN","NAN",0,0,20.45,23.41,21.8,25.31,23.57,26.15,28.56,27.43,28.09,26.89,29.36,30.81,0,0,"NAN",0,"NAN","NAN"
"2026-09-15 07:37:00",96287,13.73,43.08,0,"NAN",0,0,0,0,0,0,0,0,0,"NAN","NAN",0,0,"NAN",0,0,0,0,0,0,0,0,0,"NAN",0,"NAN","NAN","NAN",28.87,23.69,25.81,22.94,23.53,26.02,16.87,22.07,22.61,"NAN",24.17,"NAN","NAN","NAN",59.85,69.89,75.13,69.63,68.99,68.02,76.56,76.12,74.52,"NAN",65.34,"NAN","NAN","NAN",1030,1030,1028,1024,1030,1030,688.2,1031,1029,"NAN",1029,"NAN","NAN","NAN",7,115,115,115,112,95,111,107,27,"NAN",96,"NAN","NAN",21.51,21.7,21.5,21.38,22.37,22.04,23.35,23.47,23.92,24.85,24.09,24.51,0,0,22.58,22.51,23.16,24,24.41,25.06,25.22,25.83,25.63,26.36,26.3,27.91,0,0,"NAN","NAN","NAN","NAN","NAN","NAN","NAN","NAN","NAN","NAN","NAN","NAN",0,0,20.45,23.41,21.8,25.31,23.56,26.15,28.56,27.43,28.09,26.89,29.36,30.81,0,0,"NAN",0,"NAN","NAN"
"2026-09-15 07:38:00",96288,13.74,43.37,0,"NAN",0,0,0,0,0,0,0,0,0,"NAN","NAN",0,0,"NAN",0,0,0,0,0,0,0,0,0,"NAN",0,"NAN","NAN","NAN",28.95,23.84,26.48,23.08,23.73,26.2,17.05,22.25,22.84,"NAN",24.33,"NAN","NAN","NAN",59.44,70.19,74.75,68.28,66.85,67.53,75.5,75.48,72.09,"NAN",65.22,"NAN","NAN","NAN",1030,1030,1028,1024,1030,1030,688.5,1031,1029,"NAN",1029,"NAN","NAN","NAN",15,123,123,123,120,103,119,3,36,"NAN",105,"NAN","NAN",21.51,21.7,21.49,21.38,22.37,22.03,23.35,23.47,23.91,24.85,24.09,24.51,0,0,22.58,22.51,23.16,24,24.41,25.06,25.22,25.83,25.63,26.37,26.3,27.91,0,0,"NAN","NAN","NAN","NAN","NAN","NAN","NAN","NAN","NAN","NAN","NAN","NAN",0,0,20.45,23.41,21.8,25.31,23.56,26.15,28.56,27.43,28.09,26.89,29.36,30.81,0,0,"NAN",0,"NAN","NAN"
"2026-09-15 07:39:00",96289,13.75,43.67,0,"NAN",0,0,0,0,0,0,0,0,0,"NAN","NAN",0,0,"NAN",0,0,0,0,0,0,0,0,0,"NAN",0,"NAN","NAN","NAN",29.05,23.95,27.23,23.14,23.75,26.37,17.21,22.33,0,"NAN",24.58,"NAN","NAN","NAN",58.46,68.62,74.21,69.05,66.3,67.43,74.99,73.09,0,"NAN",65.37,"NAN","NAN","NAN",1030,1030,1029,1024,1030,1030,688.5,1031,0,"NAN",1029,"NAN","NAN","NAN",23,131,3,3,123,111,127,3,0,"NAN",1,"NAN","NAN",21.5,21.69,21.49,21.38,22.37,22.03,23.35,23.46,23.91,24.84,24.09,24.51,0,0,22.58,22.51,23.16,24,24.41,25.06,25.22,25.83,25.63,26.36,26.29,27.91,0,0,"NAN","NAN","NAN","NAN","NAN","NAN","NAN","NAN","NAN","NAN","NAN","NAN",0,0,20.45,23.41,21.8,25.31,23.56,26.15,28.56,27.43,28.09,26.89,29.36,30.81,0,0,"NAN",0,"NAN","NAN"
"2026-09-15 07:40:00",96290,13.73,43.96,0,"NAN",0,0,0,0,0,0,0,0,0,"NAN","NAN",0,0,"NAN",0,0,0,0,0,0,0,0,0,"NAN",0,"NAN","NAN","NAN",29.11,24.16,27.7,23.22,23.97,26.53,17.39,22.56,0,"NAN",24.7,"NAN","NAN","NAN",57.35,68.81,73.68,69.1,67.33,66.22,74.55,73.23,0,"NAN",65.71,"NAN","NAN","NAN",1030,1030,1029,1024,1030,1030,688.2,1031,0,"NAN",1029,"NAN","NAN","NAN",31,2,2,11,4,119,135,5,0,"NAN",9,"NAN","NAN",21.51,21.69,21.49,21.37,22.36,22.03,23.35,23.46,23.91,24.84,24.09,24.5,0,0,22.58,22.51,23.16,24,24.41,25.06,25.22,25.83,25.63,26.35,26.29,27.91,0,0,"NAN","NAN","NAN","NAN","NAN","NAN","NAN","NAN","NAN","NAN","NAN","NAN",0,0,20.45,23.41,21.8,25.31,23.56,26.15,28.56,27.43,28.09,26.89,29.36,30.81,0,0,"NAN",0,"NAN","NAN"
"2026-09-15 07:41:00",96291,13.74,44.24,0,"NAN",0,0,0,0,0,0,0,0,0,"NAN","NAN",0,0,"NAN",0,0,0,0,0,0,0,0,0,"NAN",0,"NAN","NAN","NAN",29.24,24.24,27.39,23.32,23.97,26.69,17.73,22.7,23.47,"NAN",24.87,"NAN","NAN","NAN",58.38,68.34,63.04,68.82,67.33,66.42,73.66,73.36,71.49,"NAN",64.51,"NAN","NAN","NAN",1030,1030,1029,1024,1030,1030,691.6,1031,1029,"NAN",1029,"NAN","NAN","NAN",2,10,10,19,4,127,3,13,1,"NAN",16,"NAN","NAN",21.5,21.69,21.48,21.37,22.36,22.02,23.34,23.46,23.91,24.84,24.08,24.5,0,0,22.58,22.51,23.16,24,24.41,25.06,25.22,25.83,25.63,26.36,26.29,27.91,0,0,"NAN","NAN","NAN","NAN","NAN","NAN","NAN","NAN","NAN","NAN","NAN","NAN",0,0,20.44,23.41,21.8,25.31,23.56,26.15,28.56,27.43,28.09,26.89,29.36,30.81,0,0,"NAN",0,"NAN","NAN"
"2026-09-15 07:42:00",96292,13.73,44.53,0,"NAN",0,0,0,0,0,0,0,0,0,"NAN","NAN",0,0,"NAN",0,0,0,0,0,0,0,0,0,"NAN",0,"NAN","NAN","NAN",29.26,24.39,26.65,23.35,23.97,26.84,17.76,22.85,23.6,"NAN",25.09,"NAN","NAN","NAN",57.53,67.8,62.19,68.52,67.33,65.59,73.02,72.62,70.9,"NAN",64.96,"NAN","NAN","NAN",1030,1030,1029,1024,1030,1030,690,1031,1029,"NAN",1029,"NAN","NAN","NAN",10,18,18,27,4,135,11,21,3,"NAN",24,"NAN","NAN",21.5,21.69,21.48,21.37,22.36,22.02,23.34,23.45,23.91,24.84,24.08,24.5,0,0,22.58,22.51,23.16,24,24.41,25.06,25.22,25.83,25.62,26.36,26.29,27.91,0,0,"NAN","NAN","NAN","NAN","NAN","NAN","NAN","NAN","NAN","NAN","NAN","NAN",0,0,20.45,23.41,21.8,25.31,23.56,26.15,28.56,27.43,28.09,26.89,29.36,30.81,0,0,"NAN",0,"NAN","NAN"
"2026-09-15 07:43:00",96293,13.75,44.8,0,"NAN",0,0,0,0,0,0,0,0,0,"NAN","NAN",0,0,"NAN",0,0,0,0,0,0,0,0,0,"NAN",0,"NAN","NAN","NAN",29.37,24.58,26.16,23.41,24.38,26.95,17.88,22.99,23.65,"NAN",25.24,"NAN","NAN","NAN",58.68,67.48,62.25,69.09,64.3,64.18,72.61,71.63,70.13,"NAN",63.91,"NAN","NAN","NAN",1030,1030,1029,1024,1030,1030,689.4,1031,1029,"NAN",1029,"NAN","NAN","NAN",18,3,3,35,7,143,18,3,11,"NAN",32,"NAN","NAN",21.5,21.69,21.48,21.36,22.36,22.02,23.34,23.45,23.9,24.83,24.08,24.5,0,0,22.58,22.51,23.16,24,24.41,25.06,25.22,25.83,25.62,26.36,26.29,27.91,0,0,"NAN","NAN","NAN","NAN","NAN","NAN","NAN","NAN","NAN","NAN","NAN","NAN",0,0,20.44,23.41,21.8,25.31,23.56,26.15,28.56,27.44,28.1,26.89,29.36,30.81,0,0,"NAN",0,"NAN","NAN"
"2026-09-15 07:44:00",96294,13.75,45.07,0,"NAN",0,0,0,0,0,0,0,0,0,"NAN","NAN",0,0,"NAN",0,0,0,0,0,0,0,0,0,"NAN",0,"NAN","NAN","NAN",29.51,24.74,25.87,23.47,24.43,27.06,18.16,23.08,23.8,"NAN",25.33,"NAN","NAN","NAN",58.4,67.25,62.65,68.45,63.92,64.07,72.09,71.37,70.06,"NAN",63.04,"NAN","NAN","NAN",1030,1030,1028,1024,1030,1030,691.6,1031,1029,"NAN",1029,"NAN","NAN","NAN",26,3,2,43,15,3,4,4,19,"NAN",40,"NAN","NAN",21.49,21.68,21.48,21.36,22.35,22.02,23.34,23.45,23.9,24.83,24.08,24.49,0,0,22.58,22.51,23.16,24,24.41,25.06,25.22,25.83,25.62,26.36,26.29,27.91,0,0,"NAN","NAN","NAN","NAN","NAN","NAN","NAN","NAN","NAN","NAN","NAN","NAN",0,0,20.45,23.41,21.8,25.31,23.56,26.15,28.56,27.43,28.1,26.9,29.36,30.81,0,0,"NAN",0,"NAN","NAN"
"2026-09-15 07:45:00",96295,13.73,45.33,0,"NAN",0,0,0,0,0,0,0,0,0,"NAN","NAN",0,0,"NAN",0,0,0,0,0,0,0,0,0,"NAN",0,"NAN","NAN","NAN",29.6,24.82,25.77,23.56,24.49,27.19,18.26,23.15,23.94,"NAN",25.47,"NAN","NAN","NAN",58.14,66.84,63.57,68.95,64.13,64.17,74.89,71.4,69.49,"NAN",62.94,"NAN","NAN","NAN",1030,1030,1029,1024,1030,1030,690.3,1031,1029,"NAN",1029,"NAN","NAN","NAN",34,11,6,51,23,7,11,11,27,"NAN",47,"NAN","NAN",21.49,21.68,21.48,21.36,22.35,22.01,23.33,23.45,23.9,24.83,24.07,24.49,0,0,22.58,22.51,23.15,24,24.41,25.06,25.22,25.83,25.62,26.36,26.29,27.91,0,0,"NAN","NAN","NAN","NAN","NAN","NAN","NAN","NAN","NAN","NAN","NAN","NAN",0,0,20.45,23.41,21.8,25.31,23.56,26.15,28.56,27.44,28.1,26.9,29.36,30.81,0,0,"NAN",0,"NAN","NAN"
"2026-09-15 07:46:00",96296,13.73,45.59,0,"NAN",0,0,0,0,0,0,0,0,0,"NAN","NAN",0,0,"NAN",0,0,0,0,0,0,0,0,0,"NAN",0,"NAN","NAN","NAN",29.7,24.95,25.78,23.63,24.62,27.3,18.54,23.28,24.08,"NAN",25.65,"NAN","NAN","NAN",57.31,66.19,62.97,68.99,63.89,63.87,76.84,71.23,68.99,"NAN",63.11,"NAN","NAN","NAN",1030,1030,1029,1024,1030,1030,690.5,1031,1029,"NAN",1029,"NAN","NAN","NAN",42,19,14,59,31,15,19,19,35,"NAN",55,"NAN","NAN",21.49,21.68,21.47,21.36,22.35,22.01,23.33,23.45,23.9,24.83,24.07,24.49,0,0,22.58,22.51,23.15,24,24.41,25.05,25.22,25.83,25.62,26.35,26.29,27.91,0,0,"NAN","NAN","NAN","NAN","NAN","NAN","NAN","NAN","NAN","NAN","NAN","NAN",0,0,20.45,23.41,21.8,25.31,23.56,26.15,28.56,27.43,28.1,26.89,29.36,30.81,0,0,"NAN",0,"NAN","NAN"
"2026-09-15 07:47:00",96297,13.73,45.84,0,"NAN",0,0,0,0,0,0,0,0,0,"NAN","NAN",0,0,"NAN",0,0,0,0,0,0,0,0,0,"NAN",0,"NAN","NAN","NAN",29.79,25.11,25.67,23.75,24.72,27.41,18.87,23.4,24.23,"NAN",25.65,"NAN","NAN","NAN",56.42,65.41,61.47,68.53,62.74,63.09,77.88,70.14,68.5,"NAN",60.69,"NAN","NAN","NAN",1030,1030,1029,1024,1030,1030,690.8,1031,1029,"NAN",1029,"NAN","NAN","NAN",50,27,22,67,39,23,27,27,43,"NAN",63,"NAN","NAN",21.48,21.68,21.47,21.35,22.35,22.01,23.33,23.45,23.89,24.83,24.07,24.48,0,0,22.58,22.51,23.15,24,24.41,25.05,25.22,25.83,25.62,26.35,26.29,27.91,0,0,"NAN","NAN","NAN","NAN","NAN","NAN","NAN","NAN","NAN","NAN","NAN","NAN",0,0,20.45,23.41,21.8,25.31,23.56,26.15,28.56,27.43,28.1,26.9,29.36,30.81,0,0,"NAN",0,"NAN","NAN"
"2026-09-15 07:48:00",96298,13.74,46.09,0,"NAN",0,0,0,0,0,0,0,0,0,"NAN","NAN",0,0,"NAN",0,0,0,0,0,0,0,0,0,"NAN",0,"NAN","NAN","NAN",29.89,25.25,25.68,23.95,24.87,27.53,19.19,23.56,24.47,"NAN",25.73,"NAN","NAN","NAN",56.47,65.03,62.17,67.35,62.87,62.74,77.58,69.86,67.71,"NAN",62.1,"NAN","NAN","NAN",1030,1030,1029,1024,1030,1030,691.7,1031,1030,"NAN",1029,"NAN","NAN","NAN",58,35,30,3,47,31,35,3,3,"NAN",71,"NAN","NAN",21.48,21.67,21.47,21.35,22.35,22.01,23.32,23.44,23.89,24.82,24.07,24.48,0,0,22.58,22.51,23.15,24,24.41,25.05,25.21,25.83,25.62,26.35,26.29,27.91,0,0,"NAN","NAN","NAN","NAN","NAN","NAN","NAN","NAN","NAN","NAN","NAN","NAN",0,0,20.45,23.41,21.8,25.31,23.56,26.15,28.56,27.43,28.1,26.89,29.36,30.81,0,0,"NAN",0,"NAN","NAN"
"2026-09-15 07:49:00",96299,13.74,46.34,0,"NAN",0,0,0,0,0,0,0,0,0,"NAN","NAN",0,0,"NAN",0,0,0,0,0,0,0,0,0,"NAN",0,"NAN","NAN","NAN",29.99,25.4,25.67,24.09,25.02,27.69,19.52,23.68,24.51,"NAN",25.96,"NAN","NAN","NAN",54.8,64.63,61.62,66.59,61.75,61.08,77.12,68.85,66.72,"NAN",61.59,"NAN","NAN","NAN",1030,1030,1029,1024,1030,1030,692,1031,1030,"NAN",1029,"NAN","NAN","NAN",66,43,38,7,55,3,43,11,11,"NAN",79,"NAN","NAN",21.48,21.67,21.46,21.35,22.34,22,23.32,23.44,23.89,24.82,24.07,24.48,0,0,22.57,22.51,23.15,24,24.41,25.05,25.22,25.83,25.62,26.35,26.28,27.91,0,0,"NAN","NAN","NAN","NAN","NAN","NAN","NAN","NAN","NAN","NAN","NAN","NAN",0,0,20.45,23.41,21.8,25.31,23.56,26.15,28.56,27.43,28.1,26.89,29.36,30.81,0,0,"NAN",0,"NAN","NAN"
"2026-09-15 07:50:00",96300,13.72,46.58,0,"NAN",0,0,0,0,0,0,0,0,0,"NAN","NAN",0,0,"NAN",0,0,0,0,0,0,0,0,0,"NAN",0,"NAN","NAN","NAN",30.05,25.56,25.57,24.17,25.02,27.69,0,23.74,24.59,"NAN",26.25,"NAN","NAN","NAN",54.21,64,60.44,65.95,61.75,59.9,0,68.22,66.63,"NAN",61.39,"NAN","NAN","NAN",1030,1030,1029,1024,1030,1030,0,1031,1030,"NAN",1029,"NAN","NAN","NAN",74,51,46,15,55,11,0,16,21,"NAN",2,"NAN","NAN",21.48,21.67,21.46,21.35,22.34,22,23.32,23.44,23.89,24.82,24.06,24.48,0,0,22.58,22.5,23.15,24,24.41,25.05,25.21,25.83,25.62,26.35,26.28,27.91,0,0,"NAN","NAN","NAN","NAN","NAN","NAN","NAN","NAN","NAN","NAN","NAN","NAN",0,0,20.45,23.41,21.8,25.31,23.56,26.15,28.56,27.43,28.1,26.9,29.36,30.81,0,0,"NAN",0,"NAN","NAN"
"2026-09-15 07:51:00",96301,13.72,46.82,0,"NAN",0,0,0,0,0,0,0,0,0,"NAN","NAN",0,0,"NAN",0,0,0,0,0,0,0,0,0,"NAN",0,"NAN","NAN","NAN",30.14,25.71,25.58,24.41,25.02,27.74,20.13,23.96,24.59,"NAN",26.34,"NAN","NAN","NAN",55.35,63.37,61.36,66.38,61.75,60.66,71.37,68.99,66.63,"NAN",59.07,"NAN","NAN","NAN",1030,1030,1029,1024,1030,1030,693.9,1031,1030,"NAN",1030,"NAN","NAN","NAN",82,59,54,23,55,19,8,7,21,"NAN",5,"NAN","NAN",21.47,21.67,21.46,21.34,22.34,22,23.32,23.44,23.89,24.82,24.06,24.47,0,0,22.57,22.5,23.15,24,24.4,25.05,25.21,25.83,25.61,26.35,26.28,27.91,0,0,"NAN","NAN","NAN","NAN","NAN","NAN","NAN","NAN","NAN","NAN","NAN","NAN",0,0,20.45,23.41,21.8,25.31,23.56,26.15,28.56,27.43,28.1,26.9,29.36,30.81,0,0,"NAN",0,"NAN","NAN"
"2026-09-15 07:52:00",96302,13.73,47.05,0,"NAN",0,0,0,0,0,0,0,0,0,"NAN","NAN",0,0,"NAN",0,0,0,0,0,0,0,0,0,"NAN",0,"NAN","NAN","NAN",30.26,25.87,25.76,24.65,25.02,27.84,20.22,24.13,24.98,"NAN",26.42,"NAN","NAN","NAN",55.79,63.04,61.62,65.09,61.75,60.63,67.47,68.2,65.98,"NAN",59.02,"NAN","NAN","NAN",1030,1030,1029,1024,1030,1030,692.8,1031,1030,"NAN",1030,"NAN","NAN","NAN",90,67,62,31,55,27,16,15,8,"NAN",13,"NAN","NAN",21.47,21.67,21.46,21.34,22.34,21.99,23.32,23.43,23.88,24.82,24.06,24.47,0,0,22.57,22.5,23.15,23.99,24.4,25.05,25.21,25.83,25.61,26.34,26.28,27.91,0,0,"NAN","NAN","NAN","NAN","NAN","NAN","NAN","NAN","NAN","NAN","NAN","NAN",0,0,20.45,23.41,21.8,25.31,23.56,26.15,28.56,27.44,28.1,26.89,29.36,30.81,0,0,"NAN",0,"NAN","NAN"
"2026-09-15 07:53:00",96303,13.73,47.28,0,"NAN",0,0,0,0,0,0,0,0,0,"NAN","NAN",0,0,"NAN",0,0,0,0,0,0,0,0,0,"NAN",0,"NAN","NAN","NAN",30.39,26.03,25.9,24.95,25.02,27.93,20.34,24.29,25.15,"NAN",26.59,"NAN","NAN","NAN",55.22,62.23,60.6,65.61,61.75,60.52,67.37,67.49,65.73,"NAN",59.72,"NAN","NAN","NAN",1030,1030,1029,1024,1030,1030,693,1031,1030,"NAN",1030,"NAN","NAN","NAN",98,75,70,7,55,35,25,23,16,"NAN",21,"NAN","NAN",21.47,21.66,21.46,21.34,22.33,21.99,23.31,23.43,23.88,24.81,24.06,24.47,0,0,22.57,22.5,23.15,23.99,24.4,25.05,25.21,25.83,25.61,26.34,26.28,27.91,0,0,"NAN","NAN","NAN","NAN","NAN","NAN","NAN","NAN","NAN","NAN","NAN","NAN",0,0,20.45,23.41,21.8,25.31,23.56,26.15,28.56,27.43,28.1,26.9,29.36,30.81,0,0,"NAN",0,"NAN","NAN"
"2026-09-15 07:54:00",96304,13.73,47.5,0,"NAN",0,0,0,0,0,0,0,0,0,"NAN","NAN",0,0,"NAN",0,0,0,0,0,0,0,0,0,"NAN",0,"NAN","NAN","NAN",30.51,26.18,26.04,25.21,25.02,28.02,20.45,24.48,25.33,"NAN",26.78,"NAN","NAN","NAN",54.39,62.03,61.58,64.22,61.75,60.69,67.63,67.02,66.06,"NAN",58.1,"NAN","NAN","NAN",1030,1030,1029,1024,1030,1030,692.8,1031,1030,"NAN",1030,"NAN","NAN","NAN",106,83,78,15,55,43,33,5,24,"NAN",29,"NAN","NAN",21.46,21.66,21.45,21.33,22.33,21.99,23.31,23.43,23.88,24.81,24.05,24.47,0,0,22.57,22.5,23.15,23.99,24.4,25.05,25.21,25.83,25.61,26.34,26.28,27.91,0,0,"NAN","NAN","NAN","NAN","NAN","NAN","NAN","NAN","NAN","NAN","NAN","NAN",0,0,20.45,23.41,21.8,25.31,23.56,26.15,28.56,27.43,28.1,26.89,29.36,30.81,0,0,"NAN",0,"NAN","NAN"
"2026-09-15 07:55:00",96305,13.74,47.72,0,"NAN",0,0,0,0,0,0,0,0,0,"NAN","NAN",0,0,"NAN",0,0,0,0,0,0,0,0,0,"NAN",0,"NAN","NAN","NAN",30.64,26.34,26.36,25.64,25.02,28.16,20.61,24.6,25.59,"NAN",26.93,"NAN","NAN","NAN",56.49,62.27,60.87,68.68,61.75,61.42,68.9,67.24,66.37,"NAN",58.62,"NAN","NAN","NAN",1030,1030,1029,1024,1030,1030,693.3,1031,1030,"NAN",1030,"NAN","NAN","NAN",114,91,86,23,55,51,41,13,32,"NAN",37,"NAN","NAN",21.46,21.66,21.45,21.33,22.33,21.99,23.31,23.43,23.88,24.81,24.05,24.47,0,0,22.57,22.5,23.15,23.99,24.4,25.05,25.21,25.83,25.61,26.34,26.28,27.9,0,0,"NAN","NAN","NAN","NAN","NAN","NAN","NAN","NAN","NAN","NAN","NAN","NAN",0,0,20.44,23.41,21.8,25.31,23.56,26.15,28.56,27.43,28.1,26.89,29.36,30.81,0,0,"NAN",0,"NAN","NAN"
"2026-09-15 07:56:00",96306,13.73,47.93,0,"NAN",0,0,0,0,0,0,0,0,0,"NAN","NAN",0,0,"NAN",0,0,0,0,0,0,0,0,0,"NAN",0,"NAN","NAN","NAN",30.81,26.5,26.65,26.36,25.02,28.32,20.75,24.68,25.93,"NAN",27.1,"NAN","NAN","NAN",53.93,60.91,61.96,71.3,61.75,61.27,67.43,67.26,64.5,"NAN",57.9,"NAN","NAN","NAN",1030,1030,1029,1024,1030,1030,693.5,1031,1030,"NAN",1030,"NAN","NAN","NAN",122,99,94,31,55,59,49,17,1,"NAN",2,"NAN","NAN",21.45,21.66,21.45,21.33,22.33,21.98,23.3,23.43,23.88,24.81,24.05,24.46,0,0,22.57,22.5,23.15,23.99,24.4,25.05,25.21,25.83,25.61,26.34,26.28,27.9,0,0,"NAN","NAN","NAN","NAN","NAN","NAN","NAN","NAN","NAN","NAN","NAN","NAN",0,0,20.45,23.41,21.8,25.31,23.56,26.15,28.56,27.43,28.1,26.9,29.36,30.81,0,0,"NAN",0,"NAN","NAN"
"2026-09-15 07:57:00",96307,13.73,48.15,0,"NAN",0,0,0,0,"NAN",0,0,0,0,"NAN","NAN",0,0,"NAN",0,0,0,0,"NAN",0,0,0,0,"NAN",0,"NAN","NAN","NAN",30.93,26.72,27.16,27.04,"NAN",28.5,20.91,25.09,26.14,"NAN",27.21,"NAN","NAN","NAN",51.95,62.14,60.72,72.12,"NAN",61.28,67.38,67.76,64.68,"NAN",57.46,"NAN","NAN","NAN",1030,1030,1029,1024,"NAN",1030,693.8,1031,1030,"NAN",1030,"NAN","NAN","NAN",130,107,102,39,"NAN",67,57,5,4,"NAN",9,"NAN","NAN",21.45,21.65,21.45,21.33,22.32,21.98,23.3,23.42,23.88,24.8,24.05,24.46,0,0,22.57,22.5,23.15,23.99,24.4,25.05,25.21,25.82,25.61,26.34,26.28,27.9,0,0,"NAN","NAN","NAN","NAN","NAN","NAN","NAN","NAN","NAN","NAN","NAN","NAN",0,0,20.45,23.41,21.8,25.31,23.56,26.15,28.56,27.43,28.1,26.9,29.36,30.81,0,0,"NAN",0,"NAN","NAN"
"2026-09-15 07:58:00",96308,13.72,48.36,0,"NAN",0,0,0,0,"NAN",0,0,0,0,"NAN","NAN",0,0,"NAN",0,0,0,0,"NAN",0,0,0,0,"NAN",0,"NAN","NAN","NAN",31,26.98,27.44,27.67,"NAN",28.67,21.08,25.25,26.38,"NAN",27.44,"NAN","NAN","NAN",51,61.5,59.63,72.34,"NAN",60.44,67.09,67.06,64.54,"NAN",57.25,"NAN","NAN","NAN",1030,1030,1029,1024,"NAN",1030,693.9,1031,1030,"NAN",1029,"NAN","NAN","NAN",138,115,110,47,"NAN",75,65,13,12,"NAN",17,"NAN","NAN",21.46,21.65,21.44,21.33,22.32,21.98,23.3,23.42,23.87,24.8,24.05,24.46,0,0,22.57,22.5,23.15,23.99,24.4,25.05,25.21,25.82,25.61,26.34,26.28,27.9,0,0,"NAN","NAN","NAN","NAN","NAN","NAN","NAN","NAN","NAN","NAN","NAN","NAN",0,0,20.45,23.41,21.8,25.31,23.56,26.15,28.56,27.44,28.1,26.9,29.36,30.81,0,0,"NAN",0,"NAN","NAN"
"2026-09-15 07:59:00",96309,13.74,48.56,0,"NAN",0,0,0,0,"NAN",0,0,0,0,"NAN","NAN",0,0,"NAN",0,0,0,0,"NAN",0,0,0,0,"NAN",0,"NAN","NAN","NAN",31.02,27.18,27.5,28.25,"NAN",28.84,21.22,25.47,26.64,"NAN",27.81,"NAN","NAN","NAN",48.56,60.32,56.73,72.32,"NAN",58.31,65.38,65.64,62.59,"NAN",56.43,"NAN","NAN","NAN",1030,1030,1029,1024,"NAN",1030,694,1031,1029,"NAN",1029,"NAN","NAN","NAN",146,123,118,55,"NAN",83,73,21,20,"NAN",25,"NAN","NAN",21.45,21.65,21.44,21.32,22.32,21.98,23.3,23.42,23.87,24.8,24.04,24.45,0,0,22.57,22.5,23.15,23.99,24.4,25.05,25.21,25.82,25.61,26.34,26.28,27.9,0,0,"NAN","NAN","NAN","NAN","NAN","NAN","NAN","NAN","NAN","NAN","NAN","NAN",0,0,20.45,23.41,21.8,25.31,23.56,26.15,28.56,27.43,28.1,26.9,29.36,30.81,0,0,"NAN",0,"NAN","NAN"
"2026-09-15 08:00:00",96310,13.74,48.77,0,"NAN",0,0,0,0,"NAN",0,0,0,0,"NAN","NAN",0,0,"NAN",0,0,0,0,"NAN",0,0,0,0,"NAN",0,"NAN","NAN","NAN",30.98,27.37,27.51,28.78,"NAN",28.93,21.24,25.64,26.79,"NAN",28,"NAN","NAN","NAN",47.37,57.04,55.64,71.74,"NAN",55.52,61.54,62.69,59.5,"NAN",52.46,"NAN","NAN","NAN",1030,1030,1029,1024,"NAN",1030,694.3,1031,1029,"NAN",1029,"NAN","NAN","NAN",154,131,126,63,"NAN",91,81,29,28,"NAN",33,"NAN","NAN",21.45,21.64,21.44,21.32,22.32,21.97,23.29,23.42,23.87,24.8,24.04,24.45,0,0,22.57,22.5,23.14,23.99,24.4,25.05,25.21,25.82,25.61,26.34,26.28,27.9,0,0,"NAN","NAN","NAN","NAN","NAN","NAN","NAN","NAN","NAN","NAN","NAN","NAN",0,0,20.44,23.41,21.8,25.31,23.56,26.15,28.56,27.43,28.1,26.89,29.36,30.81,0,0,"NAN",0,"NAN","NAN"
"2026-09-15 08:01:00",96311,13.75,48.97,0,"NAN",0,0,0,0,"NAN",0,0,0,0,"NAN","NAN",0,0,"NAN",0,0,0,0,"NAN",0,0,0,0,"NAN",0,"NAN","NAN","NAN",30.97,27.43,27.59,29,"NAN",28.97,21.24,25.64,26.79,"NAN",28,"NAN","NAN","NAN",46.07,55.94,54.83,69.87,"NAN",54.71,60.32,62.69,59.5,"NAN",52.46,"NAN","NAN","NAN",1030,1030,1029,1024,"NAN",1030,694,1031,1029,"NAN",1029,"NAN","NAN","NAN",158,135,130,67,"NAN",95,85,29,28,"NAN",33,"NAN","NAN",21.44,21.64,21.44,21.32,22.32,21.97,23.29,23.42,23.87,24.8,24.04,24.45,0,0,22.57,22.5,23.14,23.99,24.4,25.04,25.21,25.82,25.61,26.34,26.28,27.9,0,0,"NAN","NAN","NAN","NAN","NAN","NAN","NAN","NAN","NAN","NAN","NAN","NAN",0,0,20.45,23.41,21.8,25.31,23.56,26.15,28.56,27.43,28.1,26.89,29.36,30.81,0,0,"NAN",0,"NAN","NAN"
"2026-09-15 08:02:00",96312,13.73,49.15,0,0,0,0,0,0,0,0,0,0,0,"NAN","NAN",0,0,0,0,0,0,0,0,0,0,0,0,"NAN",0,"NAN","NAN",27.28,30.86,27.68,27.61,28.41,27.33,29.07,21.19,25.69,27.01,"NAN",27.95,"NAN","NAN",51.37,45.11,54.85,53.31,53.36,53.09,51.86,57.74,60.38,56.78,"NAN",49.67,"NAN","NAN",1029,1030,1030,1029,1024,1030,1030,693.6,1031,1029,"NAN",1029,"NAN","NAN",4,3,3,8,3,4,4,9,4,9,"NAN",5,"NAN","NAN",21.44,21.64,21.43,21.32,22.31,21.97,23.29,23.41,23.87,24.79,24.04,24.45,0,0,22.57,22.5,23.14,23.99,24.4,25.04,25.21,25.82,25.61,26.34,26.28,27.9,0,0,"NAN","NAN","NAN","NAN","NAN","NAN","NAN","NAN","NAN","NAN","NAN","NAN",0,0,20.45,23.41,21.8,25.31,23.56,26.15,28.56,27.44,28.1,26.9,29.36,30.81,0,0,"NAN",0,"NAN","NAN"
"2026-09-15 08:03:00",96313,13.73,49.32,0,0,0,0,0,0,0,0,0,0,0,"NAN","NAN",0,0,0,0,0,0,0,0,0,0,0,0,"NAN",0,"NAN","NAN",27.36,30.77,27.74,27.6,27.98,27.33,29.08,21.16,25.69,27.06,"NAN",27.83,"NAN","NAN",51.46,45.27,54.33,53.73,53.09,53.09,52.37,58.04,60.98,56.18,"NAN",49.56,"NAN","NAN",1029,1030,1030,1029,1024,1030,1030,693.5,1031,1029,"NAN",1029,"NAN","NAN",8,11,11,16,11,4,12,17,12,17,"NAN",13,"NAN","NAN",21.44,21.64,21.43,21.31,22.31,21.97,23.29,23.41,23.86,24.79,24.03,24.44,0,0,22.57,22.5,23.14,23.99,24.4,25.04,25.2,25.82,25.6,26.34,26.28,27.9,0,0,"NAN","NAN","NAN","NAN","NAN","NAN","NAN","NAN","NAN","NAN","NAN","NAN",0,0,20.45,23.41,21.8,25.31,23.56,26.15,28.56,27.43,28.1,26.89,29.36,30.81,0,0,"NAN",0,"NAN","NAN"
"2026-09-15 08:04:00",96314,13.74,49.48,0,0,0,0,0,0,0,0,0,0,0,"NAN","NAN",0,0,0,0,0,0,0,0,0,0,0,0,"NAN",0,"NAN","NAN",27.36,30.76,27.82,27.79,27.7,27.33,29.17,21.15,25.73,27.18,"NAN",27.88,"NAN","NAN",51.46,45.62,53.33,52.85,53.21,53.09,52.18,59.15,59.15,57.33,"NAN",49.58,"NAN","NAN",1029,1030,1030,1029,1024,1030,1030,693.8,1031,1029,"NAN",1029,"NAN","NAN",8,19,19,24,19,4,20,25,20,25,"NAN",21,"NAN","NAN",21.44,21.64,21.43,21.31,22.31,21.96,23.28,23.41,23.86,24.79,24.03,24.44,0,0,22.57,22.49,23.14,23.99,24.4,25.04,25.21,25.82,25.61,26.34,26.27,27.9,0,0,"NAN","NAN","NAN","NAN","NAN","NAN","NAN","NAN","NAN","NAN","NAN","NAN",0,0,20.45,23.41,21.8,25.31,23.56,26.15,28.56,27.44,28.1,26.9,29.36,30.81,0,0,"NAN",0,"NAN","NAN"
"2026-09-15 08:05:00",96315,13.73,49.62,0,0,0,0,0,0,0,0,0,0,0,"NAN","NAN",0,0,0,0,0,0,0,0,0,0,0,0,"NAN",0,"NAN","NAN",27.49,30.75,27.96,27.88,27.58,27.53,29.24,21.15,25.82,27.32,"NAN",27.96,"NAN","NAN",52.42,45.06,53.36,52.13,52.91,52.27,51.62,58.22,60.59,56.4,"NAN",50.13,"NAN","NAN",1029,1030,1030,1029,1024,1030,1030,693.7,1031,1029,"NAN",1029,"NAN","NAN",10,27,27,32,27,1,27,32,27,32,"NAN",28,"NAN","NAN",21.44,21.64,21.43,21.31,22.31,21.96,23.28,23.41,23.86,24.79,24.03,24.44,0,0,22.57,22.49,23.14,23.99,24.4,25.04,25.2,25.82,25.6,26.34,26.27,27.9,0,0,"NAN","NAN","NAN","NAN","NAN","NAN","NAN","NAN","NAN","NAN","NAN","NAN",0,0,20.45,23.41,21.8,25.31,23.56,26.15,28.56,27.43,28.1,26.89,29.36,30.81,0,0,"NAN",0,"NAN","NAN"
"2026-09-15 08:06:00",96316,13.73,49.77,0,0,0,0,0,0,0,0,0,0,0,"NAN","NAN",0,0,0,0,0,0,0,0,0,0,0,0,"NAN",0,"NAN","NAN",27.49,30.78,28.1,28.08,27.59,27.65,29.36,21.24,26.26,27.57,"NAN",28.1,"NAN","NAN",52.42,46.29,53.88,53.66,54.89,53.65,52.8,60.82,66.37,57.37,"NAN",49.89,"NAN","NAN",1029,1030,1030,1029,1024,1030,1030,694.7,1031,1029,"NAN",1029,"NAN","NAN",10,35,35,3,35,9,35,4,35,4,"NAN",36,"NAN","NAN",21.43,21.63,21.43,21.3,22.3,21.96,23.28,23.41,23.86,24.79,24.03,24.44,0,0,22.57,22.49,23.14,23.99,24.4,25.04,25.2,25.82,25.6,26.34,26.27,27.9,0,0,"NAN","NAN","NAN","NAN","NAN","NAN","NAN","NAN","NAN","NAN","NAN","NAN",0,0,20.45,23.41,21.8,25.31,23.56,26.15,28.56,27.44,28.1,26.9,29.36,30.81,0,0,"NAN",0,"NAN","NAN"
"2026-09-15 08:07:00",96317,13.74,49.9,0,0,0,0,0,0,0,0,0,0,0,"NAN","NAN",0,0,0,0,0,0,0,0,0,0,0,0,"NAN",0,"NAN","NAN",27.76,30.82,28.29,28.18,27.63,27.89,29.48,21.26,26.88,27.79,"NAN",28.2,"NAN","NAN",50.61,44.79,53.12,51.79,52.11,51,50.89,57.41,69.61,55.74,"NAN",49.4,"NAN","NAN",1029,1030,1030,1029,1024,1030,1030,694.2,1031,1029,"NAN",1029,"NAN","NAN",12,43,43,11,43,17,43,12,43,4,"NAN",44,"NAN","NAN",21.43,21.63,21.42,21.3,22.3,21.96,23.28,23.4,23.86,24.78,24.03,24.43,0,0,22.56,22.49,23.14,23.98,24.4,25.04,25.2,25.82,25.6,26.34,26.27,27.9,0,0,"NAN","NAN","NAN","NAN","NAN","NAN","NAN","NAN","NAN","NAN","NAN","NAN",0,0,20.45,23.41,21.8,25.31,23.56,26.15,28.56,27.44,28.1,26.89,29.36,30.81,0,0,"NAN",0,"NAN","NAN"
"2026-09-15 08:08:00",96318,13.74,50.03,0,0,0,0,0,0,0,0,0,0,0,"NAN","NAN",0,0,0,0,0,0,0,0,0,0,0,0,"NAN",0,"NAN","NAN",28.04,30.76,28.48,28.27,27.4,27.95,29.52,21.25,27.48,27.86,"NAN",28.25,"NAN","NAN",49.17,43.96,51.85,50.24,49.86,50.55,48.47,57.45,71.51,55.34,"NAN",48.76,"NAN","NAN",1029,1030,1030,1029,1024,1030,1030,693.8,1031,1029,"NAN",1029,"NAN","NAN",16,51,51,3,51,25,51,20,51,11,"NAN",52,"NAN","NAN",21.43,21.63,21.42,21.3,22.3,21.95,23.27,23.4,23.85,24.78,24.02,24.43,0,0,22.57,22.49,23.14,23.99,24.39,25.04,25.2,25.82,25.6,26.34,26.27,27.9,0,0,"NAN","NAN","NAN","NAN","NAN","NAN","NAN","NAN","NAN","NAN","NAN","NAN",0,0,20.44,23.41,21.8,25.31,23.56,26.15,28.56,27.43,28.1,26.9,29.36,30.81,0,0,"NAN",0,"NAN","NAN"
"2026-09-15 08:09:00",96319,13.72,50.14,0,0,0,0,0,0,0,0,0,0,0,"NAN","NAN",0,0,0,0,0,0,0,0,0,0,0,0,"NAN",0,"NAN","NAN",28.1,30.7,28.57,27.9,27.3,27.89,29.52,21.23,28.02,27.83,"NAN",28.28,"NAN","NAN",48.19,43.13,51,49.74,51.24,49.93,48.52,56.27,72.39,53.98,"NAN",47.98,"NAN","NAN",1029,1030,1030,1029,1024,1030,1030,693.6,1031,1029,"NAN",1029,"NAN","NAN",18,59,59,3,59,33,59,28,59,3,"NAN",60,"NAN","NAN",21.42,21.63,21.42,21.3,22.3,21.95,23.27,23.4,23.85,24.78,24.02,24.43,0,0,22.56,22.49,23.14,23.98,24.39,25.04,25.2,25.82,25.6,26.33,26.27,27.9,0,0,"NAN","NAN","NAN","NAN","NAN","NAN","NAN","NAN","NAN","NAN","NAN","NAN",0,0,20.45,23.41,21.8,25.31,23.56,26.15,28.56,27.44,28.1,26.9,29.36,30.81,0,0,"NAN",0,"NAN","NAN"
"2026-09-15 08:10:00",96320,13.73,50.23,0,0,0,0,0,0,0,0,0,0,0,"NAN","NAN",0,0,0,0,0,0,0,0,0,0,0,0,"NAN",0,"NAN","NAN",28.14,30.64,28.64,27.66,27.29,27.85,29.48,21.22,28.51,27.82,"NAN",28.27,"NAN","NAN",47.5,43.24,49.92,49.82,51.48,49.24,48.57,56.3,72.84,52.91,"NAN",47.17,"NAN","NAN",1029,1030,1030,1029,1024,1030,1030,693.4,1031,1029,"NAN",1029,"NAN","NAN",20,67,67,11,67,41,67,36,67,11,"NAN",68,"NAN","NAN",21.42,21.62,21.42,21.3,22.3,21.95,23.27,23.4,23.85,24.78,24.02,24.43,0,0,22.56,22.49,23.14,23.98,24.39,25.04,25.2,25.82,25.6,26.34,26.27,27.9,0,0,"NAN","NAN","NAN","NAN","NAN","NAN","NAN","NAN","NAN","NAN","NAN","NAN",0,0,20.45,23.41,21.8,25.31,23.56,26.15,28.56,27.43,28.1,26.9,29.36,30.81,0,0,"NAN",0,"NAN","NAN"
"2026-09-15 08:11:00",96321,13.72,50.31,0,0,0,0,0,0,0,0,0,0,0,"NAN","NAN",0,0,0,0,0,0,0,0,0,0,0,0,"NAN",0,"NAN","NAN",28.14,30.57,28.7,27.58,27.23,27.86,29.46,21.23,28.9,27.84,"NAN",28.29,"NAN","NAN",47.5,43.07,49.65,49.49,50.69,48.48,47.11,55.74,66.5,52.31,"NAN",47.52,"NAN","NAN",1029,1030,1030,1029,1024,1030,1030,693.3,1031,1029,"NAN",1029,"NAN","NAN",20,75,75,19,75,49,75,44,75,19,"NAN",76,"NAN","NAN",21.42,21.62,21.41,21.29,22.29,21.95,23.27,23.4,23.85,24.78,24.02,24.43,0,0,22.56,22.49,23.14,23.98,24.39,25.04,25.2,25.82,25.6,26.34,26.27,27.9,0,0,"NAN","NAN","NAN","NAN","NAN","NAN","NAN","NAN","NAN","NAN","NAN","NAN",0,0,20.45,23.41,21.8,25.31,23.56,26.15,28.56,27.44,28.1,26.9,29.36,30.81,0,0,"NAN",0,"NAN","NAN"
"2026-09-15 08:12:00",96322,13.73,50.39,0,0,0,0,0,0,0,0,0,0,0,"NAN","NAN",0,0,0,0,0,0,0,0,0,0,0,0,"NAN",0,"NAN","NAN",28.14,30.57,28.72,27.69,27.25,27.81,29.51,21.3,28.73,27.93,"NAN",28.32,"NAN","NAN",47.5,42.69,48.32,50.05,51.49,48.51,49.7,57.95,55.49,52.56,"NAN",46.86,"NAN","NAN",1029,1030,1030,1029,1024,1030,1030,693.5,1031,1029,"NAN",1029,"NAN","NAN",20,83,83,27,83,57,83,52,83,27,"NAN",84,"NAN","NAN",21.41,21.62,21.41,21.29,22.29,21.95,23.26,23.39,23.84,24.77,24.02,24.42,0,0,22.56,22.49,23.14,23.98,24.39,25.04,25.2,25.82,25.59,26.34,26.27,27.9,0,0,"NAN","NAN","NAN","NAN","NAN","NAN","NAN","NAN","NAN","NAN","NAN","NAN",0,0,20.45,23.41,21.8,25.31,23.56,26.15,28.56,27.43,28.1,26.9,29.36,30.81,0,0,"NAN",0,"NAN","NAN"
"2026-09-15 08:13:00",96323,13.73,50.47,0,0,0,0,0,0,0,0,0,0,0,"NAN","NAN",0,0,0,0,0,0,0,0,0,0,0,0,"NAN",0,"NAN","NAN",28.36,30.64,28.81,28.15,27.47,28,29.65,21.44,28.43,28.13,"NAN",28.52,"NAN","NAN",48.28,43.07,49.12,50.58,51.78,48.87,49.57,59.29,53.9,51.78,"NAN",47.19,"NAN","NAN",1029,1030,1030,1029,1024,1030,1030,694.1,1031,1029,"NAN",1029,"NAN","NAN",26,91,91,35,91,65,91,60,91,35,"NAN",92,"NAN","NAN",21.42,21.62,21.41,21.29,22.29,21.94,23.26,23.39,23.84,24.77,24.01,24.42,0,0,22.56,22.49,23.14,23.98,24.39,25.04,25.2,25.82,25.59,26.34,26.27,27.9,0,0,"NAN","NAN","NAN","NAN","NAN","NAN","NAN","NAN","NAN","NAN","NAN","NAN",0,0,20.45,23.41,21.8,25.31,23.56,26.15,28.56,27.44,28.1,26.9,29.36,30.81,0,0,"NAN",0,"NAN","NAN"
"2026-09-15 08:14:00",96324,13.74,50.57,0,0,0,0,0,0,0,0,0,0,0,"NAN","NAN",0,0,0,0,0,0,0,0,0,0,0,0,"NAN",0,"NAN","NAN",28.42,30.72,28.91,28.26,27.61,28.17,29.77,21.58,28.2,28.27,"NAN",28.7,"NAN","NAN",48.24,43.08,48.51,49.11,50.6,48.58,48.54,56.42,53.29,51.65,"NAN",46.5,"NAN","NAN",1029,1030,1030,1029,1024,1030,1030,694,1031,1029,"NAN",1029,"NAN","NAN",28,99,99,43,99,73,99,68,99,43,"NAN",100,"NAN","NAN",21.41,21.62,21.41,21.28,22.29,21.94,23.26,23.39,23.84,24.77,24.01,24.42,0,0,22.56,22.49,23.14,23.98,24.39,25.03,25.2,25.82,25.59,26.34,26.27,27.9,0,0,"NAN","NAN","NAN","NAN","NAN","NAN","NAN","NAN","NAN","NAN","NAN","NAN",0,0,20.45,23.41,21.8,25.31,23.56,26.15,28.56,27.44,28.1,26.9,29.36,30.81,0,0,"NAN",0,"NAN","NAN"
"2026-09-15 08:15:00",96325,13.72,50.66,0,0,0,0,0,0,0,0,0,0,0,"NAN","NAN",0,0,0,0,0,0,0,0,0,0,0,0,"NAN",0,"NAN","NAN",28.52,30.72,29,28.09,27.57,28.26,29.81,21.64,27.98,28.38,"NAN",28.83,"NAN","NAN",47.47,42.38,49.12,48.11,49.69,48.32,46.83,54.7,53.05,50.87,"NAN",49.26,"NAN","NAN",1029,1030,1030,1029,1024,1030,1030,694.2,1031,1029,"NAN",1029,"NAN","NAN",30,107,107,51,107,81,107,76,107,51,"NAN",108,"NAN","NAN",21.41,21.61,21.41,21.28,22.29,21.94,23.25,23.39,23.84,24.77,24.01,24.42,0,0,22.56,22.49,23.13,23.99,24.39,25.03,25.2,25.82,25.59,26.34,26.27,27.89,0,0,"NAN","NAN","NAN","NAN","NAN","NAN","NAN","NAN","NAN","NAN","NAN","NAN",0,0,20.45,23.41,21.8,25.31,23.56,26.15,28.56,27.44,28.1,26.9,29.36,30.81,0,0,"NAN",0,"NAN","NAN"
"2026-09-15 08:16:00",96326,13.74,50.76,0,0,0,0,0,0,0,0,0,0,0,"NAN","NAN",0,0,0,0,0,0,0,0,0,0,0,0,"NAN",0,"NAN","NAN",28.62,30.69,29.04,27.88,27.5,28.26,29.83,21.67,27.75,0,"NAN",0,"NAN","NAN",46.28,42.03,48.14,49.43,49.98,47.53,46.47,54.29,54.75,0,"NAN",0,"NAN","NAN",1029,1030,1030,1029,1024,1030,1030,694.2,1031,0,"NAN",0,"NAN","NAN",34,115,115,59,115,89,115,80,115,0,"NAN",0,"NAN","NAN",21.4,21.61,21.4,21.28,22.28,21.94,23.25,23.39,23.84,24.77,24.01,24.42,0,0,22.56,22.49,23.13,23.98,24.39,25.03,25.2,25.82,25.59,26.34,26.27,27.89,0,0,"NAN","NAN","NAN","NAN","NAN","NAN","NAN","NAN","NAN","NAN","NAN","NAN",0,0,20.45,23.41,21.8,25.31,23.56,26.15,28.56,27.44,28.1,26.9,29.36,30.81,0,0,"NAN",0,"NAN","NAN"
"2026-09-15 08:17:00",96327,13.72,50.86,0,0,0,0,0,0,0,0,0,0,0,"NAN","NAN",0,0,0,0,0,0,0,0,0,0,0,0,"NAN",0,"NAN","NAN",28.7,30.71,29.04,28.03,27.52,28.24,29.9,21.76,27.51,0,"NAN",30.88,"NAN","NAN",47.38,42.44,48.05,50.13,50.48,48.02,47.41,54.9,54.38,0,"NAN",57.81,"NAN","NAN",1029,1030,1030,1029,1024,1030,1030,694.6,1031,0,"NAN",1030,"NAN","NAN",38,123,123,7,7,97,123,8,123,0,"NAN",1,"NAN","NAN",21.4,21.61,21.4,21.28,22.28,21.93,23.25,23.38,23.84,24.76,24.01,24.41,0,0,22.56,22.49,23.13,23.98,24.39,25.03,25.2,25.82,25.59,26.34,26.26,27.89,0,0,"NAN","NAN","NAN","NAN","NAN","NAN","NAN","NAN","NAN","NAN","NAN","NAN",0,0,20.45,23.41,21.8,25.31,23.56,26.15,28.56,27.44,28.1,26.9,29.36,30.81,0,0,"NAN",0,"NAN","NAN"
"2026-09-15 08:18:00",96328,13.73,50.96,0,0,0,0,0,0,0,0,0,0,0,"NAN","NAN",0,0,0,0,0,0,0,0,0,0,0,0,"NAN",0,"NAN","NAN",28.7,30.82,29.08,28.3,27.71,28.29,30.04,22.02,27.42,0,"NAN",31.58,"NAN","NAN",47.38,43.46,48.66,49.58,50.45,48.78,46.95,54.2,55.09,0,"NAN",59.35,"NAN","NAN",1029,1030,1030,1029,1024,1030,1030,696.3,1031,0,"NAN",1030,"NAN","NAN",38,3,131,15,15,102,132,3,132,0,"NAN",5,"NAN","NAN",21.4,21.61,21.4,21.28,22.28,21.93,23.25,23.38,23.83,24.76,24,24.41,0,0,22.56,22.48,23.13,23.98,24.39,25.03,25.19,25.82,25.59,26.34,26.26,27.89,0,0,"NAN","NAN","NAN","NAN","NAN","NAN","NAN","NAN","NAN","NAN","NAN","NAN",0,0,20.45,23.41,21.8,25.31,23.56,26.15,28.56,27.44,28.1,26.9,29.36,30.81,0,0,"NAN",0,"NAN","NAN"
"2026-09-15 08:19:00",96329,13.72,51.06,0,0,0,0,0,0,0,0,0,0,0,"NAN","NAN",0,0,0,0,0,0,0,0,0,0,0,0,"NAN",0,"NAN","NAN",28.7,30.83,29.15,28.29,27.77,28.46,30.07,0,27.33,28.67,"NAN",32.15,"NAN","NAN",47.38,40.78,46.9,48.14,48.36,46.45,45.14,0,54.68,48.55,"NAN",60.31,"NAN","NAN",1029,1030,1030,1029,1024,1030,1030,0,1031,1029,"NAN",1030,"NAN","NAN",38,3,6,23,23,3,136,0,136,5,"NAN",13,"NAN","NAN",21.4,21.6,21.4,21.28,22.28,21.93,23.25,23.38,23.83,24.76,24,24.41,0,0,22.56,22.48,23.13,23.98,24.39,25.03,25.2,25.82,25.59,26.34,26.26,27.89,0,0,"NAN","NAN","NAN","NAN","NAN","NAN","NAN","NAN","NAN","NAN","NAN","NAN",0,0,20.45,23.41,21.8,25.31,23.56,26.15,28.56,27.44,28.1,26.9,29.36,30.81,0,0,"NAN",0,"NAN","NAN"
"2026-09-15 08:20:00",96330,13.73,51.15,0,0,0,0,0,0,0,0,0,0,0,"NAN","NAN",0,0,0,0,0,0,0,0,0,0,0,0,"NAN",0,"NAN","NAN",28.7,30.82,29.18,28.35,27.77,28.46,30.16,0,27.16,28.67,"NAN",32.64,"NAN","NAN",47.38,42.66,46.8,47.74,48.36,46.45,45.43,0,52.77,48.55,"NAN",60.52,"NAN","NAN",1029,1030,1030,1029,1024,1030,1030,0,1031,1029,"NAN",1030,"NAN","NAN",38,7,10,27,23,3,5,0,5,5,"NAN",19,"NAN","NAN",21.4,21.6,21.4,21.28,22.28,21.93,23.24,23.38,23.83,24.76,24,24.4,0,0,22.56,22.48,23.13,23.98,24.39,25.03,25.19,25.82,25.59,26.33,26.26,27.89,0,0,"NAN","NAN","NAN","NAN","NAN","NAN","NAN","NAN","NAN","NAN","NAN","NAN",0,0,20.45,23.41,21.8,25.31,23.56,26.14,28.56,27.44,28.1,26.9,29.36,30.81,0,0,"NAN",0,"NAN","NAN"
"2026-09-15 08:21:00",96331,13.73,51.24,0,0,0,0,0,0,0,0,0,0,0,"NAN","NAN",0,0,0,0,0,0,0,0,0,0,0,0,"NAN",0,"NAN","NAN",28.7,30.86,29.21,28.35,27.83,28.46,30.2,22.09,26.95,28.71,"NAN",32.96,"NAN","NAN",47.38,39.75,45.35,46.76,46.44,46.45,43.23,48.79,53.09,46.77,"NAN",45.5,"NAN","NAN",1029,1030,1030,1029,1024,1030,1030,695.2,1031,1029,"NAN",1030,"NAN","NAN",38,19,22,39,11,3,16,11,5,11,"NAN",29,"NAN","NAN",21.39,21.6,21.39,21.27,22.27,21.93,23.24,23.38,23.83,24.75,24,24.4,0,0,22.56,22.48,23.13,23.98,24.39,25.03,25.19,25.81,25.58,26.34,26.26,27.89,0,0,"NAN","NAN","NAN","NAN","NAN","NAN","NAN","NAN","NAN","NAN","NAN","NAN",0,0,20.45,23.41,21.8,25.31,23.56,26.14,28.56,27.44,28.1,26.9,29.36,30.81,0,0,"NAN",0,"NAN","NAN"
"2026-09-15 08:22:00",96332,13.72,51.33,0,0,0,0,0,0,0,0,0,0,0,"NAN","NAN",0,0,0,0,0,0,0,0,0,0,0,0,"NAN",0,"NAN","NAN",28.7,30.83,29.21,28.24,27.76,28.51,30.22,22.14,26.82,0,"NAN",31.79,"NAN","NAN",47.38,39.34,45.63,45.55,46.11,44.7,42.98,48.18,54.25,0,"NAN",39.46,"NAN","NAN",1029,1030,1030,1029,1024,1030,1030,696.6,1031,0,"NAN",1030,"NAN","NAN",38,27,30,47,3,7,23,3,3,0,"NAN",4,"NAN","NAN",21.39,21.6,21.39,21.27,22.27,21.92,23.24,23.38,23.82,24.75,23.99,24.4,0,0,22.55,22.48,23.13,23.98,24.39,25.03,25.19,25.81,25.58,26.34,26.26,27.89,0,0,"NAN","NAN","NAN","NAN","NAN","NAN","NAN","NAN","NAN","NAN","NAN","NAN",0,0,20.45,23.41,21.8,25.31,23.56,26.15,28.56,27.44,28.1,26.89,29.36,30.81,0,0,"NAN",0,"NAN","NAN"
"2026-09-15 08:23:00",96333,13.73,51.41,0,0,0,0,0,0,0,0,0,0,0,"NAN","NAN",0,0,0,0,0,0,0,0,0,0,0,0,"NAN",0,"NAN","NAN",28.7,30.82,29.2,28.12,27.7,28.41,30.23,22.08,26.65,28.65,"NAN",30.94,"NAN","NAN",47.38,40.05,45.12,46.18,46.66,44.9,42.87,48.13,53.03,46.07,"NAN",39.88,"NAN","NAN",1029,1030,1030,1029,1024,1030,1030,695.3,1031,1030,"NAN",1029,"NAN","NAN",38,35,7,55,11,15,7,11,11,3,"NAN",12,"NAN","NAN",21.39,21.6,21.39,21.27,22.27,21.92,23.24,23.37,23.82,24.75,23.99,24.4,0,0,22.56,22.48,23.13,23.98,24.39,25.03,25.19,25.81,25.58,26.33,26.26,27.89,0,0,"NAN","NAN","NAN","NAN","NAN","NAN","NAN","NAN","NAN","NAN","NAN","NAN",0,0,20.45,23.41,21.8,25.31,23.56,26.14,28.56,27.44,28.1,26.9,29.36,30.81,0,0,"NAN",0,"NAN","NAN"
"2026-09-15 08:24:00",96334,13.73,51.49,0,0,0,0,0,0,0,0,0,0,0,"NAN","NAN",0,0,0,0,0,0,0,0,0,0,0,0,"NAN",0,"NAN","NAN",28.7,30.86,29.23,28.18,27.76,28.47,30.27,22.14,26.71,28.61,"NAN",0,"NAN","NAN",47.38,39.46,44.77,46.15,46.08,45.01,42.13,47.42,54.18,45.46,"NAN",0,"NAN","NAN",1029,1030,1030,1029,1024,1030,1030,695,1031,1030,"NAN",0,"NAN","NAN",38,43,15,63,3,23,15,19,3,12,"NAN",0,"NAN","NAN",21.38,21.59,21.39,21.27,22.27,21.92,23.24,23.37,23.82,24.75,23.99,24.4,0,0,22.56,22.48,23.13,23.98,24.39,25.03,25.19,25.81,25.58,26.34,26.26,27.89,0,0,"NAN","NAN","NAN","NAN","NAN","NAN","NAN","NAN","NAN","NAN","NAN","NAN",0,0,20.45,23.41,21.8,25.31,23.56,26.14,28.56,27.44,28.1,26.9,29.36,30.81,0,0,"NAN",0,"NAN","NAN"
"2026-09-15 08:25:00",96335,13.72,51.55,0,0,0,0,0,0,0,0,0,0,0,"NAN","NAN",0,0,0,0,0,0,0,0,0,0,0,0,"NAN",0,"NAN","NAN",28.7,30.91,29.34,28.35,27.86,28.53,30.38,22.22,26.71,28.72,"NAN",30.26,"NAN","NAN",47.38,40.19,46.29,46.86,47.46,45.63,43.52,50.31,54.18,47.14,"NAN",41.85,"NAN","NAN",1029,1030,1030,1029,1024,1030,1030,695.4,1031,1030,"NAN",1030,"NAN","NAN",38,51,23,71,11,31,3,27,3,20,"NAN",9,"NAN","NAN",21.39,21.59,21.39,21.26,22.27,21.92,23.23,23.37,23.82,24.75,23.99,24.39,0,0,22.55,22.48,23.13,23.98,24.39,25.03,25.19,25.81,25.58,26.34,26.26,27.89,0,0,"NAN","NAN","NAN","NAN","NAN","NAN","NAN","NAN","NAN","NAN","NAN","NAN",0,0,20.45,23.41,21.8,25.31,23.56,26.15,28.56,27.44,28.1,26.9,29.36,30.81,0,0,"NAN",0,"NAN","NAN"
"2026-09-15 08:26:00",96336,13.73,51.62,0,"NAN",0,0,0,0,0,0,0,0,0,"NAN","NAN",0,0,"NAN",0,0,0,0,0,0,0,0,0,"NAN",0,"NAN","NAN","NAN",30.93,29.69,28.4,27.98,28.61,30.41,22.31,26.79,28.85,"NAN",30.08,"NAN","NAN","NAN",39.86,52.15,46.43,45.87,45.14,42.24,47.86,53.64,45.45,"NAN",40.9,"NAN","NAN","NAN",1030,1030,1029,1024,1030,1030,695.5,1031,1030,"NAN",1030,"NAN","NAN","NAN",59,31,79,19,39,11,35,7,27,"NAN",16,"NAN","NAN",21.38,21.59,21.38,21.26,22.26,21.92,23.23,23.37,23.82,24.75,23.99,24.39,0,0,22.55,22.48,23.13,23.97,24.39,25.03,25.19,25.81,25.58,26.33,26.26,27.89,0,0,"NAN","NAN","NAN","NAN","NAN","NAN","NAN","NAN","NAN","NAN","NAN","NAN",0,0,20.45,23.41,21.8,25.31,23.56,26.14,28.56,27.44,28.1,26.9,29.36,30.81,0,0,"NAN",0,"NAN","NAN"
"2026-09-15 08:27:00",96337,13.72,51.69,0,"NAN",0,0,0,0,0,0,0,0,0,"NAN","NAN",0,0,"NAN",0,0,0,0,0,0,0,0,0,"NAN",0,"NAN","NAN","NAN",30.93,30.24,28.38,27.96,28.63,30.43,22.33,26.79,28.83,"NAN",29.7,"NAN","NAN","NAN",39.02,56.43,44.99,45.08,44.49,40.99,47.22,52.95,43.85,"NAN",39.43,"NAN","NAN","NAN",1030,1030,1029,1024,1030,1030,695.5,1031,1030,"NAN",1030,"NAN","NAN","NAN",67,39,87,27,47,19,43,15,35,"NAN",24,"NAN","NAN",21.38,21.59,21.38,21.26,22.26,21.91,23.23,23.37,23.82,24.74,23.98,24.39,0,0,22.56,22.48,23.13,23.97,24.39,25.02,25.19,25.81,25.58,26.33,26.26,27.89,0,0,"NAN","NAN","NAN","NAN","NAN","NAN","NAN","NAN","NAN","NAN","NAN","NAN",0,0,20.45,23.41,21.8,25.31,23.56,26.14,28.56,27.44,28.1,26.9,29.36,30.81,0,0,"NAN",0,"NAN","NAN"
"2026-09-15 08:28:00",96338,13.74,51.75,0,"NAN",0,0,0,0,0,0,0,0,0,"NAN","NAN",0,0,"NAN",0,0,0,0,0,0,0,0,0,"NAN",0,"NAN","NAN","NAN",30.95,30.81,28.25,27.95,28.55,30.42,22.36,26.65,28.75,"NAN",29.32,"NAN","NAN","NAN",39.19,58.85,46.34,47.01,44.37,41.21,48.46,51.46,44.76,"NAN",41.24,"NAN","NAN","NAN",1030,1031,1029,1024,1030,1030,695.4,1031,1030,"NAN",1030,"NAN","NAN","NAN",75,47,95,35,55,23,52,24,44,"NAN",32,"NAN","NAN",21.38,21.58,21.38,21.26,22.26,21.91,23.22,23.37,23.81,24.74,23.98,24.39,0,0,22.55,22.48,23.13,23.97,24.38,25.03,25.18,25.81,25.58,26.34,26.25,27.89,0,0,"NAN","NAN","NAN","NAN","NAN","NAN","NAN","NAN","NAN","NAN","NAN","NAN",0,0,20.45,23.41,21.8,25.31,23.56,26.14,28.56,27.44,28.1,26.9,29.36,30.81,0,0,"NAN",0,"NAN","NAN"
"2026-09-15 08:29:00",96339,13.74,51.81,0,"NAN",0,0,0,0,0,0,0,0,0,"NAN","NAN",0,0,"NAN",0,0,0,0,0,0,0,0,0,"NAN",0,"NAN","NAN","NAN",31.08,31.4,28.42,28.14,28.55,30.5,22.47,26.7,28.79,"NAN",0,"NAN","NAN","NAN",38.86,60.49,45.71,46.76,44.37,41.29,48.21,52.87,44.71,"NAN",0,"NAN","NAN","NAN",1030,1031,1029,1024,1030,1030,695.7,1031,1030,"NAN",0,"NAN","NAN","NAN",2,55,103,43,55,7,60,32,52,"NAN",0,"NAN","NAN",21.37,21.58,21.38,21.25,22.26,21.91,23.22,23.36,23.81,24.74,23.98,24.38,0,0,22.55,22.48,23.13,23.97,24.39,25.02,25.18,25.81,25.58,26.32,26.26,27.89,0,0,"NAN","NAN","NAN","NAN","NAN","NAN","NAN","NAN","NAN","NAN","NAN","NAN",0,0,20.45,23.41,21.8,25.31,23.56,26.14,28.56,27.44,28.1,26.9,29.36,30.81,0,0,"NAN",0,"NAN","NAN"
"2026-09-15 08:30:00",96340,13.73,51.87,0,"NAN",0,0,0,0,0,0,0,0,0,"NAN","NAN",0,0,"NAN",0,0,0,0,0,0,0,0,0,"NAN",0,"NAN","NAN","NAN",31.03,32,28.47,28.33,28.55,30.58,22.62,26.84,28.97,"NAN",0,"NAN","NAN","NAN",38.71,61.5,45.13,45.47,44.37,43.29,47.86,53.75,45.89,"NAN",0,"NAN","NAN","NAN",1030,1031,1029,1024,1030,1030,696.6,1031,1030,"NAN",0,"NAN","NAN","NAN",10,63,111,51,55,7,7,40,60,"NAN",0,"NAN","NAN",21.37,21.58,21.38,21.25,22.26,21.91,23.22,23.36,23.81,24.73,23.98,24.38,0,0,22.55,22.48,23.12,23.97,24.38,25.02,25.18,25.81,25.57,26.32,26.25,27.89,0,0,"NAN","NAN","NAN","NAN","NAN","NAN","NAN","NAN","NAN","NAN","NAN","NAN",0,0,20.45,23.41,21.8,25.31,23.56,26.14,28.56,27.44,28.1,26.9,29.36,30.81,0,0,"NAN",0,"NAN","NAN"
"2026-09-15 08:31:00",96341,13.73,51.93,0,"NAN",0,0,0,0,0,0,0,0,0,"NAN","NAN",0,0,"NAN",0,0,0,0,0,0,0,0,0,"NAN",0,"NAN","NAN","NAN",31.02,32.55,28.34,28.28,28.55,30.58,22.65,26.9,29.04,"NAN",29.11,"NAN","NAN","NAN",38.01,61.82,44.43,44.54,44.37,40.32,45.33,51.55,44.36,"NAN",41.78,"NAN","NAN","NAN",1030,1031,1029,1024,1030,1030,696.1,1031,1030,"NAN",1030,"NAN","NAN","NAN",18,71,119,59,55,15,15,48,68,"NAN",5,"NAN","NAN",21.37,21.58,21.38,21.25,22.25,21.91,23.22,23.36,23.81,24.73,23.98,24.38,0,0,22.55,22.47,23.12,23.97,24.38,25.02,25.19,25.81,25.57,26.33,26.25,27.89,0,0,"NAN","NAN","NAN","NAN","NAN","NAN","NAN","NAN","NAN","NAN","NAN","NAN",0,0,20.45,23.41,21.8,25.31,23.56,26.14,28.56,27.44,28.1,26.9,29.36,30.81,0,0,"NAN",0,"NAN","NAN"
"2026-09-15 08:32:00",96342,13.73,51.99,0,"NAN",0,0,0,0,0,0,0,0,0,"NAN","NAN",0,0,"NAN",0,0,0,0,0,0,0,0,0,"NAN",0,"NAN","NAN","NAN",31.02,32.68,28.31,28.27,28.59,30.6,22.71,26.96,29.04,"NAN",0,"NAN","NAN","NAN",38.9,44.28,45.69,45.23,43.9,41.46,46.77,53.2,44.64,"NAN",0,"NAN","NAN","NAN",1030,1031,1029,1024,1030,1030,696.2,1031,1030,"NAN",0,"NAN","NAN","NAN",26,3,3,3,3,5,23,56,76,"NAN",0,"NAN","NAN",21.37,21.57,21.37,21.25,22.25,21.9,23.22,23.36,23.8,24.73,23.97,24.38,0,0,22.55,22.47,23.12,23.97,24.38,25.02,25.19,25.81,25.57,26.33,26.25,27.89,0,0,"NAN","NAN","NAN","NAN","NAN","NAN","NAN","NAN","NAN","NAN","NAN","NAN",0,0,20.45,23.41,21.8,25.31,23.56,26.14,28.56,27.44,28.1,26.9,29.36,30.81,0,0,"NAN",0,"NAN","NAN"
"2026-09-15 08:33:00",96343,13.75,52.05,0,"NAN",0,0,0,0,0,0,0,0,0,"NAN","NAN",0,0,"NAN",0,0,0,0,0,0,0,0,0,"NAN",0,"NAN","NAN","NAN",31.07,32.47,28.49,28.36,28.59,30.69,22.8,27.04,29.15,"NAN",29.36,"NAN","NAN","NAN",38.3,40.98,45.46,45.21,43.9,42.05,46.92,53.12,45.28,"NAN",41.71,"NAN","NAN","NAN",1030,1030,1029,1024,1030,1030,696,1031,1030,"NAN",1030,"NAN","NAN","NAN",34,11,11,11,3,13,31,64,84,"NAN",1,"NAN","NAN",21.36,21.57,21.37,21.25,22.25,21.9,23.21,23.36,23.8,24.73,23.97,24.37,0,0,22.55,22.47,23.12,23.97,24.38,25.02,25.18,25.81,25.57,26.32,26.25,27.89,0,0,"NAN","NAN","NAN","NAN","NAN","NAN","NAN","NAN","NAN","NAN","NAN","NAN",0,0,20.45,23.41,21.8,25.31,23.56,26.14,28.56,27.44,28.1,26.9,29.36,30.81,0,0,"NAN",0,"NAN","NAN"
"2026-09-15 08:34:00",96344,13.72,52.12,0,"NAN",0,0,0,0,0,0,0,0,0,"NAN","NAN",0,0,"NAN",0,0,0,0,0,0,0,0,0,"NAN",0,"NAN","NAN","NAN",31.16,32.31,28.91,28.66,28.66,30.85,22.93,27.16,29.36,"NAN",29.4,"NAN","NAN","NAN",38.61,40.5,45.55,45.28,45.01,41.93,46.48,52.14,44.88,"NAN",41.66,"NAN","NAN","NAN",1030,1030,1029,1024,1030,1030,696.2,1031,1030,"NAN",1030,"NAN","NAN","NAN",42,3,3,3,3,4,39,72,4,"NAN",9,"NAN","NAN",21.36,21.57,21.37,21.24,22.25,21.9,23.21,23.35,23.8,24.73,23.97,24.37,0,0,22.55,22.47,23.12,23.97,24.38,25.02,25.18,25.81,25.57,26.32,26.25,27.89,0,0,"NAN","NAN","NAN","NAN","NAN","NAN","NAN","NAN","NAN","NAN","NAN","NAN",0,0,20.45,23.41,21.8,25.31,23.56,26.14,28.56,27.44,28.1,26.9,29.36,30.81,0,0,"NAN",0,"NAN","NAN"
"2026-09-15 08:35:00",96345,13.74,52.19,0,"NAN",0,0,0,0,0,0,0,0,0,"NAN","NAN",0,0,"NAN",0,0,0,0,0,0,0,0,0,"NAN",0,"NAN","NAN","NAN",31.19,32.1,28.85,28.78,28.66,30.89,23.03,27.21,29.55,"NAN",29.54,"NAN","NAN","NAN",38.86,40.69,44.05,44,45.01,40.87,45.89,51.17,43.96,"NAN",42.55,"NAN","NAN","NAN",1030,1030,1029,1024,1030,1030,696.6,1031,1030,"NAN",1030,"NAN","NAN","NAN",50,7,11,7,3,12,47,80,1,"NAN",16,"NAN","NAN",21.36,21.57,21.37,21.24,22.25,21.9,23.21,23.35,23.8,24.72,23.97,24.37,0,0,22.55,22.47,23.12,23.97,24.38,25.02,25.18,25.81,25.57,26.33,26.25,27.88,0,0,"NAN","NAN","NAN","NAN","NAN","NAN","NAN","NAN","NAN","NAN","NAN","NAN",0,0,20.45,23.41,21.8,25.31,23.56,26.14,28.56,27.44,28.1,26.9,29.36,30.81,0,0,"NAN",0,"NAN","NAN"
"2026-09-15 08:36:00",96346,13.73,52.26,0,"NAN",0,0,0,0,0,0,0,0,0,"NAN","NAN",0,0,"NAN",0,0,0,0,0,0,0,0,0,"NAN",0,"NAN","NAN","NAN",31.2,31.92,28.78,28.79,28.66,30.92,23.11,27.37,29.53,"NAN",29.67,"NAN","NAN","NAN",38.89,40.27,43.98,42.43,45.01,39.97,45.39,50.31,42.9,"NAN",41.6,"NAN","NAN","NAN",1030,1030,1029,1024,1030,1030,696.8,1031,1030,"NAN",1030,"NAN","NAN","NAN",58,15,19,3,3,20,55,88,9,"NAN",25,"NAN","NAN",21.35,21.57,21.37,21.24,22.24,21.89,23.21,23.35,23.8,24.73,23.97,24.37,0,0,22.55,22.47,23.12,23.97,24.38,25.02,25.18,25.81,25.57,26.33,26.25,27.88,0,0,"NAN","NAN","NAN","NAN","NAN","NAN","NAN","NAN","NAN","NAN","NAN","NAN",0,0,20.45,23.41,21.8,25.31,23.56,26.14,28.56,27.44,28.1,26.9,29.36,30.81,0,0,"NAN",0,"NAN","NAN"
"2026-09-15 08:37:00",96347,13.73,52.33,0,"NAN",0,0,0,0,0,0,0,0,0,"NAN","NAN",0,0,"NAN",0,0,0,0,0,0,0,0,0,"NAN",0,"NAN","NAN","NAN",31.23,31.74,28.71,28.76,29.59,30.96,23.18,27.43,29.56,"NAN",29.58,"NAN","NAN","NAN",37.98,39.8,43.69,43.64,51.43,41.14,44.71,51.58,42.39,"NAN",40.33,"NAN","NAN","NAN",1030,1030,1029,1024,1030,1030,697.2,1031,1030,"NAN",1030,"NAN","NAN","NAN",66,7,7,3,3,28,63,91,5,"NAN",33,"NAN","NAN",21.35,21.57,21.37,21.24,22.24,21.89,23.2,23.35,23.79,24.72,23.96,24.37,0,0,22.55,22.47,23.12,23.97,24.38,25.02,25.18,25.81,25.57,26.32,26.25,27.88,0,0,"NAN","NAN","NAN","NAN","NAN","NAN","NAN","NAN","NAN","NAN","NAN","NAN",0,0,20.45,23.41,21.8,25.31,23.56,26.14,28.56,27.44,28.1,26.9,29.36,30.81,0,0,"NAN",0,"NAN","NAN"
"2026-09-15 08:38:00",96348,13.74,52.4,0,"NAN",0,0,0,0,0,0,0,0,0,"NAN","NAN",0,0,"NAN",0,0,0,0,0,0,0,0,0,"NAN",0,"NAN","NAN","NAN",31.27,31.55,28.75,28.81,30.59,31.02,23.22,27.43,29.52,"NAN",29.44,"NAN","NAN","NAN",37.76,39.3,44.47,44.1,56.46,40.36,44.55,51.58,42.47,"NAN",39.97,"NAN","NAN","NAN",1030,1030,1029,1024,1030,1030,697.1,1031,1030,"NAN",1030,"NAN","NAN","NAN",74,15,15,11,1,35,71,91,13,"NAN",41,"NAN","NAN",21.35,21.56,21.36,21.24,22.24,21.89,23.2,23.35,23.79,24.72,23.96,24.36,0,0,22.55,22.47,23.12,23.97,24.38,25.02,25.18,25.81,25.57,26.32,26.25,27.88,0,0,"NAN","NAN","NAN","NAN","NAN","NAN","NAN","NAN","NAN","NAN","NAN","NAN",0,0,20.45,23.41,21.8,25.31,23.56,26.14,28.56,27.44,28.1,26.9,29.36,30.81,0,0,"NAN",0,"NAN","NAN"
"2026-09-15 08:39:00",96349,13.73,52.47,0,"NAN",0,0,0,0,0,0,0,0,0,"NAN","NAN",0,0,"NAN",0,0,0,0,0,0,0,0,0,"NAN",0,"NAN","NAN","NAN",31.38,31.38,29.02,29.06,31.07,0,23.3,27.43,29.63,"NAN",29.47,"NAN","NAN","NAN",38,40.09,44.59,44.5,58.41,0,44.77,51.58,42.81,"NAN",40.51,"NAN","NAN","NAN",1030,1030,1029,1024,1030,0,697.2,1031,1030,"NAN",1030,"NAN","NAN","NAN",82,23,23,3,9,0,79,91,21,"NAN",49,"NAN","NAN",21.35,21.56,21.36,21.24,22.24,21.89,23.2,23.35,23.79,24.72,23.96,24.36,0,0,22.55,22.47,23.12,23.97,24.38,25.01,25.18,25.81,25.57,26.33,26.25,27.88,0,0,"NAN","NAN","NAN","NAN","NAN","NAN","NAN","NAN","NAN","NAN","NAN","NAN",0,0,20.45,23.41,21.8,25.31,23.56,26.14,28.56,27.44,28.1,26.9,29.36,30.81,0,0,"NAN",0,"NAN","NAN"
"2026-09-15 08:40:00",96350,13.73,52.55,0,"NAN",0,0,0,0,0,0,0,0,0,"NAN","NAN",0,0,"NAN",0,0,0,0,0,0,0,0,0,"NAN",0,"NAN","NAN","NAN",31.47,31.3,29.25,29.22,31.66,31.28,23.38,27.43,29.73,"NAN",29.55,"NAN","NAN","NAN",37.08,40.53,43.27,43.5,59.71,40.12,44.22,51.58,42.91,"NAN",40.68,"NAN","NAN","NAN",1030,1030,1029,1024,1030,1030,697.4,1031,1030,"NAN",1030,"NAN","NAN","NAN",90,31,31,3,17,3,87,91,28,"NAN",57,"NAN","NAN",21.35,21.56,21.36,21.24,22.24,21.89,23.2,23.34,23.79,24.71,23.96,24.36,0,0,22.55,22.47,23.12,23.96,24.38,25.02,25.18,25.81,25.56,26.32,26.25,27.88,0,0,"NAN","NAN","NAN","NAN","NAN","NAN","NAN","NAN","NAN","NAN","NAN","NAN",0,0,20.45,23.41,21.81,25.31,23.56,26.14,28.56,27.44,28.1,26.9,29.36,30.81,0,0,"NAN",0,"NAN","NAN"
"2026-09-15 08:41:00",96351,13.72,52.62,0,"NAN",0,0,0,0,0,0,0,0,0,"NAN","NAN",0,0,"NAN",0,0,0,0,0,0,0,0,0,"NAN",0,"NAN","NAN","NAN",31.56,31.25,29.22,29.18,32.14,0,23.45,27.43,29.89,"NAN",29.71,"NAN","NAN","NAN",37.18,40.51,43.53,43.78,60.66,0,44.55,51.58,43.3,"NAN",41.14,"NAN","NAN","NAN",1030,1030,1029,1024,1030,0,697.6,1031,1030,"NAN",1030,"NAN","NAN","NAN",3,2,39,11,25,0,95,91,37,"NAN",65,"NAN","NAN",21.34,21.56,21.36,21.23,22.24,21.89,23.19,23.34,23.79,24.71,23.95,24.36,0,0,22.54,22.47,23.12,23.97,24.38,25.01,25.18,25.81,25.56,26.33,26.24,27.88,0,0,"NAN","NAN","NAN","NAN","NAN","NAN","NAN","NAN","NAN","NAN","NAN","NAN",0,0,20.45,23.41,21.8,25.31,23.56,26.14,28.56,27.43,28.1,26.89,29.36,30.81,0,0,"NAN",0,"NAN","NAN"
"2026-09-15 08:42:00",96352,13.72,52.7,0,"NAN",0,0,0,0,0,0,0,0,0,"NAN","NAN",0,0,"NAN",0,0,0,0,0,0,0,0,0,"NAN",0,"NAN","NAN","NAN",31.64,31.25,29.21,29.29,32.04,31.37,23.54,27.43,29.97,"NAN",29.89,"NAN","NAN","NAN",37.24,40.84,42.98,42.67,44.41,39.74,43.94,51.58,42.62,"NAN",40.85,"NAN","NAN","NAN",1030,1030,1029,1024,1030,1030,697.5,1031,1030,"NAN",1030,"NAN","NAN","NAN",3,7,47,19,33,7,103,91,44,"NAN",73,"NAN","NAN",21.34,21.56,21.36,21.23,22.23,21.89,23.19,23.34,23.78,24.71,23.95,24.35,0,0,22.54,22.47,23.12,23.97,24.38,25.01,25.18,25.81,25.56,26.33,26.25,27.88,0,0,"NAN","NAN","NAN","NAN","NAN","NAN","NAN","NAN","NAN","NAN","NAN","NAN",0,0,20.45,23.41,21.8,25.31,23.56,26.14,28.56,27.44,28.1,26.9,29.36,30.81,0,0,"NAN",0,"NAN","NAN"
"2026-09-15 08:43:00",96353,13.72,52.77,0,"NAN",0,0,0,0,0,0,0,0,0,"NAN","NAN",0,0,"NAN",0,0,0,0,0,0,0,0,0,"NAN",0,"NAN","NAN","NAN",31.56,31.18,29.09,29.19,31.46,31.35,23.56,27.43,29.93,"NAN",29.88,"NAN","NAN","NAN",36.61,40.2,42.79,41.89,39.55,37.74,43.1,51.58,41.23,"NAN",40.71,"NAN","NAN","NAN",1030,1030,1029,1024,1030,1030,697.6,1031,1030,"NAN",1030,"NAN","NAN","NAN",11,15,55,3,41,3,111,91,52,"NAN",81,"NAN","NAN",21.34,21.55,21.35,21.23,22.23,21.88,23.19,23.34,23.78,24.71,23.95,24.35,0,0,22.54,22.47,23.12,23.96,24.38,25.01,25.17,25.8,25.56,26.32,26.24,27.88,0,0,"NAN","NAN","NAN","NAN","NAN","NAN","NAN","NAN","NAN","NAN","NAN","NAN",0,0,20.45,23.41,21.81,25.31,23.56,26.14,28.56,27.44,28.1,26.89,29.36,30.81,0,0,"NAN",0,"NAN","NAN"
"2026-09-15 08:44:00",96354,13.74,52.84,0,"NAN",0,0,0,0,0,0,0,0,0,"NAN","NAN",0,0,"NAN",0,0,0,0,0,0,0,0,0,"NAN",0,"NAN","NAN","NAN",31.53,31.12,28.98,29.1,30.93,31.27,23.6,27.43,29.88,"NAN",29.95,"NAN","NAN","NAN",37.12,39.82,42.76,43.15,39.93,38.62,43.94,51.58,41.4,"NAN",40.61,"NAN","NAN","NAN",1030,1030,1029,1024,1030,1030,698,1031,1030,"NAN",1030,"NAN","NAN","NAN",19,23,63,11,49,11,119,91,60,"NAN",89,"NAN","NAN",21.33,21.55,21.35,21.23,22.23,21.88,23.19,23.34,23.78,24.7,23.95,24.35,0,0,22.54,22.46,23.11,23.96,24.37,25.01,25.18,25.8,25.56,26.32,26.24,27.88,0,0,"NAN","NAN","NAN","NAN","NAN","NAN","NAN","NAN","NAN","NAN","NAN","NAN",0,0,20.45,23.41,21.81,25.31,23.56,26.14,28.56,27.44,28.1,26.9,29.36,30.81,0,0,"NAN",0,"NAN","NAN"
"2026-09-15 08:45:00",96355,13.72,52.9,0,"NAN",0,0,0,0,0,0,0,"NAN",0,"NAN","NAN",0,0,"NAN",0,0,0,0,0,0,0,"NAN",0,"NAN",0,"NAN","NAN","NAN",31.56,31.1,29.11,29.22,30.56,31.32,23.66,"NAN",29.92,"NAN",29.95,"NAN","NAN","NAN",37.72,40.7,43.82,42.97,40.35,39.03,43.66,"NAN",42.2,"NAN",40.32,"NAN","NAN","NAN",1030,1030,1029,1024,1030,1030,698.3,"NAN",1030,"NAN",1030,"NAN","NAN","NAN",27,7,71,19,57,19,127,"NAN",68,"NAN",97,"NAN","NAN",21.34,21.55,21.35,21.23,22.23,21.88,23.18,23.34,23.78,24.7,23.95,24.35,0,0,22.54,22.46,23.11,23.96,24.37,25.01,25.17,25.8,25.56,26.32,26.24,27.88,0,0,"NAN","NAN","NAN","NAN","NAN","NAN","NAN","NAN","NAN","NAN","NAN","NAN",0,0,20.45,23.41,21.81,25.31,23.56,26.14,28.56,27.44,28.1,26.9,29.36,30.81,0,0,"NAN",0,"NAN","NAN"
"2026-09-15 08:46:00",96356,13.73,52.95,0,"NAN",0,0,0,0,0,0,0,"NAN",0,"NAN","NAN",0,0,"NAN",0,0,0,0,0,0,0,"NAN",0,"NAN",0,"NAN","NAN","NAN",31.62,31.11,29.3,29.33,30.34,31.4,23.72,"NAN",30.02,"NAN",30.08,"NAN","NAN","NAN",37.65,40.38,43.79,42.01,40.81,38.82,42.98,"NAN",42.23,"NAN",39.4,"NAN","NAN","NAN",1030,1030,1029,1024,1030,1030,698,"NAN",1030,"NAN",1030,"NAN","NAN","NAN",35,15,79,27,65,27,135,"NAN",76,"NAN",105,"NAN","NAN",21.33,21.55,21.35,21.22,22.23,21.88,23.18,23.33,23.78,24.7,23.94,24.35,0,0,22.54,22.46,23.11,23.96,24.37,25.01,25.18,25.8,25.56,26.31,26.24,27.88,0,0,"NAN","NAN","NAN","NAN","NAN","NAN","NAN","NAN","NAN","NAN","NAN","NAN",0,0,20.45,23.41,21.8,25.31,23.56,26.14,28.56,27.44,28.1,26.9,29.36,30.81,0,0,"NAN",0,"NAN","NAN"
"2026-09-15 08:47:00",96357,13.74,53,0,"NAN",0,0,0,0,0,0,0,"NAN",0,"NAN","NAN",0,0,"NAN",0,0,0,0,0,0,0,"NAN",0,"NAN",0,"NAN","NAN","NAN",31.67,31.15,29.45,29.36,30.19,31.46,23.77,"NAN",30.1,"NAN",30.28,"NAN","NAN","NAN",37.8,40.43,42.99,43.54,41.24,39.41,44.31,"NAN",41.78,"NAN",41.15,"NAN","NAN","NAN",1030,1030,1029,1024,1030,1030,698.2,"NAN",1030,"NAN",1030,"NAN","NAN","NAN",43,23,87,35,73,35,143,"NAN",84,"NAN",113,"NAN","NAN",21.33,21.55,21.35,21.22,22.23,21.88,23.18,23.33,23.77,24.7,23.94,24.34,0,0,22.54,22.46,23.11,23.96,24.37,25.01,25.17,25.8,25.56,26.32,26.24,27.88,0,0,"NAN","NAN","NAN","NAN","NAN","NAN","NAN","NAN","NAN","NAN","NAN","NAN",0,0,20.45,23.41,21.81,25.31,23.56,26.14,28.56,27.44,28.1,26.9,29.36,30.81,0,0,"NAN",0,"NAN","NAN"
"2026-09-15 08:48:00",96358,13.72,53.05,0,"NAN",0,0,0,0,0,0,0,"NAN",0,"NAN","NAN",0,0,"NAN",0,0,0,0,0,0,0,"NAN",0,"NAN",0,"NAN","NAN","NAN",31.81,31.23,29.56,29.67,30.16,0,23.91,"NAN",30.25,"NAN",30.55,"NAN","NAN","NAN",37.81,39.93,42.81,44.06,41.63,0,45.57,"NAN",41.15,"NAN",39.62,"NAN","NAN","NAN",1030,1030,1029,1024,1030,0,698.5,"NAN",1030,"NAN",1030,"NAN","NAN","NAN",51,31,95,43,81,0,151,"NAN",93,"NAN",121,"NAN","NAN",21.33,21.54,21.35,21.22,22.22,21.87,23.18,23.33,23.77,24.7,23.94,24.34,0,0,22.54,22.46,23.11,23.96,24.37,25.01,25.17,25.8,25.56,26.32,26.24,27.88,0,0,"NAN","NAN","NAN","NAN","NAN","NAN","NAN","NAN","NAN","NAN","NAN","NAN",0,0,20.45,23.41,21.81,25.31,23.56,26.14,28.56,27.44,28.1,26.9,29.36,30.81,0,0,"NAN",0,"NAN","NAN"
"2026-09-15 08:49:00",96359,13.74,53.11,0,"NAN",0,0,0,0,0,0,0,"NAN",0,"NAN","NAN",0,0,"NAN",0,0,0,0,0,0,0,"NAN",0,"NAN",0,"NAN","NAN","NAN",31.96,31.25,29.75,29.96,30.09,31.69,24,"NAN",30.43,"NAN",30.49,"NAN","NAN","NAN",37.28,39.9,43.61,43.83,41.6,39.62,43.99,"NAN",41.94,"NAN",39.13,"NAN","NAN","NAN",1030,1030,1029,1024,1030,1030,698.7,"NAN",1030,"NAN",1030,"NAN","NAN","NAN",59,39,103,51,1,4,159,"NAN",1,"NAN",129,"NAN","NAN",21.32,21.54,21.35,21.22,22.22,21.87,23.17,23.33,23.77,24.7,23.94,24.34,0,0,22.54,22.46,23.11,23.96,24.37,25.01,25.17,25.8,25.56,26.32,26.24,27.88,0,0,"NAN","NAN","NAN","NAN","NAN","NAN","NAN","NAN","NAN","NAN","NAN","NAN",0,0,20.45,23.41,21.81,25.31,23.56,26.14,28.56,27.44,28.1,26.9,29.36,30.81,0,0,"NAN",0,"NAN","NAN"
"2026-09-15 08:50:00",96360,13.71,53.17,0,"NAN",0,0,0,0,0,0,0,"NAN",0,"NAN","NAN",0,0,"NAN",0,0,0,0,0,0,0,"NAN",0,"NAN",0,"NAN","NAN","NAN",32.05,31.3,30.04,30.08,30.07,31.75,24.06,"NAN",30.44,"NAN",30.48,"NAN","NAN","NAN",36.64,40.29,42.59,41.9,41.17,38.83,42.76,"NAN",41.86,"NAN",39.02,"NAN","NAN","NAN",1030,1030,1029,1024,1030,1030,698.6,"NAN",1030,"NAN",1030,"NAN","NAN","NAN",67,47,111,59,9,11,167,"NAN",8,"NAN",137,"NAN","NAN",21.33,21.54,21.34,21.22,22.22,21.87,23.17,23.33,23.77,24.69,23.94,24.34,0,0,22.54,22.46,23.11,23.96,24.37,25.01,25.17,25.8,25.55,26.31,26.24,27.87,0,0,"NAN","NAN","NAN","NAN","NAN","NAN","NAN","NAN","NAN","NAN","NAN","NAN",0,0,20.45,23.41,21.81,25.31,23.56,26.14,28.56,27.44,28.1,26.9,29.36,30.81,0,0,"NAN",0,"NAN","NAN"
"2026-09-15 08:51:00",96361,13.74,53.24,0,"NAN",0,0,0,0,0,0,0,"NAN",0,"NAN","NAN",0,0,"NAN",0,0,0,0,0,0,0,"NAN",0,"NAN",0,"NAN","NAN","NAN",32.24,31.4,30.04,30.09,30.02,31.83,24.09,"NAN",30.49,"NAN",30.52,"NAN","NAN","NAN",36.45,40.25,42.4,42.06,41.14,38.85,43.52,"NAN",41.37,"NAN",39.2,"NAN","NAN","NAN",1030,1030,1029,1024,1030,1030,698.6,"NAN",1030,"NAN",1030,"NAN","NAN","NAN",2,55,119,2,17,20,175,"NAN",17,"NAN",145,"NAN","NAN",21.32,21.54,21.34,21.22,22.22,21.87,23.17,23.33,23.77,24.69,23.93,24.34,0,0,22.54,22.46,23.11,23.96,24.37,25.01,25.17,25.8,25.55,26.31,26.24,27.87,0,0,"NAN","NAN","NAN","NAN","NAN","NAN","NAN","NAN","NAN","NAN","NAN","NAN",0,0,20.45,23.41,21.81,25.31,23.56,26.14,28.56,27.44,28.1,26.9,29.36,30.81,0,0,"NAN",0,"NAN","NAN"
"2026-09-15 08:52:00",96362,13.71,53.32,0,"NAN",0,0,0,0,0,0,0,"NAN",0,"NAN","NAN",0,0,"NAN",0,0,0,0,0,0,0,"NAN",0,"NAN",0,"NAN","NAN","NAN",32.22,31.46,29.92,30.08,30.01,31.87,24.13,"NAN",30.5,"NAN",30.48,"NAN","NAN","NAN",36.25,39.87,42.29,41.64,41.62,38.53,42.86,"NAN",41.17,"NAN",39.21,"NAN","NAN","NAN",1030,1030,1029,1024,1030,1030,698.7,"NAN",1030,"NAN",1030,"NAN","NAN","NAN",2,63,127,3,21,28,183,"NAN",5,"NAN",153,"NAN","NAN",21.32,21.53,21.34,21.21,22.22,21.87,23.17,23.33,23.76,24.69,23.93,24.34,0,0,22.54,22.46,23.11,23.96,24.37,25,25.17,25.8,25.55,26.32,26.24,27.88,0,0,"NAN","NAN","NAN","NAN","NAN","NAN","NAN","NAN","NAN","NAN","NAN","NAN",0,0,20.45,23.41,21.81,25.31,23.56,26.14,28.56,27.44,28.1,26.9,29.36,30.81,0,0,"NAN",0,"NAN","NAN"
"2026-09-15 08:53:00",96363,13.74,53.39,0,"NAN",0,0,0,0,0,0,0,"NAN",0,"NAN","NAN",0,0,"NAN",0,0,0,0,0,0,0,"NAN",0,"NAN",0,"NAN","NAN","NAN",32.24,31.48,29.7,30.1,29.88,31.94,24.17,"NAN",30.56,"NAN",0,"NAN","NAN","NAN",35.89,40,42.18,41.73,41.69,38.07,42.66,"NAN",41.15,"NAN",0,"NAN","NAN","NAN",1030,1030,1029,1024,1030,1030,698.9,"NAN",1030,"NAN",0,"NAN","NAN","NAN",10,71,135,3,2,35,191,"NAN",12,"NAN",0,"NAN","NAN",21.32,21.53,21.34,21.21,22.22,21.87,23.17,23.32,23.76,24.69,23.93,24.33,0,0,22.54,22.46,23.11,23.96,24.37,25.01,25.17,25.8,25.55,26.31,26.24,27.87,0,0,"NAN","NAN","NAN","NAN","NAN","NAN","NAN","NAN","NAN","NAN","NAN","NAN",0,0,20.45,23.41,21.81,25.31,23.56,26.14,28.56,27.44,28.1,26.9,29.36,30.81,0,0,"NAN",0,"NAN","NAN"
"2026-09-15 08:54:00",96364,13.72,53.47,0,"NAN",0,0,0,0,0,0,0,"NAN",0,"NAN","NAN",0,0,"NAN",0,0,0,0,0,0,0,"NAN",0,"NAN",0,"NAN","NAN","NAN",32.35,31.53,29.81,30.23,29.87,32.03,24.23,"NAN",30.68,"NAN",30.51,"NAN","NAN","NAN",35.61,39.29,41.59,40.85,40.42,37.87,41.64,"NAN",40.26,"NAN",38.7,"NAN","NAN","NAN",1030,1030,1029,1024,1030,1030,699,"NAN",1030,"NAN",1030,"NAN","NAN","NAN",6,79,143,2,7,44,199,"NAN",20,"NAN",5,"NAN","NAN",21.31,21.53,21.34,21.21,22.21,21.87,23.16,23.32,23.76,24.68,23.93,24.33,0,0,22.54,22.46,23.11,23.96,24.37,25.01,25.17,25.8,25.55,26.31,26.23,27.87,0,0,"NAN","NAN","NAN","NAN","NAN","NAN","NAN","NAN","NAN","NAN","NAN","NAN",0,0,20.45,23.41,21.81,25.31,23.56,26.14,28.56,27.44,28.1,26.9,29.36,30.81,0,0,"NAN",0,"NAN","NAN"
"2026-09-15 08:55:00",96365,13.73,53.54,0,"NAN",0,0,0,0,0,0,0,"NAN",0,"NAN","NAN",0,0,"NAN",0,0,0,0,0,0,0,"NAN",0,"NAN",0,"NAN","NAN","NAN",32.58,31.55,29.8,30.48,29.78,32.18,24.32,"NAN",30.86,"NAN",30.64,"NAN","NAN","NAN",37.49,38.1,41.13,42.52,40.17,38.32,44.76,"NAN",40.67,"NAN",38.59,"NAN","NAN","NAN",1030,1030,1029,1024,1030,1030,698.9,"NAN",1030,"NAN",1030,"NAN","NAN","NAN",3,87,151,11,5,3,207,"NAN",1,"NAN",13,"NAN","NAN",21.32,21.53,21.34,21.21,22.21,21.86,23.16,23.32,23.76,24.68,23.93,24.33,0,0,22.54,22.46,23.11,23.96,24.37,25,25.16,25.8,25.55,26.32,26.24,27.87,0,0,"NAN","NAN","NAN","NAN","NAN","NAN","NAN","NAN","NAN","NAN","NAN","NAN",0,0,20.45,23.41,21.81,25.31,23.56,26.14,28.56,27.44,28.1,26.9,29.36,30.81,0,0,"NAN",0,"NAN","NAN"
"2026-09-15 08:56:00",96366,13.71,53.62,0,"NAN",0,0,0,0,0,0,0,"NAN",0,"NAN","NAN",0,0,"NAN",0,0,0,0,0,0,0,"NAN",0,"NAN",0,"NAN","NAN","NAN",32.67,31.56,29.96,30.73,29.82,32.32,24.47,"NAN",0,"NAN",30.82,"NAN","NAN","NAN",35.24,38.12,41.6,40.77,41.22,41.38,42.97,"NAN",0,"NAN",38.18,"NAN","NAN","NAN",1030,1030,1029,1024,1030,1030,699.1,"NAN",0,"NAN",1030,"NAN","NAN","NAN",11,5,159,19,13,11,215,"NAN",0,"NAN",21,"NAN","NAN",21.31,21.53,21.33,21.21,22.21,21.86,23.16,23.32,23.76,24.68,23.92,24.33,0,0,22.54,22.46,23.11,23.96,24.37,25,25.16,25.8,25.55,26.3,26.23,27.87,0,0,"NAN","NAN","NAN","NAN","NAN","NAN","NAN","NAN","NAN","NAN","NAN","NAN",0,0,20.45,23.41,21.81,25.31,23.56,26.14,28.56,27.44,28.1,26.9,29.36,30.81,0,0,"NAN",0,"NAN","NAN"
"2026-09-15 08:57:00",96367,13.73,53.7,0,"NAN",0,0,0,0,0,0,0,"NAN",0,"NAN","NAN",0,0,"NAN",0,0,0,0,0,0,0,"NAN",0,"NAN",0,"NAN","NAN","NAN",32.7,31.47,29.92,30.6,29.87,32.74,24.48,"NAN",31.01,"NAN",30.83,"NAN","NAN","NAN",34.55,38.48,41.02,40.52,41.5,46.71,42.1,"NAN",39.75,"NAN",37.59,"NAN","NAN","NAN",1030,1030,1029,1024,1030,1030,699.2,"NAN",1030,"NAN",1030,"NAN","NAN","NAN",19,13,167,27,21,3,223,"NAN",9,"NAN",29,"NAN","NAN",21.31,21.52,21.33,21.21,22.21,21.85,23.16,23.32,23.75,24.68,23.92,24.32,0,0,22.53,22.45,23.11,23.96,24.37,25,25.17,25.8,25.54,26.31,26.23,27.87,0,0,"NAN","NAN","NAN","NAN","NAN","NAN","NAN","NAN","NAN","NAN","NAN","NAN",0,0,20.45,23.41,21.8,25.31,23.56,26.14,28.56,27.44,28.1,26.9,29.36,30.81,0,0,"NAN",0,"NAN","NAN"
"2026-09-15 08:58:00",96368,13.74,53.79,0,"NAN",0,0,0,0,0,0,0,"NAN",0,"NAN","NAN",0,0,"NAN",0,0,0,0,0,0,0,"NAN",0,"NAN",0,"NAN","NAN","NAN",32.86,31.46,30.19,30.69,29.94,33,24.51,"NAN",31.01,"NAN",30.76,"NAN","NAN","NAN",36.12,38.96,43.21,41.39,41.89,50.1,43.48,"NAN",40.38,"NAN",37.86,"NAN","NAN","NAN",1030,1030,1029,1024,1030,1030,699.5,"NAN",1030,"NAN",1030,"NAN","NAN","NAN",27,5,175,35,29,11,231,"NAN",17,"NAN",37,"NAN","NAN",21.31,21.52,21.33,21.21,22.21,21.86,23.16,23.32,23.75,24.68,23.92,24.32,0,0,22.53,22.45,23.1,23.95,24.37,25,25.16,25.8,25.54,26.31,26.23,27.87,0,0,"NAN","NAN","NAN","NAN","NAN","NAN","NAN","NAN","NAN","NAN","NAN","NAN",0,0,20.45,23.41,21.81,25.31,23.56,26.14,28.56,27.44,28.1,26.9,29.36,30.81,0,0,"NAN",0,"NAN","NAN"
"2026-09-15 08:59:00",96369,13.73,53.89,0,"NAN",0,0,0,0,0,0,0,"NAN",0,"NAN","NAN",0,0,"NAN",0,0,0,0,0,0,0,"NAN",0,"NAN",0,"NAN","NAN","NAN",33.03,31.58,30.54,30.89,30.11,33.37,24.63,"NAN",31.13,"NAN",30.97,"NAN","NAN","NAN",34.76,38.87,41.37,40.18,40.77,52.96,41.6,"NAN",39.3,"NAN",37.92,"NAN","NAN","NAN",1030,1030,1029,1024,1030,1030,699.8,"NAN",1030,"NAN",1030,"NAN","NAN","NAN",35,13,183,43,37,19,239,"NAN",25,"NAN",45,"NAN","NAN",21.3,21.52,21.33,21.21,22.21,21.86,23.15,23.32,23.75,24.67,23.92,24.32,0,0,22.53,22.45,23.1,23.95,24.37,25,25.16,25.8,25.54,26.3,26.23,27.87,0,0,"NAN","NAN","NAN","NAN","NAN","NAN","NAN","NAN","NAN","NAN","NAN","NAN",0,0,20.45,23.41,21.81,25.31,23.56,26.14,28.56,27.44,28.1,26.9,29.36,30.81,0,0,"NAN",0,"NAN","NAN"
"2026-09-15 09:00:00",96370,13.73,53.98,0,"NAN",0,0,0,0,0,0,0,"NAN",0,"NAN","NAN",0,0,"NAN",0,0,0,0,0,0,0,"NAN",0,"NAN",0,"NAN","NAN","NAN",33.11,31.66,30.35,30.91,30.07,33.86,24.66,"NAN",0,"NAN",30.99,"NAN","NAN","NAN",34.23,38.97,40.1,39.65,40.83,55,41.13,"NAN",0,"NAN",37.62,"NAN","NAN","NAN",1030,1031,1029,1024,1030,1030,700.3,"NAN",0,"NAN",1030,"NAN","NAN","NAN",43,1,191,2,45,3,4,"NAN",0,"NAN",5,"NAN","NAN",21.3,21.52,21.33,21.2,22.2,21.86,23.15,23.31,23.75,24.67,23.92,24.32,0,0,22.53,22.45,23.1,23.95,24.36,25,25.16,25.8,25.54,26.32,26.23,27.87,0,0,"NAN","NAN","NAN","NAN","NAN","NAN","NAN","NAN","NAN","NAN","NAN","NAN",0,0,20.45,23.41,21.81,25.31,23.56,26.14,28.56,27.43,28.1,26.9,29.36,30.81,0,0,"NAN",0,"NAN","NAN"
"2026-09-15 09:01:00",96371,13.72,54.08,0,"NAN",0,0,0,0,0,0,0,"NAN",0,"NAN","NAN",0,0,"NAN",0,0,0,0,0,0,0,"NAN",0,"NAN",0,"NAN","NAN","NAN",33.13,31.62,30.19,30.72,30.12,34.16,24.59,"NAN",31.13,"NAN",30.83,"NAN","NAN","NAN",33.52,38.82,41.15,39.1,40.71,56.44,40.54,"NAN",39.51,"NAN",36.91,"NAN","NAN","NAN",1030,1031,1029,1024,1030,1030,699.5,"NAN",1030,"NAN",1030,"NAN","NAN","NAN",51,9,199,10,53,11,12,"NAN",8,"NAN",13,"NAN","NAN",21.3,21.52,21.33,21.2,22.2,21.86,23.15,23.31,23.74,24.67,23.91,24.32,0,0,22.53,22.45,23.1,23.95,24.37,25,25.16,25.8,25.54,26.31,26.23,27.87,0,0,"NAN","NAN","NAN","NAN","NAN","NAN","NAN","NAN","NAN","NAN","NAN","NAN",0,0,20.45,23.41,21.81,25.31,23.56,26.14,28.56,27.44,28.1,26.9,29.36,30.81,0,0,"NAN",0,"NAN","NAN"
"2026-09-15 09:02:00",96372,13.72,54.17,0,"NAN",0,0,0,0,0,0,0,"NAN",0,"NAN","NAN",0,0,"NAN",0,0,0,0,0,0,0,"NAN",0,"NAN",0,"NAN","NAN","NAN",33.12,31.69,30.13,30.62,30.05,34.16,24.49,"NAN",31.06,"NAN",30.72,"NAN","NAN","NAN",34.3,38.27,41.42,39.11,40.09,56.44,40.35,"NAN",39.17,"NAN",37.77,"NAN","NAN","NAN",1030,1031,1029,1024,1030,1030,699.4,"NAN",1030,"NAN",1030,"NAN","NAN","NAN",59,1,207,14,61,11,21,"NAN",1,"NAN",21,"NAN","NAN",21.29,21.52,21.33,21.2,22.2,21.85,23.15,23.31,23.74,24.67,23.91,24.31,0,0,22.53,22.45,23.1,23.95,24.37,25,25.16,25.8,25.54,26.31,26.23,27.87,0,0,"NAN","NAN","NAN","NAN","NAN","NAN","NAN","NAN","NAN","NAN","NAN","NAN",0,0,20.45,23.41,21.81,25.31,23.56,26.14,28.56,27.44,28.1,26.9,29.36,30.81,0,0,"NAN",0,"NAN","NAN"
"2026-09-15 09:03:00",96373,13.74,54.25,0,"NAN",0,0,0,0,0,0,0,"NAN",0,"NAN","NAN",0,0,"NAN",0,0,0,0,0,0,0,"NAN",0,"NAN",0,"NAN","NAN","NAN",33.13,31.69,30.01,30.51,29.96,34.36,24.42,"NAN",31.04,"NAN",30.71,"NAN","NAN","NAN",33.26,38.57,40.53,39.44,40.27,36.76,40.8,"NAN",39.68,"NAN",38.36,"NAN","NAN","NAN",1030,1031,1029,1024,1030,1030,699.3,"NAN",1030,"NAN",1030,"NAN","NAN","NAN",67,7,215,3,69,7,28,"NAN",8,"NAN",5,"NAN","NAN",21.3,21.51,21.33,21.2,22.2,21.85,23.14,23.31,23.74,24.67,23.91,24.31,0,0,22.54,22.45,23.1,23.95,24.36,25,25.16,25.79,25.54,26.3,26.23,27.87,0,0,"NAN","NAN","NAN","NAN","NAN","NAN","NAN","NAN","NAN","NAN","NAN","NAN",0,0,20.45,23.41,21.81,25.31,23.56,26.14,28.56,27.44,28.1,26.9,29.36,30.81,0,0,"NAN",0,"NAN","NAN"
"2026-09-15 09:04:00",96374,13.74,54.32,0,"NAN",0,0,0,0,0,0,0,"NAN",0,"NAN","NAN",0,0,"NAN",0,0,0,0,0,0,0,"NAN",0,"NAN",0,"NAN","NAN","NAN",33.16,31.75,30.08,30.62,0,34.3,24.42,"NAN",31.12,"NAN",30.74,"NAN","NAN","NAN",33.4,37.88,41.27,40.2,0,35.58,41.61,"NAN",39.6,"NAN",37.39,"NAN","NAN","NAN",1030,1031,1029,1024,0,1030,699.4,"NAN",1030,"NAN",1030,"NAN","NAN","NAN",75,3,223,7,0,15,36,"NAN",4,"NAN",6,"NAN","NAN",21.29,21.51,21.32,21.19,22.2,21.85,23.14,23.31,23.74,24.66,23.91,24.31,0,0,22.53,22.45,23.1,23.95,24.36,25,25.16,25.79,25.54,26.3,26.23,27.87,0,0,"NAN","NAN","NAN","NAN","NAN","NAN","NAN","NAN","NAN","NAN","NAN","NAN",0,0,20.45,23.41,21.81,25.31,23.56,26.14,28.56,27.44,28.1,26.9,29.36,30.81,0,0,"NAN",0,"NAN","NAN"
"2026-09-15 09:05:00",96375,13.72,54.39,0,"NAN",0,0,0,0,0,0,0,"NAN",0,"NAN","NAN",0,0,"NAN",0,0,0,0,0,0,0,"NAN",0,"NAN",0,"NAN","NAN","NAN",33.23,31.78,30.31,30.78,29.94,34.34,24.49,"NAN",31.34,"NAN",30.87,"NAN","NAN","NAN",34.23,38.39,41.85,40.88,41.09,35.97,43.25,"NAN",39.63,"NAN",37.77,"NAN","NAN","NAN",1030,1031,1029,1024,1030,1030,699.3,"NAN",1030,"NAN",1030,"NAN","NAN","NAN",83,11,231,2,2,23,43,"NAN",1,"NAN",1,"NAN","NAN",21.29,21.51,21.32,21.2,22.2,21.85,23.14,23.31,23.74,24.66,23.91,24.31,0,0,22.53,22.45,23.1,23.95,24.36,25,25.16,25.8,25.54,26.31,26.23,27.87,0,0,"NAN","NAN","NAN","NAN","NAN","NAN","NAN","NAN","NAN","NAN","NAN","NAN",0,0,20.45,23.41,21.81,25.31,23.56,26.14,28.56,27.44,28.1,26.9,29.36,30.81,0,0,"NAN",0,"NAN","NAN"
"2026-09-15 09:06:00",96376,13.73,54.46,0,"NAN",0,0,0,0,0,0,0,"NAN",0,"NAN","NAN",0,0,"NAN",0,0,0,0,0,0,0,"NAN",0,"NAN",0,"NAN","NAN","NAN",33.29,31.89,30.55,30.84,30.02,34.3,24.52,"NAN",31.47,"NAN",30.97,"NAN","NAN","NAN",33.67,38.62,40.58,40.17,40.59,34.27,41.78,"NAN",43.2,"NAN",37.99,"NAN","NAN","NAN",1030,1031,1029,1025,1030,1030,699.7,"NAN",1030,"NAN",1030,"NAN","NAN","NAN",91,19,239,10,5,31,51,"NAN",4,"NAN",9,"NAN","NAN",21.29,21.51,21.32,21.19,22.2,21.85,23.14,23.31,23.73,24.66,23.9,24.31,0,0,22.53,22.45,23.1,23.95,24.36,25,25.16,25.79,25.54,26.31,26.22,27.87,0,0,"NAN","NAN","NAN","NAN","NAN","NAN","NAN","NAN","NAN","NAN","NAN","NAN",0,0,20.45,23.42,21.81,25.31,23.56,26.14,28.56,27.44,28.1,26.9,29.36,30.81,0,0,"NAN",0,"NAN","NAN"
"2026-09-15 09:07:00",96377,13.73,54.54,0,"NAN",0,0,0,0,0,0,0,"NAN",0,"NAN","NAN",0,0,"NAN",0,0,0,0,0,0,0,"NAN",0,"NAN",0,"NAN","NAN","NAN",33.4,31.96,30.56,31,30.09,34.27,24.58,"NAN",32.01,"NAN",31.1,"NAN","NAN","NAN",33.81,37.64,40.44,40.98,40.89,34.81,43.03,"NAN",47.35,"NAN",37.44,"NAN","NAN","NAN",1030,1031,1029,1025,1030,1030,699.8,"NAN",1030,"NAN",1030,"NAN","NAN","NAN",99,27,6,18,13,39,59,"NAN",12,"NAN",17,"NAN","NAN",21.28,21.5,21.32,21.19,22.19,21.85,23.14,23.3,23.73,24.66,23.9,24.3,0,0,22.53,22.45,23.1,23.95,24.36,25,25.16,25.79,25.53,26.31,26.22,27.87,0,0,"NAN","NAN","NAN","NAN","NAN","NAN","NAN","NAN","NAN","NAN","NAN","NAN",0,0,20.45,23.41,21.81,25.31,23.56,26.14,28.56,27.44,28.1,26.9,29.36,30.81,0,0,"NAN",0,"NAN","NAN"
"2026-09-15 09:08:00",96378,13.74,54.61,0,"NAN",0,0,0,0,0,0,0,"NAN",0,"NAN","NAN",0,0,"NAN",0,0,0,0,0,0,0,"NAN",0,"NAN",0,"NAN","NAN","NAN",33.54,32,30.63,31.13,30.12,34.24,24.67,"NAN",32.68,"NAN",30.95,"NAN","NAN","NAN",34.15,37.49,40.42,40.84,41.01,33.89,42.68,"NAN",50.32,"NAN",36.8,"NAN","NAN","NAN",1030,1031,1029,1025,1030,1030,699.9,"NAN",1030,"NAN",1030,"NAN","NAN","NAN",107,35,14,26,21,47,67,"NAN",20,"NAN",25,"NAN","NAN",21.29,21.5,21.32,21.19,22.19,21.85,23.13,23.3,23.73,24.65,23.9,24.3,0,0,22.53,22.44,23.1,23.95,24.36,24.99,25.15,25.79,25.53,26.31,26.22,27.87,0,0,"NAN","NAN","NAN","NAN","NAN","NAN","NAN","NAN","NAN","NAN","NAN","NAN",0,0,20.45,23.42,21.81,25.31,23.56,26.14,28.56,27.44,28.1,26.89,29.36,30.81,0,0,"NAN",0,"NAN","NAN"
"2026-09-15 09:09:00",96379,13.73,54.7,0,"NAN",0,0,0,0,0,0,0,"NAN",0,"NAN","NAN",0,0,"NAN",0,0,0,0,0,0,0,"NAN",0,"NAN",0,"NAN","NAN","NAN",33.7,32.13,30.94,31.43,30.3,34.22,24.79,"NAN",33.32,"NAN",31.04,"NAN","NAN","NAN",34.17,38.41,41.31,41.07,42.47,35.26,43.73,"NAN",52.38,"NAN",37.94,"NAN","NAN","NAN",1030,1031,1029,1025,1030,1030,699.7,"NAN",1030,"NAN",1030,"NAN","NAN","NAN",115,43,22,34,29,55,75,"NAN",28,"NAN",33,"NAN","NAN",21.28,21.5,21.32,21.19,22.19,21.84,23.13,23.3,23.73,24.65,23.9,24.3,0,0,22.53,22.44,23.1,23.95,24.36,24.99,25.16,25.79,25.53,26.3,26.22,27.87,0,0,"NAN","NAN","NAN","NAN","NAN","NAN","NAN","NAN","NAN","NAN","NAN","NAN",0,0,20.45,23.41,21.81,25.31,23.56,26.14,28.56,27.44,28.1,26.9,29.36,30.81,0,0,"NAN",0,"NAN","NAN"
"2026-09-15 09:10:00",96380,13.73,54.78,0,"NAN",0,0,0,0,0,0,0,"NAN",0,"NAN","NAN",0,0,"NAN",0,0,0,0,0,0,0,"NAN",0,"NAN",0,"NAN","NAN","NAN",33.78,32.25,31.07,31.51,30.44,34.2,24.87,"NAN",33.9,"NAN",31.19,"NAN","NAN","NAN",32.8,38.44,39.37,38.36,39.51,33.89,41.05,"NAN",53.82,"NAN",37.66,"NAN","NAN","NAN",1030,1031,1029,1025,1030,1030,700.3,"NAN",1030,"NAN",1030,"NAN","NAN","NAN",123,51,30,42,37,63,83,"NAN",36,"NAN",41,"NAN","NAN",21.28,21.5,21.32,21.19,22.19,21.84,23.13,23.3,23.73,24.65,23.9,24.3,0,0,22.53,22.44,23.1,23.95,24.36,24.99,25.15,25.79,25.53,26.3,26.22,27.87,0,0,"NAN","NAN","NAN","NAN","NAN","NAN","NAN","NAN","NAN","NAN","NAN","NAN",0,0,20.45,23.41,21.81,25.31,23.56,26.14,28.56,27.44,28.1,26.89,29.36,30.81,0,0,"NAN",0,"NAN","NAN"
"2026-09-15 09:11:00",96381,13.72,54.87,0,"NAN",0,0,0,0,0,0,0,"NAN",0,"NAN","NAN",0,0,"NAN",0,0,0,0,0,0,0,"NAN",0,"NAN",0,"NAN","NAN","NAN",33.83,32.31,30.95,31.4,30.48,34.09,24.86,"NAN",34.41,"NAN",31.27,"NAN","NAN","NAN",32.82,37.68,39.58,38.65,40.28,33.89,40.98,"NAN",54.97,"NAN",36.13,"NAN","NAN","NAN",1030,1031,1029,1025,1030,1030,700.3,"NAN",1030,"NAN",1030,"NAN","NAN","NAN",131,59,38,50,45,71,91,"NAN",44,"NAN",49,"NAN","NAN",21.28,21.5,21.32,21.19,22.19,21.84,23.13,23.3,23.73,24.65,23.89,24.3,0,0,22.53,22.44,23.09,23.95,24.36,24.99,25.16,25.79,25.53,26.3,26.22,27.87,0,0,"NAN","NAN","NAN","NAN","NAN","NAN","NAN","NAN","NAN","NAN","NAN","NAN",0,0,20.45,23.41,21.81,25.31,23.56,26.14,28.56,27.44,28.1,26.9,29.36,30.81,0,0,"NAN",0,"NAN","NAN"
"2026-09-15 09:12:00",96382,13.72,54.96,0,"NAN",0,0,0,0,0,0,0,"NAN",0,"NAN","NAN",0,0,"NAN",0,0,0,0,0,0,0,"NAN",0,"NAN",0,"NAN","NAN","NAN",33.91,32.36,30.93,31.33,30.46,34.03,24.9,"NAN",34.76,"NAN",31.2,"NAN","NAN","NAN",32.65,37.55,39.36,39.85,40.12,34.27,41.44,"NAN",44.63,"NAN",37.08,"NAN","NAN","NAN",1030,1031,1029,1025,1030,1030,700.5,"NAN",1030,"NAN",1030,"NAN","NAN","NAN",139,67,46,58,53,79,99,"NAN",52,"NAN",57,"NAN","NAN",21.27,21.5,21.32,21.19,22.19,21.84,23.13,23.3,23.72,24.65,23.89,24.29,0,0,22.53,22.44,23.09,23.95,24.36,24.99,25.15,25.79,25.53,26.29,26.22,27.86,0,0,"NAN","NAN","NAN","NAN","NAN","NAN","NAN","NAN","NAN","NAN","NAN","NAN",0,0,20.45,23.41,21.81,25.31,23.56,26.13,28.56,27.44,28.1,26.9,29.36,30.81,0,0,"NAN",0,"NAN","NAN"
"2026-09-15 09:13:00",96383,13.74,55.04,0,"NAN",0,0,0,0,0,0,0,"NAN",0,"NAN","NAN",0,0,"NAN",0,0,0,0,0,0,0,"NAN",0,"NAN",0,"NAN","NAN","NAN",33.94,32.42,30.92,31.28,30.47,33.94,24.9,"NAN",34.54,"NAN",31.17,"NAN","NAN","NAN",32.39,37.33,39.12,38.54,39.56,33.32,39.87,"NAN",38.54,"NAN",37.44,"NAN","NAN","NAN",1030,1031,1029,1025,1030,1030,700.2,"NAN",1030,"NAN",1030,"NAN","NAN","NAN",147,75,54,66,61,87,107,"NAN",60,"NAN",65,"NAN","NAN",21.28,21.49,21.31,21.18,22.19,21.84,23.12,23.3,23.72,24.64,23.89,24.29,0,0,22.53,22.44,23.09,23.94,24.36,24.99,25.15,25.79,25.52,26.3,26.22,27.86,0,0,"NAN","NAN","NAN","NAN","NAN","NAN","NAN","NAN","NAN","NAN","NAN","NAN",0,0,20.45,23.41,21.81,25.31,23.56,26.13,28.56,27.44,28.1,26.9,29.36,30.81,0,0,"NAN",0,"NAN","NAN"
"2026-09-15 09:14:00",96384,13.73,55.11,0,"NAN",0,0,0,0,0,0,0,"NAN",0,"NAN","NAN",0,0,"NAN",0,0,0,0,0,0,0,"NAN",0,"NAN",0,"NAN","NAN","NAN",33.89,32.44,30.62,31.1,30.36,33.76,24.84,"NAN",34.17,"NAN",31.12,"NAN","NAN","NAN",32.32,36.95,39.72,38.36,38.96,33.02,39.33,"NAN",36.2,"NAN",36.88,"NAN","NAN","NAN",1030,1031,1029,1025,1030,1030,700,"NAN",1030,"NAN",1030,"NAN","NAN","NAN",6,2,62,74,69,95,115,"NAN",68,"NAN",73,"NAN","NAN",21.27,21.49,21.31,21.18,22.19,21.84,23.12,23.29,23.72,24.64,23.89,24.29,0,0,22.52,22.44,23.09,23.94,24.36,24.99,25.15,25.79,25.53,26.29,26.22,27.86,0,0,"NAN","NAN","NAN","NAN","NAN","NAN","NAN","NAN","NAN","NAN","NAN","NAN",0,0,20.45,23.42,21.81,25.31,23.56,26.13,28.56,27.44,28.1,26.9,29.36,30.81,0,0,"NAN",0,"NAN","NAN"
"2026-09-15 09:15:00",96385,13.59,55.16,0,"NAN",0,0,0,0,0,0,0,"NAN",0,"NAN","NAN",0,0,"NAN",0,0,0,0,0,0,0,"NAN",0,"NAN",0,"NAN","NAN","NAN",33.9,32.35,30.6,30.97,30.34,33.68,24.76,"NAN",33.79,"NAN",30.99,"NAN","NAN","NAN",31.93,36.53,39.89,38.74,39.59,34.32,40.62,"NAN",35.78,"NAN",36.44,"NAN","NAN","NAN",1030,1031,1029,1024,1030,1030,699.8,"NAN",1030,"NAN",1030,"NAN","NAN","NAN",14,10,70,82,77,103,123,"NAN",76,"NAN",81,"NAN","NAN",21.27,21.49,21.31,21.18,22.18,21.84,23.12,23.29,23.72,24.64,23.89,24.29,0,0,22.52,22.44,23.09,23.94,24.36,24.99,25.15,25.79,25.53,26.29,26.22,27.86,0,0,"NAN","NAN","NAN","NAN","NAN","NAN","NAN","NAN","NAN","NAN","NAN","NAN",0,0,20.45,23.41,21.81,25.31,23.56,26.13,28.56,27.44,28.1,26.9,29.36,30.81,0,0,"NAN",0,"NAN","NAN"
"2026-09-15 09:16:00",96386,13.72,55.22,0,"NAN",0,0,0,0,0,0,0,"NAN",0,"NAN","NAN",0,0,"NAN",0,0,0,0,0,0,0,"NAN",0,"NAN",0,"NAN","NAN","NAN",33.98,32.31,30.79,31.1,30.34,33.68,24.72,"NAN",0,"NAN",30.98,"NAN","NAN","NAN",33.17,36.74,40.98,40.47,40.31,33.9,41.68,"NAN",0,"NAN",36.97,"NAN","NAN","NAN",1030,1031,1029,1024,1030,1030,700.2,"NAN",0,"NAN",1030,"NAN","NAN","NAN",22,14,79,91,85,3,132,"NAN",0,"NAN",90,"NAN","NAN",21.27,21.49,21.31,21.18,22.18,21.84,23.12,23.29,23.71,24.64,23.89,24.29,0,0,22.52,22.44,23.09,23.94,24.36,24.99,25.15,25.79,25.52,26.29,26.22,27.86,0,0,"NAN","NAN","NAN","NAN","NAN","NAN","NAN","NAN","NAN","NAN","NAN","NAN",0,0,20.45,23.42,21.81,25.31,23.56,26.13,28.56,27.44,28.1,26.9,29.36,30.81,0,0,"NAN",0,"NAN","NAN"
"2026-09-15 09:17:00",96387,13.71,55.27,0,"NAN",0,0,0,0,0,0,0,"NAN",0,"NAN","NAN",0,0,"NAN",0,0,0,0,0,0,0,"NAN",0,"NAN",0,"NAN","NAN","NAN",34.28,32.46,31.16,31.36,30.64,33.68,24.85,"NAN",33.45,"NAN",31.15,"NAN","NAN","NAN",38.01,37.31,39.36,39.83,41.17,35.38,42.76,"NAN",37.13,"NAN",38.1,"NAN","NAN","NAN",1030,1031,1029,1024,1030,1030,700.3,"NAN",1030,"NAN",1030,"NAN","NAN","NAN",30,3,86,98,93,11,139,"NAN",1,"NAN",97,"NAN","NAN",21.26,21.49,21.31,21.18,22.18,21.83,23.12,23.29,23.71,24.64,23.88,24.28,0,0,22.52,22.44,23.09,23.94,24.35,24.99,25.15,25.79,25.52,26.29,26.22,27.86,0,0,"NAN","NAN","NAN","NAN","NAN","NAN","NAN","NAN","NAN","NAN","NAN","NAN",0,0,20.45,23.42,21.81,25.31,23.56,26.13,28.56,27.44,28.1,26.89,29.36,30.81,0,0,"NAN",0,"NAN","NAN"
"2026-09-15 09:18:00",96388,13.72,55.33,0,"NAN",0,0,0,0,0,0,0,"NAN",0,"NAN","NAN",0,0,"NAN",0,0,0,0,0,0,0,"NAN",0,"NAN",0,"NAN","NAN","NAN",34.7,32.48,31.23,31.47,30.68,33.66,24.91,"NAN",33.39,"NAN",31.27,"NAN","NAN","NAN",42.55,37.16,38.94,39.29,40.07,35.07,41.05,"NAN",36.68,"NAN",37.06,"NAN","NAN","NAN",1030,1030,1029,1024,1030,1030,700.6,"NAN",1030,"NAN",1030,"NAN","NAN","NAN",38,11,94,106,101,19,147,"NAN",4,"NAN",105,"NAN","NAN",21.27,21.48,21.31,21.18,22.18,21.83,23.11,23.29,23.71,24.64,23.88,24.28,0,0,22.52,22.44,23.09,23.94,24.36,24.99,25.15,25.79,25.52,26.29,26.21,27.86,0,0,"NAN","NAN","NAN","NAN","NAN","NAN","NAN","NAN","NAN","NAN","NAN","NAN",0,0,20.45,23.41,21.81,25.31,23.56,26.13,28.56,27.44,28.1,26.9,29.36,30.81,0,0,"NAN",0,"NAN","NAN"
"2026-09-15 09:19:00",96389,13.74,55.38,0,"NAN",0,0,0,0,0,0,0,"NAN",0,"NAN","NAN",0,0,"NAN",0,0,0,0,0,0,0,"NAN",0,"NAN",0,"NAN","NAN","NAN",35.19,32.59,31.14,31.39,30.71,0,0,"NAN",33.29,"NAN",31.35,"NAN","NAN","NAN",45.57,37.28,39.25,39.93,39.57,0,0,"NAN",36.83,"NAN",37.28,"NAN","NAN","NAN",1030,1030,1029,1024,1030,0,0,"NAN",1030,"NAN",1030,"NAN","NAN","NAN",46,19,102,114,109,0,0,"NAN",13,"NAN",114,"NAN","NAN",21.26,21.48,21.31,21.18,22.18,21.83,23.11,23.29,23.71,24.63,23.88,24.28,0,0,22.52,22.43,23.09,23.94,24.35,24.98,25.15,25.79,25.52,26.29,26.21,27.86,0,0,"NAN","NAN","NAN","NAN","NAN","NAN","NAN","NAN","NAN","NAN","NAN","NAN",0,0,20.45,23.41,21.81,25.31,23.56,26.13,28.56,27.44,28.1,26.9,29.36,30.81,0,0,"NAN",0,"NAN","NAN"
"2026-09-15 09:20:00",96390,13.72,55.44,0,"NAN",0,0,0,0,0,0,0,"NAN",0,"NAN","NAN",0,0,"NAN",0,0,0,0,0,0,0,"NAN",0,"NAN",0,"NAN","NAN","NAN",35.73,32.72,31.33,31.54,30.81,33.68,25.02,"NAN",33.2,"NAN",31.48,"NAN","NAN","NAN",48.03,37.6,40.24,40.57,40.08,35.18,42.87,"NAN",36.88,"NAN",38.05,"NAN","NAN","NAN",1030,1030,1029,1024,1030,1030,701,"NAN",1030,"NAN",1030,"NAN","NAN","NAN",54,6,110,122,117,3,7,"NAN",20,"NAN",121,"NAN","NAN",21.26,21.48,21.3,21.18,22.18,21.83,23.11,23.29,23.71,24.63,23.88,24.28,0,0,22.52,22.43,23.09,23.94,24.36,24.99,25.14,25.79,25.52,26.29,26.21,27.86,0,0,"NAN","NAN","NAN","NAN","NAN","NAN","NAN","NAN","NAN","NAN","NAN","NAN",0,0,20.45,23.41,21.8,25.31,23.56,26.13,28.56,27.44,28.1,26.9,29.36,30.81,0,0,"NAN",0,"NAN","NAN"
"2026-09-15 09:21:00",96391,13.73,55.5,0,"NAN",0,0,0,0,0,0,0,"NAN",0,"NAN","NAN",0,0,"NAN",0,0,0,0,0,0,0,"NAN",0,"NAN",0,"NAN","NAN","NAN",36.26,32.78,31.36,31.61,30.9,33.58,25.06,"NAN",33.07,"NAN",31.61,"NAN","NAN","NAN",49.53,37.19,38.73,38.96,39.74,34.33,40.69,"NAN",36.96,"NAN",36.83,"NAN","NAN","NAN",1030,1030,1029,1024,1030,1030,701.6,"NAN",1030,"NAN",1030,"NAN","NAN","NAN",62,14,118,1,5,11,3,"NAN",28,"NAN",129,"NAN","NAN",21.26,21.48,21.31,21.17,22.18,21.83,23.11,23.29,23.7,24.63,23.88,24.28,0,0,22.52,22.43,23.09,23.94,24.35,24.98,25.15,25.79,25.52,26.29,26.21,27.86,0,0,"NAN","NAN","NAN","NAN","NAN","NAN","NAN","NAN","NAN","NAN","NAN","NAN",0,0,20.45,23.42,21.81,25.31,23.56,26.13,28.56,27.44,28.1,26.9,29.36,30.81,0,0,"NAN",0,"NAN","NAN"
"2026-09-15 09:22:00",96392,13.72,55.56,0,"NAN",0,0,0,0,0,0,0,"NAN",0,"NAN","NAN",0,0,"NAN",0,0,0,0,0,0,0,"NAN",0,"NAN",0,"NAN","NAN","NAN",36.8,32.78,31.31,31.6,30.91,33.55,25.02,"NAN",32.96,"NAN",31.48,"NAN","NAN","NAN",46.39,36.5,39.14,40.25,39.99,34.95,41.8,"NAN",36.95,"NAN",36.9,"NAN","NAN","NAN",1030,1030,1029,1024,1030,1030,700.5,"NAN",1030,"NAN",1030,"NAN","NAN","NAN",70,22,126,7,1,7,11,"NAN",36,"NAN",137,"NAN","NAN",21.25,21.48,21.3,21.17,22.17,21.83,23.11,23.28,23.7,24.63,23.87,24.28,0,0,22.52,22.43,23.09,23.94,24.35,24.98,25.15,25.79,25.52,26.29,26.21,27.86,0,0,"NAN","NAN","NAN","NAN","NAN","NAN","NAN","NAN","NAN","NAN","NAN","NAN",0,0,20.45,23.41,21.81,25.32,23.56,26.13,28.56,27.44,28.1,26.9,29.36,30.81,0,0,"NAN",0,"NAN","NAN"
"2026-09-15 09:23:00",96393,13.74,55.62,0,"NAN",0,0,0,0,0,0,0,"NAN",0,"NAN","NAN",0,0,"NAN",0,0,0,0,0,0,0,"NAN",0,"NAN",0,"NAN","NAN","NAN",37.04,32.79,31.53,31.6,30.95,33.52,25.09,"NAN",32.81,"NAN",31.43,"NAN","NAN","NAN",34.07,37.36,40.08,40.25,40.1,34.91,40.75,"NAN",37.65,"NAN",37.71,"NAN","NAN","NAN",1030,1030,1029,1024,1030,1030,700.8,"NAN",1030,"NAN",1030,"NAN","NAN","NAN",78,30,134,7,6,16,20,"NAN",45,"NAN",146,"NAN","NAN",21.26,21.48,21.3,21.17,22.17,21.83,23.1,23.28,23.7,24.63,23.87,24.27,0,0,22.52,22.43,23.09,23.94,24.35,24.98,25.14,25.78,25.52,26.29,26.21,27.86,0,0,"NAN","NAN","NAN","NAN","NAN","NAN","NAN","NAN","NAN","NAN","NAN","NAN",0,0,20.45,23.42,21.81,25.31,23.56,26.13,28.56,27.44,28.1,26.9,29.36,30.81,0,0,"NAN",0,"NAN","NAN"
"2026-09-15 09:24:00",96394,13.72,55.67,0,"NAN",0,0,0,0,0,0,0,"NAN",0,"NAN","NAN",0,0,"NAN",0,0,0,0,0,0,0,"NAN",0,"NAN",0,"NAN","NAN","NAN",36.96,32.79,31.38,31.6,30.95,33.37,25.04,"NAN",32.63,"NAN",31.33,"NAN","NAN","NAN",30.78,37.39,38.68,40.25,40.1,34.98,40.81,"NAN",36.92,"NAN",36.49,"NAN","NAN","NAN",1030,1030,1029,1024,1030,1030,700.4,"NAN",1030,"NAN",1030,"NAN","NAN","NAN",86,38,142,7,6,24,28,"NAN",53,"NAN",154,"NAN","NAN",21.25,21.47,21.3,21.17,22.17,21.83,23.1,23.28,23.7,24.62,23.87,24.27,0,0,22.52,22.43,23.08,23.94,24.35,24.98,25.15,25.78,25.51,26.29,26.21,27.86,0,0,"NAN","NAN","NAN","NAN","NAN","NAN","NAN","NAN","NAN","NAN","NAN","NAN",0,0,20.45,23.42,21.81,25.31,23.56,26.13,28.56,27.44,28.1,26.9,29.36,30.81,0,0,"NAN",0,"NAN","NAN"
"2026-09-15 09:25:00",96395,13.56,55.72,0,"NAN",0,0,0,0,0,0,0,"NAN",0,"NAN","NAN",0,0,"NAN",0,0,0,0,0,0,0,"NAN",0,"NAN",0,"NAN","NAN","NAN",36.78,32.71,31.16,31.6,30.95,33.25,24.94,"NAN",32.39,"NAN",30.97,"NAN","NAN","NAN",29.22,36.45,38.44,40.25,40.1,34.28,40.03,"NAN",36.1,"NAN",35.84,"NAN","NAN","NAN",1030,1030,1029,1024,1030,1030,700.2,"NAN",1030,"NAN",1030,"NAN","NAN","NAN",94,46,150,7,6,32,36,"NAN",61,"NAN",162,"NAN","NAN",21.25,21.47,21.3,21.17,22.17,21.82,23.1,23.28,23.69,24.62,23.87,24.27,0,0,22.52,22.43,23.08,23.94,24.35,24.98,25.14,25.78,25.51,26.29,26.21,27.86,0,0,"NAN","NAN","NAN","NAN","NAN","NAN","NAN","NAN","NAN","NAN","NAN","NAN",0,0,20.45,23.43,21.81,25.31,23.56,26.13,28.56,27.44,28.1,26.9,29.36,30.81,0,0,"NAN",0,"NAN","NAN"
"2026-09-15 09:26:00",96396,13.74,55.76,0,"NAN",0,0,0,0,0,0,0,"NAN",0,"NAN","NAN",0,0,"NAN",0,0,0,0,0,0,0,"NAN",0,"NAN",0,"NAN","NAN","NAN",36.63,32.61,31.17,31.6,30.85,0,24.89,"NAN",32.2,"NAN",30.82,"NAN","NAN","NAN",29.39,36.79,40.03,40.25,39.87,0,41.2,"NAN",36.94,"NAN",37.32,"NAN","NAN","NAN",1030,1030,1029,1024,1030,0,700.3,"NAN",1030,"NAN",1030,"NAN","NAN","NAN",102,54,158,7,7,0,44,"NAN",69,"NAN",170,"NAN","NAN",21.25,21.47,21.3,21.17,22.17,21.82,23.1,23.28,23.7,24.62,23.87,24.27,0,0,22.51,22.43,23.08,23.94,24.35,24.98,25.14,25.78,25.51,26.29,26.21,27.86,0,0,"NAN","NAN","NAN","NAN","NAN","NAN","NAN","NAN","NAN","NAN","NAN","NAN",0,0,20.45,23.42,21.81,25.31,23.56,26.13,28.56,27.44,28.1,26.9,29.36,30.81,0,0,"NAN",0,"NAN","NAN"
"2026-09-15 09:27:00",96397,13.72,55.8,0,"NAN",0,0,0,0,0,0,0,"NAN",0,"NAN","NAN",0,0,"NAN",0,0,0,0,0,0,0,"NAN",0,"NAN",0,"NAN","NAN","NAN",36.62,32.58,31.45,31.6,30.85,33.3,24.97,"NAN",32.14,"NAN",30.99,"NAN","NAN","NAN",30.02,36.48,39.39,40.25,39.87,35.81,42.19,"NAN",37.71,"NAN",37.58,"NAN","NAN","NAN",1030,1030,1029,1024,1030,1030,700.2,"NAN",1030,"NAN",1030,"NAN","NAN","NAN",110,62,166,7,7,2,52,"NAN",77,"NAN",178,"NAN","NAN",21.24,21.47,21.3,21.17,22.17,21.82,23.1,23.28,23.69,24.62,23.87,24.27,0,0,22.52,22.43,23.08,23.94,24.35,24.98,25.14,25.78,25.51,26.29,26.21,27.86,0,0,"NAN","NAN","NAN","NAN","NAN","NAN","NAN","NAN","NAN","NAN","NAN","NAN",0,0,20.45,23.42,21.81,25.31,23.56,26.13,28.56,27.44,28.1,26.9,29.36,30.81,0,0,"NAN",0,"NAN","NAN"
"2026-09-15 09:28:00",96398,13.72,55.84,0,"NAN",0,0,0,0,0,0,0,"NAN",0,"NAN","NAN",0,0,"NAN",0,0,0,0,0,0,0,"NAN",0,"NAN",0,"NAN","NAN","NAN",36.58,32.52,31.64,31.6,30.85,33.24,25.02,"NAN",32.12,"NAN",31.07,"NAN","NAN","NAN",29.71,36.4,38.93,40.25,39.87,35.44,40.88,"NAN",37.97,"NAN",36.95,"NAN","NAN","NAN",1030,1030,1029,1024,1030,1030,700.3,"NAN",1030,"NAN",1030,"NAN","NAN","NAN",118,70,174,7,7,10,60,"NAN",85,"NAN",186,"NAN","NAN",21.25,21.47,21.3,21.17,22.17,21.82,23.09,23.28,23.69,24.62,23.86,24.27,0,0,22.52,22.43,23.08,23.93,24.35,24.98,25.14,25.78,25.51,26.29,26.2,27.85,0,0,"NAN","NAN","NAN","NAN","NAN","NAN","NAN","NAN","NAN","NAN","NAN","NAN",0,0,20.45,23.42,21.81,25.31,23.56,26.13,28.56,27.44,28.1,26.9,29.36,30.81,0,0,"NAN",0,"NAN","NAN"
"2026-09-15 09:29:00",96399,13.73,55.88,0,"NAN",0,0,0,0,0,0,0,"NAN",0,"NAN","NAN",0,0,"NAN",0,0,0,0,0,0,0,"NAN",0,"NAN",0,"NAN","NAN","NAN",36.48,32.52,31.52,31.6,30.85,33.21,25.03,"NAN",32.17,"NAN",31.13,"NAN","NAN","NAN",29.79,36.94,39.13,40.25,39.87,35.27,41.58,"NAN",38.43,"NAN",38.04,"NAN","NAN","NAN",1030,1030,1029,1024,1030,1030,700.6,"NAN",1030,"NAN",1030,"NAN","NAN","NAN",126,78,182,7,7,18,68,"NAN",93,"NAN",194,"NAN","NAN",21.24,21.46,21.3,21.17,22.17,21.82,23.09,23.28,23.69,24.61,23.86,24.26,0,0,22.52,22.43,23.08,23.93,24.35,24.98,25.14,25.78,25.51,26.28,26.21,27.85,0,0,"NAN","NAN","NAN","NAN","NAN","NAN","NAN","NAN","NAN","NAN","NAN","NAN",0,0,20.45,23.42,21.81,25.31,23.56,26.13,28.56,27.44,28.1,26.9,29.36,30.81,0,0,"NAN",0,"NAN","NAN"
