"Date","Chamber","AirTemp_C"
2024-12-31,1,3.3204
2024-12-31,2,2.3506
2024-12-31,4,3.1872
2024-12-31,5,3.08475
2024-12-31,6,5.30575
2024-12-31,8,3.04533333333333
2024-12-31,10,3.3234
2024-12-31,11,5.66166666666667
2024-12-31,12,3.4316
2025-01-01,1,8.43142768411712
2025-01-01,2,7.43599652052888
2025-01-01,3,8.28231259720062
2025-01-01,4,7.82584787310743
2025-01-01,5,6.28708412098299
2025-01-01,6,9.73425303030303
2025-01-01,7,7.88063990461049
2025-01-01,8,7.68700611153552
2025-01-01,9,7.03237518910741
2025-01-01,10,7.28489067278287
2025-01-01,11,9.37353703703704
2025-01-01,12,7.9157030162413
2025-01-02,1,3.28071903323263
2025-01-02,2,3.25064666166542
2025-01-02,3,3.41117191977077
2025-01-02,4,3.4555767817781
2025-01-02,5,2.6742740348221
2025-01-02,6,5.94633800623053
2025-01-02,7,3.61734073506891
2025-01-02,8,2.90535267175572
2025-01-02,9,1.41719097586569
2025-01-02,10,2.33337228714524
2025-01-02,11,5.00134511913912
2025-01-02,12,3.92965342349958
2025-01-03,1,1.17531716779825
2025-01-03,2,-0.122951916376307
2025-01-03,3,0.179704823614111
2025-01-03,4,0.368180327868852
2025-01-03,5,0.252875394321767
2025-01-03,6,2.43584897025172
2025-01-03,7,0.671788084464555
2025-01-03,8,-0.104206547155105
2025-01-03,9,-1.57883535353535
2025-01-03,10,0.100012490241998
2025-01-03,11,2.96143110735418
2025-01-03,12,0.519859375
2025-01-04,1,-0.908359851988899
2025-01-04,2,-0.917835073068894
2025-01-04,3,-0.492419081272085
2025-01-04,4,-0.873063944530046
2025-01-04,5,-1.64276956521739
2025-01-04,6,1.64179182437547
2025-01-04,7,-0.456571647509579
2025-01-04,8,-0.996808219178082
2025-01-04,9,-3.13709534368071
2025-01-04,10,-1.27876986506747
2025-01-04,11,0.749364457831325
2025-01-04,12,-0.573439024390244
2025-01-05,1,-1.03380722891566
2025-01-05,2,-1.09692342342342
2025-01-05,3,-0.696995738636364
2025-01-05,4,-0.519460770328103
2025-01-05,5,-1.20436785986291
2025-01-05,6,1.59228441754917
2025-01-05,7,-0.618649429657795
2025-01-05,8,-1.23068821292776
2025-01-05,9,4.00102285714286
2025-01-05,10,-1.46355068078669
2025-01-05,11,1.08163812360387
2025-01-05,12,-0.785290076335878
2025-01-06,1,-1.15322334172964
2025-01-06,2,-1.27501042390549
2025-01-06,3,-1.32569797687861
2025-01-06,4,-0.846315527065527
2025-01-06,5,-1.25168112798265
2025-01-06,6,0.821986068111455
2025-01-06,7,-0.650701848998459
2025-01-06,8,-1.24852251552795
2025-01-06,9,-0.413326153846154
2025-01-06,10,-1.09072055427252
2025-01-06,11,1.43475981161695
2025-01-06,12,-0.686589030803907
2025-01-07,1,2.17672719374457
2025-01-07,2,2.13768858381503
2025-01-07,3,0.405599576271186
2025-01-07,4,3.07439315589354
2025-01-07,5,1.82407776049767
2025-01-07,6,4.73751446945338
2025-01-07,7,1.57722494432071
2025-01-07,8,1.70253876272514
2025-01-07,9,5.54616696588869
2025-01-07,10,0.539895384615385
2025-01-07,11,3.83986478227655
2025-01-07,12,1.99061521084337
2025-01-08,1,-0.905440126883426
2025-01-08,2,-1.37841097818438
2025-01-08,3,-0.866664172901081
2025-01-08,4,-1.05517493897478
2025-01-08,5,-2.00961979575805
2025-01-08,6,1.7798441660141
2025-01-08,7,-0.698044410413476
2025-01-08,8,-1.51309628506444
2025-01-08,9,-0.293071428571429
2025-01-08,10,-1.65939291465378
2025-01-08,11,0.358749251497006
2025-01-08,12,-0.715144747081712
2025-01-09,1,-1.59756344086022
2025-01-09,2,-1.0952739965096
2025-01-09,3,-1.28872030651341
2025-01-09,4,-1.41430389992642
2025-01-09,5,-1.76565944272446
2025-01-09,6,1.2846050955414
2025-01-09,7,-1.96157055749129
2025-01-09,8,-2.18264535901926
2025-01-09,9,3.89140576496674
2025-01-09,10,-2.20672501998401
2025-01-09,11,-0.248606492478226
2025-01-09,12,-1.48380564263323
2025-01-10,1,0.54845788964182
2025-01-10,2,-0.722415721844293
2025-01-10,3,-0.221752920035939
2025-01-10,4,0.0700698005698006
2025-01-10,5,-0.246017276422764
2025-01-10,6,2.81882764505119
2025-01-10,7,0.0381137254901961
2025-01-10,8,-0.813914400805639
2025-01-10,9,0.992481443298969
2025-01-10,10,-1.6869689578714
2025-01-10,11,1.59467437557817
2025-01-10,12,-0.190292850990525
2025-01-11,1,1.08663770491803
2025-01-11,2,1.45900491400491
2025-01-11,3,1.26569732704403
2025-01-11,4,1.9355715408805
2025-01-11,5,1.38070878661088
2025-01-11,6,3.45175449569977
2025-01-11,7,1.2932927852349
2025-01-11,8,0.840818423383525
2025-01-11,9,1.34357608695652
2025-01-11,10,0.573826229508197
2025-01-11,11,3.19595715587967
2025-01-11,12,1.41911918367347
2025-01-12,1,0.760758620689655
2025-01-12,2,-0.363862951807229
2025-01-12,3,0.144582446808511
2025-01-12,4,-0.679089825119237
2025-01-12,5,-4.27033844580777
2025-01-12,6,4.18154759825328
2025-01-12,7,1.76129435897436
2025-01-12,8,-0.146899731423456
2025-01-12,9,1.68000793650794
2025-01-12,10,-0.580925217391304
2025-01-12,11,2.42407930214116
2025-01-12,12,0.276963963963964
2025-01-13,1,1.94728861788618
2025-01-13,2,1.32347454844007
2025-01-13,3,2.15213777777778
2025-01-13,4,3.11812305168171
2025-01-13,5,1.6699584139265
2025-01-13,6,1.82238874230431
2025-01-13,7,2.32161015490534
2025-01-13,8,1.68157302325581
2025-01-13,9,1.35228757602085
2025-01-13,10,1.076001017294
2025-01-13,11,5.09821507537688
2025-01-13,12,1.30565053242982
2025-01-14,1,0.249542517006803
2025-01-14,2,-0.564152270703473
2025-01-14,3,0.588390507011866
2025-01-14,4,1.62977051792829
2025-01-14,5,0.599612648221344
2025-01-14,6,3.28461471518987
2025-01-14,7,1.2720313253012
2025-01-14,8,-0.3125
2025-01-14,9,0.559744959677419
2025-01-14,10,-0.297646699266504
2025-01-14,11,2.43628260869565
2025-01-14,12,-0.13332092555332
2025-01-15,1,-0.0703313069908815
2025-01-15,2,-1.25287742899851
2025-01-15,3,-0.556497128794094
2025-01-15,4,-0.4613973727422
2025-01-15,5,1.45959590043924
2025-01-15,6,1.13550780031201
2025-01-15,7,-0.623927884615385
2025-01-15,8,-1.63670447284345
2025-01-15,9,0.822718626155878
2025-01-15,10,-2.48502891156463
2025-01-15,11,0.306827755102041
2025-01-15,12,-1.15548706896552
2025-01-16,1,-1.80000350058343
2025-01-16,2,-3.48128928571429
2025-01-16,3,-3.71544388609715
2025-01-16,4,-2.96522548317824
2025-01-16,5,-5.08286363636364
2025-01-16,6,0.191578711985689
2025-01-16,7,-1.85756294779939
2025-01-16,8,-4.60558420551855
2025-01-16,9,-2.1825623100304
2025-01-16,10,-3.27939736346516
2025-01-16,11,-1.7033770212766
2025-01-16,12,-3.33514491449145
2025-01-17,1,1.77729102844639
2025-01-17,2,-0.223609539207761
2025-01-17,3,0.0316530147895335
2025-01-17,4,1.00958581235698
2025-01-17,5,1.11016281512605
2025-01-17,6,3.24799592833876
2025-01-17,7,1.7209199255121
2025-01-17,8,0.658765352887259
2025-01-17,9,0.644327927927928
2025-01-17,10,-0.743990516332982
2025-01-17,11,2.92015282051282
2025-01-17,12,0.732018932874355
2025-01-18,1,0.758767265846736
2025-01-18,2,0.17923121869783
2025-01-18,3,1.4267257751938
2025-01-18,4,0.873876944837341
2025-01-18,5,1.31736617100372
2025-01-18,6,2.49546888694128
2025-01-18,7,1.11495623451693
2025-01-18,8,1.06086813186813
2025-01-18,9,1.70022238163558
2025-01-18,10,0.709207492795389
2025-01-18,11,3.02832894736842
2025-01-18,12,0.99263689892051
2025-01-19,1,1.44064354322305
2025-01-19,2,1.07430620805369
2025-01-19,3,1.66520465890183
2025-01-19,4,1.28130023273856
2025-01-19,5,1.28153995901639
2025-01-19,6,3.05897725204732
2025-01-19,7,1.73117829457364
2025-01-19,8,1.3810370741483
2025-01-19,9,0.940896879240163
2025-01-19,10,1.31261882998172
2025-01-19,11,3.11604135338346
2025-01-19,12,1.28703870292887
2025-01-20,1,-2.10208690869087
2025-01-20,2,-3.71792516507704
2025-01-20,3,-4.22864558139535
2025-01-20,4,-2.76072851002865
2025-01-20,5,-3.7896618635927
2025-01-20,6,-0.755331594634873
2025-01-20,7,-3.02994412489729
2025-01-20,8,-3.41561716738197
2025-01-20,9,-4.58772388059702
2025-01-20,10,-4.72988869715272
2025-01-20,11,-1.81969886947585
2025-01-20,12,-3.12823420387532
2025-01-21,1,-6.49115700141443
2025-01-21,2,-6.67609912536443
2025-01-21,3,-6.86777304147465
2025-01-21,4,-7.36793492208983
2025-01-21,5,-7.16733763837638
2025-01-21,6,-4.95749298100743
2025-01-21,7,-6.12071691176471
2025-01-21,8,-7.74143419689119
2025-01-21,9,-5.40720926517572
2025-01-21,10,-8.29717755443886
2025-01-21,11,-5.03359613615455
2025-01-21,12,-6.82357098765432
2025-01-22,1,-4.02161184210526
2025-01-22,2,-5.65145198836082
2025-01-22,3,-3.28057071339174
2025-01-22,4,-5.26937597234226
2025-01-22,5,-6.88015936952715
2025-01-22,6,-3.55165172955975
2025-01-22,7,-5.70236187399031
2025-01-22,8,-7.03808043875686
2025-01-22,9,-6.39749206349206
2025-01-22,10,-7.45293721286371
2025-01-22,11,-4.44993292144748
2025-01-22,12,-4.13694811932555
2025-01-23,1,-8.21945168295331
2025-01-23,2,-6.66605371900826
2025-01-23,3,-5.46473304628633
2025-01-23,4,-6.76760858143608
2025-01-23,5,-8.8896885617214
2025-01-23,6,-4.52552735426009
2025-01-23,7,-5.20282136279926
2025-01-23,8,-9.49256846950518
2025-01-23,9,-7.72918403115871
2025-01-23,10,-5.50282149712092
2025-01-23,11,-3.84839239412273
2025-01-23,12,-2.20700592592593
2025-01-24,1,0.115232987312572
2025-01-24,2,-2.58586920700309
2025-01-24,3,-1.77210316368638
2025-01-24,4,-2.30866748366013
2025-01-24,5,-3.48798950131234
2025-01-24,6,0.650409836065574
2025-01-24,7,-1.90961666666667
2025-01-24,8,-2.38645887961859
2025-01-24,9,-4.73963625304136
2025-01-24,10,-1.89536104218362
2025-01-24,11,-0.0337591933570581
2025-01-24,12,-1.01989439655172
2025-01-25,1,-0.348142999006951
2025-01-25,2,-2.00292715756136
2025-01-25,3,-2.5025242881072
2025-01-25,4,-2.28478839869281
2025-01-25,5,-3.28399568500539
2025-01-25,6,0.982075829383886
2025-01-25,7,-2.08045583038869
2025-01-25,8,-1.9997384744342
2025-01-25,9,-0.154722222222222
2025-01-25,10,-2.0481369047619
2025-01-25,11,0.870407026563839
2025-01-25,12,0.0522128027681662
2025-01-26,1,1.38834113712375
2025-01-26,2,1.50073099415205
2025-01-26,3,1.61694411006019
2025-01-26,4,2.05182750582751
2025-01-26,5,2.72984790874525
2025-01-26,6,3.24902670349908
2025-01-26,7,3.653824419778
2025-01-26,8,1.27160496183206
2025-01-26,9,2.00529710867398
2025-01-26,10,0.910819978046103
2025-01-26,11,2.28320786516854
2025-01-26,12,4.34819198895028
2025-01-27,1,4.02896921641791
2025-01-27,2,2.39165784982935
2025-01-27,3,2.41303727506427
2025-01-27,4,2.33892262405383
2025-01-27,5,0.34799354005168
2025-01-27,6,3.76184342963653
2025-01-27,7,2.74635748331745
2025-01-27,8,1.24812024756852
2025-01-27,9,2.93068882175227
2025-01-27,10,0.861769146608315
2025-01-27,11,5.41923228346457
2025-01-27,12,3.39290520694259
2025-01-28,1,2.76129162011173
2025-01-28,2,3.3291604322527
2025-01-28,3,4.56310280373832
2025-01-28,4,2.84906978417266
2025-01-28,5,2.14287641606591
2025-01-28,6,4.50990233722871
2025-01-28,7,3.26232640949555
2025-01-28,8,1.47636730575177
2025-01-28,9,2.36287544483986
2025-01-28,10,0.922926560587515
2025-01-28,11,6.26726799242424
2025-01-28,12,6.33902619047619
2025-01-29,1,9.51904022988506
2025-01-29,2,10.5021134644478
2025-01-29,3,10.3348661800487
2025-01-29,4,8.95645945945946
2025-01-29,5,9.89856109725686
2025-01-29,6,11.2410667461263
2025-01-29,7,8.93926542056075
2025-01-29,8,13.4753267605634
2025-01-29,9,8.43602519379845
2025-01-29,10,8.93368231046931
2025-01-29,11,11.1316943942134
2025-01-29,12,12.6806297297297
2025-01-30,1,7.32551462994836
2025-01-30,2,7.31864285714286
2025-01-30,3,6.15401555209953
2025-01-30,4,6.52170976253298
2025-01-30,5,6.43017086834734
2025-01-30,6,8.79834152046784
2025-01-30,7,6.98740325203252
2025-01-30,8,5.42536257309941
2025-01-30,9,7.77772687704026
2025-01-30,10,4.48456585365854
2025-01-30,11,8.97893786127168
2025-01-30,12,5.98678202247191
2025-01-31,1,9.14345673076923
2025-01-31,2,8.53120372670807
2025-01-31,3,9.45756414219474
2025-01-31,4,13.2216629213483
2025-01-31,5,8.59979896907216
2025-01-31,6,9.555109360519
2025-01-31,7,10.260925862069
2025-01-31,8,9.61815130023641
2025-01-31,9,6.72993681652491
2025-01-31,10,9.27729363784666
2025-01-31,11,10.9287308584687
2025-01-31,12,8.76906791907514
2025-02-01,1,7.62996935483871
2025-02-01,2,7.55511720510894
2025-02-01,3,7.4868928067701
2025-02-01,4,9.16422565320665
2025-02-01,6,9.40513993948563
2025-02-01,7,7.70747508038585
2025-02-01,8,7.04602069950036
2025-02-01,9,9.33329213483146
2025-02-01,10,6.79395163690476
2025-02-01,11,8.9937745398773
2025-02-02,1,0.422958224543081
2025-02-02,2,-0.176860526315789
2025-02-02,3,0.790478547854785
2025-02-02,4,11.63515
2025-02-02,6,2.91981787521079
2025-02-02,7,1.15932649842271
2025-02-02,8,-0.234223113964687
2025-02-02,9,-0.408548862115127
2025-02-02,10,-0.0949586148648649
2025-02-02,11,2.03457857769974
2025-02-02,12,3.06506167400881
2025-02-03,1,4.28252464228935
2025-02-03,2,3.20051059001513
2025-02-03,3,2.94115378289474
2025-02-03,4,9.9206091954023
2025-02-03,6,6.20650728363325
2025-02-03,7,4.2873187250996
2025-02-03,8,4.16947319932998
2025-02-03,9,5.20410167714885
2025-02-03,10,3.66286175496689
2025-02-03,11,6.36279094076655
2025-02-03,12,13.5444489795918
2025-02-04,1,11.2852875766871
2025-02-04,2,10.5906872370266
2025-02-04,3,10.6449770408163
2025-02-04,4,9.585658
2025-02-04,6,12.314534082397
2025-02-04,7,11.1086751638747
2025-02-04,8,10.7327964412811
2025-02-04,9,12.7424674479167
2025-02-04,10,9.46584664031621
2025-02-04,11,12.9708928
2025-02-04,12,8.031
2025-02-05,1,2.68070285714286
2025-02-05,2,2.60904623044097
2025-02-05,3,3.07547115384615
2025-02-05,4,3.05889782608696
2025-02-05,6,4.80223109965636
2025-02-05,7,3.35068088235294
2025-02-05,8,2.48455362318841
2025-02-05,9,3.35442040038132
2025-02-05,10,2.63503108003108
2025-02-05,11,4.54429334428924
2025-02-05,12,4.06010869565217
2025-02-06,1,2.06498632478632
2025-02-06,2,2.14134572230014
2025-02-06,3,2.39234756097561
2025-02-06,4,1.92294025735294
2025-02-06,6,4.09171358828316
2025-02-06,7,3.48065441751368
2025-02-06,8,2.31067947788252
2025-02-06,9,2.98262404580153
2025-02-06,10,2.56019359875098
2025-02-06,11,4.69816166666667
2025-02-06,12,1.306
2025-02-07,1,8.20374521651561
2025-02-07,2,5.96117515701326
2025-02-07,3,6.59319450317125
2025-02-07,4,8.27683832335329
2025-02-07,6,7.95535382190701
2025-02-07,7,7.62713343328336
2025-02-07,8,6.12390163934426
2025-02-07,9,5.88724228571429
2025-02-07,10,5.71441358490566
2025-02-07,11,8.00465114503817
2025-02-08,1,0.543025256511444
2025-02-08,2,0.211490618485059
2025-02-08,3,0.706639575971731
2025-02-08,6,2.25288263888889
2025-02-08,7,1.7952485380117
2025-02-08,8,0.29008273381295
2025-02-08,9,0.419104341203351
2025-02-08,10,0.415392494136044
2025-02-08,11,2.41942380591357
2025-02-09,1,6.53784688581315
2025-02-09,2,5.93643056576047
2025-02-09,3,6.32688615600843
2025-02-09,6,8.41787804878049
2025-02-09,7,7.19363513513514
2025-02-09,8,5.76932971014493
2025-02-09,9,5.54105574614065
2025-02-09,10,5.41972351615327
2025-02-09,11,7.66511002260738
2025-02-10,1,5.68750736015702
2025-02-10,2,3.6860849122807
2025-02-10,3,4.88329558232932
2025-02-10,6,6.50428151260504
2025-02-10,7,4.91521442687747
2025-02-10,8,3.82378787878788
2025-02-10,9,0.94005311778291
2025-02-10,10,3.29783210603829
2025-02-10,11,6.49035879077168
2025-02-10,12,-1.31461666666667
2025-02-11,1,0.179234476367006
2025-02-11,2,-0.4431870604782
2025-02-11,3,0.000566761363636375
2025-02-11,6,1.95633729050279
2025-02-11,7,0.349989354151881
2025-02-11,8,-0.471413620071685
2025-02-11,9,-0.324278268551237
2025-02-11,10,-0.194012412723041
2025-02-11,11,2.56303942380591
2025-02-12,1,1.83834109816972
2025-02-12,2,1.7472972027972
2025-02-12,3,2.31438760268857
2025-02-12,6,3.79522555865922
2025-02-12,7,2.40703116147309
2025-02-12,8,1.84210295176386
2025-02-12,9,2.15052152721365
2025-02-12,10,2.01459846743295
2025-02-12,11,4.23342426584235
2025-02-12,12,3.11022707423581
2025-02-13,1,6.43389869608826
2025-02-13,2,5.83485734265734
2025-02-13,3,5.70478501135503
2025-02-13,6,7.53788531468531
2025-02-13,7,6.10940918880115
2025-02-13,8,5.88650614605929
2025-02-13,9,6.42863995726496
2025-02-13,10,5.57690820829656
2025-02-13,11,7.78965079365079
2025-02-13,12,5.69974614594039
2025-02-14,1,3.22890089358245
2025-02-14,2,2.39014534075104
2025-02-14,3,3.3084014084507
2025-02-14,6,6.04368819444444
2025-02-14,7,3.09817511177347
2025-02-14,8,2.75903125
2025-02-14,9,4.40925055679287
2025-02-14,10,2.24491693548387
2025-02-14,11,4.731940287226
2025-02-14,12,3.6620981210856
2025-02-15,1,3.06648366606171
2025-02-15,2,3.08234752851711
2025-02-15,3,3.3565427769986
2025-02-15,6,4.83877222222222
2025-02-15,7,3.39175771256584
2025-02-15,8,2.96354151624549
2025-02-15,9,3.3037081300813
2025-02-15,10,3.07584684684685
2025-02-15,11,4.99855693261038
2025-02-15,12,3.62963909774436
2025-02-16,1,7.7763815498155
2025-02-16,2,7.66208130646282
2025-02-16,3,7.94456428571429
2025-02-16,6,9.60921148255814
2025-02-16,7,8.12923717948718
2025-02-16,8,7.79514838709677
2025-02-16,9,6.39938510638298
2025-02-16,10,8.06708834446919
2025-02-16,11,9.64901358490566
2025-02-16,12,8.22064274322169
2025-02-17,1,4.24989672131148
2025-02-17,2,3.99831058495822
2025-02-17,3,1.62832134831461
2025-02-17,6,5.9664909596662
2025-02-17,7,5.41251954513149
2025-02-17,8,3.93025646551724
2025-02-17,9,3.43393869731801
2025-02-17,10,3.44850040032026
2025-02-17,11,5.35476671732523
2025-02-17,12,4.21270534351145
2025-02-18,1,-0.104117647058824
2025-02-18,2,-0.355410294117647
2025-02-18,3,3.86287671232877
2025-02-18,6,1.38205523255814
2025-02-18,7,1.95939054157132
2025-02-18,8,-0.36016992481203
2025-02-18,9,-0.148579277864992
2025-02-18,10,-0.368358934169279
2025-02-18,11,1.38328957836118
2025-02-18,12,0.238439465408805
2025-02-19,1,-4.95178605200946
2025-02-19,2,-5.16524492652204
2025-02-19,3,-4.38761705426357
2025-02-19,6,-3.12663857938719
2025-02-19,7,-2.87606813342796
2025-02-19,8,-5.19588657573582
2025-02-19,9,-4.76703144016227
2025-02-19,10,-4.8332
2025-02-19,11,-3.19834053651267
2025-02-19,12,-4.83500505902192
2025-02-20,1,-2.14431731640979
2025-02-20,2,-2.30576319543509
2025-02-20,3,-1.99837065972222
2025-02-20,6,-0.385631688672689
2025-02-20,7,-1.53070997191011
2025-02-20,8,-2.5727690647482
2025-02-20,9,-3.55594642857143
2025-02-20,10,-2.43114307004471
2025-02-20,11,-0.853291233283804
2025-02-20,12,-1.85058161764706
2025-02-21,1,2.14606190061029
2025-02-21,2,1.11572701949861
2025-02-21,3,2.15089715189873
2025-02-21,6,3.62803870513723
2025-02-21,7,2.15450641940086
2025-02-21,8,0.972332145402709
2025-02-21,9,0.85535
2025-02-21,10,0.738991654021244
2025-02-21,11,2.57935147744946
2025-02-21,12,1.51384924242424
2025-02-22,1,2.32263556851312
2025-02-22,2,0.108066759388039
2025-02-22,3,0.307776528460998
2025-02-22,6,2.73982847222222
2025-02-22,7,1.41627266288952
2025-02-22,8,-0.243130497476568
2025-02-22,9,1.34111088082902
2025-02-22,10,-0.273452380952381
2025-02-22,11,1.73815942028986
2025-02-22,12,0.35242310522443
2025-02-23,1,3.86717148554337
2025-02-23,2,3.35107708333333
2025-02-23,3,3.37954236060826
2025-02-23,6,6.01410833333333
2025-02-23,7,4.71080114860014
2025-02-23,8,2.88555762347888
2025-02-23,9,8.53429295426452
2025-02-23,10,2.52324925373134
2025-02-23,11,5.02801909854851
2025-02-23,12,3.57483513097072
2025-02-24,1,7.69022005323869
2025-02-24,2,6.60848052851182
2025-02-24,3,6.41860909737029
2025-02-24,6,8.69649860335196
2025-02-24,7,8.40903522205207
2025-02-24,8,6.04258924731183
2025-02-24,9,6.24273471223022
2025-02-24,10,6.21153437967115
2025-02-24,11,8.38922937168812
2025-02-24,12,6.60407582582583
2025-02-25,1,7.26567413793103
2025-02-25,2,6.64161928571429
2025-02-25,3,6.105913153457
2025-02-25,6,8.82979396984925
2025-02-25,7,7.62927852084972
2025-02-25,8,6.16058112094395
2025-02-25,9,3.57533755274262
2025-02-25,10,2.82256270627063
2025-02-25,11,5.06036655405405
2025-02-25,12,3.13910068259386
2025-02-26,1,10.0833704563032
2025-02-26,2,10.8688842105263
2025-02-26,3,10.0139207920792
2025-02-26,6,12.6391041076487
2025-02-26,7,14.5283034188034
2025-02-26,8,10.3086221264368
2025-02-27,1,11.3381779911374
2025-02-27,2,11.6092974777448
2025-02-27,3,12.0172878338279
2025-02-27,6,13.2275466573816
2025-02-27,7,14.0687531734838
2025-02-27,8,11.4971755130927
2025-02-28,1,8.28289175686928
2025-02-28,2,8.39763982430454
2025-02-28,3,9.55554545454545
2025-02-28,6,11.9732814919071
2025-02-28,7,12.1650604781997
2025-02-28,8,9.0778078817734
2025-03-01,1,11.0549427710843
2025-03-01,2,10.0072465277778
2025-03-01,3,10.0691819757366
2025-03-01,6,12.1999355742297
2025-03-01,7,12.2855522074282
2025-03-01,8,10.0446565585331
2025-03-02,1,1.64152653748947
2025-03-02,2,0.252487838776928
2025-03-02,3,1.04792127659574
2025-03-02,6,3.67385476025017
2025-03-02,7,3.71291371994342
2025-03-02,8,0.285192471590909
2025-03-03,1,2.49970778720123
2025-03-03,2,1.52134612700628
2025-03-03,3,1.92792075736325
2025-03-03,6,5.31321269177127
2025-03-03,7,5.30571670190275
2025-03-03,8,1.06922088068182
2025-03-04,1,10.944499549955
2025-03-04,2,9.85085724331927
2025-03-04,3,9.71383262711864
2025-03-04,6,11.770247545582
2025-03-04,7,12.8279759036145
2025-03-04,8,8.14791035548686
2025-03-05,1,10.6248441780822
2025-03-05,2,10.310325310559
2025-03-05,3,11.047375862069
2025-03-05,6,12.0245353130016
2025-03-05,7,12.3673672752809
2025-03-05,8,10.6181229566453
2025-03-06,1,7.54904267844003
2025-03-06,2,7.34138108484006
2025-03-06,3,6.44693857493858
2025-03-06,4,15.1372
2025-03-06,6,8.82015202108963
2025-03-06,7,8.96516836734694
2025-03-06,8,7.35316690042076
2025-03-07,1,8.18107278020378
2025-03-07,2,8.14532175121612
2025-03-07,3,3.9398293135436
2025-03-07,4,7.46839265536723
2025-03-07,5,6.08670731707317
2025-03-07,6,10.4669754385965
2025-03-07,7,10.2329716039908
2025-03-07,8,8.00824536376605
2025-03-08,1,7.62247084870849
2025-03-08,2,7.3830438718663
2025-03-08,3,6.85035950413223
2025-03-08,4,6.3872875
2025-03-08,5,7.44707208029197
2025-03-08,6,9.82223610108303
2025-03-08,7,9.78156318914334
2025-03-08,8,7.18918677042802
2025-03-09,1,7.48174487471526
2025-03-09,2,6.89583373884834
2025-03-09,3,7.10955994256999
2025-03-09,4,7.35942161635833
2025-03-09,5,12.2290231092437
2025-03-09,6,9.62918558951965
2025-03-09,7,12.3317952497952
2025-03-09,8,6.56105827338129
2025-03-10,1,10.0351146723647
2025-03-10,2,9.75233379694019
2025-03-10,3,1.90970565302144
2025-03-10,4,11.7367595066804
2025-03-10,5,9.56109123307199
2025-03-10,6,11.5740617577197
2025-03-10,7,13.7489911634757
2025-03-10,8,9.19744403261675
2025-03-11,1,10.3732085235921
2025-03-11,2,9.87402229965157
2025-03-11,3,11.1078365310821
2025-03-11,4,10.6618373493976
2025-03-11,5,9.47000429491768
2025-03-11,6,12.4823264705882
2025-03-11,7,14.5604790104948
2025-03-11,8,9.3493375748503
2025-03-12,1,13.9419838585703
2025-03-12,2,13.0270626740947
2025-03-12,3,13.4340175070028
2025-03-12,4,14.4371264167393
2025-03-12,5,13.2905735607676
2025-03-12,6,15.6215188191882
2025-03-12,7,16.9300647109577
2025-03-12,8,12.8211542435424
2025-03-13,1,8.88997384615385
2025-03-13,2,8.76999930555556
2025-03-13,3,9.52530950570342
2025-03-13,4,10.2413701298701
2025-03-13,5,9.23825159914712
2025-03-13,6,10.5937786032689
2025-03-13,7,12.0467817371938
2025-03-13,8,8.79513313388182
2025-03-14,1,7.73431729323308
2025-03-14,2,7.55617790132036
2025-03-14,3,8.453
2025-03-14,4,8.04682261812548
2025-03-14,5,7.60292774566474
2025-03-14,6,9.57023443223443
2025-03-14,7,10.3269860805861
2025-03-14,8,7.53254457652303
2025-03-15,1,10.5939779897285
2025-03-15,2,10.8273826491092
2025-03-15,3,10.8243272283272
2025-03-15,4,11.2393195962994
2025-03-15,5,10.5137275565964
2025-03-15,6,12.6114072438163
2025-03-15,7,13.3228104575163
2025-03-15,8,10.5218294289898
2025-03-16,1,14.7983464566929
2025-03-16,2,14.7693153326905
2025-03-16,3,15.5764540337711
2025-03-16,4,14.8064387917329
2025-03-16,5,14.6272623302359
2025-03-16,6,15.4923714285714
2025-03-16,7,16.5380386329866
2025-03-16,8,14.442947761194
2025-03-17,1,13.2670489408327
2025-03-17,2,12.1686151079137
2025-03-17,3,13.3568307692308
2025-03-17,4,14.0414300673149
2025-03-17,5,10.4047683049147
2025-03-17,6,14.6857188715953
2025-03-17,7,15.2001400580552
2025-03-17,8,13.0202087272727
2025-03-18,1,9.90915676728335
2025-03-18,2,9.83049826268242
2025-03-18,3,15.3815957446809
2025-03-18,4,11.6216038687973
2025-03-18,5,10.4543175528041
2025-03-18,6,13.777525019857
2025-03-18,7,15.0070203927492
2025-03-18,8,10.1775799086758
2025-03-19,1,13.2723810660302
2025-03-19,2,13.1774457652303
2025-03-19,3,10.3518379888268
2025-03-19,4,14.7989277108434
2025-03-19,5,12.4378026874116
2025-03-19,6,15.2090832061069
2025-03-19,7,16.4016828193833
2025-03-19,8,12.2012811808118
2025-03-20,1,14.5362482369535
2025-03-20,2,12.3898770491803
2025-03-20,3,15.3616826923077
2025-03-20,4,13.9519230769231
2025-03-20,5,14.3154718309859
2025-03-20,6,15.355082781457
2025-03-20,7,17.0519300801165
2025-03-20,8,14.2783707458363
2025-03-21,1,10.2780906298003
2025-03-21,2,10.5826963562753
2025-03-21,3,10.94292
2025-03-21,4,11.0527260490895
2025-03-21,5,10.2160413105413
2025-03-21,6,14.2173887240356
2025-03-21,7,12.9061916426513
2025-03-21,8,9.99984509090909
2025-03-22,1,12.4184561403509
2025-03-22,2,13.0151436580238
2025-03-22,3,15.6556590693257
2025-03-22,4,13.136631097561
2025-03-22,5,12.7894143222506
2025-03-22,6,16.0791522762951
2025-03-22,7,15.6065195283714
2025-03-22,8,12.8665073964497
2025-03-23,1,11.6710406834825
2025-03-23,2,11.0536736256089
2025-03-23,3,11.6928902181562
2025-03-23,4,12.5391040412726
2025-03-23,5,11.1667000911577
2025-03-23,6,13.7300014760148
2025-03-23,7,14.8103367752184
2025-03-23,8,10.9065654411765
2025-03-24,1,10.3060542920029
2025-03-24,2,10.0981954102921
2025-03-24,3,10.3049744744745
2025-03-24,4,11.5284195171026
2025-03-24,5,10.3744697077691
2025-03-24,6,11.530221402214
2025-03-24,7,12.9259479392625
2025-03-24,8,10.2386674025018
2025-03-25,1,13.5090993377483
2025-03-25,2,13.7427720207254
2025-03-25,3,13.4920400280899
2025-03-25,4,13.7542366273799
2025-03-25,5,13.4828259911894
2025-03-25,6,15.2946875923191
2025-03-25,7,16.1962774343122
2025-03-25,8,12.979146577381
2025-03-26,1,10.524096848578
2025-03-26,2,10.0282731092437
2025-03-26,3,9.96911033950617
2025-03-26,4,10.8749564270153
2025-03-26,5,10.364360373295
2025-03-26,6,12.6745158850227
2025-03-26,7,12.9903167286245
2025-03-26,8,10.1646611940299
2025-03-27,1,9.18251750380517
2025-03-27,2,7.82913699582754
2025-03-27,3,8.87322417427969
2025-03-27,4,7.25863339731286
2025-03-27,5,13.436561461794
2025-03-27,6,11.036457122093
2025-03-27,7,12.5174817518248
2025-03-27,8,7.82717844136926
2025-03-28,1,12.390469341408
2025-03-28,2,12.1456796256299
2025-03-28,3,12.6240140350877
2025-03-28,4,12.6347218934911
2025-03-28,5,17.3167201257862
2025-03-28,6,14.6846060382916
2025-03-28,7,15.5299557057057
2025-03-28,8,12.2330353200883
2025-03-29,1,22.0792873730044
2025-03-29,2,22.0076901114206
2025-03-29,3,22.289100069979
2025-03-29,4,22.1603728813559
2025-03-29,5,22.1419587188612
2025-03-29,6,23.6256011949216
2025-03-29,7,24.1203379549393
2025-03-29,8,21.9800501474926
2025-03-30,1,21.6940048740861
2025-03-30,2,20.6747530864198
2025-03-30,3,21.0722979985174
2025-03-30,4,22.0022476190476
2025-03-30,5,20.8198575712144
2025-03-30,6,22.4128971962617
2025-03-30,7,23.7676639646279
2025-03-30,8,20.6905712050078
2025-03-31,1,23.3499222395023
2025-03-31,2,22.2751604278075
2025-03-31,3,20.3868421052632
2025-03-31,4,23.7555338223309
2025-03-31,5,22.7060820367751
2025-03-31,6,24.235826306914
2025-03-31,7,25.4917226277372
2025-03-31,8,22.4647321428571
2025-04-01,1,12.8173895870736
2025-04-01,2,11.5073372921615
2025-04-01,3,12.4457255048616
2025-04-01,4,15.2016308823529
2025-04-01,5,12.2626786248132
2025-04-01,6,13.352054029304
2025-04-01,7,15.8534930619796
2025-04-01,8,12.2649489329268
2025-04-02,1,10.7607424511545
2025-04-02,2,10.4791295754026
2025-04-02,3,12.1110408011869
2025-04-02,5,14.1124709897611
2025-04-02,6,12.652576070901
2025-04-02,7,11.6261675126904
2025-04-02,8,11.5843034188034
2025-04-03,1,20.7411367521368
2025-04-03,2,18.5237640449438
2025-04-03,3,17.1916666666667
2025-04-03,5,21.6343545010468
2025-04-03,6,22.1366980244591
2025-04-03,7,20.8534472934473
2025-04-03,8,22.1664693295292
2025-04-04,1,22.7012563176895
2025-04-04,2,22.3690353982301
2025-04-04,3,22.7909753483387
2025-04-04,5,22.4221089879689
2025-04-04,6,23.6360791366906
2025-04-04,7,21.7912304409673
2025-04-04,8,22.783209700428
2025-04-05,1,18.5099689440994
2025-04-05,2,18.3729515418502
2025-04-05,3,18.6381525542337
2025-04-05,5,18.444878397711
2025-04-05,6,19.3346449275362
2025-04-05,7,17.5752548456569
2025-04-05,8,18.5547295321637
2025-04-06,1,14.7345239968529
2025-04-06,2,14.5363212795549
2025-04-06,3,14.9817523533671
2025-04-06,5,14.6231362653208
2025-04-06,6,15.4803330919623
2025-04-06,7,13.9100144927536
2025-04-06,8,14.7524712643678
2025-04-07,1,8.36765756302521
2025-04-07,2,7.95091776570985
2025-04-07,3,8.54133677521843
2025-04-07,5,8.20464964028777
2025-04-07,6,8.62929458483755
2025-04-07,7,7.95326850094877
2025-04-07,8,8.05224409448819
2025-04-08,1,7.92321507064364
2025-04-08,2,7.76570801393728
2025-04-08,3,8.35052916373858
2025-04-08,5,9.59416860465116
2025-04-08,6,9.39541618075802
2025-04-08,7,9.052
2025-04-08,8,8.55869885550787
2025-04-09,1,8.09247865353038
2025-04-09,2,7.52721969140338
2025-04-09,3,8.31190254872564
2025-04-09,5,12.7478390297685
2025-04-09,6,9.70012688821752
2025-04-09,7,8.05123646496815
2025-04-09,8,7.94147054380665
2025-04-10,1,11.1387288414133
2025-04-10,2,11.102965034965
2025-04-10,3,11.6469009135629
2025-04-10,5,11.5286341463415
2025-04-10,6,12.1397088514996
2025-04-10,7,10.7948448918717
2025-04-10,8,11.720561550152
2025-04-11,1,8.11621408182683
2025-04-11,2,8.03206641366224
2025-04-11,3,8.40136670687575
2025-04-11,5,8.23460663841808
2025-04-11,6,8.51211578947368
2025-04-11,7,7.45881094527363
2025-04-11,8,8.16586258865248
2025-04-12,1,8.32005165692008
2025-04-12,2,7.6836223922114
2025-04-12,3,8.18428461538462
2025-04-12,5,8.12976695526696
2025-04-12,6,8.49752650689906
2025-04-12,8,7.72336318051576
2025-04-13,1,12.9082866766467
2025-04-13,2,12.4359610027855
2025-04-13,3,12.8795828047921
2025-04-13,5,13.1433851508121
2025-04-13,6,13.5832783803326
2025-04-13,8,12.0022406832298
2025-04-14,1,14.976514261745
2025-04-14,2,12.7841005025126
2025-04-14,3,12.5751034482759
2025-04-14,5,17.327
2025-04-14,6,17.2304110169492
2025-04-14,8,16.3055877256318
2025-04-15,1,16.8724889217134
2025-04-15,2,16.355765391015
2025-04-15,3,17.1596598639456
2025-04-15,5,17.9858333333333
2025-04-15,6,17.3418153607448
2025-04-15,8,17.2853318903319
2025-04-16,1,13.7232013536379
2025-04-16,2,13.6247722841226
2025-04-16,3,13.8330996240602
2025-04-16,5,15.63932079489
2025-04-16,6,14.1970750750751
2025-04-16,8,14.1165774545455
2025-04-17,1,12.2828420551855
2025-04-17,2,11.1137693981146
2025-04-17,3,11.9423141732283
2025-04-17,5,14.4146272321429
2025-04-17,6,13.7565175242356
2025-04-17,8,13.1278849840256
2025-04-18,1,18.3418854262145
2025-04-18,2,16.1799529243937
2025-04-18,3,15.0272965747703
2025-04-18,5,17.221053304904
2025-04-18,6,17.6751115107914
2025-04-18,8,15.2205731225296
2025-04-19,1,24.7757698289269
2025-04-19,2,24.5216095171449
2025-04-19,3,24.980468401487
2025-04-19,5,25.5164957264957
2025-04-19,6,25.5340173638516
2025-04-19,8,24.4303843008994
2025-04-20,1,22.7280834752981
2025-04-20,2,21.9853969359331
2025-04-20,3,23.5064332247557
2025-04-20,5,23.2084014869888
2025-04-20,6,23.3543048973144
2025-04-20,8,22.27345053148
2025-04-21,1,19.1536754966887
2025-04-21,2,18.6975108853411
2025-04-21,3,18.4905081826012
2025-04-21,5,19.5603769559033
2025-04-21,6,19.7129229406554
2025-04-21,8,18.2144982993197
2025-04-22,1,23.5353739398612
2025-04-22,2,23.9096033402923
2025-04-22,3,24.8738063063063
2025-04-22,5,25.8794172494172
2025-04-22,6,25.5308394160584
2025-04-22,8,24.2925984251969
2025-04-23,1,20.6309582689335
2025-04-23,2,19.6967703549061
2025-04-23,3,21.4656962025316
2025-04-23,5,21.3145862800566
2025-04-23,6,21.3850216138329
2025-04-23,8,20.2696784830998
2025-04-24,1,20.2480638641876
2025-04-24,2,19.6434245014245
2025-04-24,3,18.9910669683258
2025-04-24,5,21.1807727272727
2025-04-24,6,21.6227402912621
2025-04-24,8,19.192178700361
2025-04-25,1,21.6057166666667
2025-04-25,2,20.1242562408223
2025-04-25,3,20.9503289877301
2025-04-25,5,21.8231578947368
2025-04-25,6,21.8474219096965
2025-04-25,8,21.0622426850258
2025-04-26,1,21.0132742440042
2025-04-26,2,20.5216362308254
2025-04-26,3,21.5093110435664
2025-04-26,5,21.3047584715213
2025-04-26,6,21.3543095930233
2025-04-26,8,20.6886100676183
2025-04-27,1,17.5049558417663
2025-04-27,2,17.36765237366
2025-04-27,3,17.1796549885758
2025-04-27,5,18.9116657122405
2025-04-27,6,18.0436293604651
2025-04-27,8,16.6750702416918
2025-04-28,1,17.6021915846016
2025-04-28,2,17.3187842993397
2025-04-28,3,18.1255265151515
2025-04-28,5,18.0227049050633
2025-04-28,6,18.9110014357502
2025-04-28,8,17.8773150123052
2025-04-29,1,22.865324221716
2025-04-29,2,22.9032027463651
2025-04-29,3,22.4187287753569
2025-04-29,5,23.8335086956522
2025-04-29,6,24.9432290852228
2025-04-29,8,22.9639918215613
2025-04-30,1,26.4244621212121
2025-04-30,2,26.9764772727273
2025-04-30,3,27.3716103896104
2025-04-30,5,28.1168088130775
2025-04-30,6,27.2515647226174
2025-04-30,8,27.0503639120546
2025-05-01,1,23.9484337349398
2025-05-01,2,24.1342447552448
2025-05-01,3,25.3712148823083
2025-05-01,5,25.2826149425287
2025-05-01,6,26.5333229813665
2025-05-01,8,26.315955165692
2025-05-02,1,26.9271023151606
2025-05-02,2,26.5239601593625
2025-05-02,3,25.67703366697
2025-05-02,5,28.4023598820059
2025-05-02,6,29.1051102040816
2025-05-02,8,28.5078841088674
2025-05-03,1,26.0068887015177
2025-05-03,2,25.2253148425787
2025-05-03,3,25.6819341894061
2025-05-03,5,27.287144
2025-05-03,6,26.9470473970474
2025-05-03,8,24.7403395311237
2025-05-04,1,20.3562655279503
2025-05-04,2,20.3707256235828
2025-05-04,3,19.8316293929712
2025-05-04,5,21.2350351123596
2025-05-04,6,21.1830516817063
2025-05-04,8,20.7885280373832
2025-05-05,1,20.6997836774828
2025-05-05,2,21.6374479568234
2025-05-05,3,22.715447761194
2025-05-05,5,22.5861119081779
2025-05-05,6,22.618281838734
2025-05-05,8,22.0996388650043
2025-05-06,1,21.8582583170254
2025-05-06,2,22.6497035573123
2025-05-06,3,23.5226174496644
2025-05-06,5,24.2962404447533
2025-05-06,6,22.2849448345035
2025-05-06,8,21.3142190669371
2025-05-07,1,22.7936040609137
2025-05-07,2,21.505023400936
2025-05-07,3,20.5701075268817
2025-05-07,5,23.9021413427562
2025-05-07,6,24.0268480909829
2025-05-07,8,22.4443545454545
2025-05-08,1,21.448298791019
2025-05-08,2,21.5984458398744
2025-05-08,3,24.2676307692308
2025-05-08,5,23.6748874824191
2025-05-08,6,24.7452076923077
2025-05-08,8,20.2849941792782
2025-05-09,1,16.1673484267076
2025-05-09,2,16.1752550805886
2025-05-09,3,16.2522357723577
2025-05-09,5,17.3322142348754
2025-05-09,6,17.2940372759857
2025-05-09,8,16.4028126780627
2025-05-10,1,18.882609613984
2025-05-10,2,18.2762743859649
2025-05-10,3,20.772309031556
2025-05-10,5,20.6955084865629
2025-05-10,6,20.399533664068
2025-05-10,8,18.8252437223043
2025-05-11,1,23.1861422087746
2025-05-11,2,22.0521423436377
2025-05-11,3,22.9234253361642
2025-05-11,5,24.422175761871
2025-05-11,6,24.2122367465505
2025-05-11,8,22.9916547277937
2025-05-12,1,23.1852173913043
2025-05-12,2,22.2283546099291
2025-05-12,3,22.6773030056864
2025-05-12,5,23.7486393088553
2025-05-12,6,24.1959113652609
2025-05-12,8,22.423506401138
2025-05-13,1,19.4624424424424
2025-05-13,2,19.6720744186047
2025-05-13,3,20.0623905325444
2025-05-13,5,19.7774805928017
2025-05-13,6,20.0991270611057
2025-05-13,7,18.1065517241379
2025-05-13,8,19.4930832708177
2025-05-14,1,20.8503430531732
2025-05-14,2,20.5790476190476
2025-05-14,3,22.1076
2025-05-14,5,21.5188370473538
2025-05-14,6,22.0925305410122
2025-05-14,7,20.2498942172073
2025-05-14,8,20.9446935832733
2025-05-15,1,24.7217471590909
2025-05-15,2,22.5163260025873
2025-05-15,3,22.7253463203463
2025-05-15,5,26.434009762901
2025-05-15,6,25.6459670164918
2025-05-15,7,24.1034862385321
2025-05-15,8,25.2769524495677
2025-05-16,1,27.5362368672397
2025-05-16,2,23.5069982547993
2025-05-16,3,24.5149736379613
2025-05-16,5,29.4460973282443
2025-05-16,6,29.5198815931109
2025-05-16,7,26.9609464627151
2025-05-16,8,27.8931827111984
2025-05-19,1,24.5395994277539
2025-05-19,2,24.2012517385257
2025-05-19,3,24.6262885154062
2025-05-19,5,27.148520625889
2025-05-19,6,25.1362994350282
2025-05-19,7,23.7207814761216
2025-05-19,8,24.6672408759124
2025-05-20,1,19.6525595695619
2025-05-20,2,18.9487885628292
2025-05-20,3,19.3604290171607
2025-05-20,5,20.6553395282345
2025-05-20,6,20.6347881996974
2025-05-20,7,18.4696728307255
2025-05-20,8,18.9951101634684
2025-05-21,1,14.5117446176689
2025-05-21,2,14.8904895104895
2025-05-21,3,15.1915757575758
2025-05-21,5,14.6378819444444
2025-05-21,6,14.6887951807229
2025-05-21,7,14.0029820452771
2025-05-21,8,14.4916247304098
2025-05-22,1,15.5497297297297
2025-05-22,2,16.1122631578947
2025-05-22,3,16.1215384615385
2025-05-22,5,15.7521542738013
2025-05-22,6,16.5493822393822
2025-05-22,7,15.0671206774876
2025-05-22,8,15.6475018867925
2025-05-23,1,16.9113135914958
2025-05-23,2,18.12640625
2025-05-23,3,17.7066028708134
2025-05-23,5,18.639707232267
2025-05-23,6,20.4371794871795
2025-05-23,7,16.6327741707833
2025-05-23,8,17.2953323699422
2025-05-24,1,17.8709835423197
2025-05-24,2,19.5267913117547
2025-05-24,3,20.0487947976879
2025-05-24,5,20.4604204225352
2025-05-24,6,20.8713505843072
2025-05-24,7,17.3949563687544
2025-05-24,8,18.002829390681
2025-05-25,1,19.1134226579521
2025-05-25,2,18.8794477172312
2025-05-25,3,20.4142210884354
2025-05-25,5,21.2867423269094
2025-05-25,6,20.2492182849043
2025-05-25,7,18.7420949963742
2025-05-25,8,18.9636945636624
2025-05-26,1,19.9322103658537
2025-05-26,2,19.0658100558659
2025-05-26,3,20.2203376205788
2025-05-26,5,21.3522111977321
2025-05-26,6,20.2090622763064
2025-05-26,7,18.7039631988677
2025-05-26,8,19.609349890431
2025-05-27,1,17.8310265183918
2025-05-27,2,16.9125195578231
2025-05-27,3,16.9959738846572
2025-05-27,5,18.5163737658674
2025-05-27,6,18.217468175389
2025-05-27,7,16.6741618780659
2025-05-27,8,17.3755414012739
2025-05-28,1,13.4089608177172
2025-05-28,2,13.0641379310345
2025-05-28,3,14.3644562899787
2025-05-28,5,14.417350611951
2025-05-28,6,14.6131419624217
2025-05-28,7,13.4612123745819
2025-05-28,8,14.1744867193108
2025-05-29,1,21.5379005524862
2025-05-29,2,16.7661538461538
2025-05-29,3,20.9855489614243
2025-05-29,5,20.8292031029619
2025-05-29,6,20.405335235378
2025-05-29,7,19.0512745098039
2025-05-29,8,19.8720664739884
2025-05-30,1,25.4867319277108
2025-05-30,2,27.0561265432099
2025-05-30,3,22.5133394495413
2025-05-30,5,24.6765449438202
2025-05-30,6,24.3998722316865
2025-05-30,7,23.0555752212389
2025-05-30,8,23.1571054493984
2025-05-31,2,19.1155053191489
2025-05-31,3,19.9556433007986
2025-05-31,5,19.8755162659123
2025-05-31,6,19.1185095812633
2025-05-31,7,18.6882966507177
2025-05-31,8,18.3411079545455
2025-06-01,2,22.687079787234
2025-06-01,3,17.7017336122734
2025-06-01,5,19.7433733144074
2025-06-01,6,18.7410014194464
2025-06-01,7,17.8739192897498
2025-06-01,8,17.4975967399008
2025-06-02,2,22.9653887711864
2025-06-02,3,19.3735481843575
2025-06-02,5,21.2787944720057
2025-06-02,6,20.350045325779
2025-06-02,7,19.8525825335893
2025-06-02,8,19.1913133476089
2025-06-03,2,22.0407317073171
2025-06-03,3,21.5656297842728
2025-06-03,5,23.2821926671459
2025-06-03,6,22.5569602272727
2025-06-03,7,20.4543078004216
2025-06-03,8,21.4076571428571
2025-06-04,1,26.6733846153846
2025-06-04,2,25.4705503875969
2025-06-04,3,24.705041958042
2025-06-04,5,26.1621352313167
2025-06-04,6,25.6588502484031
2025-06-04,7,24.0302883922134
2025-06-04,8,24.5141956059532
2025-06-05,1,25.712542503864
2025-06-05,2,24.7500557103064
2025-06-05,3,24.9295283714075
2025-06-05,5,25.8945558958652
2025-06-05,6,26.1029140014215
2025-06-05,7,24.9373007518797
2025-06-05,8,25.0418324982105
2025-06-06,1,25.9871125098348
2025-06-06,2,24.7925458715596
2025-06-06,3,25.4547647498133
2025-06-06,5,27.0238543897216
2025-06-06,6,26.2338273381295
2025-06-06,7,25.5042753036437
2025-06-06,8,25.4140256045519
2025-06-07,1,25.8474695121951
2025-06-07,2,25.1901389854065
2025-06-07,3,25.8767531556802
2025-06-07,5,27.3203796561605
2025-06-07,6,26.9533095067906
2025-06-07,7,25.0219708588957
2025-06-07,8,25.8175142450142
2025-06-08,1,23.3205568445476
2025-06-08,2,23.1766439909297
2025-06-08,3,22.6434802431611
2025-06-08,5,24.114540311174
2025-06-08,6,25.6734308131241
2025-06-08,7,22.3880882352941
2025-06-08,8,23.2245299145299
2025-06-09,1,26.5450346420323
2025-06-09,2,26.9274233128834
2025-06-09,3,26.1304497354497
2025-06-09,5,28.2958403361345
2025-06-09,6,28.1304939341421
2025-06-09,7,25.4177942212826
2025-06-09,8,26.5502065527066
2025-06-10,1,27.5456538170824
2025-06-10,2,27.0366043956044
2025-06-10,3,27.0182634730539
2025-06-10,5,29.5442956764296
2025-06-10,6,27.5184770784771
2025-06-10,7,26.4228825622776
2025-06-10,8,27.3105266903915
2025-06-11,1,26.867581120944
2025-06-11,2,26.3594533029613
2025-06-11,3,31.1059274193548
2025-06-11,5,29.942175543886
2025-06-11,6,27.8063117066291
2025-06-11,7,25.7095853829937
2025-06-11,8,26.7128520625889
2025-06-12,1,28.6606074411541
2025-06-12,2,27.7070013947001
2025-06-12,3,28.078744804655
2025-06-12,5,30.6790694345025
2025-06-12,6,28.5882278481013
2025-06-12,7,27.0099577464789
2025-06-12,8,28.1397924123121
2025-06-13,1,29.1661464690497
2025-06-13,2,28.31554001554
2025-06-13,3,28.364
2025-06-13,5,29.2162374821173
2025-06-13,6,28.5157010014306
2025-06-13,7,27.4748950524738
2025-06-13,8,28.6499584717608
2025-06-14,1,26.9815716753022
2025-06-14,2,26.1860111576011
2025-06-14,3,24.7646257668712
2025-06-14,5,27.6097881355932
2025-06-14,6,26.6604214285714
2025-06-14,7,25.1118964259664
2025-06-15,1,20.0675
2025-06-15,2,20.1560972716489
2025-06-15,3,19.5626382978723
2025-06-15,5,20.4975507347796
2025-06-15,6,20.5504077669903
2025-06-15,7,19.3861259956553
2025-06-15,8,21.4707692307692
2025-06-16,1,19.5938380566802
2025-06-16,2,19.6497872340426
2025-06-16,3,19.8002390438247
2025-06-16,5,20.0104120111732
2025-06-16,6,19.7604692387904
2025-06-16,7,18.710435413643
2025-06-17,1,23.52906128782
2025-06-17,2,22.6396242424242
2025-06-17,3,21.9483877995643
2025-06-17,5,24.803605870021
2025-06-17,6,24.1503727200634
2025-06-17,7,22.7589528795812
2025-06-17,8,25.9958108108108
2025-06-18,1,28.0064728682171
2025-06-18,2,26.3170187793427
2025-06-18,3,27.0661904761905
2025-06-18,5,29.0753016241299
2025-06-18,6,28.3123349056604
2025-06-18,7,26.5883294117647
2025-06-18,8,31.8090643274854
2025-06-19,1,24.3687301587302
2025-06-19,2,26.2670797720798
2025-06-19,3,29.9627811860941
2025-06-19,5,27.8898695652174
2025-06-19,6,27.043833819242
2025-06-19,7,25.4414718614719
2025-06-19,8,26.5722418879056
2025-06-20,1,25.858737254902
2025-06-20,2,25.8481375955525
2025-06-20,3,29.0483058823529
2025-06-20,5,28.7591258741259
2025-06-20,6,28.9112949640288
2025-06-20,7,25.2141937765205
2025-06-20,8,26.2830681818182
2025-06-21,1,28.6162879884226
2025-06-21,2,29.3014456035768
2025-06-21,3,32.1674711815562
2025-06-21,5,32.0265965439519
2025-06-21,6,29.8410980103169
2025-06-21,7,27.8671736011478
2025-06-21,8,28.862134502924
2025-06-22,1,29.9498616761595
2025-06-22,2,29.6882306018854
2025-06-22,3,35.2446898803047
2025-06-22,5,31.8090007137759
2025-06-22,6,30.0949809305873
2025-06-22,7,28.6485073472544
2025-06-22,8,29.6857697740113
2025-06-23,1,32.6265522501907
2025-06-23,2,32.3526709863211
2025-06-23,3,34.7414390602056
2025-06-23,5,35.2425774647887
2025-06-23,6,32.4339365815932
2025-06-23,7,31.8262009063444
2025-06-23,8,32.5272918175235
2025-06-24,1,32.3645363984674
2025-06-24,2,32.4630447761194
2025-06-24,3,34.1196420047733
2025-06-24,5,35.3694456601021
2025-06-24,6,32.7841945288754
2025-06-24,7,31.2789909638554
2025-06-24,8,32.291813989239
2025-06-25,1,29.6504597701149
2025-06-25,2,29.3695744680851
2025-06-25,3,30.0307713754647
2025-06-25,5,31.2052923538231
2025-06-25,6,29.5701960784314
2025-06-25,7,29.2598554216867
2025-06-25,8,29.6126339622642
2025-06-26,1,31.0693307839388
2025-06-26,2,30.6145226130653
2025-06-26,3,29.8424504361618
2025-06-26,5,30.4691593567251
2025-06-26,6,31.3401070663812
2025-06-26,7,29.8433145672062
2025-06-26,8,30.5211617961511
2025-06-27,1,21.7683375527426
2025-06-27,2,21.8165286236297
2025-06-27,3,21.9166252587992
2025-06-27,5,21.9544576627012
2025-06-27,6,21.9752526215443
2025-06-27,7,21.0766807610994
2025-06-27,8,20.5761366711773
2025-06-28,1,28.7706145833333
2025-06-28,2,29.0421827411168
2025-06-28,3,27.4287179487179
2025-06-28,5,27.4285863509749
2025-06-28,6,28.3925888324873
2025-06-28,7,26.8444637681159
2025-06-29,1,29.6604262295082
2025-06-29,2,27.0351688009313
2025-06-29,3,28.4810738255034
2025-06-29,5,28.9235913528591
2025-06-29,6,28.7566641337386
2025-06-29,7,28.1882299012694
2025-06-30,1,29.5435805422648
2025-06-30,2,30.2893339100346
2025-06-30,3,28.3069448584203
2025-06-30,5,30.0468236120871
2025-06-30,6,30.5401133144476
2025-06-30,7,29.4336646884273
2025-07-01,1,30.7906092254134
2025-07-01,2,28.969689119171
2025-07-01,3,29.6084592145015
2025-07-01,5,29.4733960948396
2025-07-01,6,30.1246494464945
2025-07-01,7,28.7940848056537
2025-07-02,1,29.8732543859649
2025-07-02,2,27.143322528363
2025-07-02,3,27.1537209302326
2025-07-02,5,26.6882959326788
2025-07-02,6,26.926887791108
2025-07-02,7,25.9046388682055
2025-07-03,1,34.0174733096085
2025-07-03,2,29.0514405010438
2025-07-03,3,29.4130272952854
2025-07-03,5,28.1190152671756
2025-07-03,6,29.564395365677
2025-07-03,7,28.4438017118402
2025-07-04,1,33.0682915057915
2025-07-04,2,26.3640697674419
2025-07-04,3,26.7870267260579
2025-07-04,5,27.4629017160686
2025-07-04,6,27.7096686303387
2025-07-04,7,27.457417162277
2025-07-05,1,32.8491489361702
2025-07-05,2,28.5209660107335
2025-07-05,3,26.1563624678663
2025-07-05,5,26.5136034115139
2025-07-05,6,28.3940768651093
2025-07-05,7,26.9229664324746
2025-07-06,1,32.9992337662338
2025-07-06,2,28.947
2025-07-06,3,29.9884583333333
2025-07-06,5,28.3297340797761
2025-07-06,6,30.372167673716
2025-07-06,7,27.7979380603097
2025-07-07,1,32.8388685344828
2025-07-07,2,30.1035472972973
2025-07-07,3,29.6681640625
2025-07-07,5,29.0223504867872
2025-07-07,6,29.9826445643793
2025-07-07,7,28.1529804804805
2025-07-08,1,38.2510804020101
2025-07-08,2,29.721880952381
2025-07-08,3,30.3162992922144
2025-07-08,5,29.624244011976
2025-07-08,6,29.7650409530901
2025-07-08,7,28.9368369489153
2025-07-09,1,23.6241037735849
2025-07-09,2,28.1037254901961
2025-07-09,3,28.308318085855
2025-07-09,5,28.0410357142857
2025-07-09,6,13.1802194092827
2025-07-09,7,27.0477740585774
2025-07-10,1,30.2869254901961
2025-07-10,2,25.8080977845684
2025-07-10,3,26.2188741258741
2025-07-10,5,25.9590322580645
2025-07-10,6,4.33639939485628
2025-07-10,7,25.5787435328899
2025-07-11,1,31.4667902208202
2025-07-11,2,28.8736161335188
2025-07-11,3,28.1179550561798
2025-07-11,5,28.7558527954706
2025-07-11,6,5.6763120124805
2025-07-11,7,28.288928067701
2025-07-12,1,29.2063629402756
2025-07-12,2,28.1515012510425
2025-07-12,3,28.2377631578947
2025-07-12,5,28.9126178747361
2025-07-12,6,4.35095772058824
2025-07-12,7,28.3041122807018
2025-07-13,1,28.5256892430279
2025-07-13,2,27.6700350877193
2025-07-13,3,27.6065804597701
2025-07-13,5,28.5750139664804
2025-07-13,6,1.9501626984127
2025-07-13,7,27.9205281690141
2025-07-14,1,29.3514087117702
2025-07-14,2,28.8864216634429
2025-07-14,3,28.4067142857143
2025-07-14,5,28.2235564853556
2025-07-14,6,1.698125
2025-07-14,7,27.5959087719298
2025-07-15,1,28.8073859242073
2025-07-15,2,30.5530416666667
2025-07-15,3,28.6673060344828
2025-07-15,5,28.2623071528752
2025-07-15,6,1.39991428571429
2025-07-15,7,27.9145111731844
2025-07-16,1,29.0642760690173
2025-07-16,2,32.4096006944444
2025-07-16,3,30.5126494565217
2025-07-16,5,28.950021111893
2025-07-16,6,0.934129032258065
2025-07-16,7,28.3521243885395
2025-07-17,1,30.4190699523052
2025-07-17,2,33.3302713987474
2025-07-17,3,29.5052710495963
2025-07-17,5,30.1708079268293
2025-07-17,6,0.253285714285714
2025-07-17,7,32.0019131044149
2025-07-18,1,28.2571884057971
2025-07-18,2,30.964502967359
2025-07-18,3,29.5593745232647
2025-07-18,5,28.1217852062589
2025-07-18,7,29.2947759103641
2025-07-19,1,27.3644840961986
2025-07-19,2,29.3679396226415
2025-07-19,3,28.7581232091691
2025-07-19,5,27.5920223880597
2025-07-19,7,27.8618697478992
2025-07-20,1,27.8108223972004
2025-07-20,2,31.6310253456221
2025-07-20,3,29.4005063291139
2025-07-20,5,28.9378836720392
2025-07-20,7,30.2461527680448
2025-07-21,1,27.4182119682769
2025-07-21,2,30.645477568741
2025-07-21,3,31.7331770045386
2025-07-21,5,27.5095903614458
2025-07-21,7,29.1058116654954
2025-07-22,1,27.4205238467553
2025-07-22,2,30.7391801510248
2025-07-22,3,28.4282175925926
2025-07-22,5,26.3439209948793
2025-07-22,7,28.9172008397481
2025-07-23,1,28.800958677686
2025-07-23,2,33.2175139977604
2025-07-23,3,30.0814621409922
2025-07-23,5,28.138866340098
2025-07-23,7,30.2558837772397
2025-07-24,1,28.0114752791069
2025-07-24,2,31.9251847826087
2025-07-24,3,27.7697526501767
2025-07-24,5,28.3401422155689
2025-07-24,7,30.259299719888
2025-07-25,1,30.1233471760797
2025-07-25,2,31.7493036912752
2025-07-25,3,29.5160330578512
2025-07-25,5,29.9165007429421
2025-07-25,7,31.444897810219
2025-07-26,1,29.8973065250379
2025-07-26,2,33.0094885100074
2025-07-26,3,30.8698732840549
2025-07-26,5,29.5627583527584
2025-07-26,7,31.1101690140845
2025-07-27,1,28.1917089201878
2025-07-27,2,30.2011651469098
2025-07-27,3,27.3678846153846
2025-07-27,5,27.7188952071487
2025-07-27,7,28.9942383107089
2025-07-28,1,31.0435034013605
2025-07-28,2,33.8071338028169
2025-07-28,3,32.1351149425287
2025-07-28,5,28.6524794144556
2025-07-28,7,31.9743340532757
2025-07-29,1,30.1655086206897
2025-07-29,2,32.7619083395943
2025-07-29,3,33.2876796973518
2025-07-29,5,30.1729688747007
2025-07-29,7,31.7526292466765
2025-07-30,1,30.4702781954887
2025-07-30,2,33.0093333333333
2025-07-30,3,31.9626600985222
2025-07-30,5,31.0915186915888
2025-07-30,7,31.891179138322
2025-07-31,1,27.7146153846154
2025-07-31,2,29.6236972343523
2025-07-31,3,29.5497105643994
2025-07-31,5,27.7738358103326
2025-07-31,7,28.1930664760543
2025-08-01,1,21.9264615384615
2025-08-01,2,22.2507159716758
2025-08-01,3,23.0877137870855
2025-08-01,5,21.8866385964912
2025-08-01,7,21.2620056100982
2025-08-02,2,19.3995238095238
2025-08-02,3,19.3115789473684
2025-08-02,5,19.5542857142857
2025-08-02,7,18.455
2025-08-04,1,27.7415544041451
2025-08-04,2,28.957763496144
2025-08-04,3,30.9813106796117
2025-08-04,5,28.7541764705882
2025-08-04,7,29.5936322869955
2025-08-05,1,23.5560070671378
2025-08-05,2,25.0609551098376
2025-08-05,3,24.0302985074627
2025-08-05,5,23.2879776951673
2025-08-05,7,23.6554782608696
2025-08-06,1,23.6493187552565
2025-08-06,2,23.6806457399103
2025-08-06,3,24.0264938271605
2025-08-06,5,23.3675087473758
2025-08-06,7,23.4534071729958
2025-08-07,1,25.3384712837838
2025-08-07,2,25.7150691823899
2025-08-07,3,27.9817154811715
2025-08-07,5,25.8239402985075
2025-08-07,7,25.8930948419301
2025-08-08,1,23.5412478031634
2025-08-08,2,24.8033628318584
2025-08-08,5,23.7790396341463
2025-08-08,7,23.0486870229008
2025-08-13,1,28.1123096129838
2025-08-13,2,30.1582998171846
2025-08-13,5,27.8800896860987
2025-08-13,7,28.0327803738318
2025-08-14,1,26.8430007917656
2025-08-14,2,28.101771019678
2025-08-14,5,27.5882118707739
2025-08-14,7,29.0467587034814
2025-08-15,1,29.4659429000751
2025-08-15,2,31.6038344988345
2025-08-15,5,29.986329394387
2025-08-15,7,32.2793442622951
2025-08-16,1,28.5337593984962
2025-08-16,2,31.4965943877551
2025-08-16,5,28.9941352859135
2025-08-17,1,28.987370030581
2025-08-17,2,31.8104561403509
2025-08-17,5,28.7459220598469
2025-08-17,7,30.9096576032226
2025-08-18,1,21.823074670571
2025-08-18,2,21.7218781094527
2025-08-18,5,21.8261227336123
2025-08-18,7,20.9005952380952
2025-08-19,1,20.8664763458401
2025-08-19,2,21.1620833333333
2025-08-19,5,20.88460496614
2025-08-19,7,19.9537148876404
2025-08-20,1,25.6625568181818
2025-08-20,2,25.9837025316456
2025-08-20,5,25.1849652777778
2025-08-20,7,24.8447765363128
2025-08-21,1,21.0691225165563
2025-08-21,2,21.8501741803279
2025-08-21,5,21.2016492693111
2025-08-21,7,19.8394155844156
2025-08-22,1,22.893796875
2025-08-22,2,23.5373794549266
2025-08-22,5,24.1954551772064
2025-08-22,7,29.807109375
2025-08-23,1,23.4874274661509
2025-08-23,2,23.4783402489627
2025-08-23,5,24.2759624739402
2025-08-23,7,27.2176666666667
2025-08-24,1,24.7250335008375
2025-08-24,2,25.5257322175732
2025-08-24,5,25.4796436525612
2025-08-24,7,23.1656720827179
2025-08-25,1,25.194632721202
2025-08-25,2,25.4786520376176
2025-08-25,5,25.6473221757322
2025-08-25,7,27.2873439273553
2025-08-26,1,21.7024116743472
2025-08-26,2,26.2920992907801
2025-08-26,5,23.2522566037736
2025-08-26,7,21.5131925465839
2025-08-27,1,22.374627887083
2025-08-27,2,23.6618469656992
2025-08-27,5,23.3087382779199
2025-08-27,7,21.5894424330196
2025-08-28,1,22.4528792912514
2025-08-28,2,23.6296057692308
2025-08-28,5,22.2056178050652
2025-08-28,7,21.7676657263752
2025-08-29,1,20.4850087260035
2025-08-29,2,23.1794011976048
2025-08-29,5,22.53641564084
2025-08-29,7,21.5413615023474
2025-08-30,1,18.2991532599492
2025-08-30,2,19.9567628865979
2025-08-30,5,19.7795512341062
2025-08-30,7,20.6681643356643
2025-08-31,1,17.5026526526527
2025-08-31,2,19.8969446738233
2025-08-31,5,19.7184583041345
2025-09-01,1,21.4652828685259
2025-09-01,2,22.4589930555556
2025-09-01,5,21.0917634092579
2025-09-01,7,27.5077777777778
2025-09-02,1,20.8589140271493
2025-09-02,2,23.1314472123369
2025-09-02,5,21.6819361856418
2025-09-02,7,21.784060822898
2025-09-03,1,23.1030434782609
2025-09-03,2,24.7795545657016
2025-09-03,5,21.9771914264597
2025-09-03,7,22.535391634981
2025-09-04,1,23.6952923076923
2025-09-04,2,25.2520689655172
2025-09-04,5,25.4908896034298
2025-09-04,7,24.0613519470977
2025-09-05,1,25.4554772234273
2025-09-05,2,27.0175570032573
2025-09-05,5,26.312505399568
2025-09-05,7,24.8569152046784
2025-09-06,1,25.6302863436123
2025-09-06,2,28.0729126213592
2025-09-06,5,27.6344393801276
2025-09-06,7,26.0297631012204
2025-09-07,1,19.2919171405361
2025-09-07,2,19.1945789473684
2025-09-07,5,19.3091660875608
2025-09-07,7,19.5355949741316
2025-09-08,1,19.4327205882353
2025-09-08,2,20.3645208845209
2025-09-08,5,18.5764518518519
2025-09-08,7,20.9839134355275
2025-09-09,1,21.0925190839695
2025-09-09,2,21.3055287009063
2025-09-09,5,21.3661126961484
2025-09-09,7,21.3274012921752
2025-09-10,1,18.9295048629531
2025-09-10,2,20.7297894736842
2025-09-10,5,19.2627708333333
2025-09-10,7,18.5977652050919
2025-09-11,1,21.5862970936491
2025-09-11,2,23.7097524752475
2025-09-11,5,22.4801111883252
2025-09-11,7,22.3546175438596
2025-09-12,1,20.1765628245067
2025-09-12,2,25.5906009615385
2025-09-12,5,22.9971007751938
2025-09-12,7,22.7321249047982
2025-09-13,1,21.7456734317343
2025-09-13,2,27.457519379845
2025-09-13,5,23.1901157407407
2025-09-13,7,23.6359075535513
2025-09-14,1,23.621746031746
2025-09-14,2,23.401835443038
2025-09-14,5,23.6028746397695
2025-09-14,7,27.3376391752577
2025-09-15,1,22.3350095602294
2025-09-15,2,24.1084857142857
2025-09-15,5,23.0055455177206
2025-09-15,7,23.1209485294118
2025-09-16,1,19.0422212908634
2025-09-16,2,19.9129424307036
2025-09-16,5,18.9368472222222
2025-09-16,7,18.8322239747634
2025-09-17,1,19.5349943246311
2025-09-17,2,20.6054844606947
2025-09-17,5,19.6236597222222
2025-09-17,7,19.3176198486123
2025-09-18,1,22.5892612612613
2025-09-18,2,24.288
2025-09-18,5,23.2666597222222
2025-09-18,7,23.8081646273637
2025-09-19,1,24.9032841823056
2025-09-19,2,27.4915443037975
2025-09-19,5,25.0375793650794
2025-09-19,7,30.2470917573872
2025-09-20,1,22.3455457227139
2025-09-20,2,24.4392807424594
2025-09-20,5,22.264049122807
2025-09-20,7,22.1408564231738
2025-09-21,1,21.8326537216828
2025-09-21,2,23.1807098765432
2025-09-21,5,22.1186088856519
2025-09-21,7,27.1481578947368
2025-09-22,1,22.3403581526861
2025-09-22,2,25.6257894736842
2025-09-22,5,21.8179035792549
2025-09-22,7,26.1873615635179
2025-09-23,1,20.475563002681
2025-09-23,2,23.6936481481481
2025-09-23,5,20.9413457556936
2025-09-23,7,30.1074324324324
2025-09-24,1,23.0087074829932
2025-09-24,2,24.690293877551
2025-09-24,5,23.0273008130081
2025-09-24,7,23.608419047619
2025-09-25,1,24.6148693259972
2025-09-25,2,26.3681632653061
2025-09-25,5,24.6618470301058
2025-09-25,7,24.7163891675025
2025-09-26,1,25.1996569920844
2025-09-26,2,26.8904478827362
2025-09-26,5,25.2771033360456
2025-09-26,7,25.4882146248813
2025-09-27,1,22.2432608695652
2025-09-27,2,23.2442335766423
2025-09-27,5,22.0760194174757
2025-09-27,7,22.4125969827586
2025-09-28,1,24.8984572230014
2025-09-28,2,25.9760065199674
2025-09-28,5,24.6202682926829
2025-09-28,7,26.6472707659115
2025-09-29,1,21.7685734664765
2025-09-29,2,23.2288654781199
2025-09-29,5,21.926848534202
2025-09-30,1,21.4200276243094
2025-09-30,2,22.9675485436893
2025-09-30,5,21.5977173030057
2025-10-01,1,21.5578330658106
2025-10-01,2,22.5388157894737
2025-10-01,5,20.7147299509002
2025-10-01,6,-18.0018574514039
2025-10-01,7,19.6201578947368
2025-10-02,1,19.9389073305671
2025-10-02,2,21.0915511551155
2025-10-02,5,19.2431836734694
2025-10-02,6,-21.5664148351648
2025-10-02,7,18.1763475836431
2025-10-03,1,12.8828571428571
2025-10-03,2,14.6078378378378
2025-10-03,5,13.015
2025-10-03,7,13.1624324324324
2025-10-07,1,29.3416701030928
2025-10-07,2,30.4292718446602
2025-10-07,5,26.9734553775744
2025-10-07,6,-16.9174903225806
2025-10-07,7,26.1864672036824
2025-10-08,1,19.9469271383316
2025-10-08,2,22.0483818770227
2025-10-08,5,19.5634097222222
2025-10-08,6,-25.0707216494845
2025-10-08,7,19.3993517844137
2025-10-09,1,16.8134438305709
2025-10-09,2,19.9124454148472
2025-10-09,5,18.4463396624473
2025-10-09,6,-22.63202268431
2025-10-09,7,23.6065432098765
2025-10-17,1,24.6666666666667
2025-10-17,2,28.06
2025-10-17,4,25.9967672413793
2025-10-17,5,26.3480113636364
2025-10-17,6,-15.1958791208791
2025-10-17,7,25.9138636363636
2025-10-21,1,28.7779292929293
2025-10-21,2,33.5875308641975
2025-10-21,5,26.518896713615
2025-10-21,6,-15.1437477477477
2025-10-21,7,29.5416810344828
2025-10-21,10,22.7622494887526
2025-10-22,1,25.6772727272727
2025-10-22,2,23.2065853658537
2025-10-22,5,16.6790901856764
2025-10-22,6,-22.6464908256881
2025-10-22,7,22.183850931677
2025-10-22,10,15.4413094059406
2025-10-23,1,25.1693055555556
2025-10-23,2,25.959465625
2025-10-23,5,16.2595893108298
2025-10-23,6,-22.9152507374631
2025-10-23,7,20.6063794212219
2025-10-23,10,13.1198
2025-10-24,2,21.2523293172691
2025-10-24,5,9.1040875
2025-10-24,6,-24.4742361111111
2025-10-24,7,15.3943163265306
2025-10-24,10,9.26135658914729
2025-10-25,1,21.39
2025-10-25,2,23.3549519230769
2025-10-25,5,19.2819468438538
2025-10-25,6,-16.6235714285714
2025-10-25,7,14.0657407407407
2025-10-25,10,15.3538539325843
2025-10-26,2,20.8433127572016
2025-10-26,5,15.008927672956
2025-10-26,6,-23.4981364829396
2025-10-26,7,25.5373684210526
2025-10-26,10,13.191209375
2025-10-31,1,22.1289247311828
2025-10-31,2,23.5138775510204
2025-10-31,5,15.2037104072398
2025-10-31,6,-18.9879439252336
2025-10-31,7,23.9883177570093
2025-10-31,10,17.362614379085
2025-11-01,1,29.75
2025-11-01,2,32.5775308641975
2025-11-01,5,15.9820766773163
2025-11-01,6,-16.7435483870968
2025-11-01,10,15.7353376623377
2025-11-02,1,32.2636734693878
2025-11-02,2,29.9145058139535
2025-11-02,5,20.2541900311526
2025-11-02,6,-17.6625633802817
2025-11-02,10,12.3346712328767
2025-11-03,1,32.4883870967742
2025-11-03,2,25.0361111111111
2025-11-03,5,18.2515573770492
2025-11-03,6,-26.6528238341969
2025-11-03,7,9.74366666666667
2025-11-03,10,10.14039408867
2025-11-04,1,27.1245454545455
2025-11-04,2,18.1098950131234
2025-11-04,3,5.7402688172043
2025-11-04,4,19.69
2025-11-04,5,13.9699241803279
2025-11-04,6,1.17619464285714
2025-11-04,7,10.93822
2025-11-04,8,8.95214577259475
2025-11-04,9,7.55429281767956
2025-11-04,10,14.3005148741419
2025-11-04,11,7.70723788546255
2025-11-04,12,32.064345971564
2025-11-05,1,17.6963274336283
2025-11-05,2,21.0986716269841
2025-11-05,3,19.3749081015719
2025-11-05,5,15.9057638461538
2025-11-05,6,15.5347090517241
2025-11-05,7,11.4650574712644
2025-11-05,8,15.466665648855
2025-11-05,9,14.4125144817073
2025-11-05,10,13.8951815940838
2025-11-05,11,13.7681403238242
2025-11-05,12,26.0441224489796
2025-11-06,1,13.0224915254237
2025-11-06,2,16.7678987566607
2025-11-06,3,13.0007582314205
2025-11-06,5,17.6510951086957
2025-11-06,6,12.9325995475113
2025-11-06,7,11.9884747081712
2025-11-06,8,13.6457234251969
2025-11-06,9,13.0192916666667
2025-11-06,10,11.4424106776181
2025-11-06,11,10.5898995348837
2025-11-06,12,11.5398331936295
2025-11-07,1,13.3198450184502
2025-11-07,2,16.0378866130212
2025-11-07,3,11.0994015369837
2025-11-07,5,11.1731437007874
2025-11-07,6,13.6421743801653
2025-11-07,7,11.6441206896552
2025-11-07,8,11.8843482404692
2025-11-07,9,10.3521107692308
2025-11-07,10,10.3786261682243
2025-11-07,11,10.5046807324841
2025-11-07,12,32.0575895450145
2025-11-08,1,16.3538693693694
2025-11-08,2,21.3327280939476
2025-11-08,3,17.1726625766871
2025-11-08,6,18.9222762557078
2025-11-08,7,18.8920043859649
2025-11-08,8,17.7556366843034
2025-11-08,9,16.68991688771
2025-11-08,10,14.9543530326594
2025-11-08,11,16.9683460537728
2025-11-08,12,28.6507283236994
2025-11-09,1,13.1187021276596
2025-11-09,2,16.8840501792115
2025-11-09,3,12.5109510739857
2025-11-09,6,13.5191770750988
2025-11-09,7,11.8149868995633
2025-11-09,8,13.2180624082232
2025-11-09,9,11.8530669902913
2025-11-09,10,13.0290607247796
2025-11-09,11,12.1144143459916
2025-11-09,12,32.19
2025-11-10,1,8.58329032258064
2025-11-10,2,16.2107238605898
2025-11-10,3,8.81576785714286
2025-11-10,6,9.44156769983687
2025-11-10,7,9.68231736526946
2025-11-10,8,9.22162105263158
2025-11-10,9,8.99427310574521
2025-11-10,10,8.13879190751445
2025-11-10,11,7.50253793626707
2025-11-10,12,32.19
2025-11-11,1,-0.697576923076923
2025-11-11,2,10.8056369747899
2025-11-11,3,6.92070555555556
2025-11-11,6,7.22260882647944
2025-11-11,7,3.0515303030303
2025-11-11,8,4.40614682184423
2025-11-11,9,3.91702058823529
2025-11-11,10,3.56116681146829
2025-11-11,11,2.92753736654804
2025-11-11,12,32.19
2025-11-12,1,6.32093181818182
2025-11-12,2,16.6524186528497
2025-11-12,3,14.2080350877193
2025-11-12,6,10.7408341836735
2025-11-12,7,10.9896089385475
2025-11-12,8,10.7862258555133
2025-11-12,9,9.27752433281005
2025-11-12,10,8.71534445250181
2025-11-12,11,10.6300074688797
2025-11-12,12,32.19
2025-11-13,1,7.81907185628743
2025-11-13,2,13.1848609324759
2025-11-13,3,13.7902798833819
2025-11-13,6,11.9785916733387
2025-11-13,7,9.07210526315789
2025-11-13,8,11.1309991856678
2025-11-13,9,9.10817482014389
2025-11-13,10,9.43590493942218
2025-11-13,11,9.47281875492514
2025-11-13,12,32.19
2025-11-14,1,9.4428947368421
2025-11-14,2,11.8152658907789
2025-11-14,3,11.0195355285962
2025-11-14,4,8.25815285451197
2025-11-14,6,9.88152682145717
2025-11-14,7,9.38705882352941
2025-11-14,8,7.51515449654112
2025-11-14,9,7.60522893363162
2025-11-14,10,6.58997602996255
2025-11-14,11,5.22451230425056
2025-11-14,12,32.1738110749186
2025-11-15,1,9.46780769230769
2025-11-15,2,15.4319056785371
2025-11-15,3,12.4113233376793
2025-11-15,4,11.4696582809224
2025-11-15,6,11.5643115823817
2025-11-15,7,11.8006541353383
2025-11-15,8,10.8220981981982
2025-11-15,9,11.8858778280543
2025-11-15,10,11.3887432675045
2025-11-15,11,10.7912248353716
2025-11-15,12,32.19
2025-11-16,1,17.0485192982456
2025-11-16,2,19.4605121042831
2025-11-16,3,15.1975220949264
2025-11-16,4,14.2392962962963
2025-11-16,6,16.6254126482213
2025-11-16,7,15.4486666666667
2025-11-16,8,12.4529598893499
2025-11-16,9,14.195488482923
2025-11-16,10,15.1909425837321
2025-11-16,11,13.5843491620112
2025-11-16,12,32.19
2025-11-17,1,4.25584671532847
2025-11-17,2,11.7635437553101
2025-11-17,3,8.8043664021164
2025-11-17,4,5.74944150943396
2025-11-17,6,7.77749796582587
2025-11-17,7,8.60385897435897
2025-11-17,8,6.45301222826087
2025-11-17,9,6.32955325164939
2025-11-17,10,5.8514404873477
2025-11-17,11,7.56065837696335
2025-11-17,12,32.1371960072595
2025-11-18,1,11.670125
2025-11-18,2,8.32581977252843
2025-11-18,3,8.95655363984674
2025-11-18,4,5.82871528262387
2025-11-18,5,33.43
2025-11-18,6,6.63221080139373
2025-11-18,7,6.73819178082192
2025-11-18,8,1.39172164948454
2025-11-18,9,5.37729420289855
2025-11-18,10,2.63382471910112
2025-11-18,11,4.78135977653631
2025-11-18,12,32.19
2025-11-19,1,8.42311111111111
2025-11-19,2,13.5110598290598
2025-11-19,3,8.28698143664245
2025-11-19,4,8.40634105263158
2025-11-19,5,33.43
2025-11-19,6,8.69401416430595
2025-11-19,7,7.38
2025-11-19,8,8.81812432847276
2025-11-19,9,8.46772967032967
2025-11-19,10,8.37032625189681
2025-11-19,11,7.80720521172638
2025-11-19,12,32.19
2025-11-20,1,7.35650980392157
2025-11-20,2,16.9586639344262
2025-11-20,3,8.04125879765396
2025-11-20,4,8.05919660014782
2025-11-20,6,9.31288275862069
2025-11-20,7,10.404
2025-11-20,8,9.08500158478605
2025-11-20,9,8.61679713261649
2025-11-20,10,8.79412788906009
2025-11-20,11,8.16959516129032
2025-11-20,12,22.4841150442478
2025-11-21,1,10.539421875
2025-11-21,2,17.8718173836699
2025-11-21,3,9.96283946750196
2025-11-21,4,10.5408565430371
2025-11-21,6,11.1827249802994
2025-11-21,7,11.2897706422018
2025-11-21,8,10.8243636363636
2025-11-21,9,10.8788353566009
2025-11-21,10,10.146373857404
2025-11-21,11,10.0229388714734
2025-11-21,12,10.387989539749
2025-11-22,1,10.4430833333333
2025-11-22,2,17.9753356643357
2025-11-22,3,11.1812808988764
2025-11-22,4,10.0620418994413
2025-11-22,6,10.7909781553398
2025-11-22,7,9.1583125
2025-11-22,8,10.4334795763994
2025-11-22,9,10.1752304439746
2025-11-22,10,9.18016472868217
2025-11-22,11,9.29446804511278
2025-11-22,12,29.2300695047785
2025-11-23,1,11.905375
2025-11-23,2,17.6830427756654
2025-11-23,3,7.10106618531889
2025-11-23,4,8.15995815899582
2025-11-23,6,10.1626497925311
2025-11-23,7,7.41905555555556
2025-11-23,8,8.92255627240143
2025-11-23,9,8.16891535580524
2025-11-23,10,7.78975719557196
2025-11-23,11,8.59733479404032
2025-11-23,12,28.1893714804723
2025-11-24,1,15.2402753623188
2025-11-24,2,13.5508090614887
2025-11-24,3,11.7886993464052
2025-11-24,4,7.1970369595537
2025-11-24,6,8.39703863298663
2025-11-24,7,9.79725874125874
2025-11-24,8,8.09282676056338
2025-11-24,9,6.82400164880462
2025-11-24,10,7.06543361344538
2025-11-24,11,7.80045982905983
2025-11-24,12,31.4719479166667
2025-11-25,1,10.317641509434
2025-11-25,2,17.9332693110647
2025-11-25,3,11.6890273556231
2025-11-25,4,10.1821073170732
2025-11-25,6,11.0783584
2025-11-25,7,9.57048
2025-11-25,8,10.4141647727273
2025-11-25,9,10.1232107496464
2025-11-25,10,10.0455381165919
2025-11-25,11,9.68550035137034
2025-11-25,12,31.4365442105263
2025-11-26,1,20.4184931506849
2025-11-26,2,24.2127106227106
2025-11-26,3,15.5775077399381
2025-11-26,4,16.3637099505999
2025-11-26,5,33.43
2025-11-26,6,16.8757176029963
2025-11-26,7,16.0620869565217
2025-11-26,8,16.769859742229
2025-11-26,9,15.9117094017094
2025-11-26,10,14.7942162828947
2025-11-26,11,15.7383869565217
2025-11-26,12,31.7883017241379
2025-11-27,1,8.51014285714286
2025-11-27,2,12.2397630573248
2025-11-27,3,6.74837555228277
2025-11-27,4,6.49015481171548
2025-11-27,6,7.08287727910238
2025-11-27,7,3.81694915254237
2025-11-27,8,6.08198082822086
2025-11-27,9,6.01819393511989
2025-11-27,10,5.65446549295775
2025-11-27,11,5.38607193229901
2025-11-27,12,32.19
2025-11-28,1,0.461030303030303
2025-11-28,2,8.9873691164327
2025-11-28,3,5.6631103074141
2025-11-28,4,3.98090286512928
2025-11-28,6,4.65536511299435
2025-11-28,7,5.12204444444444
2025-11-28,8,3.93893516560958
2025-11-28,9,2.80579838116262
2025-11-28,10,2.76156300663228
2025-11-28,11,2.67743025830258
2025-11-28,12,32.19
2025-11-29,1,1.10231168831169
2025-11-29,2,9.04323393124066
2025-11-29,3,4.89585942492013
2025-11-29,4,5.08098465829847
2025-11-29,5,33.43
2025-11-29,6,4.02878560939794
2025-11-29,7,14.147619047619
2025-11-29,8,3.61897531734838
2025-11-29,9,2.69427280130293
2025-11-29,10,1.80512412342216
2025-11-29,11,2.05402607470049
2025-11-29,12,32.19
2025-11-30,1,3.55827450980392
2025-11-30,2,9.61526068066618
2025-11-30,3,3.66798768689534
2025-11-30,4,3.24945944055944
2025-11-30,6,4.00175753228121
2025-11-30,8,3.59257681365576
2025-11-30,9,3.69926873580621
2025-11-30,10,3.46854055944056
2025-11-30,11,2.98985515548281
2025-11-30,12,32.19
2025-12-01,1,4.94853416149068
2025-12-01,2,10.8354028614458
2025-12-01,3,4.62181501547988
2025-12-01,4,5.6169823943662
2025-12-01,6,5.80145075485262
2025-12-01,7,5.74745038167939
2025-12-01,8,4.65969512195122
2025-12-01,9,3.64556541353383
2025-12-01,10,3.19502674173118
2025-12-01,11,3.45318923198733
2025-12-01,12,32.19
2025-12-02,1,0.816809302325581
2025-12-02,2,11.221636761488
2025-12-02,3,2.11126805658972
2025-12-02,4,1.69519228020014
2025-12-02,6,2.44762259800154
2025-12-02,7,2.18188108108108
2025-12-02,8,2.19499208633094
2025-12-02,9,2.04720304975923
2025-12-02,10,2.05874807017544
2025-12-02,11,1.7857816399287
2025-12-02,12,32.19
2025-12-03,1,3.16447142857143
2025-12-03,2,12.0284693593315
2025-12-03,3,2.61166769230769
2025-12-03,4,6.80064552238806
2025-12-03,5,-0.660449122807018
2025-12-03,6,5.67091375291375
2025-12-03,7,1.38654232424677
2025-12-03,8,3.88816945454545
2025-12-03,9,2.42940163265306
2025-12-03,10,2.17497876857749
2025-12-03,11,2.40696997855611
2025-12-03,12,20.8062566801619
2025-12-04,1,-1.83006976744186
2025-12-04,2,11.0279722029187
2025-12-04,3,1.94748461538462
2025-12-04,5,2.74399582753825
2025-12-04,6,3.40932863187588
2025-12-04,7,2.34955137844612
2025-12-04,8,2.66670132588974
2025-12-04,9,1.16847203065134
2025-12-04,10,1.67992632331903
2025-12-04,11,1.49934962962963
2025-12-04,12,0.728747626582278
2025-12-05,1,-1.01038983050847
2025-12-05,2,8.29662234042553
2025-12-05,3,-0.509759972008398
2025-12-05,5,-0.104017799352751
2025-12-05,6,0.280322740112994
2025-12-05,7,-1.00416
2025-12-05,8,-0.115250757575758
2025-12-05,9,-0.192710350584307
2025-12-05,10,-0.419481003584229
2025-12-05,11,-0.777946688206785
2025-12-05,12,-0.574586830680174
2025-12-06,1,1.73378723404255
2025-12-06,2,9.98829526029526
2025-12-06,3,1.9341875
2025-12-06,5,1.93415032679739
2025-12-06,6,3.38621872659176
2025-12-06,7,-0.259733333333333
2025-12-06,8,2.45075161987041
2025-12-06,9,2.11999667221298
2025-12-06,10,2.14434159292035
2025-12-06,11,2.01551388888889
2025-12-06,12,1.71320751879699
2025-12-07,1,-0.0486976744186048
2025-12-07,2,9.3951991643454
2025-12-07,3,0.877598463687151
2025-12-07,5,1.06769608540925
2025-12-07,6,3.24358756633813
2025-12-07,7,2.20137931034483
2025-12-07,8,1.81938983050847
2025-12-07,9,1.07171917320029
2025-12-07,10,0.580740740740741
2025-12-07,11,0.603390261627907
2025-12-07,12,1.14003147699758
2025-12-08,1,-2.14026229508197
2025-12-08,2,7.26257949790795
2025-12-08,3,-0.697310754189944
2025-12-08,5,-0.744900324149109
2025-12-08,6,0.235575052854123
2025-12-08,7,-2.27694444444444
2025-12-08,8,-0.254653175157013
2025-12-08,9,0.0757925696594427
2025-12-08,10,-0.502895039539899
2025-12-08,11,-0.735675159235669
2025-12-08,12,-0.0367084148727984
2025-12-09,1,0.846628
2025-12-09,2,6.23689839944328
2025-12-09,3,-1.67679469273743
2025-12-09,4,-0.373513245033113
2025-12-09,5,0.256216904276986
2025-12-09,6,0.0446881798404641
2025-12-09,7,-0.506564885496183
2025-12-09,8,-0.895285817655572
2025-12-09,9,-1.2752987804878
2025-12-09,10,-1.88867625899281
2025-12-09,11,-2.1323748211731
2025-12-09,12,-1.77571845368344
2025-12-10,1,4.146421875
2025-12-10,2,12.5124985935302
2025-12-10,3,3.75185156794425
2025-12-10,4,3.71695720399429
2025-12-10,5,3.91975727466288
2025-12-10,6,4.56066908037654
2025-12-10,7,3.36022169811321
2025-12-10,8,4.05085481481481
2025-12-10,9,3.82651604938272
2025-12-10,10,3.81109957924264
2025-12-10,11,3.45133160621762
2025-12-10,12,4.24295436349079
2025-12-11,1,3.50085355648536
2025-12-11,2,11.992083449235
2025-12-11,3,2.63825728862974
2025-12-11,4,2.93079524807827
2025-12-11,5,2.92513286713287
2025-12-11,6,4.7631465848043
2025-12-11,7,3.38368587896254
2025-12-11,8,3.8394898989899
2025-12-11,9,3.16770195794054
2025-12-11,10,2.75068246110325
2025-12-11,11,2.84943041606887
2025-12-11,12,2.87335687453043
2025-12-12,1,0.9510329218107
2025-12-12,2,8.34018971507992
2025-12-12,3,0.0191378830083565
2025-12-12,4,0.415431047475509
2025-12-12,5,2.66910034602076
2025-12-12,6,1.34413768630234
2025-12-12,7,-0.772737024221453
2025-12-12,8,0.569631130063966
2025-12-12,9,-0.151208163265306
2025-12-12,10,-0.0213931133428981
2025-12-12,11,-0.692084084084084
2025-12-12,12,-0.019924944812362
2025-12-13,1,-1.22339263803681
2025-12-13,2,10.7783998609179
2025-12-13,3,2.2596606271777
2025-12-13,4,2.11747904191617
2025-12-13,5,4.99877943166441
2025-12-13,6,3.60580142857143
2025-12-13,7,1.03222959183673
2025-12-13,8,2.64100991609458
2025-12-13,9,2.29642571428571
2025-12-13,10,2.22295339652449
2025-12-13,11,1.73954480796586
2025-12-13,12,2.17851889534884
2025-12-14,1,-2.7433253968254
2025-12-14,2,3.13165287356322
2025-12-14,3,-1.89093927747886
2025-12-14,4,-2.24719139123751
2025-12-14,5,-0.114406906906907
2025-12-14,6,0.323456
2025-12-14,7,-1.87431958762887
2025-12-14,8,-0.52460736677116
2025-12-14,9,-0.457273317112733
2025-12-14,10,0.40824375
2025-12-14,11,-0.226325187969925
2025-12-14,12,-1.42936312849162
2025-12-15,1,-6.14231147540984
2025-12-15,2,-0.129929714683368
2025-12-15,3,-3.67204741980474
2025-12-15,4,-4.17008443824145
2025-12-15,5,-2.10202040816327
2025-12-15,6,-1.18649928571429
2025-12-15,7,-3.81718018018018
2025-12-15,8,-2.18214275466284
2025-12-15,9,-4.08487077385425
2025-12-15,10,-4.26206933333333
2025-12-15,11,-4.30857122405154
2025-12-15,12,-4.12949133858268
2025-12-16,1,-3.301025
2025-12-16,2,2.04770563674322
2025-12-16,3,-1.51555393180237
2025-12-16,4,-1.69251743375174
2025-12-16,5,0.248616704805492
2025-12-16,6,0.56256165359943
2025-12-16,7,-4.29362337662338
2025-12-16,8,-0.781125184094256
2025-12-16,9,-3.01082700080841
2025-12-16,10,-2.67692730346577
2025-12-16,11,-1.82935682158921
2025-12-16,12,-1.99680386542591
2025-12-17,1,15.17
2025-12-17,2,6.11879688605803
2025-12-17,3,2.646711927982
2025-12-17,4,2.31026846590909
2025-12-17,5,13.1694873417722
2025-12-17,6,4.34079407294833
2025-12-17,7,2.93206666666667
2025-12-17,8,3.1507038145101
2025-12-17,9,2.50803058103976
2025-12-17,10,2.79637336412625
2025-12-17,11,1.98332126348228
2025-12-17,12,0.903097021276596
2025-12-18,1,8.908
2025-12-18,2,9.65961018131102
2025-12-18,3,5.76484888579387
2025-12-18,4,5.62800780695529
2025-12-18,5,10.8583558897243
2025-12-18,6,7.59243727852587
2025-12-18,7,2.526775
2025-12-18,8,6.69461394680086
2025-12-18,9,5.39002606806662
2025-12-18,10,5.53317441860465
2025-12-18,11,5.18972440944882
2025-12-18,12,5.23404083147736
2025-12-19,1,7.84475294117647
2025-12-19,2,17.9658528784648
2025-12-19,3,13.0135301204819
2025-12-19,4,9.80065688329839
2025-12-19,5,10.2614765957447
2025-12-19,6,12.4215275590551
2025-12-19,7,7.29652684563758
2025-12-19,8,10.5751189458689
2025-12-19,9,10.9567642792384
2025-12-19,10,13.0810292397661
2025-12-19,11,10.371562403698
2025-12-19,12,11.6711217948718
2025-12-20,1,0.537882352941177
2025-12-20,2,8.82243355481727
2025-12-20,3,4.03175390625
2025-12-20,4,2.59816410614525
2025-12-20,5,2.63833380884451
2025-12-20,6,6.26783214568488
2025-12-20,7,0.461957831325301
2025-12-20,8,3.54367332382311
2025-12-20,9,2.89930236486487
2025-12-20,10,3.71684529505582
2025-12-20,11,2.26058498896247
2025-12-20,12,3.98014189189189
2025-12-21,1,3.6508717948718
2025-12-21,2,8.61734695731153
2025-12-21,3,5.06451622418879
2025-12-21,4,4.26947038327526
2025-12-21,5,4.35549752300071
2025-12-21,6,5.36245546218487
2025-12-21,7,3.66098947368421
2025-12-21,8,4.74535117773019
2025-12-21,9,4.85589137134052
2025-12-21,10,5.44578931527464
2025-12-21,11,4.01096593328602
2025-12-21,12,5.00465253456221
2025-12-22,1,13.855
2025-12-22,2,4.50086917188587
2025-12-22,3,2.97366076421249
2025-12-22,4,1.1861655027933
2025-12-22,5,2.16293701889433
2025-12-22,6,8.38376710334789
2025-12-22,7,-0.0469622641509433
2025-12-22,8,2.1091013215859
2025-12-22,9,0.93860594795539
2025-12-22,10,1.54292965627498
2025-12-22,11,0.621068278805121
2025-12-22,12,1.28996262458472
2025-12-23,1,3.641375
2025-12-23,2,8.45734660421546
2025-12-23,3,4.3649932885906
2025-12-23,4,4.92113161559889
2025-12-23,5,4.93831837307153
2025-12-23,6,5.73251247327156
2025-12-23,7,4.32792660550459
2025-12-23,8,5.33627870036101
2025-12-23,9,5.06857375886525
2025-12-23,10,5.75107428115016
2025-12-23,11,4.65138615274804
2025-12-23,12,4.85617536231884
2025-12-24,1,3.22547959183673
2025-12-24,2,9.17259401114206
2025-12-24,3,6.72267658574785
2025-12-24,4,5.76446153846154
2025-12-24,5,6.49844960629921
2025-12-24,6,7.74369919883467
2025-12-24,7,3.68315677966102
2025-12-24,8,6.61538714390066
2025-12-24,9,5.69624838940587
2025-12-24,10,6.62017673378076
2025-12-24,11,5.46390071942446
2025-12-24,12,5.70486199421965
2025-12-25,1,7.16248051948052
2025-12-25,2,10.7741569317382
2025-12-25,3,7.65266143497758
2025-12-25,4,7.09467154811716
2025-12-25,5,7.12983666191155
2025-12-25,6,9.70448714285714
2025-12-25,7,7.5859476744186
2025-12-25,8,7.73301163636364
2025-12-25,9,7.27013294797688
2025-12-25,10,7.59767565649397
2025-12-25,11,7.80124557165862
2025-12-25,12,6.60108950086058
2025-12-26,1,1.76443150684932
2025-12-26,2,4.95063805309734
2025-12-26,3,1.81638567493113
2025-12-26,4,1.76474491941135
2025-12-26,5,1.73126709401709
2025-12-26,6,2.88435198702352
2025-12-26,7,1.71466666666667
2025-12-26,8,2.13436402569593
2025-12-26,9,1.82159982713915
2025-12-26,10,2.30532459016393
2025-12-26,11,1.37907486209614
2025-12-26,12,1.60839982269504
2025-12-27,1,1.81871084337349
2025-12-27,2,8.3139649122807
2025-12-27,3,3.95532710280374
2025-12-27,4,4.24462839248434
2025-12-27,5,4.2145059901339
2025-12-27,6,5.86825325325325
2025-12-27,7,3.35862686567164
2025-12-27,8,4.69466101694915
2025-12-27,9,4.12362362971985
2025-12-27,10,5.68080191693291
2025-12-27,11,4.31324125874126
2025-12-27,12,3.75753518123667
2025-12-28,1,3.2174
2025-12-28,2,6.33701818181818
2025-12-28,3,3.09142857142857
2025-12-28,4,3.8141336238199
2025-12-28,5,3.9858730606488
2025-12-28,6,3.68109720372836
2025-12-28,7,4.62306629834254
2025-12-28,8,4.44234631728045
2025-12-28,9,2.60046703296703
2025-12-28,10,3.32768980797637
2025-12-28,11,2.32488227848101
2025-12-28,12,3.86954148471616
2025-12-29,1,10.6013725490196
2025-12-29,2,14.409893442623
2025-12-29,3,9.00657142857143
2025-12-29,4,8.20130042553192
2025-12-29,5,12.2526356663471
2025-12-29,6,11.3571896551724
2025-12-29,7,10.3801802884615
2025-12-29,8,9.88004146170063
2025-12-29,9,10.1890181405896
2025-12-29,10,10.8068600823045
2025-12-29,11,9.53199820788531
2025-12-29,12,11.3765655737705
2025-12-30,1,4.24557142857143
2025-12-30,2,4.29438009049774
2025-12-30,3,-0.0871454545454545
2025-12-30,4,0.235190807799443
2025-12-30,5,0.335979368932039
2025-12-30,6,2.66205049594229
2025-12-30,7,0.819329192546584
2025-12-30,8,1.26123906911142
2025-12-30,9,0.215936974789916
2025-12-30,10,0.410096153846154
2025-12-30,11,0.483762996941896
2025-12-30,12,0.405894736842105
2025-12-31,1,-1.42184615384615
2025-12-31,2,5.87918333333333
2025-12-31,3,1.50506451612903
2025-12-31,4,0.16784853051997
2025-12-31,5,0.449621222768798
2025-12-31,6,2.18409565217391
2025-12-31,7,-1.03122159090909
2025-12-31,8,1.08422419928826
2025-12-31,9,0.465651245551601
2025-12-31,10,0.498629471890971
2025-12-31,11,-0.0175070821529745
2025-12-31,12,2.50242024965326
2026-01-01,1,1.85833333333333
2026-01-01,2,2.57259953161592
2026-01-01,3,-1.61213742690058
2026-01-01,4,-0.492985386221294
2026-01-01,5,-0.977837760910816
2026-01-01,6,1.35599929478138
2026-01-01,7,-1.22242803030303
2026-01-01,8,0.346573968705548
2026-01-01,9,-0.133953962264151
2026-01-01,10,-0.376177091795288
2026-01-01,11,-0.925585279547063
2026-01-01,12,-0.487085393258427
2026-01-02,1,-3.26650793650794
2026-01-02,2,1.89890361445783
2026-01-02,3,-2.65462817551963
2026-01-02,4,-1.803
2026-01-02,5,-1.98416309012876
2026-01-02,6,-0.472094696969697
2026-01-02,7,-0.374
2026-01-02,8,-1.27941122159091
2026-01-02,9,-1.48397557003257
2026-01-02,10,-1.55338087895143
2026-01-02,11,-2.17644028776978
2026-01-02,12,-2.93001206140351
2026-01-03,1,-2.864
2026-01-03,2,2.75013890963406
2026-01-03,3,1.1883453125
2026-01-03,4,-0.747812804453723
2026-01-03,5,0.0560814606741573
2026-01-03,6,0.00896886864085041
2026-01-03,7,-0.655316455696202
2026-01-03,8,-0.174896848137536
2026-01-03,9,-0.62013694721826
2026-01-03,10,0.111967506092608
2026-01-03,11,-1.21560972122945
2026-01-03,12,-0.780580166821131
2026-01-04,1,1.29285294117647
2026-01-04,2,4.36108825573315
2026-01-04,3,1.34434830230011
2026-01-04,4,0.722249477351916
2026-01-04,5,1.1956617440225
2026-01-04,6,2.37270311368574
2026-01-04,7,2.00937647058824
2026-01-04,8,1.45181030780243
2026-01-04,9,0.931614809274495
2026-01-04,10,1.41645561139028
2026-01-04,11,0.75762969004894
2026-01-04,12,0.780663558663559
2026-01-05,1,-0.541376811594203
2026-01-05,2,2.98259879638917
2026-01-05,3,-0.797238648363252
2026-01-05,4,0.0454933797909408
2026-01-05,5,-0.0347077785564121
2026-01-05,6,1.058284164859
2026-01-05,7,0.0776075949367089
2026-01-05,8,0.436147588192945
2026-01-05,9,0.340928930366116
2026-01-05,10,0.341235062893082
2026-01-05,11,-0.404357244318182
2026-01-05,12,0.59745793499044
2026-01-06,1,6.2905
2026-01-06,2,7.80850740242261
2026-01-06,3,3.55121476510067
2026-01-06,4,2.59136622654621
2026-01-06,5,2.58160807937633
2026-01-06,6,3.66521861777151
2026-01-06,7,2.79886524822695
2026-01-06,8,3.0842987197724
2026-01-06,9,2.73293714285714
2026-01-06,10,2.61948665480427
2026-01-06,11,1.9290978179082
2026-01-06,12,2.21479126637555
2026-01-07,1,5.44003571428571
2026-01-07,2,11.4669896142433
2026-01-07,3,10.5282388222465
2026-01-07,4,6.87535664335664
2026-01-07,5,6.32292893772894
2026-01-07,6,8.60762759113653
2026-01-07,7,8.75752229299363
2026-01-07,8,7.76998706896552
2026-01-07,9,6.91251224783862
2026-01-07,10,7.07164834390416
2026-01-07,11,6.4652065761258
2026-01-07,12,6.08062988705473
2026-01-08,1,3.19228767123288
2026-01-08,2,8.59393588850174
2026-01-08,3,4.88935385704175
2026-01-08,4,4.83743916083916
2026-01-08,5,4.63984159106769
2026-01-08,6,6.5795629949604
2026-01-08,7,6.68899385560676
2026-01-08,8,6.13094530046225
2026-01-08,9,3.6710543056633
2026-01-08,10,4.9191153262519
2026-01-08,11,5.2296420966421
2026-01-08,12,4.6222070226774
2026-01-09,1,3.86565765765766
2026-01-09,2,10.4283726448011
2026-01-09,3,6.38610243553009
2026-01-09,4,6.74155817378498
2026-01-09,5,6.96608778089888
2026-01-09,6,7.34981857142857
2026-01-09,7,3.32167857142857
2026-01-09,8,6.92809259259259
2026-01-09,9,6.60845956765412
2026-01-09,10,7.04359337561663
2026-01-09,11,6.1538031496063
2026-01-09,12,6.83717817896389
2026-01-10,1,8.94108270676692
2026-01-10,2,12.7061664190193
2026-01-10,3,8.64986963190184
2026-01-10,4,8.68283482810164
2026-01-10,5,8.65433333333333
2026-01-10,6,9.24001600609756
2026-01-10,7,8.75470642201835
2026-01-10,8,8.9972293040293
2026-01-10,9,8.94270670826833
2026-01-10,10,9.4860901194354
2026-01-10,11,8.36266884176183
2026-01-10,12,8.58378224582701
2026-01-11,1,5.18772527472527
2026-01-11,2,10.9468766550523
2026-01-11,3,6.98877295024527
2026-01-11,4,6.78968885448916
2026-01-11,5,8.1473283045977
2026-01-11,6,8.59079010600707
2026-01-11,7,7.98439261744966
2026-01-11,8,8.07472025955299
2026-01-11,9,7.34331520940485
2026-01-11,10,7.22325142450142
2026-01-11,11,6.94795278969957
2026-01-11,12,6.80746838407494
2026-01-12,1,2.90018681318681
2026-01-12,2,7.25541585535466
2026-01-12,3,3.73552715877437
2026-01-12,4,3.49527983251919
2026-01-12,5,4.02910163204748
2026-01-12,6,6.13408413998511
2026-01-12,7,3.63132323232323
2026-01-12,8,4.70874551971326
2026-01-12,9,3.82045062179956
2026-01-12,10,4.89112118226601
2026-01-12,11,1.11837111670865
2026-01-12,12,3.11119632414369
2026-01-13,1,-2.11327272727273
2026-01-13,2,7.95807084870849
2026-01-13,3,4.02875837988827
2026-01-13,4,4.15302377622378
2026-01-13,5,4.88905614714424
2026-01-13,6,6.33230441640379
2026-01-13,7,2.25650314465409
2026-01-13,8,5.05052421652422
2026-01-13,9,4.15516991017964
2026-01-13,10,4.67124414303329
2026-01-13,11,3.57549289772727
2026-01-13,12,4.41699057492931
2026-01-14,1,11.2339090909091
2026-01-14,2,13.1620487804878
2026-01-14,3,9.43797903563941
2026-01-14,4,9.46282578397213
2026-01-14,5,10.5231290064103
2026-01-14,6,10.4230264285714
2026-01-14,7,9.01172185430464
2026-01-14,8,10.1332628705148
2026-01-14,9,9.72541266209001
2026-01-14,10,11.0163546875
2026-01-14,11,8.87720098039216
2026-01-14,12,9.30884659498208
2026-01-15,1,-1.07669841269841
2026-01-15,2,5.80944098939929
2026-01-15,3,1.92245653817082
2026-01-15,4,2.16222454672245
2026-01-15,5,3.01802637528259
2026-01-15,6,4.7089181066867
2026-01-15,7,1.9438125
2026-01-15,8,3.4323931133429
2026-01-15,9,2.00216602907422
2026-01-15,10,0.810818181818182
2026-01-15,11,1.92561720430108
2026-01-15,12,1.94668645908762
2026-01-16,1,-3.04288888888889
2026-01-16,2,3.64795744680851
2026-01-16,3,0.578564321250888
2026-01-16,4,0.403341843971631
2026-01-16,5,0.817479422382671
2026-01-16,6,2.07377286135693
2026-01-16,7,0.632739726027397
2026-01-16,8,1.52095217071376
2026-01-16,9,1.46570819935691
2026-01-16,10,4.89149137931035
2026-01-16,11,0.595068382944489
2026-01-16,12,-0.0868474446987033
2026-01-17,1,2.42348529411765
2026-01-17,2,6.02795337508699
2026-01-17,3,2.64661480362538
2026-01-17,4,2.68727323549965
2026-01-17,5,2.8052
2026-01-17,6,3.71254383358098
2026-01-17,7,0.234634328358209
2026-01-17,8,3.20679784946237
2026-01-17,9,2.61943348623853
2026-01-17,10,4.4395
2026-01-17,11,2.42020099431818
2026-01-17,12,2.41108582089552
2026-01-18,1,0.462696202531646
2026-01-18,2,4.40293045897079
2026-01-18,3,0.703466852756455
2026-01-18,4,0.784400417827298
2026-01-18,5,0.686773987206823
2026-01-18,6,1.48463971119134
2026-01-18,7,0.822881481481481
2026-01-18,8,1.10670286133529
2026-01-18,9,1.0393339070568
2026-01-18,10,2.57706024096386
2026-01-18,11,0.379587692307692
2026-01-18,12,0.730919521912351
2026-01-19,1,1.09185820895522
2026-01-19,2,3.69449930264993
2026-01-19,3,-0.314675052410901
2026-01-19,4,-0.576241958041958
2026-01-19,5,0.987669241573034
2026-01-19,6,1.64758800623053
2026-01-19,7,-2.07994444444444
2026-01-19,8,0.7301770609319
2026-01-19,9,-0.255287463976945
2026-01-19,10,2.63519123505976
2026-01-19,11,-0.717472963229993
2026-01-19,12,-0.612821372854914
2026-01-20,1,-5.35040869565217
2026-01-20,2,1.26598885017422
2026-01-20,3,-2.30852965806001
2026-01-20,4,-2.66511384399157
2026-01-20,5,-1.71050383435583
2026-01-20,6,-1.24931268882175
2026-01-20,7,-3.04435428571429
2026-01-20,8,-1.812338996139
2026-01-20,9,-2.63256397426733
2026-01-20,10,-2.32542473555736
2026-01-20,11,-2.58192463092463
2026-01-20,12,-2.95842763157895
2026-01-21,1,-4.52434722222222
2026-01-21,2,2.80628813559322
2026-01-21,3,-1.13301324965132
2026-01-21,4,-0.978199581297976
2026-01-21,5,0.98648463356974
2026-01-21,6,0.915843081312411
2026-01-21,7,0.273576923076923
2026-01-21,8,1.29465076923077
2026-01-21,9,-1.26744026068067
2026-01-21,10,-1.2774131082423
2026-01-21,11,-1.49120994879298
2026-01-21,12,-1.72255348047538
2026-01-22,1,11.7345294117647
2026-01-22,2,11.4117804878049
2026-01-22,3,7.80773109243697
2026-01-22,4,7.69440502793296
2026-01-22,5,7.39244526083762
2026-01-22,6,8.79694671741199
2026-01-22,7,12.0198181818182
2026-01-22,8,8.79423748211731
2026-01-22,9,7.94045220030349
2026-01-22,10,8.02506533333333
2026-01-22,11,7.44080999180999
2026-01-22,12,7.40485627376426
2026-01-23,1,5.01836363636364
2026-01-23,2,5.0035363086233
2026-01-23,3,1.8446835443038
2026-01-23,4,1.56866830985915
2026-01-23,5,2.37894826254826
2026-01-23,6,2.78941035856574
2026-01-23,7,3.21362307692308
2026-01-23,8,2.44443541364296
2026-01-23,9,1.81255953307393
2026-01-23,10,3.83342576419214
2026-01-23,11,1.14074345930233
2026-01-23,12,2.10098262243286
2026-01-24,1,-7.11871653543307
2026-01-24,2,-3.54346935933148
2026-01-24,3,-6.21487878787879
2026-01-24,4,-5.95991067373202
2026-01-24,5,-5.96222066549912
2026-01-24,6,-4.90337697841727
2026-01-24,7,-7.35652941176471
2026-01-24,8,-5.82291489361702
2026-01-24,9,-6.80842304385211
2026-01-24,10,-6.6341226343679
2026-01-24,11,-7.26890476190476
2026-01-24,12,-6.62674485596708
2026-01-25,1,-5.44787738095238
2026-01-25,2,-0.944768037238169
2026-01-25,3,-4.61090289103039
2026-01-25,4,-4.94280769230769
2026-01-25,5,-4.9694259796807
2026-01-25,6,-4.30332729905865
2026-01-25,7,-6.21522546419098
2026-01-25,8,-4.66743301955105
2026-01-25,9,-4.73026946564886
2026-01-25,10,-7.4664696969697
2026-01-25,11,-5.57597443609023
2026-01-25,12,-5.04898751835536
2026-01-26,1,-3.1173974025974
2026-01-26,2,0.936673170731707
2026-01-26,3,-3.76917554388597
2026-01-26,4,-4.07449709302326
2026-01-26,5,-2.66731590909091
2026-01-26,6,-1.80527929901424
2026-01-26,7,-2.98182051282051
2026-01-26,8,-3.37019637681159
2026-01-26,9,-4.11796309439319
2026-01-26,10,-8.18404225352113
2026-01-26,11,-4.15401217765043
2026-01-26,12,-4.10622679580307
2026-01-27,1,-4.81588346883469
2026-01-27,2,-1.97544444444444
2026-01-27,3,-5.65321423586881
2026-01-27,4,-5.66203021582734
2026-01-27,5,-1.48773003802281
2026-01-27,6,-2.46506456692913
2026-01-27,7,-11.6758689655172
2026-01-27,8,-4.72227564102564
2026-01-27,9,-5.60085768645358
2026-01-27,10,-9.36170948379352
2026-01-27,11,-6.10108633093525
2026-01-27,12,-6.04990007293946
2026-01-28,1,-5.48156547619048
2026-01-28,2,-2.60693226256983
2026-01-28,3,-5.8606969273743
2026-01-28,4,-5.94408868715084
2026-01-28,5,-5.92839603960396
2026-01-28,6,-3.80014296081277
2026-01-28,7,-7.91661403508772
2026-01-28,8,-5.32277217015141
2026-01-28,9,-5.29741181165203
2026-01-28,10,-7.29379597701149
2026-01-28,11,-6.56383510204082
2026-01-28,12,-7.06212883435583
2026-01-29,1,-9.08921656804734
2026-01-29,2,-4.2715369595537
2026-01-29,3,-7.65225962211337
2026-01-29,4,-7.86002664796634
2026-01-29,5,-7.31888045812455
2026-01-29,6,-5.10605266955267
2026-01-29,7,-8.12849411764706
2026-01-29,8,-6.6710465293669
2026-01-29,9,-8.01756434911243
2026-01-29,10,-10.7287056396149
2026-01-29,11,-9.02119143968872
2026-01-29,12,-8.09786186186186
2026-01-30,1,-8.10216368638239
2026-01-30,2,-4.57460698027314
2026-01-30,3,-8.24863661774983
2026-01-30,4,-8.50340896358543
2026-01-30,5,-7.35570497147514
2026-01-30,6,-5.12811366906475
2026-01-30,7,-9.74238157894737
2026-01-30,8,-7.62269402447804
2026-01-30,9,-8.57588554658841
2026-01-30,10,-7.38563540090772
2026-01-30,11,-8.39181391712275
2026-01-30,12,-8.70920072727273
2026-01-31,1,-5.57472769230769
2026-01-31,2,-3.17130014025245
2026-01-31,3,-7.23311847988078
2026-01-31,4,-6.65026898954704
2026-01-31,5,-4.5583900990099
2026-01-31,6,-5.72764988558352
2026-01-31,7,-8.67367105263158
2026-01-31,8,-6.22979369627507
2026-01-31,9,-6.58846433878158
2026-01-31,10,-8.76809013605442
2026-01-31,11,-7.23960535843592
2026-01-31,12,-7.11157009345794
2026-02-01,1,-4.4802563237774
2026-02-01,2,-0.796605427974948
2026-02-01,3,-4.6958709902371
2026-02-01,4,-4.8260829846583
2026-02-01,5,-3.98525
2026-02-01,6,-3.01278010093727
2026-02-01,7,-5.1284
2026-02-01,8,-4.01023448773449
2026-02-01,9,-5.62851669316375
2026-02-01,10,-4.56650658682635
2026-02-01,11,-5.02067834167262
2026-02-01,12,-5.03464877663773
2026-02-02,1,-0.676984251968504
2026-02-02,2,0.863950647249191
2026-02-02,3,-1.91355921513665
2026-02-02,4,-2.33297827610371
2026-02-02,5,-0.67525723738627
2026-02-02,6,0.402327737226277
2026-02-02,7,-3.3682380952381
2026-02-02,8,-1.34940841584158
2026-02-02,9,-2.19932940251572
2026-02-02,10,-4.78443807040417
2026-02-02,11,-1.75914496314496
2026-02-02,12,-1.93252376425856
2026-02-03,1,1.81617944535073
2026-02-03,2,5.00028702290076
2026-02-03,3,0.366244738893219
2026-02-03,4,0.929196958174905
2026-02-03,5,12.7181419939577
2026-02-03,6,3.50579658119658
2026-02-03,7,-1.39286092715232
2026-02-03,8,2.61770393559928
2026-02-03,9,0.505630769230769
2026-02-03,10,-0.220667238421955
2026-02-03,11,0.356199090909091
2026-02-03,12,1.05322766570605
2026-02-04,1,2.27602252252252
2026-02-04,2,6.83425974930362
2026-02-04,3,2.90733262108262
2026-02-04,4,3.21732762472077
2026-02-04,5,13.3232204081633
2026-02-04,6,5.6110340651022
2026-02-04,7,6.16753435114504
2026-02-04,8,3.81435270379338
2026-02-04,9,3.243
2026-02-04,10,3.10352043269231
2026-02-04,11,4.11745728038508
2026-02-04,12,3.12381879844961
2026-02-05,1,-1.84532882882883
2026-02-05,2,0.963893076923077
2026-02-05,3,-2.98435368577811
2026-02-05,4,-3.01915818815331
2026-02-05,5,-2.97881289308176
2026-02-05,6,-0.00637111801242233
2026-02-05,7,-1.97895333333333
2026-02-05,8,-1.09174978503869
2026-02-05,9,-2.9288499646143
2026-02-05,10,-3.21787707061901
2026-02-05,11,-2.04898690671031
2026-02-05,12,-4.20157142857143
2026-02-06,1,-1.64660533707865
2026-02-06,2,0.322840148698885
2026-02-06,3,-3.70281652046784
2026-02-06,4,-3.24044345898004
2026-02-06,5,-3.94173009220453
2026-02-06,6,-2.9283732718894
2026-02-06,7,-6.4811214953271
2026-02-06,8,-2.93003020667727
2026-02-06,9,-3.29169000853971
2026-02-06,10,-4.02404347826087
2026-02-06,11,-6.01990559824369
2026-02-06,12,-2.78198846960168
2026-02-07,1,-3.47174965800274
2026-02-07,2,0.246481421647819
2026-02-07,3,-3.69355010511563
2026-02-07,4,-4.13579113018598
2026-02-07,5,-0.254338028169014
2026-02-07,6,-1.74236919831224
2026-02-07,7,-1.32735714285714
2026-02-07,8,-2.37559307359307
2026-02-07,9,-2.79058544303797
2026-02-07,10,-4.54410226320201
2026-02-07,11,-3.7492700841622
2026-02-07,12,-3.78771327254306
2026-02-08,1,-4.6859121887287
2026-02-08,2,-2.33594309559939
2026-02-08,3,-5.26732229185318
2026-02-08,4,-5.93390029325513
2026-02-08,5,-7.7994
2026-02-08,6,-3.72964838709677
2026-02-08,7,-7.38079381443299
2026-02-08,8,-4.38036569343066
2026-02-08,9,-5.33292323943662
2026-02-08,10,-7.7116803874092
2026-02-08,11,-5.44065964343598
2026-02-08,12,-5.99061986863711
2026-02-09,1,-3.56344592790387
2026-02-09,2,2.25144617784711
2026-02-09,3,-5.04506701479547
2026-02-09,4,-4.28369906223359
2026-02-09,5,-0.596297551789077
2026-02-09,6,-1.96523781998348
2026-02-09,7,-5.82379850746269
2026-02-09,8,-1.79748306772908
2026-02-09,9,-4.06601822157434
2026-02-09,10,-6.13473299319728
2026-02-09,11,-4.53861695906433
2026-02-09,12,-3.78603818615752
2026-02-10,1,0.906108726752504
2026-02-10,2,4.58978057302586
2026-02-10,3,2.69725427872861
2026-02-10,4,1.00836465638149
2026-02-10,5,2.21896085409253
2026-02-10,6,4.15128218243819
2026-02-10,7,2.41675384615385
2026-02-10,8,3.35219512195122
2026-02-10,9,1.9299064697609
2026-02-10,10,-0.580684713375796
2026-02-10,11,-0.22938151425762
2026-02-10,12,2.19099122807018
2026-02-11,1,8.90444567219153
2026-02-11,2,10.7461449595291
2026-02-11,3,6.97435328345802
2026-02-11,4,7.3863290960452
2026-02-11,5,7.45151895043732
2026-02-11,6,11.6099955116697
2026-02-11,7,7.52262608695652
2026-02-11,8,8.68674420759963
2026-02-11,9,7.8348749080206
2026-02-11,10,9.37376694915254
2026-02-11,11,8.27599491525424
2026-02-11,12,6.59093333333333
2026-02-12,1,2.93516511627907
2026-02-12,2,7.19043143297381
2026-02-12,3,3.06666153846154
2026-02-12,4,2.98651615168539
2026-02-12,5,3.33158727695888
2026-02-12,6,4.77521064139942
2026-02-12,7,3.08135779816514
2026-02-12,8,5.05768383017164
2026-02-12,9,2.99002055279943
2026-02-12,10,3.69099303944316
2026-02-12,11,2.7811216730038
2026-02-12,12,2.71554951033732
2026-02-13,1,2.73349854651163
2026-02-13,2,3.12563217461601
2026-02-13,3,-0.301881802721088
2026-02-13,4,0.60285073580939
2026-02-13,5,1.79678178963893
2026-02-13,6,3.9594099766173
2026-02-13,7,3.25360215053763
2026-02-13,8,4.69023572744015
2026-02-13,9,0.000881617647058813
2026-02-13,10,0.908443069306931
2026-02-13,11,0.414633116883117
2026-02-13,12,0.478791245791246
2026-02-14,1,4.14267737003058
2026-02-14,2,7.37137906976744
2026-02-14,3,4.70794010614102
2026-02-14,4,2.24134362307067
2026-02-14,5,3.8792902277737
2026-02-14,6,5.75760722021661
2026-02-14,7,5.63042
2026-02-14,8,5.33406317411402
2026-02-14,9,4.68263903541824
2026-02-14,10,0.178310231023102
2026-02-14,11,-0.204067197170645
2026-02-14,12,2.26921117061974
2026-02-15,1,3.6500825
2026-02-15,2,6.60302083333333
2026-02-15,3,2.91437945492662
2026-02-15,4,2.90850039714059
2026-02-15,5,2.72248571428571
2026-02-15,6,3.76303681442524
2026-02-15,7,4.24632653061224
2026-02-15,8,4.08235736677116
2026-02-15,9,3.59255259146341
2026-02-15,10,1.90219730941704
2026-02-15,11,2.37948062015504
2026-02-15,12,2.46935322425409
2026-02-16,1,4.01799023199023
2026-02-16,2,7.35113465160075
2026-02-16,3,3.85852661870504
2026-02-16,4,3.94600842696629
2026-02-16,5,3.54453436426117
2026-02-16,6,4.58727495462795
2026-02-16,7,2.98472307692308
2026-02-16,8,3.22192456896552
2026-02-16,9,4.20198106591865
2026-02-16,10,4.12745643153527
2026-02-16,11,3.82655361305361
2026-02-16,12,2.53149152542373
2026-02-17,1,4.13456281407035
2026-02-17,2,5.46250699300699
2026-02-17,3,0.999274611398964
2026-02-17,4,3.00076597444089
2026-02-17,5,3.87761508852964
2026-02-17,6,6.8569950617284
2026-02-17,7,4.95902489626556
2026-02-17,8,4.50866699123661
2026-02-17,9,3.70483891213389
2026-02-17,10,3.71129109589041
2026-02-17,11,2.06764269141531
2026-02-17,12,4.16991642651297
2026-02-18,1,3.78663580246914
2026-02-18,2,7.20300505050505
2026-02-18,3,4.69201408450704
2026-02-18,4,3.83961705101328
2026-02-18,5,2.2758115942029
2026-02-18,6,5.11569693769799
2026-02-18,7,3.7898275862069
2026-02-18,8,4.6309744645799
2026-02-18,9,4.67349835526316
2026-02-18,10,4.98646060606061
2026-02-18,11,4.79470559610706
2026-02-18,12,4.62410238095238
2026-02-19,1,3.8343701875617
2026-02-19,2,8.53801507537688
2026-02-19,3,4.4154609375
2026-02-19,4,3.18199034175334
2026-02-19,5,3.47160615627466
2026-02-19,6,4.16466860465116
2026-02-19,7,4.10866315789474
2026-02-19,8,3.59242122719735
2026-02-19,9,3.92058969641214
2026-02-19,10,4.09414366197183
2026-02-19,11,2.82205714285714
2026-02-19,12,4.24743213296399
2026-02-20,1,7.08017838765009
2026-02-20,2,10.0257868852459
2026-02-20,3,7.74304827586207
2026-02-20,4,6.0829575389948
2026-02-20,5,6.73646686746988
2026-02-20,6,9.25287297297297
2026-02-20,7,4.29462424242424
2026-02-20,8,5.49265695253955
2026-02-20,9,5.88962162162162
2026-02-20,10,9.17204501607717
2026-02-20,11,5.62516721311475
2026-02-20,12,9.09621593830334
2026-02-21,1,4.90616551724138
2026-02-21,2,10.118009478673
2026-02-21,3,4.36323880597015
2026-02-21,4,5.6003969521045
2026-02-21,5,6.27845175438596
2026-02-21,6,10.1274965197216
2026-02-21,7,10.0865510204082
2026-02-21,8,4.87612526539278
2026-02-21,9,8.86924719101124
2026-02-21,10,8.71046816479401
2026-02-21,11,1.08228
2026-02-21,12,5.54829365079365
2026-02-22,1,1.39567947421638
2026-02-22,2,4.86652252252252
2026-02-22,3,1.2108961038961
2026-02-22,4,1.2482940287226
2026-02-22,5,1.23172441520468
2026-02-22,6,0.338317596566524
2026-02-22,7,1.64126213592233
2026-02-22,8,1.21659176029963
2026-02-22,9,1.68258193277311
2026-02-22,10,1.64604615384615
2026-02-22,11,1.1044528122021
2026-02-22,12,0.906039106145251
2026-02-23,1,2.46800937866354
2026-02-23,2,6.94889589905363
2026-02-23,3,2.72479739507959
2026-02-23,4,2.96355189058729
2026-02-23,5,2.90706624888093
2026-02-23,6,3.65103278688525
2026-02-23,7,3.778
2026-02-23,8,3.05988111888112
2026-02-23,9,3.1534196044712
2026-02-23,10,2.97780708661417
2026-02-23,11,2.43826118721461
2026-02-23,12,3.54797887323944
2026-02-24,1,3.10825298804781
2026-02-24,2,5.68310648148148
2026-02-24,3,2.57322266560255
2026-02-24,4,2.07775208491281
2026-02-24,5,2.0709612625538
2026-02-24,6,11.0188728323699
2026-02-24,7,4.71257894736842
2026-02-24,8,3.86235436893204
2026-02-24,9,2.36957080924855
2026-02-24,10,1.00281776765376
2026-02-24,11,1.99207894736842
2026-02-24,12,1.04557154742097
2026-02-25,1,6.86253651685393
2026-02-25,2,6.80425675675676
2026-02-25,3,2.94744126984127
2026-02-25,4,6.10751890289103
2026-02-25,5,6.15786708860759
2026-02-25,6,7.93700956937799
2026-02-25,7,8.59764893617021
2026-02-25,8,6.98884324702589
2026-02-25,9,5.55357873210634
2026-02-25,10,7.52869294605809
2026-02-25,11,4.36242533470649
2026-02-25,12,4.87946859296482
2026-02-26,1,5.03524461105904
2026-02-26,2,9.99577094972067
2026-02-26,3,6.24047014925373
2026-02-26,4,4.87317737430168
2026-02-26,5,4.93463988522238
2026-02-26,6,7.79719626168224
2026-02-26,8,5.12972776280323
2026-02-26,9,6.49013470993117
2026-02-26,10,5.25356603773585
2026-02-26,11,4.59733895582329
2026-02-26,12,4.59609387755102
2026-02-27,1,4.21379405034325
2026-02-27,2,11.6632688274547
2026-02-27,3,8.52315905947441
2026-02-27,4,5.25987263820854
2026-02-27,5,5.84400923787529
2026-02-27,6,18.682978313253
2026-02-27,7,34.82
2026-02-27,8,6.27997120786517
2026-02-27,9,6.34298740740741
2026-02-27,10,2.56893432835821
2026-02-27,11,4.97916165951359
2026-02-27,12,8.00318203033839
2026-02-28,1,7.43929866270431
2026-02-28,2,10.7141637630662
2026-02-28,3,8.7770485629336
2026-02-28,4,7.18799579831933
2026-02-28,5,7.29160584461867
2026-02-28,6,18.9036183074266
2026-02-28,7,34.3771428571429
2026-02-28,8,8.77253542132737
2026-02-28,9,7.04094608567208
2026-02-28,10,5.22811009174312
2026-02-28,11,6.72329856115108
2026-02-28,12,8.05700519031142
2026-03-01,1,7.11145737483085
2026-03-01,2,11.0002157821229
2026-03-01,3,7.01526412325752
2026-03-01,4,6.95426300984529
2026-03-01,5,7.00529794762916
2026-03-01,6,13.484807112069
2026-03-01,7,34.82
2026-03-01,8,6.60574156441718
2026-03-01,9,7.91322814814815
2026-03-01,10,7.79080681818182
2026-03-01,11,6.86331982313928
2026-03-01,12,7.85751666666667
2026-03-02,1,0.423048556430446
2026-03-02,2,4.37499081163859
2026-03-02,3,0.529497465604634
2026-03-02,4,0.55022947368421
2026-03-02,5,0.540802538787024
2026-03-02,6,1.37109845890411
2026-03-02,7,34.82
2026-03-02,8,0.859505747126437
2026-03-02,9,0.576747663551402
2026-03-02,10,0.216592417061611
2026-03-02,11,0.112210770659239
2026-03-02,12,0.383715423606083
2026-03-03,1,2.27643926788686
2026-03-03,2,6.89421827057183
2026-03-03,3,2.48717787114846
2026-03-03,4,2.52109517144857
2026-03-03,5,2.57896822033898
2026-03-03,6,2.81216087751371
2026-03-03,7,34.82
2026-03-03,8,2.91151184493898
2026-03-03,9,2.70754900459418
2026-03-03,10,2.82909582309582
2026-03-03,11,2.65843570219966
2026-03-03,12,2.46042826243691
2026-03-04,1,8.35958911819887
2026-03-04,2,13.3538427626745
2026-03-04,3,8.56889901823282
2026-03-04,4,8.56677450980392
2026-03-04,5,8.62310581639804
2026-03-04,6,9.34669551777434
2026-03-04,7,34.82
2026-03-04,8,9.09862580185317
2026-03-04,9,9.16965853658537
2026-03-04,10,9.43454005934718
2026-03-04,11,8.35013499633162
2026-03-04,12,8.50491199376947
2026-03-05,1,9.5849252782194
2026-03-05,2,14.2486226282502
2026-03-05,3,9.40357442348008
2026-03-05,4,9.50746893491124
2026-03-05,5,9.45029160739687
2026-03-05,6,10.3241903039074
2026-03-05,7,34.82
2026-03-05,8,10.0365986890022
2026-03-05,9,9.63992267267267
2026-03-05,10,9.00516066481994
2026-03-05,11,9.18376911871814
2026-03-05,12,9.20714520958084
2026-03-06,1,8.07181586402266
2026-03-06,2,13.0857541899441
2026-03-06,3,8.13715944055944
2026-03-06,4,8.19057943925234
2026-03-06,5,8.15654890921886
2026-03-06,6,8.85023038156947
2026-03-06,7,34.82
2026-03-06,8,8.62600861393892
2026-03-06,9,8.45505331412104
2026-03-06,10,8.65802949061662
2026-03-06,11,7.78259215686275
2026-03-06,12,7.96682839313573
2026-03-07,1,8.87900215982721
2026-03-07,2,11.7737997957099
2026-03-07,3,7.51423592085236
2026-03-07,4,8.19954093567251
2026-03-07,5,8.70343577004968
2026-03-07,6,9.91520518358531
2026-03-07,7,34.82
2026-03-07,8,9.53489544436146
2026-03-07,9,9.1128947368421
2026-03-07,10,8.31809019607843
2026-03-07,11,8.77127073552426
2026-03-07,12,8.05470942111237
2026-03-08,1,15.33950287687
2026-03-08,2,18.6578508341511
2026-03-08,3,15.654443254818
2026-03-08,4,15.8109347496206
2026-03-08,5,15.3717433004231
2026-03-08,6,16.2381347670251
2026-03-08,7,34.82
2026-03-08,8,15.9055711206897
2026-03-08,9,16.8463975799481
2026-03-08,10,16.2557272727273
2026-03-08,11,15.637679389313
2026-03-08,12,13.3600258064516
2026-03-09,1,15.5284297297297
2026-03-09,2,20.3534761204996
2026-03-09,3,17.6066708185053
2026-03-09,4,15.1012619382022
2026-03-09,5,16.0249909297052
2026-03-09,6,18.1346852646638
2026-03-09,7,34.82
2026-03-09,8,16.1923846153846
2026-03-09,9,16.3047722473605
2026-03-09,10,16.5056753926702
2026-03-09,11,14.9588993338268
2026-03-09,12,16.0507940140845
2026-03-10,1,18.978865448505
2026-03-10,2,20.0609120956399
2026-03-10,3,17.7236141924959
2026-03-10,4,15.5763946608947
2026-03-10,5,15.6678657342657
2026-03-10,6,17.1882077331312
2026-03-10,7,34.82
2026-03-10,8,16.7082166543847
2026-03-10,9,16.4317865810136
2026-03-10,10,15.0480689655172
2026-03-10,11,15.6429007874016
2026-03-10,12,15.0582797147385
2026-03-11,1,16.4267973231358
2026-03-11,2,21.6772276536313
2026-03-11,3,17.2852143854749
2026-03-11,4,17.7173763277693
2026-03-11,5,17.4714578947368
2026-03-11,6,19.7083819607843
2026-03-11,7,34.82
2026-03-11,8,18.0424078571429
2026-03-11,9,17.5926411589896
2026-03-11,10,19.8921094890511
2026-03-11,11,17.5983784219002
2026-03-11,12,16.6637822644497
2026-03-12,1,7.507194092827
2026-03-12,2,12.7321355311355
2026-03-12,3,8.4229167249825
2026-03-12,4,9.06086163051608
2026-03-12,5,7.07886419753086
2026-03-12,6,8.77630751533742
2026-03-12,7,34.82
2026-03-12,8,8.91890758122744
2026-03-12,9,8.35297045454545
2026-03-12,10,5.31928027681661
2026-03-12,11,9.52555240549828
2026-03-12,12,13.6171395663957
2026-03-13,1,4.46741067761807
2026-03-13,2,8.2712003968254
2026-03-13,3,4.3084885177453
2026-03-13,4,5.4807906779661
2026-03-13,5,6.3028431372549
2026-03-13,6,5.2766251298027
2026-03-13,7,34.82
2026-03-13,8,5.94015344827586
2026-03-13,9,5.25237787513691
2026-03-13,10,7.39470108695652
2026-03-13,11,4.76085280151947
2026-03-13,12,11.4348204633205
2026-03-14,1,11.1821548527808
2026-03-14,2,15.6035527728086
2026-03-14,3,14.6585578947368
2026-03-14,4,10.5881874125874
2026-03-14,5,10.5367218683652
2026-03-14,6,13.6601634208298
2026-03-14,7,31.4305217391304
2026-03-14,8,11.4756795698925
2026-03-14,9,12.5739118303571
2026-03-14,10,13.5521140939597
2026-03-14,11,10.6193027823241
2026-03-14,12,11.9008498074454
2026-03-15,1,9.85729148629149
2026-03-15,2,14.1572302521008
2026-03-15,3,13.114724137931
2026-03-15,4,9.29971506635441
2026-03-15,5,9.6420985915493
2026-03-15,6,9.60636697965571
2026-03-15,7,11.5825952380952
2026-03-15,8,10.1222886671418
2026-03-15,9,9.68296026986507
2026-03-15,10,8.35072950819672
2026-03-15,11,9.32158395245171
2026-03-15,12,9.73692392638037
2026-03-16,1,12.9026962457338
2026-03-16,2,17.2571062740077
2026-03-16,3,12.8185271317829
2026-03-16,4,11.2102457264957
2026-03-16,5,11.9776807017544
2026-03-16,6,13.1116670071502
2026-03-16,7,34.82
2026-03-16,8,12.3907385714286
2026-03-16,9,12.739109114249
2026-03-16,10,12.9524333333333
2026-03-16,11,12.3563888888889
2026-03-16,12,12.370021141649
2026-03-17,1,5.20933089770355
2026-03-17,2,10.2724136125654
2026-03-17,3,7.45614606741573
2026-03-17,4,4.07154297994269
2026-03-17,5,4.07343988480921
2026-03-17,6,6.92283121827411
2026-03-17,7,34.82
2026-03-17,8,4.82306373937677
2026-03-17,9,5.85782931726908
2026-03-17,10,5.63931441048035
2026-03-17,11,4.9297245804541
2026-03-17,12,6.37796749521989
2026-03-18,1,1.88203773584906
2026-03-18,2,6.51229513888889
2026-03-18,3,5.54665129682997
2026-03-18,4,1.49731240657698
2026-03-18,5,2.37889225352113
2026-03-18,6,5.68540969162996
2026-03-18,7,34.82
2026-03-18,8,3.39389507494647
2026-03-18,9,2.98777104136947
2026-03-18,10,2.76639303482587
2026-03-18,11,2.55369656203289
2026-03-18,12,4.90690736040609
2026-03-19,1,6.75406692160612
2026-03-19,2,12.8430911627907
2026-03-19,3,9.57468542199488
2026-03-19,4,7.32524039133473
2026-03-19,5,7.5370226789511
2026-03-19,6,9.86014705882353
2026-03-19,7,34.82
2026-03-19,8,8.62914635904831
2026-03-19,9,8.85293810289389
2026-03-19,10,5.23140229885057
2026-03-19,11,5.4303786407767
2026-03-19,12,7.96712959558824
2026-03-20,1,11.4055466847091
2026-03-20,2,16.7773970695971
2026-03-20,3,13.3291936978684
2026-03-20,4,11.7137181818182
2026-03-20,5,11.7073340517241
2026-03-20,6,13.9945174927114
2026-03-20,7,34.82
2026-03-20,8,12.2183366261398
2026-03-20,9,11.6106980519481
2026-03-20,10,16.7293258426966
2026-03-20,11,11.6843526104418
2026-03-20,12,13.1369245136187
2026-03-21,1,16.2688123028391
2026-03-21,2,21.0822614840989
2026-03-21,3,16.9330318282754
2026-03-21,4,15.9303108108108
2026-03-21,5,16.530209700428
2026-03-21,6,18.9585413043478
2026-03-21,7,34.82
2026-03-21,8,17.2614938539407
2026-03-21,9,18.4667563412759
2026-03-21,10,20.4724652777778
2026-03-21,11,16.7146035502959
2026-03-21,12,17.224707530648
2026-03-22,1,17.549373655914
2026-03-22,2,21.3111846689895
2026-03-22,3,17.0775481203008
2026-03-22,4,16.122356133829
2026-03-22,5,16.5851330985915
2026-03-22,6,18.8590705176294
2026-03-22,7,34.82
2026-03-22,8,17.4977289586305
2026-03-22,9,16.9364625283876
2026-03-22,10,13.2456526315789
2026-03-22,11,16.7460836972344
2026-03-22,12,16.2874355555556
2026-03-23,1,14.2569283536585
2026-03-23,2,18.8642108938548
2026-03-23,3,14.4718371929825
2026-03-23,4,14.2735599159075
2026-03-23,5,14.3105901639344
2026-03-23,6,15.6800441389291
2026-03-23,7,34.82
2026-03-23,8,15.2938164603059
2026-03-23,9,14.7439106992418
2026-03-23,10,16.2103422818792
2026-03-23,11,13.9553617854346
2026-03-23,12,13.900776
2026-03-24,1,7.66658003169572
2026-03-24,2,12.9746344884488
2026-03-24,3,9.3105679389313
2026-03-24,4,8.60340100430416
2026-03-24,5,8.65720396600567
2026-03-24,6,12.0171661466459
2026-03-24,7,34.82
2026-03-24,8,9.52334005763689
2026-03-24,9,10.0851831103679
2026-03-24,10,10.3218704318937
2026-03-24,11,8.72751851851852
2026-03-24,12,9.062753673293
2026-03-25,1,6.85858394160584
2026-03-25,2,8.37252205882353
2026-03-25,3,7.93361589403974
2026-03-25,4,8.74551230769231
2026-03-25,5,9.62634317862166
2026-03-25,6,8.84770749736009
2026-03-25,7,34.82
2026-03-25,8,10.6400964039786
2026-03-25,9,9.60354066543438
2026-03-25,10,10.1608289786223
2026-03-25,11,7.65143667296786
2026-03-25,12,10.8766325581395
2026-03-26,1,21.6633615384615
2026-03-26,2,30.6246197183099
2026-03-26,3,27.2073115577889
2026-03-26,4,21.4394718208092
2026-03-26,5,21.7386651982379
2026-03-26,6,25.488285120532
2026-03-26,7,34.82
2026-03-26,8,21.7873162863887
2026-03-26,9,22.8224594992636
2026-03-26,10,22.6521740506329
2026-03-26,11,22.6823513011152
2026-03-26,12,20.0797826685007
2026-03-27,1,14.5421465968586
2026-03-27,2,16.0286635273973
2026-03-27,3,14.2305592705167
2026-03-27,4,12.8325799711816
2026-03-27,5,12.7057767408471
2026-03-27,6,13.0382052401747
2026-03-27,7,34.82
2026-03-27,8,13.109696338837
2026-03-27,9,12.7426272273699
2026-03-27,10,10.1200326530612
2026-03-27,11,13.6562335329341
2026-03-27,12,12.649890625
2026-03-28,1,8.00431730769231
2026-03-28,2,10.675039800995
2026-03-28,3,8.18604398826979
2026-03-28,4,7.72888230827639
2026-03-28,5,8.69609758131777
2026-03-28,6,9.51005483405483
2026-03-28,7,34.82
2026-03-28,8,6.50052491961415
2026-03-28,9,8.32741461649783
2026-03-28,10,7.25389956331878
2026-03-28,11,7.31071544715447
2026-03-28,12,7.21341802067947
2026-03-29,1,9.04998169934641
2026-03-29,2,13.8953033309709
2026-03-29,3,10.7885538707103
2026-03-29,4,9.75831949331457
2026-03-29,5,10.302698459281
2026-03-29,6,12.6454460748349
2026-03-29,7,34.82
2026-03-29,8,10.8887652616279
2026-03-29,9,11.3598358208955
2026-03-29,10,9.40646327683616
2026-03-29,11,9.61716270430906
2026-03-29,12,12.9285679156909
2026-03-30,1,18.1956978417266
2026-03-30,2,22.803275261324
2026-03-30,3,18.1585365853659
2026-03-30,4,18.0584425651868
2026-03-30,5,18.4823833097595
2026-03-30,6,19.9746097738877
2026-03-30,7,34.82
2026-03-30,8,19.3026739130435
2026-03-30,9,18.6613832199546
2026-03-30,10,18.8380769230769
2026-03-30,11,18.4578233438486
2026-03-30,12,19.1499085619285
2026-03-31,1,25.2816711229947
2026-03-31,2,30.0029915134371
2026-03-31,3,25.6656694560669
2026-03-31,4,25.4284115523466
2026-03-31,5,25.6618079096045
2026-03-31,6,27.9603211678832
2026-03-31,7,34.82
2026-03-31,8,26.542136627907
2026-03-31,9,26.2480675569521
2026-03-31,10,26.2822327790974
2026-03-31,11,24.6864172535211
2026-03-31,12,25.121016291699
2026-04-01,1,26.0217765814266
2026-04-01,2,29.5910731707317
2026-04-01,3,25.4809433962264
2026-04-01,4,24.8434956395349
2026-04-01,5,25.4262804005722
2026-04-01,6,27.5556368960469
2026-04-01,7,34.82
2026-04-01,8,26.320462962963
2026-04-01,9,25.9690387481371
2026-04-01,10,25.1201548672566
2026-04-01,11,25.3477654867257
2026-04-01,12,25.7948904538341
2026-04-02,1,12.4621362229102
2026-04-02,2,16.5673324022346
2026-04-02,3,12.6244569025929
2026-04-02,4,12.7111929824561
2026-04-02,5,12.9552054794521
2026-04-02,6,13.1638467100506
2026-04-02,7,34.82
2026-04-02,8,12.9927003610108
2026-04-02,9,12.8019081779053
2026-04-02,10,12.4891620111732
2026-04-02,11,12.7341123996432
2026-04-02,12,12.5819768339768
2026-04-03,1,16.5394268292683
2026-04-03,2,21.1340100791937
2026-04-03,3,17.3677197149644
2026-04-03,4,16.7203216783217
2026-04-03,5,12.2669083447332
2026-04-03,6,18.896249100072
2026-04-03,7,34.82
2026-04-03,8,18.0484896206156
2026-04-03,9,18.6227812995246
2026-04-03,10,16.149306122449
2026-04-03,11,17.2885873902634
2026-04-03,12,17.992862254025
2026-04-04,1,24.1544333996024
2026-04-04,2,26.6403860523039
2026-04-04,3,22.2214216478191
2026-04-04,4,23.9136865021771
2026-04-04,6,26.1554736842105
2026-04-04,7,34.82
2026-04-04,8,25.6378502415459
2026-04-04,9,25.2867772511848
2026-04-04,10,24.8142809364548
2026-04-04,11,24.5117050691244
2026-04-04,12,23.1638322368421
2026-04-05,1,18.3847941176471
2026-04-05,2,22.3453412462908
2026-04-05,3,17.5465689381933
2026-04-05,4,17.614802919708
2026-04-05,6,18.7560400616333
2026-04-05,7,34.82
2026-04-05,8,18.2527220630373
2026-04-05,9,17.2827777777778
2026-04-05,10,17.61
2026-04-05,11,17.5374614197531
2026-04-05,12,18.3045445134576
2026-04-06,1,14.4439665697674
2026-04-06,2,18.3743454038997
2026-04-06,3,15.1166166380789
2026-04-06,4,14.5135238429173
2026-04-06,6,16.8416932067202
2026-04-06,7,34.82
2026-04-06,8,15.3122676659529
2026-04-06,9,16.2376512345679
2026-04-06,10,13.4166049382716
2026-04-06,11,13.9013562066307
2026-04-06,12,15.0157595281307
2026-04-07,1,11.9311952983725
2026-04-07,2,15.3626688405797
2026-04-07,3,11.8578848569435
2026-04-07,4,12.1217465224111
2026-04-07,6,13.8743471314452
2026-04-07,7,34.82
2026-04-07,8,12.7780593342981
2026-04-07,9,12.3867465753425
2026-04-07,10,11.3692916666667
2026-04-07,11,11.4279003663004
2026-04-07,12,12.0097988047809
2026-04-08,1,8.75309370629371
2026-04-08,2,13.4870419790105
2026-04-08,3,9.54606132404181
2026-04-08,4,9.50718135095448
2026-04-08,6,12.6127375776398
2026-04-08,7,34.82
2026-04-08,8,10.4058664285714
2026-04-08,9,11.1688673758865
2026-04-08,10,9.88621890547264
2026-04-08,11,8.92783046237534
2026-04-08,12,9.56353683442743
2026-04-09,1,12.7463470648816
2026-04-09,2,12.6403773584906
2026-04-09,3,5.63310785824345
2026-04-09,4,11.2976801768607
2026-04-09,6,11.6269885993485
2026-04-09,7,34.82
2026-04-09,8,12.687832967033
2026-04-09,9,8.72739504950495
2026-04-09,10,12.1415150214592
2026-04-09,11,11.2052519798416
2026-04-09,12,9.98793637145314
2026-04-10,1,14.92176
2026-04-10,2,21.4795060137457
2026-04-10,3,17.4967642124884
2026-04-10,4,15.520250174703
2026-04-10,6,18.2033402985075
2026-04-10,7,34.82
2026-04-10,8,16.6465195652174
2026-04-10,9,17.1697120456165
2026-04-10,10,16.6003271604938
2026-04-10,11,15.5922885375494
2026-04-10,12,15.3539271111111
2026-04-11,1,17.2347205651491
2026-04-11,2,21.3814954577219
2026-04-11,3,17.4593270758123
2026-04-11,4,17.1672164441321
2026-04-11,6,19.5402276119403
2026-04-11,7,34.82
2026-04-11,8,18.5992971071149
2026-04-11,9,18.7165475339528
2026-04-11,10,16.8217777777778
2026-04-11,11,16.1311400472069
2026-04-11,12,17.0852619834711
2026-04-12,1,16.0137268907563
2026-04-12,2,19.7183021632938
2026-04-12,3,15.4305245441795
2026-04-12,4,15.0664309116809
2026-04-12,6,17.5619746543779
2026-04-12,7,34.82
2026-04-12,8,16.2604978479197
2026-04-12,9,16.5635688073395
2026-04-12,10,16.5798155737705
2026-04-12,11,15.6521521008403
2026-04-12,12,16.1942036503362
2026-04-13,1,24.9313201320132
2026-04-13,2,27.147106918239
2026-04-13,3,23.0344814534444
2026-04-13,4,22.9532871720117
2026-04-13,5,32.42
2026-04-13,6,24.4120357142857
2026-04-13,7,34.82
2026-04-13,8,23.7707823613087
2026-04-13,9,23.8028008595989
2026-04-13,10,25.5634408602151
2026-04-13,11,22.7665169366716
2026-04-13,12,23.1412177419355
2026-04-14,1,25.4752280130293
2026-04-14,2,29.8424598183089
2026-04-14,3,26.6164600448096
2026-04-14,4,25.4004771929825
2026-04-14,6,28.6842846715328
2026-04-14,7,34.82
2026-04-14,8,26.7701570306924
2026-04-14,9,28.8322979397781
2026-04-14,10,29.2699523809524
2026-04-14,11,24.2539752650177
2026-04-14,12,24.4090401968827
2026-04-15,1,27.310735042735
2026-04-15,2,29.6394072524407
2026-04-15,3,25.5088943317005
2026-04-15,4,25.2644060150376
2026-04-15,6,28.6762414578588
2026-04-15,7,34.82
2026-04-15,8,26.4697098372258
2026-04-15,9,27.0303719599428
2026-04-15,10,30.0263763066202
2026-04-15,11,25.4779606700655
2026-04-15,12,26.3152217125382
2026-04-16,1,26.8119633507853
2026-04-16,2,30.1073119777159
2026-04-16,3,25.885856044724
2026-04-16,4,25.3488680718189
2026-04-16,6,29.1567411402157
2026-04-16,7,34.82
2026-04-16,8,26.7558910891089
2026-04-16,9,27.4133532486931
2026-04-16,10,30.9376666666667
2026-04-16,11,24.6846218487395
2026-04-16,12,26.4004279835391
2026-04-17,1,23.6631380753138
2026-04-17,2,28.6472801875733
2026-04-17,3,25.0024803767661
2026-04-17,4,25.2771563636364
2026-04-17,6,28.5805220228385
2026-04-17,7,34.82
2026-04-17,8,26.6722090437361
2026-04-17,9,28.0251901743265
2026-04-17,10,30.0865789473684
2026-04-17,11,23.9617734855136
2026-04-17,12,24.1798110979929
2026-04-18,1,22.3616989843029
2026-04-18,2,25.5238608198284
2026-04-18,3,21.6044935543278
2026-04-18,4,22.5488687782805
2026-04-18,6,23.8245056497175
2026-04-18,7,34.82
2026-04-18,8,22.5681227946366
2026-04-18,9,23.8404818383988
2026-04-18,10,23.3208361204013
2026-04-18,11,21.6464502617801
2026-04-18,12,22.5569778869779
2026-04-19,1,12.2664241645244
2026-04-19,2,16.7718226600985
2026-04-19,3,12.8513006993007
2026-04-19,4,12.2525900163666
2026-04-19,6,13.5683071965628
2026-04-19,7,34.82
2026-04-19,8,13.5261575630252
2026-04-19,9,13.5538
2026-04-19,10,13.3244575342466
2026-04-19,11,11.9673983983984
2026-04-19,12,14.0769257759784
2026-04-20,1,9.00639071566731
2026-04-20,2,14.5970197268589
2026-04-20,3,11.1372270531401
2026-04-20,4,9.37569909315746
2026-04-20,6,11.7279213973799
2026-04-20,7,34.82
2026-04-20,8,11.0880329153605
2026-04-20,9,10.9992558139535
2026-04-20,10,12.3563843537415
2026-04-20,11,9.44974598540146
2026-04-20,12,11.0681410916581
2026-04-21,1,10.5712446927374
2026-04-21,2,17.3500771349862
2026-04-21,3,15.8002348877375
2026-04-21,4,11.3172582921665
2026-04-21,6,13.8266415362731
2026-04-21,7,34.82
2026-04-21,8,12.5629493314567
2026-04-21,9,12.0655101733233
2026-04-21,10,9.91624034334764
2026-04-21,11,11.2790548340548
2026-04-21,12,9.80907351351351
2026-04-22,1,13.9060625
2026-04-22,2,15.8834328358209
2026-04-22,3,12.6720639534884
2026-04-22,4,16.2358568950564
2026-04-22,6,18.5576751644737
2026-04-22,7,34.82
2026-04-22,8,18.1550141342756
2026-04-22,9,13.7008026533997
2026-04-22,10,19.8139444444444
2026-04-22,11,15.0309674329502
2026-04-22,12,15.2428373702422
2026-04-23,1,19.9689085820896
2026-04-23,2,26.6361801596351
2026-04-23,3,26.4803092783505
2026-04-23,4,20.9395248078267
2026-04-23,6,23.6579772079772
2026-04-23,7,34.82
2026-04-23,8,22.4436441281139
2026-04-23,9,23.9937792894936
2026-04-23,10,21.1833632286996
2026-04-23,11,20.1035849056604
2026-04-23,12,20.1025874125874
2026-04-24,1,18.6540977881257
2026-04-24,2,22.4456795422031
2026-04-24,3,18.8403617021277
2026-04-24,4,21.8044124513619
2026-04-24,6,23.12681465821
2026-04-24,7,34.82
2026-04-24,8,21.8183286516854
2026-04-24,9,20.6272380178716
2026-04-24,10,23.5381838074398
2026-04-24,11,21.7830553327987
2026-04-24,12,22.0814837398374
2026-04-25,1,13.7545119705341
2026-04-25,2,19.914587628866
2026-04-25,3,14.0749693251534
2026-04-25,4,13.3423958333333
2026-04-25,6,16.0781121898598
2026-04-25,7,34.82
2026-04-25,8,14.7940252454418
2026-04-25,9,13.3994242424242
2026-04-25,10,13.7887407407407
2026-04-25,11,13.1437725631769
2026-04-25,12,14.7135467980296
2026-04-26,1,10.8955162162162
2026-04-26,2,15.2167293233083
2026-04-26,3,9.17723880597015
2026-04-26,4,10.6019324041812
2026-04-26,6,12.3306459143969
2026-04-26,7,34.82
2026-04-26,8,11.0240091164095
2026-04-26,9,10.6085004739336
2026-04-26,10,11.3338149253731
2026-04-26,11,10.4721616161616
2026-04-26,12,11.4937457386364
2026-04-27,1,14.070398
2026-04-27,2,19.8671895424837
2026-04-27,3,16.9415862068966
2026-04-27,4,16.3353878406709
2026-04-27,6,21.7387098623853
2026-04-27,7,34.82
2026-04-27,8,17.9190372191011
2026-04-27,9,21.4998723135272
2026-04-27,10,18.4040561497326
2026-04-27,11,15.3374964114833
2026-04-27,12,18.6427683397683
2026-04-28,1,15.2281553030303
2026-04-28,2,19.163453815261
2026-04-28,3,15.4658944099379
2026-04-28,4,13.8436919860627
2026-04-28,6,15.2917753846154
2026-04-28,7,34.82
2026-04-28,8,14.6348530035336
2026-04-28,9,15.0039877505568
2026-04-28,10,15.0238523316062
2026-04-28,11,14.969970027248
2026-04-28,12,13.9161985428051
2026-04-29,1,16.85432
2026-04-29,2,18.7588709677419
2026-04-29,3,14.9971544715447
2026-04-29,4,15.1371996027805
2026-04-29,6,15.6522929171669
2026-04-29,7,34.82
2026-04-29,8,15.1401266891892
2026-04-29,9,14.724106351551
2026-04-29,10,15.62332247557
2026-04-29,11,15.4858027812895
2026-04-29,12,15.6156097560976
2026-04-30,1,16.1164602272727
2026-04-30,2,22.4568131868132
2026-04-30,3,20.7021428571429
2026-04-30,4,18.8870599033816
2026-04-30,6,18.9208411654135
2026-04-30,7,34.82
2026-04-30,8,18.7538857345635
2026-04-30,9,17.2351609947644
2026-04-30,10,21.8983333333333
2026-04-30,11,17.5068530927835
2026-04-30,12,19.8017153284672
2026-05-01,1,16.294208619001
2026-05-01,2,22.4627405797101
2026-05-01,3,18.6785432098765
2026-05-01,4,15.6860600978337
2026-05-01,6,17.1767754172989
2026-05-01,7,34.82
2026-05-01,8,17.078407223796
2026-05-01,9,15.6944861878453
2026-05-01,10,12.2301625
2026-05-01,11,15.7970616487455
2026-05-01,12,17.2698665158371
2026-05-02,1,14.2249005424955
2026-05-02,2,18.9837903225806
2026-05-02,3,14.8427737226277
2026-05-02,4,15.3807837837838
2026-05-02,6,16.3775690168818
2026-05-02,7,34.82
2026-05-02,8,15.7015196629213
2026-05-02,9,14.3938888888889
2026-05-02,10,16.8753551912568
2026-05-02,11,15.6151818181818
2026-05-02,12,14.962725
2026-05-03,1,13.3069860541427
2026-05-03,2,18.3297646341463
2026-05-03,3,17.70829296875
2026-05-03,4,13.0032050384885
2026-05-03,6,15.1778057784912
2026-05-03,7,34.82
2026-05-03,8,14.5187127734651
2026-05-03,9,13.5229227707006
2026-05-03,10,13.08774
2026-05-03,11,13.1696397966594
2026-05-03,12,13.4940679347826
2026-05-04,1,18.7864478991597
2026-05-04,2,21.0306911142454
2026-05-04,3,20.1118115183246
2026-05-04,4,19.5226390134529
2026-05-04,6,19.8207283072546
2026-05-04,7,34.82
2026-05-04,8,20.3254723796034
2026-05-04,9,20.0578603411514
2026-05-04,10,20.7829432624113
2026-05-04,11,17.3074839337877
2026-05-04,12,18.9442978436658
2026-05-05,1,24.1826923076923
2026-05-05,2,32.6127057710501
2026-05-05,3,29.2162268803946
2026-05-05,4,25.1064005602241
2026-05-05,6,25.7243270622287
2026-05-05,7,34.82
2026-05-05,8,26.4620382165605
2026-05-05,9,25.0361538461538
2026-05-05,10,28.4348232323232
2026-05-05,11,25.6494932935917
2026-05-05,12,24.0820167064439
2026-05-06,1,20.3170365853659
2026-05-06,2,24.8260081967213
2026-05-06,3,21.0141759880686
2026-05-06,4,20.6663056379822
2026-05-06,5,23.56
2026-05-06,6,21.0878201438849
2026-05-06,7,34.82
2026-05-06,8,21.563519510329
2026-05-06,9,20.7649591503268
2026-05-06,10,21.3951708428246
2026-05-06,11,20.6902233009709
2026-05-06,12,20.8694501718213
2026-05-07,1,14.277664845173
2026-05-07,2,19.1218461538462
2026-05-07,3,15.6597210567211
2026-05-07,4,15.1979369369369
2026-05-07,6,15.6478463172805
2026-05-07,7,34.82
2026-05-07,8,16.3346080114449
2026-05-07,9,15.1117516014235
2026-05-07,10,15.4534967177243
2026-05-07,11,15.742420480993
2026-05-07,12,15.2725134680135
2026-05-08,1,17.5980296096904
2026-05-08,2,22.1660766283525
2026-05-08,3,18.5278350144092
2026-05-08,4,16.7537513855899
2026-05-08,6,19.7962629969419
2026-05-08,7,34.82
2026-05-08,8,19.1389110953058
2026-05-08,9,17.6475949188426
2026-05-08,10,13.862782967033
2026-05-08,11,17.8408832391714
2026-05-08,12,18.3997028704422
2026-05-09,1,16.3094755434783
2026-05-09,2,19.7857585644372
2026-05-09,3,15.0070342205323
2026-05-09,4,19.1618684394682
2026-05-09,5,15.9652631578947
2026-05-09,6,18.5207049180328
2026-05-09,7,34.82
2026-05-09,8,20.5936810279667
2026-05-09,9,18.1411278863233
2026-05-09,10,22.299921875
2026-05-09,11,18.9510031595577
2026-05-09,12,19.2522716049383
2026-05-10,1,19.4864054336468
2026-05-10,2,30.1580030959752
2026-05-10,3,25.6578092783505
2026-05-10,4,20.859030075188
2026-05-10,6,20.9478358809332
2026-05-10,7,34.82
2026-05-10,8,21.5836472346786
2026-05-10,9,19.0931463628396
2026-05-10,10,25.5482987012987
2026-05-10,11,20.7854946043165
2026-05-10,12,20.9808985507246
2026-05-11,1,13.4527344701583
2026-05-11,2,16.6872779369628
2026-05-11,3,14.6417255520505
2026-05-11,4,13.3920241935484
2026-05-11,5,6.627
2026-05-11,6,13.0705401869159
2026-05-11,7,34.82
2026-05-11,8,14.8006798069187
2026-05-11,9,13.002003021148
2026-05-11,10,14.8367399193548
2026-05-11,11,12.9091227598566
2026-05-11,12,13.9878150357995
2026-05-12,1,16.9776528583264
2026-05-12,2,22.3249844479005
2026-05-12,3,18.9785164835165
2026-05-12,4,17.19475
2026-05-12,6,18.3421477911647
2026-05-12,7,34.82
2026-05-12,8,17.2923961397059
2026-05-12,9,16.8479804205946
2026-05-12,10,14.6781453900709
2026-05-12,11,18.9593337066069
2026-05-12,12,19.2279413680782
2026-05-13,1,18.088578313253
2026-05-13,2,24.6979446308725
2026-05-13,3,20.3973519163763
2026-05-13,4,19.80067748765
2026-05-13,6,20.5187353433836
2026-05-13,7,34.82
2026-05-13,8,21.6148298676749
2026-05-13,9,18.7320121488231
2026-05-13,10,20.9995306859206
2026-05-13,11,20.0919650986343
2026-05-13,12,18.8836855345912
2026-05-14,1,16.4715207877462
2026-05-14,2,20.4139306358381
2026-05-14,3,18.2839108910891
2026-05-14,4,15.1787816455696
2026-05-14,6,17.5514473684211
2026-05-14,7,34.82
2026-05-14,8,17.5853571428571
2026-05-14,9,15.9896229260935
2026-05-14,10,16.0438964577657
2026-05-14,11,16.5575630252101
2026-05-14,12,17.567007963595
2026-05-15,1,17.4410298363811
2026-05-15,2,23.3148712667353
2026-05-15,3,23.2937543252595
2026-05-15,4,18.996875
2026-05-15,6,19.8877627627628
2026-05-15,7,34.82
2026-05-15,8,19.6247816901408
2026-05-15,9,19.106404494382
2026-05-15,10,17.5212244897959
2026-05-15,11,18.9815396952686
2026-05-15,12,19.0837729357798
2026-05-16,1,22.9148923076923
2026-05-16,2,26.9505983545251
2026-05-16,3,26.2185223880597
2026-05-16,4,21.7736901197605
2026-05-16,5,27.5711475409836
2026-05-16,6,22.9636038186158
2026-05-16,7,34.82
2026-05-16,8,22.9766033057851
2026-05-16,9,22.0903924646782
2026-05-16,10,23.5115111111111
2026-05-16,11,23.210099009901
2026-05-16,12,24.2606422018349
2026-05-17,1,25.6929083665339
2026-05-17,2,28.8156589147287
2026-05-17,3,20.8621963824289
2026-05-17,4,25.1940502793296
2026-05-17,5,27.2169544364508
2026-05-17,6,27.0148477751756
2026-05-17,7,34.82
2026-05-17,8,29.4581281790437
2026-05-17,9,24.8910248756219
2026-05-17,10,29.3825406504065
2026-05-17,11,27.1150599315068
2026-05-17,12,22.6655179704017
2026-05-18,1,27.4941913439636
2026-05-18,2,35.6941697416974
2026-05-18,3,27.5842641509434
2026-05-18,4,27.2200997861725
2026-05-18,5,28.8003311867525
2026-05-18,6,27.8683295540438
2026-05-18,7,34.82
2026-05-18,8,29.0625196850394
2026-05-18,9,26.7945748031496
2026-05-18,10,25.0834375
2026-05-18,11,26.6282414448669
2026-05-18,12,28.2575369458128
2026-05-19,1,31.1435866261398
2026-05-19,2,32.0291642084562
2026-05-19,3,30.0516151202749
2026-05-19,4,28.5764961457603
2026-05-19,5,22.524375
2026-05-19,6,27.9549021276596
2026-05-19,7,34.82
2026-05-19,8,27.8711263736264
2026-05-19,9,28.529074204947
2026-05-19,10,19.15
2026-05-19,11,29.1667181467181
2026-05-19,12,27.5841448516579
2026-05-20,1,30.506508135169
2026-05-20,2,34.0923001508296
2026-05-20,3,29.3912719298246
2026-05-20,4,29.0788258471237
2026-05-20,5,20.4673943661972
2026-05-20,6,29.4459299781182
2026-05-20,7,34.82
2026-05-20,8,29.9209363008442
2026-05-20,9,27.9755614973262
2026-05-20,10,41.2227272727273
2026-05-20,11,28.1174979691308
2026-05-20,12,28.0991487455197
2026-05-21,1,20.0385371702638
2026-05-21,2,23.8606065442937
2026-05-21,3,20.2017247097844
2026-05-21,4,20.2366481334392
2026-05-21,5,19.8870665499124
2026-05-21,6,20.392382176521
2026-05-21,7,34.82
2026-05-21,8,21.3362664329536
2026-05-21,9,19.6070126960418
2026-05-21,10,24.14
2026-05-21,11,19.7550756429652
2026-05-21,12,19.2257990430622
2026-05-22,1,13.6277790178571
2026-05-22,2,17.7472131147541
2026-05-22,3,13.7844871794872
2026-05-22,4,13.9391749174917
2026-05-22,5,13.6842702702703
2026-05-22,6,14.0048662207358
2026-05-22,7,34.82
2026-05-22,8,14.2865177895534
2026-05-22,9,13.7508368794326
2026-05-22,11,13.9335812133072
2026-05-22,12,14.2498638838475
2026-05-23,1,12.7437793851718
2026-05-23,2,17.0317671517672
2026-05-23,3,12.2790299823633
2026-05-23,4,13.1855125100888
2026-05-23,5,13.0672872340426
2026-05-23,6,13.3505442804428
2026-05-23,7,34.82
2026-05-23,8,13.5188955223881
2026-05-23,9,12.9885304659498
2026-05-23,11,13.6651907131012
2026-05-23,12,13.0274228855721
2026-05-24,1,17.4423567708333
2026-05-24,2,22.537214673913
2026-05-24,3,17.6727852998066
2026-05-24,4,17.4870014880952
2026-05-24,5,16.9787423780488
2026-05-24,6,18.0131131296449
2026-05-24,7,34.82
2026-05-24,8,16.8551994851995
2026-05-24,9,16.8473353520061
2026-05-24,10,17.4158064516129
2026-05-24,11,17.5887600459242
2026-05-24,12,16.5581441922563
2026-05-25,1,20.6191114058355
2026-05-25,2,25.923488372093
2026-05-25,3,20.8470305272895
2026-05-25,4,20.9273957446809
2026-05-25,5,20.9884097633136
2026-05-25,6,21.1205528846154
2026-05-25,7,34.82
2026-05-25,8,21.3861251086012
2026-05-25,9,21.2175492957746
2026-05-25,11,22.6693632958801
2026-05-25,12,20.6974104234528
2026-05-26,1,22.4924930232558
2026-05-26,2,25.9498888888889
2026-05-26,3,21.9648868778281
2026-05-26,4,22.2685120350109
2026-05-26,5,22.3519701280228
2026-05-26,6,23.8442472118959
2026-05-26,7,34.82
2026-05-26,8,24.4931160714286
2026-05-26,9,22.0672091131001
2026-05-26,10,19.89
2026-05-26,11,23.0231254996003
2026-05-26,12,23.0723021582734
2026-05-27,1,24.7630227743271
2026-05-27,2,28.9707382550336
2026-05-27,3,26.980168612192
2026-05-27,4,24.9534164777022
2026-05-27,5,24.3373715248526
2026-05-27,6,24.9087848297214
2026-05-27,7,34.82
2026-05-27,8,25.1867966903073
2026-05-27,9,25.0907896735004
2026-05-27,10,23.67
2026-05-27,11,26.5989271255061
2026-05-27,12,25.2241632653061
2026-05-28,1,26.6473991507431
2026-05-28,2,31.36046692607
2026-05-28,3,25.1577327935223
2026-05-28,4,26.4704750402577
2026-05-28,5,25.439450867052
2026-05-28,6,26.3787966488957
2026-05-28,7,34.82
2026-05-28,8,25.6907205452775
2026-05-28,9,26.0348786407767
2026-05-28,10,36.12
2026-05-28,11,25.354033530572
2026-05-28,12,24.4640968586387
2026-05-29,1,22.4632735426009
2026-05-29,2,25.8446208742194
2026-05-29,3,23.3270392390012
2026-05-29,4,21.4132119205298
2026-05-29,5,33.87
2026-05-29,6,22.2231088082902
2026-05-29,7,34.82
2026-05-29,8,21.6143337645537
2026-05-29,9,22.6211735121542
2026-05-29,10,24.5646808510638
2026-05-29,11,18.4722956730769
2026-05-29,12,19.4370787878788
2026-05-30,1,17.6415094339623
2026-05-30,2,24.5762096774194
2026-05-30,3,18.7404926108374
2026-05-30,4,22.2246560402685
2026-05-30,6,24.5448670520231
2026-05-30,7,34.82
2026-05-30,8,20.2072737068966
2026-05-30,9,21.2517577413479
2026-05-30,10,22.3503370786517
2026-05-30,11,24.4020245398773
2026-05-30,12,21.2537634408602
2026-05-31,1,21.8651396648045
2026-05-31,2,22.6784660766962
2026-05-31,3,16.772389380531
2026-05-31,4,21.3173688394277
2026-05-31,5,28.4590909090909
2026-05-31,6,20.2048970251716
2026-05-31,7,34.82
2026-05-31,8,24.6174002157497
2026-05-31,9,18.67234082397
2026-05-31,10,19.1710243902439
2026-05-31,11,19.2536052366566
2026-05-31,12,22.3032401315789
2026-06-01,1,16.7218518518519
2026-06-01,2,28.2737711864407
2026-06-01,3,26.3930769230769
2026-06-01,4,24.0443327239488
2026-06-01,6,24.5838237810094
2026-06-01,7,34.82
2026-06-01,8,15.0239607843137
2026-06-01,9,22.5992095357591
2026-06-01,10,27.1179272727273
2026-06-01,11,24.9286752529899
2026-06-01,12,25.4615677966102
2026-06-02,1,18.8826946107784
2026-06-02,2,23.1158530805687
2026-06-02,3,20.7470303030303
2026-06-02,4,21.4527272727273
2026-06-02,6,21.3510759493671
2026-06-02,7,34.82
2026-06-02,9,20.3958746736292
2026-06-02,10,22.9934782608696
2026-06-02,11,21.2467962003454
2026-06-02,12,23.0506809078772
2026-06-03,1,23.4597133220911
2026-06-03,2,26.0754460093897
2026-06-03,3,23.7561151079137
2026-06-03,4,23.7331217326363
2026-06-03,6,25.6750414593698
2026-06-03,7,34.82
2026-06-03,9,22.8770288248337
2026-06-03,10,28.3103608847497
2026-06-03,11,23.3880693069307
2026-06-03,12,21.2145728643216
2026-06-04,1,24.6112652296157
2026-06-04,2,30.7407062436029
2026-06-04,3,27.6663577586207
2026-06-04,4,25.3150700280112
2026-06-04,6,25.7233188090051
2026-06-04,7,34.82
2026-06-04,9,25.0904256803908
2026-06-04,10,27.6015079365079
2026-06-04,11,24.6080018850141
2026-06-04,12,29.0807206208426
2026-06-05,1,28.4753525913339
2026-06-05,2,31.3683595691798
2026-06-05,3,26.746350877193
2026-06-05,4,27.3364681149264
2026-06-05,6,27.7724908692476
2026-06-05,7,34.82
2026-06-05,9,26.1898920585968
2026-06-05,10,28.6035245901639
2026-06-05,11,27.8017501764291
2026-06-05,12,26.27375
2026-06-06,1,28.5934485815603
2026-06-06,2,30.8695842781557
2026-06-06,3,31.9512226512227
2026-06-06,4,27.8549269005848
2026-06-06,6,29.1562058371736
2026-06-06,7,34.82
2026-06-06,9,28.2077147766323
2026-06-06,10,27.7406748911466
2026-06-06,11,27.2457154405821
2026-06-06,12,27.5740953947368
2026-06-07,1,29.7718051575931
2026-06-07,2,32.7371043293116
2026-06-07,3,30.4283083003953
2026-06-07,4,28.4164978902954
2026-06-07,6,29.2564630681818
2026-06-07,7,34.82
2026-06-07,9,28.229670487106
2026-06-07,10,28.5047605633803
2026-06-07,11,28.9366926345609
2026-06-07,12,26.8756586826347
2026-06-08,1,26.0892511013216
2026-06-08,2,29.3268726450641
2026-06-08,3,25.8148814078041
2026-06-08,4,25.2441285824942
2026-06-08,6,25.1687241625089
2026-06-08,7,34.82
2026-06-08,9,24.9581349782293
2026-06-08,10,25.0879723502304
2026-06-08,11,24.5677480314961
2026-06-08,12,25.3382440737489
2026-06-09,1,22.6967768595041
2026-06-09,2,26.8628524590164
2026-06-09,3,23.7509900990099
2026-06-09,4,23.35672
2026-06-09,6,24.3491812865497
2026-06-09,7,34.82
2026-06-09,9,24.3818893528184
2026-06-09,10,23.0074754901961
2026-06-09,11,24.1680416666667
2026-06-09,12,24.4345148514851
2026-06-10,1,27.9627602905569
2026-06-10,2,33.3597782258065
2026-06-10,3,27.8493333333333
2026-06-10,4,26.9959661277906
2026-06-10,6,27.3460782918149
2026-06-10,7,34.82
2026-06-10,9,26.5359025270758
2026-06-10,10,27.6550585284281
2026-06-10,11,27.3290110759494
2026-06-10,12,27.3161963775024
2026-06-11,1,30.2211258278146
2026-06-11,2,37.5268410462777
2026-06-11,3,35.5293181818182
2026-06-11,4,30.2727480371163
2026-06-11,5,38.5309090909091
2026-06-11,6,30.876627991298
2026-06-11,7,34.82
2026-06-11,9,30.0806638115632
2026-06-11,10,30.5034319943622
2026-06-11,11,30.5142757009346
2026-06-11,12,30.354057591623
2026-06-12,1,29.7829302325581
2026-06-12,2,33.1957905544148
2026-06-12,3,32.9942592592593
2026-06-12,4,28.8944933920705
2026-06-12,5,32.6505196629213
2026-06-12,6,32.8868227946916
2026-06-12,7,33.1809345794393
2026-06-12,9,30.2590909090909
2026-06-12,10,28.8248162111216
2026-06-12,11,32.213828125
2026-06-12,12,31.5304524469067
2026-06-13,1,28.6510569105691
2026-06-13,2,28.5352754716981
2026-06-13,3,28.6296030640669
2026-06-13,4,28.8059845559846
2026-06-13,5,28.5809558823529
2026-06-13,6,32.5114912280702
2026-06-13,7,29.3454512635379
2026-06-13,9,27.7469168684423
2026-06-13,10,28.7854932912391
2026-06-13,11,32.613811922754
2026-06-13,12,28.8838664710198
2026-06-14,1,28.3773435784852
2026-06-14,2,28.9762983425414
2026-06-14,3,28.831642208246
2026-06-14,4,28.7748305752561
2026-06-14,5,28.1707805255023
2026-06-14,6,32.4184784313725
2026-06-14,7,30.6666254125413
2026-06-14,9,28.6900954478708
2026-06-14,10,28.6399854651163
2026-06-14,11,32.0499294117647
2026-06-14,12,29.0440497076023
2026-06-15,1,24.8384225352113
2026-06-15,2,25.3490231170768
2026-06-15,3,24.950968641115
2026-06-15,4,24.9389333333333
2026-06-15,5,25.2022660098522
2026-06-15,6,29.0253362255965
2026-06-15,7,25.8989752650177
2026-06-15,9,25.3773
2026-06-15,10,25.3271861836563
2026-06-15,11,28.2384889316651
2026-06-15,12,25.2014921090387
2026-06-16,1,23.2137887485649
2026-06-16,2,23.9089970501475
2026-06-16,3,23.4694541637509
2026-06-16,4,22.7983283803863
2026-06-16,5,23.6584203102962
2026-06-16,6,27.7161189358372
2026-06-16,7,24.5682407407407
2026-06-16,9,23.486089693155
2026-06-16,10,23.1144145454545
2026-06-16,11,24.9022161172161
2026-06-16,12,23.2921679389313
2026-06-17,1,26.2796752368065
2026-06-17,2,26.2952923760178
2026-06-17,3,26.5243049327354
2026-06-17,4,25.8828102481986
2026-06-17,5,26.3877551020408
2026-06-17,6,31.0385480093677
2026-06-17,7,26.318546875
2026-06-17,9,27.1310384300899
2026-06-17,10,25.8763786626597
2026-06-17,11,26.6219694533762
2026-06-17,12,26.6181831290555
2026-06-18,1,29.2583172413793
2026-06-18,2,28.4722926829268
2026-06-18,3,27.7460781367393
2026-06-18,4,28.0854054054054
2026-06-18,5,28.042391464312
2026-06-18,6,32.4863161764706
2026-06-18,7,28.992582557155
2026-06-18,9,28.2518604651163
2026-06-18,10,28.2833907056799
2026-06-18,11,27.8117272727273
2026-06-18,12,28.6092607313196
2026-06-19,1,26.4277672209026
2026-06-19,2,25.9760848056537
2026-06-19,3,25.5663058289175
2026-06-19,4,25.1635298681148
2026-06-19,5,25.4972675828618
2026-06-19,6,29.5779041916168
2026-06-19,7,26.6231518151815
2026-06-19,9,24.7827818853974
2026-06-19,10,25.7268786127168
2026-06-19,11,25.5507974594213
2026-06-19,12,26.3466411629686
2026-06-20,1,25.3952865612648
2026-06-20,2,26.1837421602787
2026-06-20,3,25.8075354107649
2026-06-20,4,24.5886418816388
2026-06-20,5,26.2693201133144
2026-06-20,6,30.1859733530718
2026-06-20,7,27.1802010827533
2026-06-20,9,26.4231709265176
2026-06-20,10,25.5623150887574
2026-06-20,11,25.5584642604388
2026-06-20,12,26.3167862481315
2026-06-21,1,26.3260235063663
2026-06-21,2,25.5155429497569
2026-06-21,3,30.3441736694678
2026-06-21,4,25.5696458814473
2026-06-21,5,26.8883795309168
2026-06-21,6,29.9286772908367
2026-06-21,7,27.7860925644917
2026-06-21,9,26.6265895522388
2026-06-21,10,26.4827126099707
2026-06-21,11,26.2525944404847
2026-06-21,12,26.6289665211063
2026-06-22,1,26.4206919060052
2026-06-22,2,26.481643454039
2026-06-22,3,28.4539235127479
2026-06-22,4,26.9545568561873
2026-06-22,5,26.3885940099834
2026-06-22,6,31.0285816164818
2026-06-22,7,26.4459179265659
2026-06-22,8,28.60006
2026-06-22,9,27.1810081743869
2026-06-22,10,26.8641085271318
2026-06-22,11,27.9336041666667
2026-06-22,12,28.1376063829787
2026-06-23,1,22.4220408163265
2026-06-23,2,21.9428752642706
2026-06-23,3,23.9100349162011
2026-06-23,4,21.5143710191083
2026-06-23,5,21.3843592057762
2026-06-23,6,27.9327982326951
2026-06-23,7,21.9081299524564
2026-06-23,8,22.3719674935843
2026-06-23,9,22.0688424437299
2026-06-23,10,21.6365073170732
2026-06-23,11,21.6367320261438
2026-06-24,1,28.0159978540773
2026-06-24,2,25.6702799160252
2026-06-24,3,28.881717877095
2026-06-24,4,25.0102005730659
2026-06-24,5,25.0845558958652
2026-06-24,6,33.6446725533481
2026-06-24,7,26.3935581787521
2026-06-24,8,25.9248039215686
2026-06-24,9,24.5583228346457
2026-06-24,10,25.0216174183515
2026-06-24,11,25.5966349206349
2026-06-25,1,25.7593109700816
2026-06-25,2,26.7867921896792
2026-06-25,3,29.3361308677098
2026-06-25,4,26.643286034354
2026-06-25,5,26.6638044254104
2026-06-25,6,33.2969381362569
2026-06-25,7,26.6771040723982
2026-06-25,8,25.3199166666667
2026-06-25,9,25.9786481802426
2026-06-25,10,26.1481638846737
2026-06-25,11,26.4466239638282
2026-06-26,1,27.8015879396985
2026-06-26,2,28.1609364081062
2026-06-26,3,30.890111653873
2026-06-26,4,27.5399367977528
2026-06-26,5,28.4788505747126
2026-06-26,6,36.5090136327185
2026-06-26,7,29.6742356377799
2026-06-26,8,28.0548715824358
2026-06-26,9,27.5374980694981
2026-06-26,10,27.5573988005997
2026-06-26,11,28.5077330895795
2026-06-26,12,22.68
2026-06-27,1,25.4574152153987
2026-06-27,2,25.495341480949
2026-06-27,3,28.3138829407566
2026-06-27,4,24.9064995891537
2026-06-27,5,25.7111593059937
2026-06-27,6,32.4996054628225
2026-06-27,7,25.6174136546185
2026-06-27,8,26.6035005973716
2026-06-27,9,25.7454058313633
2026-06-27,10,25.368746223565
2026-06-27,11,25.4402949852507
2026-06-27,12,26.5279717457114
2026-06-28,1,23.2068014705882
2026-06-28,2,23.1797071129707
2026-06-28,3,24.6645251396648
2026-06-28,4,23.1860624071322
2026-06-28,5,22.9790758827949
2026-06-28,6,28.9776647144949
2026-06-28,7,23.0266618705036
2026-06-28,8,23.659507346586
2026-06-28,9,23.1051752921536
2026-06-28,10,23.1825427682737
2026-06-28,11,23.1490518518519
2026-06-28,12,23.1368408916218
2026-06-29,1,27.0232031943212
2026-06-29,2,28.0576117318436
2026-06-29,3,31.6953229240596
2026-06-29,4,27.3953498871332
2026-06-29,5,27.7610503597122
2026-06-29,6,36.0659118086697
2026-06-29,7,28.8484442782349
2026-06-29,8,28.4263349131122
2026-06-29,9,27.9741228070175
2026-06-29,10,27.5232357594937
2026-06-29,11,28.1816385135135
2026-06-29,12,27.5826413632843
2026-06-30,1,29.0107082152975
2026-06-30,2,28.6156537102474
2026-06-30,3,30.9245495495495
2026-06-30,4,28.104461420932
2026-06-30,5,28.6534206798867
2026-06-30,6,37.0210698027314
2026-06-30,7,30.1900086430424
2026-06-30,8,28.6312449474535
2026-06-30,9,28.336301703163
2026-06-30,10,28.4905797101449
2026-06-30,11,28.282300295858
2026-06-30,12,28.6063361090083
2026-07-01,1,30.9737725631769
2026-07-01,2,31.8006095791001
2026-07-01,3,33.9918717375093
2026-07-01,4,31.6920174741859
2026-07-01,5,31.5251082251082
2026-07-01,6,39.3244646924829
2026-07-01,7,31.3426704545455
2026-07-01,8,31.4847695202258
2026-07-01,9,32.1814012184508
2026-07-01,10,31.1153609831029
2026-07-01,11,31.1388312636961
2026-07-01,12,31.4779516250945
2026-07-02,1,33.2813486238532
2026-07-02,2,34.1799440950384
2026-07-02,3,37.6286331444759
2026-07-02,4,34.7223591549296
2026-07-02,5,34.0388458781362
2026-07-02,6,42.1152151898734
2026-07-02,7,34.5977946493131
2026-07-02,8,33.5129904926534
2026-07-02,9,33.3023919753086
2026-07-02,10,33.5304573170732
2026-07-02,11,33.1957617942769
2026-07-02,12,33.9756320968963
2026-07-03,1,34.3124392439244
2026-07-03,2,34.7439829302987
2026-07-03,3,37.563016496465
2026-07-03,4,34.1761861861862
2026-07-03,5,34.6514181818182
2026-07-03,6,43.2892336035372
2026-07-03,7,35.5350264950795
2026-07-03,8,35.020065735415
2026-07-03,9,34.0619188503804
2026-07-03,10,34.1400238473768
2026-07-03,11,34.2256580937973
2026-07-03,12,34.5144196771714
2026-07-04,1,33.3777079646018
2026-07-04,2,34.0257611731844
2026-07-04,3,37.0029137199434
2026-07-04,4,33.5777562111801
2026-07-04,5,33.0795695618755
2026-07-04,6,42.0928983417448
2026-07-04,7,35.0063125948407
2026-07-04,8,35.1654372623574
2026-07-04,9,32.8258165728077
2026-07-04,10,33.0417252396166
2026-07-04,11,33.149493006993
2026-07-04,12,33.9591320754717
2026-07-05,1,30.2911009174312
2026-07-05,2,30.8981088625262
2026-07-05,3,33.3797799858055
2026-07-05,4,29.5563265306122
2026-07-05,5,30.4506976744186
2026-07-05,6,39.1123760818253
2026-07-05,7,31.2683110119048
2026-07-05,8,32.2570533880903
2026-07-05,9,30.3705365126677
2026-07-05,10,30.2297718631179
2026-07-05,11,29.9580757097792
2026-07-05,12,30.2305555555556
2026-07-06,1,29.4755287356322
2026-07-06,2,29.5200840925018
2026-07-06,3,30.2653151260504
2026-07-06,4,29.0776788321168
2026-07-06,5,29.3019186492709
2026-07-06,6,32.315419450631
2026-07-06,7,29.9689974293059
2026-07-06,8,29.8199601593625
2026-07-06,9,28.7947285464098
2026-07-06,10,29.1171461014383
2026-07-06,11,29.2030926331145
2026-07-06,12,29.2965941485371
2026-07-07,1,26.8441499472017
2026-07-07,2,26.8862167832168
2026-07-07,3,26.7354847841472
2026-07-07,4,26.3943070362473
2026-07-07,5,26.6860242683797
2026-07-07,6,26.6417044623263
2026-07-07,7,27.1642845188285
2026-07-07,8,26.7625149700599
2026-07-07,9,26.7716161616162
2026-07-07,10,26.6457352941176
2026-07-07,11,26.6555956112853
2026-07-07,12,26.6598306451613
2026-07-08,1,27.4777388836329
2026-07-08,2,27.6097557471264
2026-07-08,3,27.6415847395451
2026-07-08,4,26.7564832713755
2026-07-08,5,27.2802474526929
2026-07-08,6,27.4380276564774
2026-07-08,7,27.3942018196857
2026-07-08,8,26.7377295081967
2026-07-08,9,27.4022453531599
2026-07-08,10,27.2368202416918
2026-07-08,11,27.525826351866
2026-07-08,12,27.6290297339593
2026-07-09,1,27.3925481798715
2026-07-09,2,27.4159451862263
2026-07-09,3,27.278452883263
2026-07-09,4,27.1119910514541
2026-07-09,5,27.5883987682833
2026-07-09,6,27.3886109090909
2026-07-09,7,27.9016355555556
2026-07-09,8,27.035236818588
2026-07-09,9,27.6259065269944
2026-07-09,10,27.1069733840304
2026-07-09,11,26.9730136986301
2026-07-09,12,27.4129735849057
2026-07-10,1,27.8634886499403
2026-07-10,2,27.7682338099243
2026-07-10,3,27.6469510135135
2026-07-10,4,27.4827747252747
2026-07-10,5,28.0512789620019
2026-07-10,6,27.6553362445415
2026-07-10,7,28.184033530572
2026-07-10,8,28.13648905804
2026-07-10,9,26.2638404255319
2026-07-10,10,27.6186807653575
2026-07-10,11,27.4395706618962
2026-07-10,12,27.7706803939123
2026-07-11,1,28.6645264116576
2026-07-11,2,28.2393980169972
2026-07-11,3,28.1796927374302
2026-07-11,4,27.5943567251462
2026-07-11,5,28.2031263232181
2026-07-11,6,28.2874063188832
2026-07-11,7,28.9193193717277
2026-07-11,8,28.3537310195228
2026-07-11,9,28.0963070175439
2026-07-11,10,27.9433253205128
2026-07-11,11,28.0080648064806
2026-07-11,12,28.2654800590842
2026-07-12,1,27.9353590664273
2026-07-12,2,28.2924710982659
2026-07-12,3,27.9523935799023
2026-07-12,4,27.4224509803922
2026-07-12,5,27.7953012912482
2026-07-12,6,27.9593075801749
2026-07-12,7,27.9175540123457
2026-07-12,8,28.1458099688474
2026-07-12,9,28.4558235294118
2026-07-12,10,27.9020082644628
2026-07-12,11,27.8042281879195
2026-07-12,12,27.8896431226766
2026-07-13,1,28.9300112485939
2026-07-13,2,28.258095659876
2026-07-13,3,27.4845219818562
2026-07-13,4,27.1041181657848
2026-07-13,5,27.4541829554339
2026-07-13,6,27.5218037518038
2026-07-13,7,29.0455890168291
2026-07-13,8,27.8779322766571
2026-07-13,9,27.2467215686274
2026-07-13,10,28.2930271216098
2026-07-13,11,28.4410481825866
2026-07-13,12,27.6096731054978
2026-07-14,1,29.2628545119705
2026-07-14,2,29.5056631892697
2026-07-14,3,28.7482197802198
2026-07-14,4,27.8393057503506
2026-07-14,5,28.7928428571429
2026-07-14,6,28.1631063504208
2026-07-14,7,29.2178034682081
2026-07-14,8,28.6862979351032
2026-07-14,9,27.6354910714286
2026-07-14,10,28.2935303265941
2026-07-14,11,28.8209286328461
2026-07-14,12,28.7592884178653
2026-07-15,1,31.4534458874459
2026-07-15,2,32.5552192362093
2026-07-15,3,32.1596850944717
2026-07-15,4,31.442762508809
2026-07-15,5,32.0162945736434
2026-07-15,6,33.2707282693814
2026-07-15,7,32.8503197026022
2026-07-15,8,32.4881039531479
2026-07-15,9,31.781103117506
2026-07-15,10,31.9882457496136
2026-07-15,11,32.7737611275964
2026-07-15,12,31.4908650875386
2026-07-16,1,32.7267078972407
2026-07-16,2,32.9802045454545
2026-07-16,3,32.3943212508884
2026-07-16,4,31.8724630541872
2026-07-16,5,33.1725512528474
2026-07-16,6,32.62064
2026-07-16,7,32.7666328125
2026-07-16,8,33.0342589928058
2026-07-16,9,32.5686139389193
2026-07-16,10,32.3717607973422
2026-07-16,11,33.9984454409567
2026-07-16,12,33.0069327073552
2026-07-17,1,27.7267117117117
2026-07-17,2,29.7301072796935
2026-07-17,3,28.8107810320781
2026-07-17,4,28.2400988700565
2026-07-17,5,28.2296995377504
2026-07-17,6,29.0801383831027
2026-07-17,7,29.3560463045414
2026-07-17,8,28.6286987381703
2026-07-17,9,28.0930722367276
2026-07-17,10,28.4915215686275
2026-07-17,11,29.1010070257611
2026-07-17,12,28.975212845407
2026-07-18,1,27.8538822355289
2026-07-18,2,28.1798910310143
2026-07-18,3,27.7324942616679
2026-07-18,4,27.2631234668847
2026-07-18,5,27.7012910798122
2026-07-18,6,27.1656
2026-07-18,7,28.0758595859586
2026-07-18,8,27.7535463258786
2026-07-18,9,29.0592883895131
2026-07-18,10,27.5792676767677
2026-07-18,11,29.7948586572438
2026-07-18,12,28.0861019878997
2026-07-21,1,27.07332
2026-07-21,2,28.1635829662261
2026-07-21,3,27.9548088235294
2026-07-21,4,28.0269851729819
2026-07-21,5,25.5163269230769
2026-07-21,6,27.8465204236006
2026-07-21,7,28.3980717488789
2026-07-21,8,28.1291127819549
2026-07-21,9,27.7920886075949
2026-07-21,10,28.0024564183835
2026-07-21,11,27.8646189735614
2026-07-21,12,27.8926729559748
2026-07-22,1,28.9358412098299
2026-07-22,2,29.0195671641791
2026-07-22,3,29.3910656316161
2026-07-22,4,29.5043347280335
2026-07-22,5,29.5383369644154
2026-07-22,6,29.3480766396463
2026-07-22,7,29.4149916247906
2026-07-22,8,29.1470060331825
2026-07-22,9,27.6727103631532
2026-07-22,10,29.4064622288706
2026-07-22,11,29.0134350547731
2026-07-22,12,29.8422674865488
2026-07-23,1,25.0549902152642
2026-07-23,2,26.4832220496894
2026-07-23,3,25.3323831417625
2026-07-23,4,25.048453373768
2026-07-23,5,25.4024401197605
2026-07-23,6,25.9588342165026
2026-07-23,7,26.9703451492537
2026-07-23,8,25.5822348484848
2026-07-23,9,27.1600729927007
2026-07-23,10,25.5008970358814
2026-07-23,11,25.2355853098699
2026-07-23,12,25.6671014492754
2026-07-24,1,24.520743006993
2026-07-24,2,24.9529301655868
2026-07-24,3,24.680771408351
2026-07-24,4,23.6793139448173
2026-07-24,5,24.8946441155743
2026-07-24,6,24.9625055106539
2026-07-24,7,25.8891731669267
2026-07-24,8,24.3975164835165
2026-07-24,9,24.4126248108926
2026-07-24,10,24.4320045906656
2026-07-24,11,24.2983553141971
2026-07-24,12,24.845153609831
2026-07-25,1,20.1887003610108
2026-07-25,2,20.1785380116959
2026-07-25,3,20.2757584269663
2026-07-25,4,20.4243710691824
2026-07-25,5,20.2062253521127
2026-07-25,6,20.3831952662722
2026-07-25,7,20.001195335277
2026-07-25,8,19.8299337748344
2026-07-25,9,20.1578242677824
2026-07-25,10,20.3020245398773
2026-07-25,11,20.3042942942943
2026-07-25,12,20.2907575757576
