"MIU_VALVE","flux_start","flux_end","TIMESTAMP","n","CH4_slope_ppm_per_day","CO2_slope_ppm_per_day","N2O_slope_ppm_per_day","CH4_R2","CO2_R2","N2O_R2","CH4_p","CO2_p","N2O_p","CH4_se","CO2_se","N2O_se","CH4_rmse","CO2_rmse","N2O_rmse","CH4_init","CO2_init","N2O_init","CH4_max","CO2_max","N2O_max","CH4_min","CO2_min","N2O_min","Flag_CH4d_ppm_slope","Flag_CO2d_ppm_slope","Flag_N2Od_ppm_slope","H2O_slope_ppm_per_day","H2O_R2","H2O_p","H2O_se","H2O_rmse","H2O_init","H2O_max","H2O_min","Flag_H2O_ppm_slope","ebullition","CH4_slope_ppm_per_day_ebullition"
4,2026-07-08 13:34:40,2026-07-08 13:39:00,2026-07-08 13:30:40,27,8.8,-18500,-0.257,0.951,0.997,0.488,7.78e-18,3.83e-33,5.02e-05,0.402,201,0.0526,0.00181,0.907,0.000237,2.04,422,0.352,2.07,422,0.353,2.04,369,0.352,"No issues","No issues","No issues",93400,0.459,0.000103,20300,91.4,32600,32800,32400,"No issues",FALSE,NA
8,2026-07-08 13:44:50,2026-07-08 13:49:10,2026-07-08 13:40:50,27,12.3,-21400,-0.216,0.999,0.993,0.411,1.52e-41,1.53e-28,0.000317,0.062,357,0.0517,0.000279,1.61,0.000233,2.04,406,0.355,2.08,406,0.355,2.04,339,0.354,"No issues","No issues","No issues",609000,0.992,4.6e-28,10600,47.8,32800,34600,32800,"No issues",FALSE,NA
5,2026-07-08 13:55:00,2026-07-08 13:59:20,2026-07-08 13:51:00,27,4.2,-13700,-0.0267,0.995,0.989,0.0132,7.72e-30,5.89e-26,0.568,0.0621,290,0.0461,0.00028,1.31,0.000208,2.03,419,0.352,2.05,419,0.353,2.03,376,0.352,"No issues","No issues","No issues",105000,0.583,3.61e-06,17700,79.8,38200,38700,38200,"No issues",FALSE,NA
9,2026-07-08 14:05:10,2026-07-08 14:09:30,2026-07-08 14:01:10,27,10.5,-15400,-0.196,0.993,0.989,0.4,3.57e-28,6.95e-26,4e-04,0.181,329,0.0479,0.000815,1.49,0.000216,2.04,421,0.351,2.07,421,0.351,2.04,375,0.35,"No issues","No issues","No issues",-46600,0.425,0.000232,10900,48.9,34800,34800,34600,"No issues",FALSE,NA
12,2026-07-08 14:15:20,2026-07-08 14:19:40,2026-07-08 14:11:20,27,21.6,-14600,-0.0776,0.995,0.99,0.15,1.07e-30,2.23e-26,0.0457,0.296,298,0.0369,0.00133,1.34,0.000166,2.05,427,0.351,2.12,427,0.352,2.05,384,0.351,"No issues","No issues","No issues",-5510,0.0129,0.572,9630,43.4,35400,35400,35200,"No issues",FALSE,NA
3,2026-07-08 14:25:30,2026-07-08 14:29:50,2026-07-08 14:21:30,27,4.99,-18600,-0.323,0.999,0.995,0.76,3.11e-41,4.01e-30,3.24e-09,0.0257,268,0.0364,0.000116,1.21,0.000164,2.03,420,0.353,2.05,420,0.353,2.03,363,0.352,"No issues","No issues","No issues",85700,0.869,1.53e-12,6650,30,35700,35900,35700,"No issues",FALSE,NA
6,2026-07-08 14:35:40,2026-07-08 14:40:00,2026-07-08 14:31:40,27,5.27,-18600,-0.405,0.999,0.997,0.735,2.95e-39,1.04e-32,1.14e-08,0.0326,211,0.0486,0.000147,0.951,0.000219,2.03,423,0.352,2.05,423,0.352,2.03,366,0.35,"No issues","No issues","No issues",32300,0.718,2.5e-08,4050,18.2,35000,35100,35000,"No issues",FALSE,NA
1,2026-07-08 14:45:50,2026-07-08 14:50:10,2026-07-08 14:41:50,27,6.8,-11800,-0.00182,0.999,0.989,8.98e-05,4.3e-37,6.19e-26,0.963,0.0515,250,0.0383,0.000232,1.13,0.000173,2.03,429,0.35,2.05,429,0.35,2.03,394,0.35,"No issues","No issues","No issues",5620,0.032,0.372,6180,27.9,35100,35200,35100,"No issues",FALSE,NA
7,2026-07-08 14:56:00,2026-07-08 15:00:20,2026-07-08 14:52:00,27,15.6,-17000,-0.142,1,0.996,0.409,2.15e-46,2.02e-31,0.000326,0.0501,217,0.0342,0.000226,0.977,0.000154,2.04,417,0.351,2.09,417,0.351,2.04,367,0.35,"No issues","No issues","No issues",207000,0.963,1.96e-19,8090,36.5,35100,35700,35100,"No issues",FALSE,NA
10,2026-07-08 15:06:10,2026-07-08 15:10:30,2026-07-08 15:02:10,27,37.5,-13500,-0.429,0.901,0.987,0.866,4.59e-14,2.8e-25,2.07e-12,2.49,306,0.0337,0.0112,1.38,0.000152,2.05,430,0.351,2.16,430,0.351,2.05,389,0.35,"No issues","No issues","No issues",-3500,0.00761,0.665,7980,36,34700,34700,34600,"No issues",FALSE,NA
2,2026-07-08 15:16:20,2026-07-08 15:20:40,2026-07-08 15:12:20,27,2.46,-16700,-0.216,0.996,0.993,0.369,1.53e-31,8.21e-29,0.000784,0.0311,272,0.0566,0.00014,1.23,0.000255,2.02,421,0.351,2.03,421,0.352,2.02,370,0.35,"No issues","No issues","No issues",-119000,0.9,5.43e-14,7960,35.9,34300,34300,34000,"No issues",FALSE,NA
11,2026-07-08 15:26:30,2026-07-08 15:30:50,2026-07-08 15:22:30,27,10.1,-16600,-0.048,0.999,0.993,0.163,1.32e-40,1.39e-28,0.0366,0.0553,276,0.0218,0.000249,1.24,9.8e-05,2.03,421,0.349,2.06,421,0.349,2.03,370,0.348,"No issues","No issues","No issues",81900,0.634,6.79e-07,12400,56.1,34100,34400,34100,"No issues",FALSE,NA
4,2026-07-08 15:36:40,2026-07-08 15:41:00,2026-07-08 15:32:40,27,6.72,-13300,0.0957,0.751,0.961,0.235,5.05e-09,3.82e-19,0.0104,0.774,536,0.0345,0.00349,2.42,0.000156,2.03,434,0.348,2.06,434,0.349,2.03,391,0.348,"No issues","No issues","No issues",-79700,0.841,1.77e-11,6930,31.2,33800,33800,33600,"No issues",FALSE,NA
8,2026-07-08 15:46:50,2026-07-08 15:51:10,2026-07-08 15:42:50,27,11.5,-20000,0.108,0.999,0.996,0.295,2.94e-41,5.63e-31,0.00339,0.0593,266,0.0332,0.000267,1.2,0.00015,2.03,408,0.352,2.06,408,0.353,2.03,349,0.352,"No issues","No issues","No issues",194000,0.876,7.78e-13,14600,65.7,33000,33500,33000,"No issues",FALSE,NA
5,2026-07-08 15:57:00,2026-07-08 16:01:20,2026-07-08 15:53:00,27,3.51,-16800,-0.0576,0.997,0.996,0.105,2.13e-33,6.3e-32,0.0993,0.0373,204,0.0336,0.000168,0.921,0.000152,2.01,425,0.349,2.02,425,0.35,2.01,374,0.349,"No issues","No issues","No issues",-439000,0.993,3.08e-28,7530,33.9,36500,36500,35300,"No issues",FALSE,NA
9,2026-07-08 16:07:10,2026-07-08 16:11:30,2026-07-08 16:03:10,27,8.11,-14800,-0.0165,0.98,0.992,0.0105,1.03e-22,4.38e-28,0.611,0.233,258,0.0321,0.00105,1.16,0.000145,2.02,421,0.349,2.04,421,0.35,2.02,377,0.349,"No issues","No issues","No issues",-76300,0.877,6.85e-13,5710,25.7,33200,33200,33000,"No issues",FALSE,NA
12,2026-07-08 16:17:20,2026-07-08 16:21:40,2026-07-08 16:13:20,27,18.2,-11600,0.00319,0.977,0.994,0.000166,5.92e-22,4.88e-29,0.949,0.561,185,0.0495,0.00253,0.835,0.000223,2.03,426,0.35,2.1,426,0.351,2.03,391,0.35,"No issues","No issues","No issues",-86300,0.984,5.04e-24,2190,9.87,32700,32700,32500,"No issues",FALSE,NA
3,2026-07-08 16:27:30,2026-07-08 16:31:50,2026-07-08 16:23:30,27,3.16,-16500,-0.113,0.997,0.997,0.25,8.16e-34,1.29e-32,0.00797,0.0323,188,0.0393,0.000146,0.848,0.000177,2.01,420,0.353,2.02,420,0.353,2.01,371,0.352,"No issues","No issues","No issues",-15900,0.587,3.15e-06,2660,12,32600,32600,32500,"No issues",FALSE,NA
6,2026-07-08 16:37:40,2026-07-08 16:42:00,2026-07-08 16:33:40,27,3.53,-14100,-0.281,0.996,0.997,0.706,3.83e-31,2.56e-33,4.24e-08,0.0462,151,0.0363,0.000208,0.679,0.000163,2.01,421,0.352,2.02,421,0.352,2.01,380,0.351,"No issues","No issues","No issues",-97300,0.913,9.44e-15,6010,27.1,31700,31700,31400,"No issues",FALSE,NA
1,2026-07-08 16:47:50,2026-07-08 16:52:10,2026-07-08 16:43:50,27,5.16,-9620,-0.0787,0.997,0.99,0.163,1.59e-32,8.4e-27,0.0371,0.0595,189,0.0357,0.000268,0.85,0.000161,2.01,429,0.351,2.02,429,0.351,2.01,399,0.35,"No issues","No issues","No issues",-28000,0.733,1.24e-08,3380,15.2,30500,30500,30400,"No issues",FALSE,NA
7,2026-07-08 16:58:00,2026-07-08 17:02:20,2026-07-08 16:54:00,27,11,-15000,0.00886,0.998,0.995,0.000757,5.21e-35,7.61e-31,0.892,0.101,202,0.0644,0.000455,0.909,0.00029,2.01,420,0.352,2.05,420,0.352,2.01,374,0.351,"No issues","No issues","No issues",-40300,0.706,4.1e-08,5190,23.4,30300,30300,30100,"No issues",FALSE,NA
10,2026-07-08 17:08:10,2026-07-08 17:12:30,2026-07-08 17:04:10,27,17.9,-9580,-0.288,0.997,0.988,0.651,5.56e-34,1.34e-25,3.72e-07,0.18,210,0.0422,0.000811,0.946,0.00019,2.03,422,0.353,2.08,422,0.353,2.03,394,0.352,"No issues","No issues","No issues",-27100,0.876,8.13e-13,2050,9.22,29600,29600,29500,"No issues",FALSE,NA
2,2026-07-08 17:18:20,2026-07-08 17:22:40,2026-07-08 17:14:20,27,2.18,-10300,0.122,0.993,0.992,0.163,3.95e-28,9.57e-28,0.0368,0.0377,185,0.0554,0.00017,0.833,0.00025,2.01,426,0.352,2.02,426,0.353,2.01,395,0.352,"No issues","No issues","No issues",27900,0.742,7.84e-09,3290,14.8,29500,29600,29500,"No issues",FALSE,NA
11,2026-07-08 17:28:30,2026-07-08 17:32:50,2026-07-08 17:24:30,27,8.24,-14700,-0.0686,0.997,0.996,0.0828,1.32e-32,8.14e-32,0.146,0.0942,181,0.0457,0.000425,0.818,0.000206,2.02,419,0.352,2.04,419,0.352,2.02,374,0.351,"No issues","No issues","No issues",-13100,0.37,0.000769,3410,15.4,29200,29200,29200,"No issues",FALSE,NA
4,2026-07-08 17:38:40,2026-07-08 17:43:00,2026-07-08 17:34:40,27,5.82,-6950,-0.0327,0.68,0.772,0.00956,1.23e-07,1.64e-09,0.628,0.798,755,0.0665,0.0036,3.4,3e-04,2.02,429,0.352,2.04,431,0.352,2.02,406,0.351,"No issues","No issues","No issues",8600,0.326,0.00186,2470,11.1,29200,29200,29200,"No issues",FALSE,NA
8,2026-07-08 17:48:50,2026-07-08 17:53:10,2026-07-08 17:44:50,27,9.98,-12400,-0.126,0.998,0.993,0.335,1.5e-34,9.9e-29,0.00157,0.0954,203,0.0355,0.00043,0.915,0.00016,2.02,420,0.355,2.06,420,0.355,2.02,383,0.355,"No issues","No issues","No issues",-65900,0.659,2.71e-07,9470,42.7,29400,29400,29100,"No issues",FALSE,NA
5,2026-07-08 17:59:00,2026-07-08 18:03:20,2026-07-08 17:55:00,27,3.85,-2290,-0.00536,0.997,0.788,0.000597,4.75e-33,6.51e-10,0.904,0.0423,237,0.0439,0.00019,1.07,0.000198,2.02,438,0.353,2.03,438,0.353,2.02,429,0.353,"No issues","No issues","No issues",-129000,0.987,3.1e-25,2920,13.2,29600,29600,29200,"No issues",FALSE,NA
9,2026-07-08 18:09:10,2026-07-08 18:13:30,2026-07-08 18:05:10,27,6.34,-4750,0.0217,0.981,0.963,0.00975,5.49e-23,1.99e-19,0.624,0.177,186,0.0437,8e-04,0.839,0.000197,2.03,452,0.353,2.05,453,0.354,2.03,438,0.353,"No issues","No issues","No issues",-124000,0.991,3.26e-27,2340,10.5,28200,28200,27800,"No issues",FALSE,NA
12,2026-07-08 18:19:20,2026-07-08 18:23:40,2026-07-08 18:15:20,27,15.9,-447,0.0257,0.976,0.352,0.0113,7.44e-22,0.0011,0.598,0.494,121,0.0482,0.00223,0.547,0.000217,2.34,448,0.354,2.38,449,0.354,2.34,446,0.354,"No issues","No issues","No issues",72500,0.942,5.35e-17,3590,16.2,26900,27100,26900,"No issues",FALSE,NA
3,2026-07-08 18:29:30,2026-07-08 18:33:50,2026-07-08 18:25:30,27,4.87,-4300,-0.213,0.99,0.975,0.334,1.47e-26,1.32e-21,0.00158,0.0975,137,0.06,0.00044,0.617,0.000271,2.03,450,0.356,2.05,450,0.356,2.03,436,0.355,"No issues","No issues","No issues",-819,0.000906,0.882,5440,24.5,27900,27900,27800,"No issues",FALSE,NA
6,2026-07-08 18:39:40,2026-07-08 18:44:00,2026-07-08 18:35:40,27,4.01,-1670,-0.187,0.992,0.971,0.323,6.21e-28,1.11e-20,0.00198,0.0708,58.1,0.0541,0.000319,0.262,0.000244,2.02,480,0.356,2.04,480,0.356,2.02,475,0.355,"No issues","No issues","No issues",-26400,0.82,8.71e-11,2480,11.2,27600,27600,27500,"No issues",FALSE,NA
1,2026-07-08 18:49:50,2026-07-08 18:54:10,2026-07-08 18:45:50,27,6.13,2790,-0.132,0.993,0.954,0.205,2.15e-28,3.39e-18,0.0178,0.104,123,0.052,0.000467,0.555,0.000235,2.03,473,0.355,2.05,482,0.355,2.03,473,0.354,"No issues","No issues","No issues",37800,0.775,1.42e-09,4070,18.4,27400,27500,27400,"No issues",FALSE,NA
7,2026-07-08 19:00:00,2026-07-08 19:04:20,2026-07-08 18:56:00,27,11.2,2480,-0.106,0.999,0.973,0.0898,7.78e-39,3.53e-21,0.129,0.0721,82.1,0.0676,0.000325,0.37,0.000305,2.08,482,0.356,2.11,489,0.356,2.08,482,0.355,"No issues","No issues","No issues",4270,0.128,0.0664,2220,10,27300,27300,27200,"No issues",FALSE,NA
10,2026-07-08 19:10:10,2026-07-08 19:14:30,2026-07-08 19:06:10,27,15.1,3160,-0.21,0.717,0.901,0.364,2.55e-08,4.52e-14,0.000856,1.9,209,0.0556,0.00856,0.943,0.00025,2.09,503,0.357,2.16,514,0.357,2.09,503,0.355,"No issues","No issues","No issues",16800,0.706,4.22e-08,2170,9.77,27200,27300,27200,"No issues",FALSE,NA
2,2026-07-08 19:20:20,2026-07-08 19:24:40,2026-07-08 19:16:20,27,3.05,4970,-0.0816,0.991,0.991,0.0421,7.26e-27,2.22e-27,0.305,0.0594,92.3,0.0779,0.000268,0.416,0.000351,2.04,502,0.356,2.05,517,0.357,2.04,502,0.355,"No issues","No issues","No issues",-128000,0.997,3.33e-33,1390,6.27,26400,26400,26100,"No issues",FALSE,NA
11,2026-07-08 19:30:30,2026-07-08 19:34:50,2026-07-08 19:26:30,27,7.69,7640,-0.0591,0.982,0.973,0.0598,3.22e-23,3.65e-21,0.219,0.211,254,0.0469,0.000949,1.14,0.000211,2.08,484,0.356,2.11,506,0.356,2.08,484,0.355,"No issues","No issues","No issues",-98300,0.987,3.25e-25,2230,10.1,25400,25400,25100,"No issues",FALSE,NA
4,2026-07-08 19:40:40,2026-07-08 19:45:00,2026-07-08 19:36:40,27,7.1,6040,-0.0165,0.996,0.996,0.00668,6.8e-32,3.27e-31,0.685,0.0868,78.7,0.0403,0.000391,0.355,0.000182,2.07,526,0.356,2.09,544,0.357,2.07,526,0.356,"No issues","No issues","No issues",-15700,0.728,1.55e-08,1910,8.62,25300,25300,25200,"No issues",FALSE,NA
8,2026-07-08 19:50:50,2026-07-08 19:55:10,2026-07-08 19:46:50,27,9.58,7400,0.0273,0.998,0.996,0.00837,2.32e-35,7.18e-31,0.65,0.085,99.4,0.0594,0.000383,0.448,0.000268,2.12,527,0.357,2.15,549,0.358,2.12,527,0.357,"No issues","No issues","No issues",-58400,0.971,8.81e-21,2010,9.06,24100,24100,23900,"No issues",FALSE,NA
5,2026-07-08 20:01:00,2026-07-08 20:05:20,2026-07-08 19:57:00,27,1.99,7780,-0.113,0.802,0.954,0.121,2.9e-10,3.16e-18,0.0758,0.198,342,0.061,0.000893,1.54,0.000275,2.1,531,0.357,2.1,556,0.357,2.1,531,0.356,"No issues","No issues","No issues",8400,0.64,5.46e-07,1260,5.68,23300,23300,23300,"No issues",FALSE,NA
9,2026-07-08 20:11:10,2026-07-08 20:15:30,2026-07-08 20:07:10,27,3.88,5250,-0.0536,0.962,0.99,0.0803,3.15e-19,1.06e-26,0.152,0.155,104,0.0363,0.000699,0.468,0.000164,2.11,523,0.357,2.12,538,0.357,2.11,523,0.356,"No issues","No issues","No issues",35200,0.882,4.28e-13,2580,11.6,23600,23700,23600,"No issues",FALSE,NA
12,2026-07-08 20:21:20,2026-07-08 20:25:40,2026-07-08 20:17:20,27,18,6120,-0.15,0.997,0.992,0.231,5.29e-33,1.48e-27,0.0111,0.199,112,0.0546,0.000895,0.504,0.000246,2.1,509,0.357,2.15,528,0.357,2.1,509,0.356,"No issues","No issues","No issues",9530,0.556,8.04e-06,1700,7.68,23200,23300,23200,"No issues",FALSE,NA
3,2026-07-08 20:31:30,2026-07-08 20:35:50,2026-07-08 20:27:30,27,3.1,5960,-0.232,0.992,0.994,0.458,6.18e-28,1.34e-29,0.000106,0.0547,90,0.0505,0.000246,0.406,0.000228,2.08,539,0.358,2.09,557,0.358,2.08,539,0.357,"No issues","No issues","No issues",29600,0.895,9.23e-14,2020,9.11,23500,23500,23500,"No issues",FALSE,NA
6,2026-07-08 20:41:40,2026-07-08 20:46:00,2026-07-08 20:37:40,27,3.55,5680,-0.113,0.981,0.995,0.229,5.67e-23,4.06e-30,0.0117,0.0994,81.8,0.0414,0.000448,0.369,0.000186,2.05,506,0.358,2.06,523,0.358,2.05,506,0.357,"No issues","No issues","No issues",19800,0.721,2.11e-08,2460,11.1,23300,23400,23300,"No issues",FALSE,NA
1,2026-07-08 20:51:50,2026-07-08 20:56:10,2026-07-08 20:47:50,27,6.28,6320,-0.0609,0.991,0.992,0.0651,2.23e-27,1.44e-27,0.199,0.117,115,0.0462,0.000525,0.519,0.000208,2.06,528,0.358,2.08,547,0.358,2.06,528,0.356,"No issues","No issues","No issues",39700,0.935,2.27e-16,2090,9.42,23600,23700,23600,"No issues",FALSE,NA
7,2026-07-08 21:02:00,2026-07-08 21:06:20,2026-07-08 20:58:00,27,8.09,3950,-0.133,0.993,0.977,0.138,2.52e-28,6.87e-22,0.0564,0.138,123,0.0667,0.00062,0.553,0.000301,2.12,552,0.358,2.14,565,0.358,2.12,552,0.357,"No issues","No issues","No issues",9490,0.436,0.00018,2160,9.74,23300,23400,23300,"No issues",FALSE,NA
10,2026-07-08 21:12:10,2026-07-08 21:16:30,2026-07-08 21:08:10,27,18.9,6060,-0.174,0.94,0.979,0.599,8.61e-17,2.22e-22,2.19e-06,0.956,180,0.0285,0.00431,0.809,0.000128,2.06,511,0.359,2.12,529,0.359,2.06,511,0.358,"No issues","No issues","No issues",45200,0.985,1.8e-24,1100,4.96,23600,23700,23600,"No issues",FALSE,NA
2,2026-07-08 21:22:20,2026-07-08 21:26:40,2026-07-08 21:18:20,27,4.13,6000,-0.128,0.992,0.997,0.265,9.74e-28,1.28e-32,0.00601,0.0742,68.6,0.0427,0.000334,0.309,0.000193,2.05,515,0.359,2.06,534,0.359,2.05,515,0.358,"No issues","No issues","No issues",8400,0.61,1.53e-06,1340,6.06,23300,23300,23300,"No issues",FALSE,NA
11,2026-07-08 21:32:30,2026-07-08 21:36:50,2026-07-08 21:28:30,27,13.7,6570,-0.0932,0.997,0.994,0.141,6.73e-34,3.95e-29,0.0536,0.139,104,0.046,0.000626,0.467,0.000207,2.04,511,0.359,2.09,532,0.359,2.04,511,0.358,"No issues","No issues","No issues",37900,0.977,4.5e-22,1160,5.21,23100,23200,23100,"No issues",FALSE,NA
4,2026-07-08 21:42:40,2026-07-08 21:47:00,2026-07-08 21:38:40,27,13.6,5440,-0.0604,0.993,0.989,0.094,1.55e-28,5.6e-26,0.12,0.227,115,0.0375,0.00102,0.519,0.000169,2.05,514,0.358,2.09,532,0.358,2.05,514,0.358,"No issues","No issues","No issues",-122000,0.859,4.01e-12,9930,44.8,23400,23400,22900,"No issues",FALSE,NA
8,2026-07-08 21:52:50,2026-07-08 21:57:10,2026-07-08 21:48:50,27,15.3,5780,-0.0173,0.999,0.992,0.00387,4.47e-41,4.36e-28,0.758,0.0804,101,0.0557,0.000362,0.453,0.000251,2.05,524,0.359,2.1,542,0.36,2.05,524,0.358,"No issues","No issues","No issues",11300,0.379,0.000634,2890,13,23200,23300,23200,"No issues",FALSE,NA
5,2026-07-08 22:03:00,2026-07-08 22:07:20,2026-07-08 21:59:00,27,5.3,5150,-0.0193,0.979,0.973,0.00681,1.3e-22,3.24e-21,0.682,0.154,170,0.0467,0.000692,0.767,0.00021,2.07,555,0.359,2.08,569,0.359,2.07,555,0.358,"No issues","No issues","No issues",27100,0.904,3e-14,1760,7.95,23100,23200,23100,"No issues",FALSE,NA
9,2026-07-08 22:13:10,2026-07-08 22:17:30,2026-07-08 22:09:10,27,11.8,4410,-0.0153,0.991,0.982,0.00555,2.37e-27,2.29e-23,0.712,0.219,119,0.041,0.000987,0.537,0.000185,2.05,524,0.358,2.09,537,0.358,2.05,524,0.358,"No issues","No issues","No issues",33200,0.821,8.02e-11,3100,14,23900,24000,23900,"No issues",FALSE,NA
12,2026-07-08 22:23:20,2026-07-08 22:27:40,2026-07-08 22:19:20,27,25.8,3890,-0.0222,0.999,0.985,0.0189,4.22e-41,1.85e-24,0.494,0.135,94.7,0.032,0.000608,0.427,0.000144,2.07,523,0.359,2.15,535,0.359,2.07,523,0.358,"No issues","No issues","No issues",-3510,0.485,5.4e-05,722,3.25,23700,23800,23700,"No issues",FALSE,NA
3,2026-07-08 22:33:30,2026-07-08 22:37:50,2026-07-08 22:29:30,27,6.84,6340,-0.248,0.999,0.995,0.66,4.39e-41,3.05e-30,2.63e-07,0.0358,90.2,0.0355,0.000161,0.407,0.00016,2.05,518,0.36,2.07,537,0.36,2.05,518,0.359,"No issues","No issues","No issues",39900,0.965,1.06e-19,1520,6.87,23800,23900,23800,"No issues",FALSE,NA
6,2026-07-08 22:43:40,2026-07-08 22:48:00,2026-07-08 22:39:40,27,6.53,5340,-0.269,0.999,0.998,0.685,1.35e-41,3.9e-34,1.01e-07,0.0326,53.1,0.0365,0.000147,0.239,0.000165,2.05,493,0.359,2.07,509,0.359,2.05,493,0.358,"No issues","No issues","No issues",-72200,0.946,2.27e-17,3450,15.5,23800,23800,23700,"No issues",FALSE,NA
1,2026-07-08 22:53:50,2026-07-08 22:58:10,2026-07-08 22:49:50,27,8.34,3770,-0.121,0.998,0.988,0.253,4.56e-35,2.26e-25,0.00752,0.076,84.4,0.0417,0.000343,0.38,0.000188,2.05,523,0.359,2.08,535,0.359,2.05,523,0.358,"No issues","No issues","No issues",-41800,0.814,1.33e-10,4000,18,24000,24000,23800,"No issues",FALSE,NA
7,2026-07-08 23:04:00,2026-07-08 23:08:20,2026-07-08 23:00:00,27,23.5,6060,-0.2,1,0.995,0.598,9.57e-53,3.27e-30,2.28e-06,0.0421,86.5,0.0328,0.00019,0.39,0.000148,2.08,529,0.36,2.15,547,0.36,2.08,529,0.359,"No issues","No issues","No issues",49600,0.93,5.82e-16,2720,12.2,24100,24200,24100,"No issues",FALSE,NA
10,2026-07-08 23:14:10,2026-07-08 23:18:30,2026-07-08 23:10:10,27,28.7,4590,-0.281,0.97,0.983,0.727,1.7e-20,1.05e-23,1.64e-08,1.02,120,0.0345,0.00458,0.541,0.000155,2.08,518,0.36,2.16,532,0.36,2.08,518,0.359,"No issues","No issues","No issues",-64400,0.974,3.06e-21,2120,9.58,24000,24000,23800,"No issues",FALSE,NA
2,2026-07-08 23:24:20,2026-07-08 23:28:40,2026-07-08 23:20:20,27,4.43,5320,-0.0691,0.998,0.997,0.118,6.2e-35,7.75e-33,0.0794,0.0409,59.6,0.0378,0.000184,0.269,0.00017,2.04,500,0.358,2.06,517,0.359,2.04,500,0.358,"No issues","No issues","No issues",12500,0.924,1.64e-15,718,3.24,23800,23800,23800,"No issues",FALSE,NA
11,2026-07-08 23:34:30,2026-07-08 23:38:50,2026-07-08 23:30:30,27,17.1,5540,-0.0984,0.996,0.991,0.209,2.88e-31,2.35e-27,0.0164,0.222,103,0.0382,0.001,0.465,0.000172,2.06,506,0.358,2.12,522,0.359,2.06,506,0.358,"No issues","No issues","No issues",2950,0.211,0.016,1140,5.14,23600,23600,23600,"No issues",FALSE,NA
4,2026-07-08 23:44:40,2026-07-08 23:49:00,2026-07-08 23:40:40,27,15.9,4620,-0.0675,0.987,0.982,0.0831,5.24e-25,2.07e-23,0.145,0.369,124,0.0448,0.00166,0.56,0.000202,2.07,489,0.358,2.12,503,0.358,2.07,489,0.357,"No issues","No issues","No issues",12000,0.423,0.000238,2800,12.6,23200,23200,23200,"No issues",FALSE,NA
8,2026-07-08 23:54:50,2026-07-08 23:59:10,2026-07-08 23:50:50,27,15.9,5430,-0.000382,0.999,0.997,3.39e-06,6.23e-38,1.66e-32,0.993,0.112,62.8,0.0415,0.000503,0.283,0.000187,2.07,498,0.359,2.12,514,0.359,2.07,498,0.358,"No issues","No issues","No issues",10900,0.601,2.02e-06,1770,8,23300,23300,23300,"No issues",FALSE,NA
5,2026-07-09 00:05:00,2026-07-09 00:09:20,2026-07-09 00:01:00,27,6.05,5520,-0.0131,0.995,0.984,0.00413,3.61e-30,7.2e-24,0.75,0.0868,142,0.0405,0.000391,0.641,0.000183,2.05,499,0.358,2.07,516,0.358,2.05,499,0.357,"No issues","No issues","No issues",15200,0.753,4.67e-09,1740,7.85,23200,23200,23200,"No issues",FALSE,NA
9,2026-07-09 00:15:10,2026-07-09 00:19:30,2026-07-09 00:11:10,27,11,4160,-0.0266,0.967,0.97,0.0148,5.85e-20,1.48e-20,0.546,0.411,146,0.0434,0.00185,0.659,0.000196,2.06,506,0.358,2.1,519,0.358,2.06,506,0.357,"No issues","No issues","No issues",38200,0.964,1.31e-19,1470,6.62,23700,23800,23700,"No issues",FALSE,NA
12,2026-07-09 00:25:20,2026-07-09 00:29:40,2026-07-09 00:21:20,27,24.2,4260,-0.121,0.999,0.989,0.17,7.92e-39,5.31e-26,0.0326,0.156,90,0.0534,0.000703,0.406,0.000241,2.07,500,0.358,2.15,513,0.358,2.07,500,0.357,"No issues","No issues","No issues",41100,0.685,9.96e-08,5570,25.1,23500,23600,23400,"No issues",FALSE,NA
3,2026-07-09 00:35:30,2026-07-09 00:39:50,2026-07-09 00:31:30,27,7.02,6210,-0.148,0.999,0.996,0.319,5.51e-42,3.38e-31,0.00215,0.0338,81,0.0432,0.000153,0.365,0.000195,2.05,510,0.36,2.07,529,0.36,2.05,510,0.359,"No issues","No issues","No issues",26500,0.972,5e-21,893,4.02,23700,23700,23700,"No issues",FALSE,NA
6,2026-07-09 00:45:40,2026-07-09 00:50:00,2026-07-09 00:41:40,27,6.11,4650,-0.222,0.999,0.992,0.58,1.1e-39,1.59e-27,3.99e-06,0.0364,85.2,0.0379,0.000164,0.384,0.000171,2.05,512,0.359,2.07,526,0.359,2.05,512,0.358,"No issues","No issues","No issues",138,0.000436,0.918,1330,5.97,23300,23300,23300,"No issues",FALSE,NA
1,2026-07-09 00:55:50,2026-07-09 01:00:10,2026-07-09 00:51:50,27,8.77,4670,-0.014,0.991,0.987,0.00577,2.5e-27,3.99e-25,0.706,0.164,107,0.0367,0.000737,0.483,0.000166,2.05,506,0.358,2.08,520,0.358,2.05,506,0.357,"No issues","No issues","No issues",12700,0.816,1.12e-10,1200,5.43,23200,23300,23200,"No issues",FALSE,NA
7,2026-07-09 01:06:00,2026-07-09 01:10:20,2026-07-09 01:02:00,27,24.1,6200,-0.215,1,0.996,0.575,3.74e-54,2.2e-31,4.58e-06,0.0378,79.5,0.0369,0.00017,0.358,0.000166,2.09,525,0.359,2.16,545,0.359,2.09,525,0.358,"No issues","No issues","No issues",9390,0.628,8.39e-07,1450,6.52,23800,23800,23800,"No issues",FALSE,NA
10,2026-07-09 01:16:10,2026-07-09 01:20:30,2026-07-09 01:12:10,27,34.7,6970,-0.0976,0.987,0.988,0.224,2.63e-25,9.83e-26,0.0126,0.782,151,0.0363,0.00353,0.68,0.000164,2.09,527,0.359,2.2,547,0.359,2.09,527,0.358,"No issues","No issues","No issues",97800,0.999,2.55e-38,661,2.98,23200,23500,23200,"No issues",FALSE,NA
2,2026-07-09 01:26:20,2026-07-09 01:30:40,2026-07-09 01:22:20,27,3.85,5900,-0.0189,0.998,0.99,0.0129,1.04e-35,9.88e-27,0.573,0.0331,116,0.0331,0.000149,0.524,0.000149,2.04,515,0.359,2.05,533,0.359,2.04,515,0.358,"No issues","No issues","No issues",82500,0.967,5.61e-20,3070,13.8,24000,24200,24000,"No issues",FALSE,NA
11,2026-07-09 01:36:30,2026-07-09 01:40:50,2026-07-09 01:32:30,27,15.7,5640,-0.0187,0.999,0.995,0.00651,1.37e-39,6.17e-30,0.689,0.0944,82.7,0.0463,0.000426,0.373,0.000209,2.06,546,0.36,2.1,562,0.36,2.06,546,0.359,"No issues","No issues","No issues",40500,0.991,3.04e-27,762,3.43,24200,24300,24200,"No issues",FALSE,NA
4,2026-07-09 01:46:40,2026-07-09 01:51:00,2026-07-09 01:42:40,27,14.9,5540,-0.0498,0.993,0.986,0.042,3.66e-28,8.5e-25,0.305,0.258,131,0.0476,0.00116,0.589,0.000214,2.05,532,0.358,2.1,548,0.359,2.05,532,0.358,"No issues","No issues","No issues",59900,0.818,9.71e-11,5650,25.5,23700,23900,23700,"No issues",FALSE,NA
8,2026-07-09 01:56:50,2026-07-09 02:01:10,2026-07-09 01:52:50,27,15.5,6280,-0.116,0.999,0.991,0.19,7.68e-37,3.14e-27,0.0232,0.12,118,0.0479,0.000541,0.533,0.000216,2.06,539,0.359,2.11,559,0.36,2.06,539,0.359,"No issues","No issues","No issues",77100,0.975,1.9e-21,2490,11.2,24200,24500,24200,"No issues",FALSE,NA
5,2026-07-09 02:07:00,2026-07-09 02:11:20,2026-07-09 02:03:00,27,5.85,7130,-0.0562,0.996,0.99,0.0492,3.67e-32,9.69e-27,0.266,0.0698,140,0.0494,0.000314,0.633,0.000223,2.04,540,0.359,2.06,562,0.359,2.04,540,0.358,"No issues","No issues","No issues",99400,0.996,2.77e-31,1290,5.8,24500,24800,24500,"No issues",FALSE,NA
9,2026-07-09 02:17:10,2026-07-09 02:21:30,2026-07-09 02:13:10,27,10.1,4850,-0.117,0.982,0.984,0.31,3.33e-23,4.58e-24,0.00258,0.277,123,0.035,0.00125,0.553,0.000158,2.06,542,0.358,2.09,557,0.359,2.06,542,0.358,"No issues","No issues","No issues",56300,0.995,5.83e-30,822,3.71,25000,25200,25000,"No issues",FALSE,NA
12,2026-07-09 02:27:20,2026-07-09 02:31:40,2026-07-09 02:23:20,27,29.4,4620,-0.072,0.991,0.973,0.0869,4.31e-27,3.75e-21,0.136,0.561,154,0.0467,0.00253,0.693,0.000211,2.09,548,0.358,2.17,563,0.359,2.09,548,0.358,"No issues","No issues","No issues",-6340,0.257,0.00697,2160,9.71,25000,25000,24900,"No issues",FALSE,NA
3,2026-07-09 02:37:30,2026-07-09 02:41:50,2026-07-09 02:33:30,27,5.96,6340,-0.083,0.993,0.981,0.104,1.07e-28,6.34e-23,0.1,0.0979,178,0.0487,0.000441,0.804,0.000219,2.07,561,0.36,2.08,581,0.36,2.07,561,0.359,"No issues","No issues","No issues",41600,0.93,6.25e-16,2280,10.3,25300,25400,25300,"No issues",FALSE,NA
6,2026-07-09 02:47:40,2026-07-09 02:52:00,2026-07-09 02:43:40,27,5.67,5810,-0.148,0.992,0.983,0.429,6.81e-28,9.83e-24,0.000209,0.1,151,0.0341,0.000452,0.683,0.000154,2.06,535,0.359,2.07,554,0.359,2.06,535,0.358,"No issues","No issues","No issues",74300,0.993,8.73e-29,1210,5.46,24600,24800,24600,"No issues",FALSE,NA
1,2026-07-09 02:57:50,2026-07-09 03:02:10,2026-07-09 02:53:50,27,7.95,5050,-0.0394,0.986,0.973,0.0261,1.61e-24,4.74e-21,0.421,0.193,170,0.0482,0.000868,0.765,0.000217,2.09,558,0.358,2.12,574,0.359,2.09,558,0.358,"No issues","No issues","No issues",86000,0.987,3.77e-25,1970,8.86,24700,24900,24700,"No issues",FALSE,NA
7,2026-07-09 03:08:00,2026-07-09 03:12:20,2026-07-09 03:04:00,27,22.7,7260,-0.0297,0.999,0.987,0.0204,2.38e-38,4.74e-25,0.478,0.153,167,0.0412,0.000689,0.755,0.000186,2.09,533,0.359,2.16,554,0.359,2.09,533,0.358,"No issues","No issues","No issues",30600,0.757,3.66e-09,3470,15.6,25300,25400,25300,"No issues",FALSE,NA
10,2026-07-09 03:18:10,2026-07-09 03:22:30,2026-07-09 03:14:10,27,31.1,8130,-0.191,0.966,0.973,0.44,5.89e-20,3.99e-21,0.000163,1.16,271,0.0431,0.00522,1.22,0.000194,2.07,491,0.358,2.17,516,0.358,2.07,491,0.357,"No issues","No issues","No issues",71600,0.978,2.74e-22,2140,9.64,24900,25100,24900,"No issues",FALSE,NA
2,2026-07-09 03:28:20,2026-07-09 03:32:40,2026-07-09 03:24:20,27,3.89,7340,-0.0361,0.997,0.996,0.03,9.02e-34,6e-31,0.387,0.0399,97.9,0.041,0.00018,0.441,0.000185,2.02,506,0.358,2.03,527,0.358,2.02,506,0.358,"No issues","No issues","No issues",19400,0.942,6.12e-17,966,4.36,25500,25600,25500,"No issues",FALSE,NA
11,2026-07-09 03:38:30,2026-07-09 03:42:50,2026-07-09 03:34:30,27,14.1,7180,-0.103,0.998,0.995,0.203,8.76e-36,1.38e-30,0.0183,0.12,99,0.0408,0.000541,0.446,0.000184,2.03,490,0.358,2.07,512,0.358,2.03,490,0.357,"No issues","No issues","No issues",10200,0.694,6.89e-08,1350,6.09,25700,25800,25700,"No issues",FALSE,NA
4,2026-07-09 03:48:40,2026-07-09 03:53:00,2026-07-09 03:44:40,27,11.4,6100,-0.057,0.987,0.979,0.0719,5.74e-25,1.76e-22,0.176,0.264,179,0.0409,0.00119,0.806,0.000185,2.03,503,0.357,2.07,521,0.357,2.03,502,0.357,"No issues","No issues","No issues",44600,0.942,5.31e-17,2210,9.96,25000,25200,25000,"No issues",FALSE,NA
8,2026-07-09 03:58:50,2026-07-09 04:03:10,2026-07-09 03:54:50,27,14.8,8060,-0.0501,0.998,0.968,0.0368,5.39e-36,2.99e-20,0.338,0.124,292,0.0513,0.000558,1.32,0.000231,2.04,504,0.358,2.08,530,0.358,2.04,504,0.357,"No issues","No issues","No issues",48800,0.939,1.06e-16,2490,11.2,25800,25900,25800,"No issues",FALSE,NA
5,2026-07-09 04:09:00,2026-07-09 04:13:20,2026-07-09 04:05:00,27,3.84,5920,-0.127,0.98,0.968,0.202,8.66e-23,2.73e-20,0.0188,0.109,214,0.0506,0.000493,0.963,0.000228,2.06,571,0.358,2.07,590,0.359,2.06,571,0.358,"No issues","No issues","No issues",57200,0.988,2.28e-25,1280,5.77,25900,26100,25900,"No issues",FALSE,NA
9,2026-07-09 04:19:10,2026-07-09 04:23:30,2026-07-09 04:15:10,27,10.7,6190,-0.0777,0.99,0.987,0.102,1.07e-26,3.96e-25,0.104,0.212,142,0.0461,0.000954,0.639,0.000208,2.04,509,0.357,2.08,527,0.357,2.04,509,0.356,"No issues","No issues","No issues",-78100,0.984,5.01e-24,1980,8.94,26100,26100,25800,"No issues",FALSE,NA
12,2026-07-09 04:29:20,2026-07-09 04:33:40,2026-07-09 04:25:20,27,22.3,6400,-0.154,0.998,0.991,0.26,3.13e-35,2.9e-27,0.00659,0.2,120,0.0518,0.000902,0.541,0.000234,2.05,495,0.357,2.11,514,0.357,2.05,495,0.356,"No issues","No issues","No issues",10900,0.658,2.88e-07,1570,7.09,25200,25300,25200,"No issues",FALSE,NA
3,2026-07-09 04:39:30,2026-07-09 04:43:50,2026-07-09 04:35:30,27,4.68,6230,-0.198,0.991,0.992,0.355,4.19e-27,1.27e-27,0.00105,0.0891,113,0.0535,0.000402,0.51,0.000241,2.03,498,0.358,2.04,516,0.358,2.03,498,0.357,"No issues","No issues","No issues",26400,0.942,5.72e-17,1310,5.91,25900,26000,25900,"No issues",FALSE,NA
6,2026-07-09 04:49:40,2026-07-09 04:54:00,2026-07-09 04:45:40,27,5.85,7030,-0.17,0.995,0.991,0.533,5.86e-30,2.61e-27,1.55e-05,0.0856,131,0.0319,0.000386,0.592,0.000144,2.02,486,0.357,2.04,507,0.357,2.02,486,0.357,"No issues","No issues","No issues",55100,0.984,7.94e-24,1430,6.43,25300,25500,25300,"No issues",FALSE,NA
1,2026-07-09 04:59:50,2026-07-09 05:04:10,2026-07-09 04:55:50,27,7.13,4340,-0.123,0.996,0.97,0.413,5.48e-32,1.25e-20,0.000301,0.0864,152,0.0294,0.00039,0.683,0.000133,2.03,498,0.357,2.05,513,0.357,2.03,498,0.356,"No issues","No issues","No issues",66200,0.988,2.1e-25,1480,6.66,25300,25500,25300,"No issues",FALSE,NA
7,2026-07-09 05:10:00,2026-07-09 05:14:20,2026-07-09 05:06:00,27,16.9,3970,-0.124,0.998,0.978,0.285,6.55e-36,3.5e-22,0.00415,0.142,120,0.0392,0.000642,0.54,0.000177,2.06,528,0.358,2.11,541,0.358,2.06,528,0.357,"No issues","No issues","No issues",91700,0.999,5.27e-40,530,2.39,25500,25800,25500,"No issues",FALSE,NA
10,2026-07-09 05:20:10,2026-07-09 05:24:30,2026-07-09 05:16:10,27,24.8,6940,-0.0752,0.93,0.965,0.11,5.6e-16,1.18e-19,0.0905,1.36,266,0.0427,0.00613,1.2,0.000192,2.08,505,0.358,2.16,527,0.358,2.08,505,0.357,"No issues","No issues","No issues",79000,0.972,5.54e-21,2670,12,25400,25700,25400,"No issues",FALSE,NA
2,2026-07-09 05:30:20,2026-07-09 05:34:40,2026-07-09 05:26:20,27,2.31,4140,-0.00125,0.98,0.983,2.96e-05,8.93e-23,9.18e-24,0.978,0.066,108,0.0461,0.000297,0.485,0.000208,2.03,514,0.358,2.03,528,0.358,2.03,514,0.357,"No issues","No issues","No issues",1580,0.045,0.288,1460,6.57,25900,25900,25900,"No issues",FALSE,NA
11,2026-07-09 05:40:30,2026-07-09 05:44:50,2026-07-09 05:36:30,27,11.2,4190,-0.0394,0.99,0.973,0.0418,1.03e-26,3.73e-21,0.306,0.221,139,0.0377,0.000998,0.627,0.00017,2.03,488,0.357,2.06,501,0.357,2.03,488,0.357,"No issues","No issues","No issues",32200,0.889,1.93e-13,2270,10.3,26200,26300,26200,"No issues",FALSE,NA
4,2026-07-09 05:50:40,2026-07-09 05:55:00,2026-07-09 05:46:40,27,7.79,1860,0.0187,0.979,0.905,0.00792,1.35e-22,2.58e-14,0.659,0.226,120,0.0419,0.00102,0.543,0.000189,2.05,513,0.357,2.07,519,0.357,2.05,512,0.357,"No issues","No issues","No issues",73000,0.986,1.28e-24,1750,7.9,25800,26000,25800,"No issues",FALSE,NA
8,2026-07-09 06:00:50,2026-07-09 06:05:10,2026-07-09 05:56:50,27,12.6,3670,-0.137,0.995,0.987,0.3,3.62e-30,3.79e-25,0.00311,0.181,83.9,0.042,0.000815,0.378,0.000189,2.04,484,0.358,2.08,495,0.358,2.04,484,0.357,"No issues","No issues","No issues",97000,0.993,1.04e-28,1590,7.17,27000,27300,27000,"No issues",FALSE,NA
5,2026-07-09 06:11:00,2026-07-09 06:15:20,2026-07-09 06:07:00,27,3.36,816,0.0761,0.987,0.715,0.0887,6.38e-25,2.87e-08,0.131,0.0783,103,0.0488,0.000353,0.465,0.00022,2.04,509,0.357,2.05,512,0.358,2.04,509,0.357,"No issues","No issues","No issues",111000,0.999,9.07e-42,543,2.45,27500,27800,27500,"No issues",FALSE,NA
9,2026-07-09 06:21:10,2026-07-09 06:25:30,2026-07-09 06:17:10,27,8.89,-857,-0.166,0.992,0.718,0.34,8.07e-28,2.44e-08,0.00141,0.158,107,0.0463,0.000714,0.484,0.000209,2.03,481,0.357,2.06,481,0.357,2.03,477,0.356,"No issues","No issues","No issues",59100,0.897,7.63e-14,4000,18,26800,27000,26800,"No issues",FALSE,NA
12,2026-07-09 06:31:20,2026-07-09 06:35:40,2026-07-09 06:27:20,27,19.2,-1640,0.0196,0.999,0.907,0.00557,3.88e-39,2.08e-14,0.711,0.12,105,0.0523,0.000542,0.473,0.000236,2.05,475,0.357,2.11,475,0.357,2.05,470,0.356,"No issues","No issues","No issues",77200,0.978,2.43e-22,2300,10.3,26800,27000,26800,"No issues",FALSE,NA
3,2026-07-09 06:41:30,2026-07-09 06:45:50,2026-07-09 06:37:30,27,4.14,-4810,-0.147,0.996,0.978,0.291,5.46e-31,3.03e-22,0.00366,0.055,144,0.046,0.000248,0.651,0.000207,2.04,472,0.358,2.05,472,0.358,2.04,457,0.357,"No issues","No issues","No issues",199000,0.999,4.02e-40,1140,5.14,27500,28100,27500,"No issues",FALSE,NA
6,2026-07-09 06:51:40,2026-07-09 06:56:00,2026-07-09 06:47:40,27,4.19,-10700,-0.12,0.996,0.978,0.247,2.56e-31,3.8e-22,0.00829,0.054,323,0.0418,0.000243,1.46,0.000188,2.04,461,0.358,2.05,461,0.358,2.04,428,0.357,"No issues","No issues","No issues",273000,0.997,5.53e-33,3020,13.6,27600,28500,27600,"No issues",FALSE,NA
1,2026-07-09 07:01:50,2026-07-09 07:06:10,2026-07-09 06:57:50,27,4.86,-13600,-0.0678,0.942,0.946,0.0789,6.01e-17,2.22e-17,0.156,0.242,649,0.0463,0.00109,2.92,0.000209,2.05,452,0.357,2.06,452,0.357,2.04,411,0.356,"No issues","No issues","No issues",209000,0.996,6.28e-31,2790,12.6,28700,29300,28700,"No issues",FALSE,NA
7,2026-07-09 07:12:00,2026-07-09 07:16:20,2026-07-09 07:08:00,27,13.1,-309,-0.174,1,0.167,0.334,5.33e-49,0.0342,0.00161,0.033,138,0.0492,0.000149,0.621,0.000222,2.06,468,0.357,2.1,468,0.357,2.06,466,0.356,"No issues","No issues","No issues",106000,0.977,4.9e-22,3240,14.6,28700,29000,28700,"No issues",FALSE,NA
10,2026-07-09 07:22:10,2026-07-09 07:26:30,2026-07-09 07:18:10,27,19.7,711,-0.135,0.967,0.319,0.226,4.9e-20,0.00215,0.0123,0.729,208,0.0499,0.00328,0.937,0.000225,2.08,470,0.357,2.13,473,0.358,2.07,468,0.356,"No issues","No issues","No issues",148000,0.996,1.58e-31,1870,8.44,28200,28600,28200,"No issues",FALSE,NA
2,2026-07-09 07:32:20,2026-07-09 07:36:40,2026-07-09 07:28:20,27,1.49,-7180,-0.0692,0.991,0.992,0.0627,6.75e-27,4.95e-28,0.208,0.0289,125,0.0535,0.00013,0.565,0.000241,2.05,456,0.357,2.05,456,0.357,2.05,436,0.357,"No issues","No issues","No issues",246000,1,3.19e-43,1060,4.76,28400,29200,28400,"No issues",FALSE,NA
11,2026-07-09 07:42:30,2026-07-09 07:46:50,2026-07-09 07:38:30,27,9.44,-7190,-0.109,0.969,0.965,0.214,2.11e-20,1.2e-19,0.0151,0.337,276,0.0416,0.00152,1.24,0.000188,2.06,457,0.357,2.09,457,0.357,2.06,435,0.356,"No issues","No issues","No issues",103000,0.992,1.29e-27,1870,8.42,29500,29800,29500,"No issues",FALSE,NA
4,2026-07-09 07:52:40,2026-07-09 07:57:00,2026-07-09 07:48:40,27,4.98,-14500,-0.117,0.998,0.986,0.191,3.8e-35,1.51e-24,0.0228,0.0451,349,0.0483,0.000203,1.57,0.000218,2.05,441,0.356,2.06,441,0.356,2.05,396,0.355,"No issues","No issues","No issues",144000,0.996,8.74e-32,1770,8,29200,29700,29200,"No issues",FALSE,NA
8,2026-07-09 08:02:50,2026-07-09 08:07:10,2026-07-09 07:58:50,27,5.86,-20800,-0.218,0.995,0.997,0.521,2.79e-30,2.97e-32,2.13e-05,0.0832,246,0.0418,0.000375,1.11,0.000188,2.05,430,0.358,2.07,430,0.358,2.05,368,0.357,"No issues","No issues","No issues",240000,0.989,6.67e-26,5110,23.1,30800,31500,30800,"No issues",FALSE,NA
5,2026-07-09 08:13:00,2026-07-09 08:17:20,2026-07-09 08:09:00,27,2.32,-11800,-0.142,0.989,0.997,0.26,4.57e-26,2.1e-33,0.00657,0.0486,125,0.0479,0.000219,0.565,0.000216,2.04,445,0.356,2.05,445,0.356,2.04,410,0.355,"No issues","No issues","No issues",12600,0.496,4.09e-05,2550,11.5,30300,30300,30200,"No issues",FALSE,NA
9,2026-07-09 08:23:10,2026-07-09 08:27:30,2026-07-09 08:19:10,27,5.65,-6830,-0.0729,0.987,0.983,0.0922,6.26e-25,1.25e-23,0.124,0.132,180,0.0457,0.000594,0.811,0.000206,2.05,443,0.355,2.06,443,0.355,2.05,422,0.355,"No issues","No issues","No issues",25500,0.859,3.83e-12,2060,9.3,30600,30600,30600,"No issues",FALSE,NA
12,2026-07-09 08:33:20,2026-07-09 08:37:40,2026-07-09 08:29:20,27,15.5,-7060,-0.0278,0.934,0.803,0.00877,3.04e-16,2.6e-10,0.642,0.829,698,0.0592,0.00374,3.15,0.000267,2.07,441,0.356,2.12,441,0.356,2.07,412,0.355,"No issues","No issues","No issues",138000,0.981,4.13e-23,3820,17.2,30800,31200,30800,"No issues",FALSE,NA
3,2026-07-09 08:43:30,2026-07-09 08:47:50,2026-07-09 08:39:30,27,3.15,-6070,-0.15,0.988,0.969,0.273,1.76e-25,2.3e-20,0.00515,0.0697,217,0.0489,0.000314,0.98,0.000221,2.04,450,0.356,2.05,451,0.356,2.04,432,0.355,"No issues","No issues","No issues",165000,0.964,1.47e-19,6390,28.8,30400,30900,30400,"No issues",FALSE,NA
6,2026-07-09 08:53:40,2026-07-09 08:58:00,2026-07-09 08:49:40,27,4.39,2190,-0.286,0.998,0.95,0.514,4.3e-36,8.26e-18,2.57e-05,0.0364,100,0.0556,0.000164,0.451,0.00025,2.05,464,0.357,2.06,471,0.357,2.05,464,0.355,"No issues","No issues","No issues",-54600,0.961,3.99e-19,2200,9.93,30100,30100,29900,"No issues",FALSE,NA
1,2026-07-09 09:03:50,2026-07-09 09:08:10,2026-07-09 08:59:50,27,6.01,1720,-0.094,0.951,0.725,0.101,6.66e-18,1.83e-08,0.106,0.272,213,0.0561,0.00123,0.958,0.000253,2.05,466,0.356,2.07,474,0.356,2.05,466,0.355,"No issues","No issues","No issues",16100,0.0755,0.165,11300,50.9,30300,30500,30300,"No issues",FALSE,NA
7,2026-07-09 09:14:00,2026-07-09 09:18:20,2026-07-09 09:10:00,27,11.1,1490,-0.0545,1,0.93,0.0574,4.23e-43,6.16e-16,0.229,0.0482,82.1,0.0442,0.000217,0.37,0.000199,2.07,464,0.356,2.1,469,0.356,2.07,464,0.355,"No issues","No issues","No issues",85300,0.991,4.34e-27,1630,7.34,29100,29400,29100,"No issues",FALSE,NA
10,2026-07-09 09:24:10,2026-07-09 09:28:30,2026-07-09 09:20:10,27,19.8,2680,-0.216,0.928,0.84,0.495,8.17e-16,2e-11,4.27e-05,1.1,234,0.0436,0.00497,1.06,0.000196,2.08,466,0.357,2.15,476,0.357,2.08,466,0.356,"No issues","No issues","No issues",40700,0.876,7.49e-13,3060,13.8,28600,28700,28600,"No issues",FALSE,NA
2,2026-07-09 09:34:20,2026-07-09 09:38:40,2026-07-09 09:30:20,27,1.87,-4680,-0.128,0.996,0.975,0.199,7.28e-32,1.27e-21,0.0195,0.0229,149,0.0513,0.000103,0.671,0.000231,2.06,462,0.356,2.07,462,0.357,2.06,448,0.356,"No issues","No issues","No issues",205000,0.974,2.6e-21,6720,30.3,28600,29200,28600,"No issues",FALSE,NA
11,2026-07-09 09:44:30,2026-07-09 09:48:50,2026-07-09 09:40:30,27,12.1,-6330,-0.114,0.966,0.946,0.165,6.43e-20,2.56e-17,0.0355,0.453,304,0.0514,0.00204,1.37,0.000232,2.08,458,0.356,2.12,459,0.357,2.08,440,0.355,"No issues","No issues","No issues",219000,0.985,3.06e-24,5450,24.6,29300,30000,29300,"No issues",FALSE,NA
4,2026-07-09 09:54:40,2026-07-09 09:59:00,2026-07-09 09:50:40,27,8.16,-15800,-0.0686,0.997,0.998,0.0649,2.25e-33,9.68e-35,0.2,0.087,149,0.0521,0.000392,0.671,0.000235,2.07,441,0.356,2.09,441,0.356,2.07,393,0.355,"No issues","No issues","No issues",128000,0.984,8.17e-24,3320,15,30100,30500,30100,"No issues",FALSE,NA
8,2026-07-09 10:04:50,2026-07-09 10:09:10,2026-07-09 10:00:50,27,11.7,-22500,-0.216,0.995,0.999,0.322,1.78e-30,5.97e-41,0.00201,0.163,119,0.0627,0.000736,0.537,0.000283,2.07,426,0.358,2.1,426,0.358,2.07,358,0.356,"No issues","No issues","No issues",138000,0.995,4.49e-30,2000,9.02,31500,31900,31500,"No issues",FALSE,NA
5,2026-07-09 10:15:00,2026-07-09 10:19:20,2026-07-09 10:11:00,27,10.1,-7220,-0.088,0.853,0.292,0.132,6.89e-12,0.00365,0.0626,0.841,2250,0.0452,0.00379,10.2,0.000204,2.06,414,0.356,2.09,414,0.356,2.06,360,0.355,"No issues","No issues","No issues",1e+05,0.93,6.13e-16,5510,24.8,31300,31600,31300,"No issues",FALSE,NA
9,2026-07-09 10:25:10,2026-07-09 10:29:30,2026-07-09 10:21:10,27,7.76,-22900,-0.204,0.977,0.998,0.32,4.32e-22,9.54e-35,0.00209,0.236,215,0.0594,0.00106,0.969,0.000268,2.05,421,0.354,2.08,421,0.355,2.05,352,0.354,"No issues","No issues","No issues",139000,0.921,2.54e-15,8140,36.7,32200,32600,32200,"No issues",FALSE,NA
12,2026-07-09 10:35:20,2026-07-09 10:39:40,2026-07-09 10:31:20,27,27.2,-18100,-0.177,0.999,0.998,0.237,4.54e-38,4.82e-36,0.01,0.188,151,0.0636,0.000848,0.679,0.000287,2.07,425,0.355,2.15,425,0.356,2.07,371,0.355,"No issues","No issues","No issues",89700,0.942,5.58e-17,4450,20.1,33300,33600,33300,"No issues",FALSE,NA
3,2026-07-09 10:45:30,2026-07-09 10:49:50,2026-07-09 10:41:30,27,4.71,-22100,-0.311,0.996,0.998,0.497,1.3e-31,2.06e-34,3.99e-05,0.0591,214,0.0625,0.000267,0.964,0.000282,2.04,424,0.356,2.05,424,0.356,2.04,358,0.355,"No issues","No issues","No issues",117000,0.942,6.14e-17,5830,26.3,33100,33400,33100,"No issues",FALSE,NA
6,2026-07-09 10:55:40,2026-07-09 11:00:00,2026-07-09 10:51:40,27,4.42,-23100,-0.47,0.996,0.993,0.798,3.96e-32,2.89e-28,3.64e-10,0.0529,394,0.0473,0.000239,1.78,0.000213,2.04,419,0.356,2.05,419,0.356,2.04,349,0.355,"No issues","No issues","No issues",178000,0.952,5.91e-18,8030,36.2,33100,33700,33100,"No issues",FALSE,NA
1,2026-07-09 11:05:50,2026-07-09 11:10:10,2026-07-09 11:01:50,27,8.9,-16700,-0.161,0.954,0.987,0.299,2.94e-18,6.5e-25,0.00315,0.39,390,0.0494,0.00176,1.76,0.000223,2.05,425,0.354,2.07,425,0.355,2.05,377,0.354,"No issues","No issues","No issues",158000,0.964,1.25e-19,6050,27.3,33800,34300,33800,"No issues",FALSE,NA
7,2026-07-09 11:16:00,2026-07-09 11:20:20,2026-07-09 11:12:00,27,14.8,-23700,-0.291,0.999,0.997,0.64,1.24e-41,1.47e-33,5.45e-07,0.0735,248,0.0436,0.000331,1.12,0.000196,2.05,416,0.356,2.1,416,0.356,2.05,344,0.355,"No issues","No issues","No issues",91400,0.996,3.57e-31,1190,5.38,34600,34900,34600,"No issues",FALSE,NA
10,2026-07-09 11:26:10,2026-07-09 11:30:30,2026-07-09 11:22:10,27,26.6,-15700,-0.38,0.934,0.985,0.645,3.06e-16,3.08e-24,4.56e-07,1.42,390,0.0563,0.0064,1.76,0.000254,2.05,433,0.356,2.13,433,0.356,2.05,385,0.354,"No issues","No issues","No issues",64700,0.942,5.3e-17,3200,14.4,35000,35200,35000,"No issues",FALSE,NA
2,2026-07-09 11:36:20,2026-07-09 11:40:40,2026-07-09 11:32:20,27,3.08,-18100,-0.307,0.993,0.991,0.698,1.86e-28,3.49e-27,5.77e-08,0.0518,342,0.0404,0.000233,1.54,0.000182,2.03,423,0.355,2.04,423,0.356,2.03,364,0.354,"No issues","No issues","No issues",68500,0.942,5.31e-17,3390,15.3,35000,35200,35000,"No issues",FALSE,NA
11,2026-07-09 11:46:30,2026-07-09 11:50:50,2026-07-09 11:42:30,27,11.3,-20900,-0.0992,0.888,0.979,0.126,2.11e-13,1.31e-22,0.0693,0.805,607,0.0523,0.00363,2.74,0.000236,2.05,435,0.352,2.09,435,0.353,2.05,373,0.352,"No issues","No issues","No issues",-3750,0.0428,0.3,3540,16,35500,35500,35400,"No issues",FALSE,NA
4,2026-07-09 11:56:40,2026-07-09 12:01:00,2026-07-09 11:52:40,27,7.29,-12700,-0.0487,0.885,0.979,0.0429,2.92e-13,1.36e-22,0.3,0.525,370,0.046,0.00237,1.67,0.000208,2.04,420,0.352,2.06,425,0.352,2.04,382,0.351,"No issues","No issues","No issues",-6590,0.514,2.55e-05,1280,5.77,35600,35600,35600,"No issues",FALSE,NA
8,2026-07-09 12:06:50,2026-07-09 12:11:10,2026-07-09 12:02:50,27,12.5,-23600,-0.21,0.999,0.986,0.398,2.37e-37,1.14e-24,0.000418,0.0926,564,0.0516,0.000417,2.54,0.000233,2.04,412,0.355,2.08,412,0.356,2.04,345,0.354,"No issues","No issues","No issues",117000,0.961,4.54e-19,4740,21.4,36900,37200,36900,"No issues",FALSE,NA
5,2026-07-09 12:17:00,2026-07-09 12:21:20,2026-07-09 12:13:00,27,4.31,-22100,-0.215,0.999,0.992,0.627,1.58e-37,4.96e-28,8.78e-07,0.0313,387,0.0332,0.000141,1.74,0.00015,2.04,422,0.351,2.05,422,0.351,2.04,356,0.35,"No issues","No issues","No issues",-41600,0.802,2.79e-10,4130,18.6,35500,35500,35300,"No issues",FALSE,NA
9,2026-07-09 12:27:10,2026-07-09 12:31:30,2026-07-09 12:23:10,27,10.2,-16600,-0.128,0.982,0.981,0.289,2.37e-23,4.53e-23,0.00385,0.276,461,0.0401,0.00124,2.08,0.000181,2.04,428,0.35,2.07,428,0.351,2.04,377,0.35,"No issues","No issues","No issues",19300,0.895,1e-13,1320,5.96,36400,36400,36400,"No issues",FALSE,NA
12,2026-07-09 12:37:20,2026-07-09 12:41:40,2026-07-09 12:33:20,27,27.8,-16600,-0.00757,0.999,0.992,0.00197,1.01e-37,1.24e-27,0.826,0.198,301,0.0341,0.000893,1.36,0.000154,2.06,435,0.351,2.14,435,0.352,2.06,385,0.351,"No issues","No issues","No issues",26300,0.802,2.89e-10,2610,11.8,37100,37100,37000,"No issues",FALSE,NA
3,2026-07-09 12:47:30,2026-07-09 12:51:50,2026-07-09 12:43:30,27,4.92,-19800,-0.274,0.998,0.997,0.576,7.61e-35,3.4e-33,4.48e-06,0.0458,214,0.0471,0.000206,0.966,0.000212,2.04,429,0.353,2.06,429,0.353,2.04,368,0.352,"No issues","No issues","No issues",45400,0.986,1.4e-24,1100,4.94,36800,37000,36800,"No issues",FALSE,NA
6,2026-07-09 12:57:40,2026-07-09 13:02:00,2026-07-09 12:53:40,27,5.35,-19600,-0.489,0.999,0.995,0.871,7.68e-39,4.41e-30,1.27e-12,0.0345,283,0.0376,0.000155,1.28,0.00017,2.04,429,0.353,2.05,429,0.353,2.04,370,0.351,"No issues","No issues","No issues",93400,0.965,1.17e-19,3580,16.1,37400,37700,37400,"No issues",FALSE,NA
1,2026-07-09 13:07:50,2026-07-09 13:12:10,2026-07-09 13:03:50,27,7.59,-12100,-0.0829,0.994,0.989,0.185,2.9e-29,3.82e-26,0.025,0.118,251,0.0348,0.000533,1.13,0.000157,2.04,439,0.351,2.06,439,0.351,2.04,403,0.35,"No issues","No issues","No issues",19300,0.902,4.06e-14,1270,5.72,37800,37900,37800,"No issues",FALSE,NA
7,2026-07-09 13:18:00,2026-07-09 13:22:20,2026-07-09 13:14:00,27,13,-20900,-0.169,0.998,0.994,0.33,1.54e-35,2.14e-29,0.00174,0.113,322,0.0483,0.000511,1.45,0.000218,2.05,430,0.353,2.09,430,0.353,2.05,367,0.352,"No issues","No issues","No issues",8910,0.157,0.0404,4120,18.6,38400,38500,38400,"No issues",FALSE,NA
10,2026-07-09 13:28:10,2026-07-09 13:32:30,2026-07-09 13:24:10,27,33,-14300,-0.444,0.96,0.993,0.737,5e-19,1.69e-28,1.03e-08,1.34,239,0.0531,0.00605,1.08,0.000239,2.05,445,0.353,2.15,445,0.353,2.05,403,0.351,"No issues","No issues","No issues",-116000,0.873,1.01e-12,8850,39.9,38400,38400,38100,"No issues",FALSE,NA
2,2026-07-09 13:38:20,2026-07-09 13:42:40,2026-07-09 13:34:20,27,3.13,-21200,0.135,0.993,0.988,0.35,2.68e-28,1.54e-25,0.00116,0.0534,468,0.0368,0.000241,2.11,0.000166,2.03,439,0.352,2.04,441,0.353,2.03,381,0.352,"No issues","No issues","No issues",41200,0.762,2.91e-09,4610,20.8,38700,38800,38700,"No issues",FALSE,NA
11,2026-07-09 13:48:30,2026-07-09 13:52:50,2026-07-09 13:44:30,27,11,-18200,-0.0306,0.992,0.995,0.0155,8.66e-28,4.38e-30,0.536,0.196,263,0.0487,0.000884,1.18,0.00022,2.05,430,0.35,2.09,430,0.351,2.05,375,0.35,"No issues","No issues","No issues",48800,0.925,1.47e-15,2780,12.6,38900,39100,38900,"No issues",FALSE,NA
4,2026-07-09 13:58:40,2026-07-09 14:03:00,2026-07-09 13:54:40,27,7.01,-15400,-0.13,0.874,0.987,0.419,9.86e-13,3.93e-25,0.000262,0.533,352,0.0307,0.0024,1.58,0.000138,2.05,434,0.35,2.07,434,0.35,2.05,387,0.349,"No issues","No issues","No issues",-40300,0.879,5.88e-13,2990,13.5,38400,38400,38300,"No issues",FALSE,NA
8,2026-07-09 14:08:50,2026-07-09 14:13:10,2026-07-09 14:04:50,27,13.3,-21500,-0.0578,0.999,0.985,0.0837,1.59e-38,1.85e-24,0.143,0.088,524,0.0382,0.000397,2.36,0.000172,2.06,422,0.354,2.1,422,0.354,2.06,356,0.354,"No issues","No issues","No issues",90100,0.184,0.0255,37900,171,39900,40500,39700,"No issues",FALSE,NA
5,2026-07-09 14:19:00,2026-07-09 14:23:20,2026-07-09 14:15:00,27,3.95,-18200,-0.114,0.999,0.991,0.549,1.47e-37,2.2e-27,9.93e-06,0.0286,338,0.0206,0.000129,1.52,9.29e-05,2.04,428,0.349,2.06,428,0.349,2.04,374,0.349,"No issues","No issues","No issues",43400,0.956,1.9e-18,1870,8.42,39400,39600,39400,"No issues",FALSE,NA
9,2026-07-09 14:29:10,2026-07-09 14:33:30,2026-07-09 14:25:10,27,9.45,-15800,-0.172,0.988,0.992,0.399,1.5e-25,7.07e-28,0.000409,0.208,281,0.0422,0.000937,1.27,0.00019,2.04,430,0.35,2.07,430,0.35,2.04,383,0.349,"No issues","No issues","No issues",309000,0.942,5.98e-17,15400,69.2,38500,39300,38300,"No issues",FALSE,NA
12,2026-07-09 14:39:20,2026-07-09 14:43:40,2026-07-09 14:35:20,27,46.1,-14100,-0.0526,0.792,0.994,0.0907,5.12e-10,2.82e-29,0.127,4.72,220,0.0333,0.0213,0.991,0.00015,2.51,431,0.351,2.69,431,0.351,2.51,388,0.35,"No issues","No issues","No issues",61900,0.791,5.51e-10,6360,28.7,40500,40700,40500,"No issues",TRUE,59.1
3,2026-07-09 14:49:30,2026-07-09 14:53:50,2026-07-09 14:45:30,27,4.32,-19300,-0.354,0.996,0.997,0.772,3.07e-31,4.79e-33,1.71e-09,0.0561,212,0.0386,0.000253,0.955,0.000174,2.04,428,0.353,2.05,428,0.353,2.04,369,0.351,"No issues","No issues","No issues",-65000,0.986,1.14e-24,1550,7.01,39000,39000,38800,"No issues",FALSE,NA
6,2026-07-09 14:59:40,2026-07-09 15:04:00,2026-07-09 14:55:40,27,4.78,-18300,-0.507,0.995,0.996,0.76,1.58e-30,1.44e-31,3.19e-09,0.0663,231,0.057,0.000299,1.04,0.000257,2.03,425,0.352,2.05,425,0.352,2.03,369,0.35,"No issues","No issues","No issues",3520,0.0219,0.461,4700,21.2,39200,39200,39100,"No issues",FALSE,NA
1,2026-07-09 15:09:50,2026-07-09 15:14:10,2026-07-09 15:05:50,27,6.28,-11800,-0.154,0.998,0.996,0.348,2.74e-35,5.35e-31,0.0012,0.0561,157,0.0422,0.000253,0.708,0.00019,2.04,434,0.35,2.06,434,0.351,2.04,398,0.35,"No issues","No issues","No issues",60500,0.989,7.14e-26,1290,5.83,39500,39700,39500,"No issues",FALSE,NA
7,2026-07-09 15:20:00,2026-07-09 15:24:20,2026-07-09 15:16:00,27,15.6,-18300,-0.0368,0.997,0.98,0.0573,1.62e-33,1.04e-22,0.229,0.164,525,0.0299,0.00074,2.37,0.000135,2.04,427,0.351,2.09,427,0.352,2.04,373,0.351,"No issues","No issues","No issues",-32000,0.94,8.19e-17,1610,7.27,39600,39600,39500,"No issues",FALSE,NA
10,2026-07-09 15:30:10,2026-07-09 15:34:30,2026-07-09 15:26:10,27,25,-3990,-0.358,0.865,0.947,0.824,2.27e-12,1.79e-17,6.39e-11,1.97,189,0.0331,0.00889,0.85,0.000149,2.05,444,0.352,2.17,447,0.352,2.05,435,0.351,"No issues","No issues","No issues",-261000,0.984,5.64e-24,6670,30.1,38600,38600,37900,"No issues",FALSE,NA
2,2026-07-09 15:40:20,2026-07-09 15:44:40,2026-07-09 15:36:20,27,2.53,-4120,-0.0463,0.996,0.954,0.0449,1.71e-31,3.05e-18,0.289,0.032,181,0.0427,0.000144,0.816,0.000192,2.03,448,0.352,2.04,448,0.352,2.03,435,0.351,"No issues","No issues","No issues",-209000,0.992,1.02e-27,3770,17,36400,36400,35800,"No issues",FALSE,NA
11,2026-07-09 15:50:30,2026-07-09 15:54:50,2026-07-09 15:46:30,27,10.2,198,0.0396,0.967,0.0173,0.0636,4.02e-20,0.513,0.204,0.375,298,0.0304,0.00169,1.34,0.000137,2.04,452,0.351,2.07,457,0.352,2.04,451,0.351,"No issues","No issues","No issues",-92500,0.975,1.2e-21,2940,13.2,36400,36400,36200,"No issues",FALSE,NA
4,2026-07-09 16:00:40,2026-07-09 16:05:00,2026-07-09 15:56:40,27,8,1180,-0.00454,0.943,0.401,0.000672,4.24e-17,0.00039,0.898,0.392,288,0.035,0.00177,1.3,0.000158,2.03,453,0.352,2.06,459,0.352,2.03,452,0.351,"No issues","No issues","No issues",-51700,0.909,1.66e-14,3270,14.8,35100,35100,35000,"No issues",FALSE,NA
8,2026-07-09 16:10:50,2026-07-09 16:15:10,2026-07-09 16:06:50,27,12.8,5240,-0.268,0.997,0.991,0.797,5.59e-33,2.61e-27,3.81e-10,0.142,97.9,0.027,0.000639,0.441,0.000122,2.04,460,0.355,2.08,477,0.355,2.04,460,0.354,"No issues","No issues","No issues",-234000,0.967,4.73e-20,8650,39,34400,34400,33700,"No issues",FALSE,NA
5,2026-07-09 16:21:00,2026-07-09 16:25:20,2026-07-09 16:17:00,27,2.46,6990,0.0756,0.89,0.984,0.11,1.7e-13,5.69e-24,0.0912,0.173,178,0.043,0.00078,0.804,0.000194,2.07,464,0.353,2.08,487,0.354,2.07,464,0.353,"No issues","No issues","No issues",-2e+05,0.937,1.66e-16,10400,46.8,33000,33000,32500,"No issues",FALSE,NA
9,2026-07-09 16:31:10,2026-07-09 16:35:30,2026-07-09 16:27:10,27,6.3,5010,-0.0235,0.989,0.979,0.0166,4.69e-26,1.75e-22,0.522,0.132,147,0.0361,0.000597,0.662,0.000163,2.09,466,0.354,2.11,482,0.354,2.09,466,0.354,"No issues","No issues","No issues",-594000,0.965,1.05e-19,22600,102,30900,30900,29100,"No issues",FALSE,NA
12,2026-07-09 16:41:20,2026-07-09 16:45:40,2026-07-09 16:37:20,27,22.9,6490,0.0824,0.999,0.994,0.256,2.44e-41,4.39e-29,0.00709,0.117,103,0.0281,0.000527,0.464,0.000127,2.13,467,0.355,2.2,488,0.355,2.13,467,0.354,"No issues","No issues","No issues",-14000,0.0908,0.127,8850,39.9,28100,28200,28000,"No issues",FALSE,NA
3,2026-07-09 16:51:30,2026-07-09 16:55:50,2026-07-09 16:47:30,27,4.15,7020,-0.17,0.998,0.996,0.43,7.62e-35,3.63e-31,0.000206,0.0386,91.7,0.0391,0.000174,0.413,0.000176,2.05,466,0.357,2.06,487,0.357,2.05,466,0.356,"No issues","No issues","No issues",42700,0.88,4.99e-13,3150,14.2,27300,27500,27300,"No issues",FALSE,NA
6,2026-07-09 17:01:40,2026-07-09 17:06:00,2026-07-09 16:57:40,27,4.3,6730,-0.375,0.999,0.994,0.706,1.85e-39,2.39e-29,4.17e-08,0.0261,104,0.0483,0.000118,0.469,0.000218,2.05,469,0.358,2.06,489,0.358,2.05,469,0.356,"No issues","No issues","No issues",-87300,0.812,1.46e-10,8390,37.8,27200,27200,27000,"No issues",FALSE,NA
1,2026-07-09 17:11:50,2026-07-09 17:16:10,2026-07-09 17:07:50,27,6.11,5710,-0.0678,0.998,0.971,0.0794,1.11e-34,1.04e-20,0.155,0.0577,198,0.0462,0.00026,0.892,0.000208,2.04,465,0.357,2.06,481,0.357,2.04,465,0.356,"No issues","No issues","No issues",54000,0.676,1.46e-07,7480,33.7,26700,26900,26700,"No issues",FALSE,NA
7,2026-07-09 17:22:00,2026-07-09 17:26:20,2026-07-09 17:18:00,27,11.2,5680,-0.246,1,0.994,0.699,3.57e-45,1.82e-29,5.7e-08,0.0402,86.9,0.0323,0.000181,0.392,0.000146,2.06,468,0.358,2.09,485,0.358,2.06,468,0.356,"No issues","No issues","No issues",-3320,0.0303,0.385,3760,16.9,26900,26900,26900,"No issues",FALSE,NA
10,2026-07-09 17:32:10,2026-07-09 17:36:30,2026-07-09 17:28:10,27,14.9,5360,-0.312,0.97,0.985,0.695,1.37e-20,3.27e-24,6.8e-08,0.522,134,0.0414,0.00235,0.603,0.000187,2.1,473,0.358,2.14,488,0.358,2.1,472,0.357,"No issues","No issues","No issues",49700,0.869,1.51e-12,3850,17.4,27000,27200,27000,"No issues",FALSE,NA
2,2026-07-09 17:42:20,2026-07-09 17:46:40,2026-07-09 17:38:20,27,2.07,5940,-0.138,0.989,0.995,0.391,3.26e-26,3e-30,0.000488,0.0428,84.5,0.0345,0.000193,0.381,0.000156,2.08,481,0.357,2.09,499,0.357,2.08,481,0.356,"No issues","No issues","No issues",-106000,0.948,1.41e-17,4980,22.4,26800,26800,26500,"No issues",FALSE,NA
11,2026-07-09 17:52:30,2026-07-09 17:56:50,2026-07-09 17:48:30,27,10.2,7140,-0.193,0.974,0.995,0.358,2.24e-21,2.86e-30,0.000976,0.332,101,0.0516,0.0015,0.457,0.000232,2.06,469,0.357,2.09,490,0.357,2.06,469,0.356,"No issues","No issues","No issues",36700,0.892,1.4e-13,2550,11.5,26400,26600,26400,"No issues",FALSE,NA
4,2026-07-09 18:02:40,2026-07-09 18:07:00,2026-07-09 17:58:40,27,6.18,4740,-0.0442,0.993,0.986,0.0254,8.82e-29,6.79e-25,0.427,0.101,111,0.0547,0.000454,0.5,0.000247,2.06,476,0.357,2.08,490,0.357,2.06,476,0.356,"No issues","No issues","No issues",38700,0.875,8.61e-13,2930,13.2,26200,26400,26200,"No issues",FALSE,NA
8,2026-07-09 18:12:50,2026-07-09 18:17:10,2026-07-09 18:08:50,27,11.6,6300,-0.109,0.999,0.996,0.22,7.36e-37,5.07e-32,0.0135,0.0898,76.1,0.0411,0.000405,0.343,0.000185,2.07,486,0.358,2.11,505,0.358,2.07,486,0.357,"No issues","No issues","No issues",4450,0.207,0.017,1740,7.84,26500,26500,26500,"No issues",FALSE,NA
5,2026-07-09 18:23:00,2026-07-09 18:27:20,2026-07-09 18:19:00,27,3.15,7100,0.0135,0.99,0.994,0.00337,1.99e-26,2.42e-29,0.774,0.0639,110,0.0466,0.000288,0.495,0.00021,2.05,482,0.357,2.06,503,0.358,2.05,482,0.357,"No issues","No issues","No issues",74000,0.854,6.08e-12,6120,27.6,25600,25800,25600,"No issues",FALSE,NA
9,2026-07-09 18:33:10,2026-07-09 18:37:30,2026-07-09 18:29:10,27,6.9,5500,-0.0393,0.99,0.989,0.0821,1.09e-26,3.74e-26,0.147,0.137,114,0.0263,0.000616,0.516,0.000118,2.05,478,0.358,2.07,494,0.358,2.05,478,0.357,"No issues","No issues","No issues",50600,0.921,2.77e-15,2960,13.4,26300,26400,26200,"No issues",FALSE,NA
12,2026-07-09 18:43:20,2026-07-09 18:47:40,2026-07-09 18:39:20,27,29.2,5340,0.0396,0.782,0.989,0.0486,9.31e-10,6.89e-26,0.269,3.08,114,0.035,0.0139,0.513,0.000158,2.09,477,0.358,2.23,492,0.358,2.09,476,0.357,"No issues","No issues","No issues",-20500,0.515,2.51e-05,3990,18,25500,25500,25400,"No issues",TRUE,45.5
3,2026-07-09 18:53:30,2026-07-09 18:57:50,2026-07-09 18:49:30,27,3.48,5790,-0.217,0.995,0.993,0.636,6.01e-30,3.55e-28,6.24e-07,0.0509,99.9,0.0327,0.00023,0.45,0.000148,2.04,481,0.36,2.06,499,0.36,2.04,481,0.359,"No issues","No issues","No issues",38000,0.875,8.81e-13,2880,13,26000,26100,26000,"No issues",FALSE,NA
6,2026-07-09 19:03:40,2026-07-09 19:08:00,2026-07-09 18:59:40,27,4.18,5670,-0.321,0.997,0.993,0.834,4.92e-33,8.35e-29,3.13e-11,0.046,92.3,0.0287,0.000207,0.416,0.000129,2.05,491,0.36,2.06,509,0.36,2.05,491,0.359,"No issues","No issues","No issues",33700,0.909,1.59e-14,2130,9.62,26000,26100,26000,"No issues",FALSE,NA
1,2026-07-09 19:13:50,2026-07-09 19:18:10,2026-07-09 19:09:50,27,5.43,5090,-0.0646,0.995,0.992,0.163,5.49e-30,5.82e-28,0.0365,0.0792,89.5,0.0292,0.000357,0.403,0.000132,2.05,486,0.359,2.07,501,0.359,2.05,486,0.358,"No issues","No issues","No issues",41000,0.819,8.97e-11,3850,17.4,26000,26100,26000,"No issues",FALSE,NA
7,2026-07-09 19:24:00,2026-07-09 19:28:20,2026-07-09 19:20:00,27,10.4,5350,-0.213,0.999,0.993,0.495,2.19e-37,7.78e-29,4.19e-05,0.0766,86.8,0.0429,0.000345,0.391,0.000194,2.07,486,0.36,2.1,503,0.36,2.07,486,0.358,"No issues","No issues","No issues",15100,0.356,0.00101,4060,18.3,26200,26300,26200,"No issues",FALSE,NA
10,2026-07-09 19:34:10,2026-07-09 19:38:30,2026-07-09 19:30:10,27,15.7,6050,-0.164,0.967,0.975,0.296,5.85e-20,1.62e-21,0.00332,0.586,194,0.0506,0.00264,0.876,0.000228,2.09,493,0.359,2.13,510,0.36,2.09,492,0.358,"No issues","No issues","No issues",26700,0.783,8.77e-10,2810,12.7,26100,26200,26100,"No issues",FALSE,NA
2,2026-07-09 19:44:20,2026-07-09 19:48:40,2026-07-09 19:40:20,27,1.48,6230,0.0103,0.952,0.994,0.0025,5.37e-18,1.98e-29,0.804,0.0666,95.6,0.041,3e-04,0.431,0.000185,2.06,491,0.359,2.06,510,0.359,2.06,491,0.358,"No issues","No issues","No issues",-2900,0.126,0.0688,1520,6.86,25900,26000,25900,"No issues",FALSE,NA
11,2026-07-09 19:54:30,2026-07-09 19:58:50,2026-07-09 19:50:30,27,8.15,6940,-0.0509,0.996,0.996,0.047,6.1e-32,2.06e-31,0.277,0.0992,88.7,0.0458,0.000447,0.4,0.000207,2.1,490,0.359,2.12,512,0.359,2.1,490,0.358,"No issues","No issues","No issues",13000,0.728,1.57e-08,1590,7.18,25700,25700,25700,"No issues",FALSE,NA
4,2026-07-09 20:04:40,2026-07-09 20:09:00,2026-07-09 20:00:40,27,5.67,4820,-0.035,0.988,0.991,0.03,1.44e-25,2.6e-27,0.387,0.125,90,0.0397,0.000562,0.406,0.000179,2.06,489,0.358,2.08,504,0.358,2.06,489,0.357,"No issues","No issues","No issues",60600,0.981,4.24e-23,1680,7.56,25700,25900,25700,"No issues",FALSE,NA
8,2026-07-09 20:14:50,2026-07-09 20:19:10,2026-07-09 20:10:50,27,43.9,6870,-0.218,0.883,0.994,0.528,3.64e-13,2.49e-29,1.79e-05,3.19,107,0.0413,0.0144,0.48,0.000186,2.09,498,0.359,2.19,519,0.359,2.09,498,0.358,"No issues","No issues","No issues",-17900,0.832,3.49e-11,1610,7.25,25700,25700,25600,"No issues",FALSE,NA
5,2026-07-09 20:25:00,2026-07-09 20:29:20,2026-07-09 20:21:00,27,3.21,6600,0.0144,0.996,0.99,0.00453,7.21e-31,1.85e-26,0.739,0.0432,134,0.0427,0.000195,0.602,0.000193,2.08,510,0.358,2.09,530,0.359,2.08,510,0.358,"No issues","No issues","No issues",-22100,0.633,7.1e-07,3370,15.2,25000,25000,25000,"No issues",FALSE,NA
9,2026-07-09 20:35:10,2026-07-09 20:39:30,2026-07-09 20:31:10,27,5.26,5130,0.00764,0.984,0.988,0.00122,7.14e-24,1.88e-25,0.863,0.136,114,0.0437,0.000611,0.514,0.000197,2.12,495,0.359,2.14,510,0.359,2.12,495,0.358,"No issues","No issues","No issues",41000,0.828,4.87e-11,3740,16.8,25200,25400,25200,"No issues",FALSE,NA
12,2026-07-09 20:45:20,2026-07-09 20:49:40,2026-07-09 20:41:20,27,19.5,6000,-0.021,0.999,0.995,0.0141,8.62e-39,8e-30,0.556,0.126,88.9,0.0352,0.000568,0.401,0.000159,2.15,494,0.359,2.21,512,0.359,2.15,494,0.358,"No issues","No issues","No issues",8630,0.616,1.26e-06,1360,6.14,24700,24800,24700,"No issues",FALSE,NA
3,2026-07-09 20:55:30,2026-07-09 20:59:50,2026-07-09 20:51:30,27,4.68,6650,-0.217,0.886,0.998,0.462,2.71e-13,2.89e-34,9.62e-05,0.336,65.3,0.0468,0.00151,0.294,0.000211,2.13,498,0.36,2.15,518,0.36,2.13,498,0.359,"No issues","No issues","No issues",11300,0.885,2.89e-13,815,3.67,25000,25100,25000,"No issues",FALSE,NA
6,2026-07-09 21:05:40,2026-07-09 21:10:00,2026-07-09 21:01:40,27,4.2,6090,-0.329,0.996,0.995,0.735,5.82e-32,5.87e-30,1.12e-08,0.0511,89,0.0394,0.00023,0.401,0.000178,2.14,494,0.36,2.16,513,0.36,2.14,494,0.359,"No issues","No issues","No issues",13800,0.562,6.75e-06,2440,11,24900,25000,24900,"No issues",FALSE,NA
1,2026-07-09 21:15:50,2026-07-09 21:20:10,2026-07-09 21:11:50,27,4.25,5650,-0.0666,0.97,0.987,0.19,1.48e-20,2.81e-25,0.0229,0.149,128,0.0275,0.000673,0.575,0.000124,2.15,505,0.359,2.17,523,0.359,2.15,505,0.358,"No issues","No issues","No issues",21000,0.703,4.75e-08,2730,12.3,25000,25100,25000,"No issues",FALSE,NA
7,2026-07-09 21:26:00,2026-07-09 21:30:20,2026-07-09 21:22:00,27,9.68,5990,-0.0408,0.998,0.994,0.043,1.76e-34,3.01e-29,0.299,0.0931,93.6,0.0385,0.00042,0.422,0.000173,2.15,496,0.359,2.18,515,0.36,2.15,496,0.359,"No issues","No issues","No issues",40300,0.971,1.07e-20,1400,6.31,25000,25100,25000,"No issues",FALSE,NA
10,2026-07-09 21:36:10,2026-07-09 21:40:30,2026-07-09 21:32:10,27,15.6,6630,-0.274,0.963,0.975,0.694,1.74e-19,1.87e-21,7e-08,0.606,214,0.0364,0.00273,0.966,0.000164,2.14,494,0.36,2.19,514,0.36,2.14,494,0.359,"No issues","No issues","No issues",18400,0.751,5.05e-09,2110,9.52,25100,25200,25100,"No issues",FALSE,NA
2,2026-07-09 21:46:20,2026-07-09 21:50:40,2026-07-09 21:42:20,27,2.58,6000,-0.0351,0.99,0.997,0.0186,1.86e-26,2.43e-32,0.498,0.0522,70.4,0.051,0.000235,0.317,0.00023,2.12,502,0.359,2.13,519,0.359,2.12,502,0.358,"No issues","No issues","No issues",862,0.00711,0.676,2040,9.18,24600,24600,24600,"No issues",FALSE,NA
11,2026-07-09 21:56:30,2026-07-09 22:00:50,2026-07-09 21:52:30,27,7.4,6890,-0.0785,0.991,0.993,0.132,6.21e-27,1.13e-28,0.0621,0.143,113,0.0402,0.000646,0.511,0.000181,2.17,529,0.359,2.2,550,0.359,2.17,529,0.359,"No issues","No issues","No issues",-39400,0.901,4.88e-14,2620,11.8,24300,24300,24200,"No issues",FALSE,NA
4,2026-07-09 22:06:40,2026-07-09 22:11:00,2026-07-09 22:02:40,27,9.42,6010,0.0105,0.962,0.983,0.00228,2.58e-19,1.46e-23,0.813,0.373,159,0.044,0.00168,0.717,0.000198,2.17,527,0.359,2.2,545,0.359,2.17,527,0.358,"No issues","No issues","No issues",19500,0.841,1.8e-11,1700,7.65,24500,24500,24500,"No issues",FALSE,NA
8,2026-07-09 22:16:50,2026-07-09 22:21:10,2026-07-09 22:12:50,27,15.8,6430,-0.0622,0.999,0.989,0.0589,3.13e-37,3.29e-26,0.222,0.118,133,0.0497,0.000533,0.6,0.000224,2.22,547,0.359,2.27,566,0.36,2.22,547,0.359,"No issues","No issues","No issues",46800,0.987,6.56e-25,1090,4.93,24400,24500,24400,"No issues",FALSE,NA
5,2026-07-09 22:27:00,2026-07-09 22:31:20,2026-07-09 22:23:00,27,6.86,7820,0.0586,0.986,0.99,0.0451,1.07e-24,1.6e-26,0.288,0.164,157,0.0539,0.000737,0.708,0.000243,2.19,539,0.359,2.21,563,0.36,2.19,539,0.359,"No issues","No issues","No issues",33200,0.907,2.25e-14,2130,9.6,24100,24200,24100,"No issues",FALSE,NA
9,2026-07-09 22:37:10,2026-07-09 22:41:30,2026-07-09 22:33:10,27,8.69,4660,0.029,0.961,0.973,0.0155,3.57e-19,3.59e-21,0.536,0.349,155,0.0462,0.00157,0.697,0.000208,2.18,526,0.359,2.21,542,0.359,2.18,526,0.359,"No issues","No issues","No issues",70700,0.998,3.32e-34,698,3.15,24700,24900,24700,"No issues",FALSE,NA
12,2026-07-09 22:47:20,2026-07-09 22:51:40,2026-07-09 22:43:20,27,28.7,4600,-0.113,0.999,0.992,0.209,4.69e-39,1.01e-27,0.0167,0.181,82.7,0.0439,0.000817,0.373,0.000198,2.19,510,0.36,2.27,525,0.36,2.19,510,0.359,"No issues","No issues","No issues",34600,0.877,6.93e-13,2590,11.7,24600,24800,24600,"No issues",FALSE,NA
3,2026-07-09 22:57:30,2026-07-09 23:01:50,2026-07-09 22:53:30,27,8.6,6550,-0.183,0.995,0.995,0.461,1.1e-30,2.19e-30,9.91e-05,0.118,92,0.0397,0.00053,0.415,0.000179,2.18,510,0.361,2.21,529,0.361,2.18,510,0.36,"No issues","No issues","No issues",29600,0.925,1.45e-15,1690,7.61,25000,25100,25000,"No issues",FALSE,NA
6,2026-07-09 23:07:40,2026-07-09 23:12:00,2026-07-09 23:03:40,27,7.8,6060,-0.271,0.996,0.993,0.667,5.92e-31,1.78e-28,2.03e-07,0.104,102,0.0382,0.000469,0.458,0.000172,2.21,511,0.361,2.24,529,0.361,2.21,511,0.36,"No issues","No issues","No issues",41100,0.899,6.05e-14,2760,12.4,25000,25100,25000,"No issues",FALSE,NA
1,2026-07-09 23:17:50,2026-07-09 23:22:10,2026-07-09 23:13:50,27,10.9,5750,-0.0547,0.996,0.99,0.0567,1.42e-31,1.15e-26,0.232,0.138,114,0.0446,0.000621,0.514,0.000201,2.24,517,0.36,2.27,534,0.36,2.24,517,0.359,"No issues","No issues","No issues",26800,0.717,2.62e-08,3370,15.2,25100,25200,25100,"No issues",FALSE,NA
7,2026-07-09 23:28:00,2026-07-09 23:32:20,2026-07-09 23:24:00,27,21.1,5860,-0.265,0.999,0.989,0.457,2.42e-40,6.85e-26,0.000108,0.118,125,0.0577,0.000533,0.563,0.00026,2.26,529,0.361,2.32,546,0.361,2.26,529,0.359,"No issues","No issues","No issues",7990,0.267,0.00579,2650,11.9,25000,25100,25000,"No issues",FALSE,NA
10,2026-07-09 23:38:10,2026-07-09 23:42:30,2026-07-09 23:34:10,27,49.4,7860,-0.138,0.94,0.964,0.455,8.78e-17,1.35e-19,0.000113,2.5,303,0.0302,0.0113,1.37,0.000136,2.28,533,0.361,2.44,556,0.361,2.28,533,0.36,"No issues","No issues","No issues",-17200,0.862,3.1e-12,1380,6.22,24800,24800,24800,"No issues",FALSE,NA
2,2026-07-09 23:48:20,2026-07-09 23:52:40,2026-07-09 23:44:20,27,4.28,4870,-0.0133,0.998,0.989,0.0084,1.36e-35,4.2e-26,0.649,0.0372,102,0.0288,0.000168,0.459,0.00013,2.25,524,0.36,2.27,538,0.36,2.25,524,0.36,"No issues","No issues","No issues",-25300,0.858,4.39e-12,2060,9.27,24400,24400,24300,"No issues",FALSE,NA
11,2026-07-09 23:58:30,2026-07-10 00:02:50,2026-07-09 23:54:30,27,18.8,5750,-0.0313,0.983,0.986,0.0186,1.69e-23,1.29e-24,0.497,0.502,138,0.0454,0.00226,0.622,0.000205,2.27,537,0.36,2.32,555,0.361,2.27,537,0.36,"No issues","No issues","No issues",14900,0.772,1.71e-09,1620,7.3,24200,24300,24200,"No issues",FALSE,NA
4,2026-07-10 00:08:40,2026-07-10 00:13:00,2026-07-10 00:04:40,27,18.7,6300,0.0422,0.985,0.992,0.0293,2.99e-24,2.04e-27,0.393,0.464,116,0.0486,0.00209,0.525,0.000219,2.27,537,0.36,2.32,555,0.36,2.27,537,0.36,"No issues","No issues","No issues",59900,0.991,5.05e-27,1150,5.18,24700,24900,24700,"No issues",FALSE,NA
8,2026-07-10 00:18:50,2026-07-10 00:23:10,2026-07-10 00:14:50,27,17.1,6220,-0.0558,0.999,0.983,0.117,1.13e-37,9.92e-24,0.0808,0.123,162,0.0307,0.000553,0.731,0.000138,2.26,534,0.361,2.31,552,0.361,2.26,534,0.361,"No issues","No issues","No issues",18900,0.475,6.93e-05,3970,17.9,24700,24800,24700,"No issues",FALSE,NA
5,2026-07-10 00:29:00,2026-07-10 00:33:20,2026-07-10 00:25:00,27,5.74,4770,-0.014,0.967,0.971,0.00346,4.64e-20,8.88e-21,0.771,0.212,164,0.0475,0.000954,0.74,0.000214,2.23,544,0.36,2.25,559,0.36,2.23,543,0.36,"No issues","No issues","No issues",33400,0.977,4.91e-22,1020,4.61,24500,24600,24500,"No issues",FALSE,NA
9,2026-07-10 00:39:10,2026-07-10 00:43:30,2026-07-10 00:35:10,27,9.77,4970,0.0786,0.984,0.946,0.138,4.74e-24,2.12e-17,0.0566,0.247,236,0.0393,0.00111,1.07,0.000177,2.24,519,0.36,2.27,534,0.36,2.24,519,0.36,"No issues","No issues","No issues",55800,0.944,3.81e-17,2720,12.3,25100,25300,25100,"No issues",FALSE,NA
12,2026-07-10 00:49:20,2026-07-10 00:53:40,2026-07-10 00:45:20,27,28.6,4650,NA,0.999,0.977,NA,1.81e-39,5.27e-22,NA,0.174,143,NA,0.000784,0.642,NA,2.25,515,NA,2.34,529,NA,2.25,515,NA,"No issues","No issues","No issues",24000,0.847,1.14e-11,2040,9.2,25200,25200,25200,"No issues",FALSE,NA
3,2026-07-10 00:59:30,2026-07-10 01:03:50,2026-07-10 00:55:30,27,8.18,7000,-0.138,0.999,0.995,0.399,8.62e-42,4.5e-30,0.000414,0.0401,101,0.034,0.000181,0.457,0.000153,2.22,508,0.362,2.25,529,0.362,2.22,508,0.361,"No issues","No issues","No issues",50300,0.912,1.03e-14,3120,14.1,25300,25400,25300,"No issues",FALSE,NA
6,2026-07-10 01:09:40,2026-07-10 01:14:00,2026-07-10 01:05:40,27,8.08,6010,-0.204,1,0.997,0.676,3.57e-43,1.68e-32,1.47e-07,0.0349,69.4,0.0282,0.000157,0.313,0.000127,2.21,501,0.362,2.24,519,0.362,2.21,501,0.361,"No issues","No issues","No issues",39800,0.879,5.94e-13,2960,13.3,25400,25500,25400,"No issues",FALSE,NA
1,2026-07-10 01:19:50,2026-07-10 01:24:10,2026-07-10 01:15:50,27,9.88,4890,-0.00749,0.998,0.995,0.000969,1.26e-35,4.76e-30,0.878,0.0855,70.8,0.0481,0.000386,0.319,0.000217,2.22,499,0.36,2.25,513,0.361,2.22,499,0.36,"No issues","No issues","No issues",19200,0.699,5.66e-08,2520,11.4,25600,25600,25500,"No issues",FALSE,NA
7,2026-07-10 01:30:00,2026-07-10 01:34:20,2026-07-10 01:26:00,27,27,6890,-0.207,1,0.996,0.443,1.23e-50,6.43e-31,0.000151,0.0585,92.2,0.0464,0.000264,0.416,0.000209,2.28,504,0.361,2.36,524,0.362,2.28,504,0.361,"No issues","No issues","No issues",22200,0.889,1.85e-13,1560,7.05,25600,25600,25600,"No issues",FALSE,NA
10,2026-07-10 01:40:10,2026-07-10 01:44:30,2026-07-10 01:36:10,27,40.5,6880,-0.13,0.959,0.983,0.338,6.32e-19,1.16e-23,0.00147,1.66,181,0.0365,0.00749,0.814,0.000164,2.29,502,0.361,2.42,522,0.361,2.29,502,0.36,"No issues","No issues","No issues",-9720,0.25,0.00797,3370,15.2,25200,25300,25200,"No issues",FALSE,NA
2,2026-07-10 01:50:20,2026-07-10 01:54:40,2026-07-10 01:46:20,27,4.92,6180,0.00332,0.998,0.994,0.000192,4.22e-35,4.62e-29,0.945,0.0447,98.2,0.048,0.000202,0.443,0.000216,2.24,503,0.36,2.26,522,0.361,2.24,503,0.36,"No issues","No issues","No issues",22700,0.612,1.44e-06,3610,16.3,25100,25200,25100,"No issues",FALSE,NA
11,2026-07-10 02:00:30,2026-07-10 02:04:50,2026-07-10 01:56:30,27,22.6,7290,NA,0.999,0.996,NA,3.97e-40,5.86e-31,NA,0.129,97.1,NA,0.000583,0.438,NA,2.3,498,NA,2.37,520,NA,2.3,498,NA,"No issues","No issues","No issues",28100,0.828,4.89e-11,2560,11.6,25100,25200,25100,"No issues",FALSE,NA
4,2026-07-10 02:10:40,2026-07-10 02:15:00,2026-07-10 02:06:40,27,16.7,5650,-0.027,0.99,0.993,0.00855,1.47e-26,3.62e-28,0.646,0.334,97.6,0.0581,0.0015,0.44,0.000262,2.38,499,0.361,2.43,516,0.361,2.38,499,0.36,"No issues","No issues","No issues",53100,0.939,1.03e-16,2700,12.2,25400,25600,25400,"No issues",FALSE,NA
8,2026-07-10 02:20:50,2026-07-10 02:25:10,2026-07-10 02:16:50,27,17.3,6330,-0.061,0.999,0.995,0.11,2.28e-40,1.54e-30,0.0904,0.097,87.8,0.0346,0.000437,0.396,0.000156,2.39,501,0.361,2.44,520,0.361,2.39,501,0.361,"No issues","No issues","No issues",12100,0.403,0.000373,2940,13.2,25300,25300,25300,"No issues",FALSE,NA
5,2026-07-10 02:31:00,2026-07-10 02:35:20,2026-07-10 02:27:00,27,6.17,6460,-0.0886,0.997,0.997,0.0859,1.69e-33,1.76e-32,0.138,0.065,74.7,0.0578,0.000293,0.337,0.000261,2.38,507,0.361,2.4,526,0.361,2.38,507,0.36,"No issues","No issues","No issues",-18100,0.739,9.27e-09,2150,9.68,25000,25000,24900,"No issues",FALSE,NA
9,2026-07-10 02:41:10,2026-07-10 02:45:30,2026-07-10 02:37:10,27,9.97,5430,-0.0165,0.986,0.986,0.00311,7.3e-25,1.01e-24,0.782,0.234,129,0.059,0.00105,0.582,0.000266,2.38,498,0.36,2.41,515,0.361,2.38,498,0.36,"No issues","No issues","No issues",8230,0.55,9.69e-06,1490,6.72,25200,25200,25200,"No issues",FALSE,NA
12,2026-07-10 02:51:20,2026-07-10 02:55:40,2026-07-10 02:47:20,27,26.7,5730,-0.0221,0.999,0.997,0.0075,4.27e-37,2.12e-32,0.668,0.202,66.9,0.0509,0.000909,0.302,0.000229,2.41,506,0.361,2.49,524,0.361,2.41,506,0.36,"No issues","No issues","No issues",10800,0.52,2.2e-05,2080,9.37,25000,25000,25000,"No issues",FALSE,NA
3,2026-07-10 03:01:30,2026-07-10 03:05:50,2026-07-10 02:57:30,27,6.42,6880,-0.186,0.996,0.997,0.355,4.04e-31,1.26e-32,0.00103,0.0843,78.6,0.0502,0.00038,0.354,0.000226,2.37,514,0.362,2.39,534,0.362,2.37,514,0.361,"No issues","No issues","No issues",15100,0.732,1.27e-08,1830,8.24,25000,25000,25000,"No issues",FALSE,NA
6,2026-07-10 03:11:40,2026-07-10 03:16:00,2026-07-10 03:07:40,27,6.65,6410,-0.146,0.999,0.996,0.271,2.76e-39,8.78e-32,0.00535,0.0411,79.2,0.0478,0.000185,0.357,0.000215,2.34,504,0.362,2.36,523,0.362,2.34,504,0.361,"No issues","No issues","No issues",36800,0.85,8.58e-12,3090,13.9,24900,25000,24900,"No issues",FALSE,NA
1,2026-07-10 03:21:50,2026-07-10 03:26:10,2026-07-10 03:17:50,27,7.73,5150,-0.0497,0.989,0.991,0.0542,2.97e-26,4.34e-27,0.243,0.159,98.2,0.0416,0.000719,0.443,0.000187,2.32,502,0.361,2.34,518,0.361,2.32,502,0.361,"No issues","No issues","No issues",12500,0.489,4.92e-05,2550,11.5,24900,25000,24900,"No issues",FALSE,NA
7,2026-07-10 03:32:00,2026-07-10 03:36:20,2026-07-10 03:28:00,27,23.2,6910,-0.154,0.999,0.998,0.597,2.44e-40,1.89e-35,2.36e-06,0.13,60.8,0.0254,0.000586,0.274,0.000114,2.28,503,0.362,2.35,524,0.362,2.28,503,0.361,"No issues","No issues","No issues",10400,0.321,0.00206,3010,13.6,24900,24900,24900,"No issues",FALSE,NA
10,2026-07-10 03:42:10,2026-07-10 03:46:30,2026-07-10 03:38:10,27,37.1,8070,-0.103,0.954,0.976,0.194,3.09e-18,7.75e-22,0.0216,1.63,252,0.0419,0.00735,1.13,0.000189,2.28,505,0.361,2.38,529,0.362,2.27,504,0.361,"No issues","No issues","No issues",12400,0.444,0.000148,2780,12.5,24300,24400,24300,"No issues",FALSE,NA
2,2026-07-10 03:52:20,2026-07-10 03:56:40,2026-07-10 03:48:20,27,3.11,6110,-0.0248,0.992,0.997,0.0158,1.59e-27,1.06e-32,0.533,0.057,69.3,0.0391,0.000257,0.313,0.000176,2.19,501,0.361,2.2,520,0.362,2.19,501,0.361,"No issues","No issues","No issues",1230,0.0106,0.61,2370,10.7,24100,24100,24100,"No issues",FALSE,NA
11,2026-07-10 04:02:30,2026-07-10 04:06:50,2026-07-10 03:58:30,27,16.7,7500,-0.11,0.997,0.996,0.22,7.71e-34,2.39e-31,0.0136,0.171,96.4,0.0414,0.000769,0.435,0.000186,2.19,503,0.361,2.24,526,0.362,2.19,503,0.361,"No issues","No issues","No issues",-11400,0.32,0.00209,3320,15,23800,23900,23800,"No issues",FALSE,NA
4,2026-07-10 04:12:40,2026-07-10 04:17:00,2026-07-10 04:08:40,27,11.8,5730,-0.0613,0.993,0.994,0.0823,2.05e-28,2.8e-29,0.147,0.199,89.3,0.0409,0.000897,0.402,0.000184,2.18,509,0.361,2.22,526,0.361,2.18,509,0.36,"No issues","No issues","No issues",22100,0.663,2.34e-07,3150,14.2,24100,24200,24100,"No issues",FALSE,NA
8,2026-07-10 04:22:50,2026-07-10 04:27:10,2026-07-10 04:18:50,27,15.4,6980,-0.0336,0.999,0.996,0.0158,1.24e-40,9.35e-32,0.532,0.084,86.5,0.053,0.000379,0.39,0.000239,2.15,500,0.361,2.2,521,0.362,2.15,500,0.361,"No issues","No issues","No issues",-34700,0.88,5.07e-13,2560,11.5,24000,24000,23900,"No issues",FALSE,NA
5,2026-07-10 04:33:00,2026-07-10 04:37:20,2026-07-10 04:29:00,27,4.27,6760,0.012,0.993,0.993,0.00312,3.63e-28,9.9e-29,0.782,0.0736,111,0.0429,0.000332,0.499,0.000193,2.14,505,0.361,2.15,527,0.361,2.14,505,0.36,"No issues","No issues","No issues",-22300,0.898,6.86e-14,1510,6.79,23500,23500,23500,"No issues",FALSE,NA
9,2026-07-10 04:43:10,2026-07-10 04:47:30,2026-07-10 04:39:10,27,9.68,6110,-0.0645,0.993,0.99,0.169,1.97e-28,8.95e-27,0.0332,0.163,120,0.0286,0.000734,0.541,0.000129,2.12,495,0.361,2.15,513,0.361,2.12,495,0.36,"No issues","No issues","No issues",7010,0.583,3.56e-06,1190,5.34,23900,23900,23900,"No issues",FALSE,NA
12,2026-07-10 04:53:20,2026-07-10 04:57:40,2026-07-10 04:49:20,27,23.7,5160,-0.0372,0.999,0.991,0.0477,1.49e-40,2.5e-27,0.274,0.13,96.2,0.0332,0.000587,0.434,0.00015,2.16,500,0.361,2.23,516,0.361,2.16,500,0.361,"No issues","No issues","No issues",9160,0.279,0.00462,2950,13.3,23800,23800,23800,"No issues",FALSE,NA
3,2026-07-10 05:03:30,2026-07-10 05:07:50,2026-07-10 04:59:30,27,5.99,5520,-0.152,0.994,0.993,0.233,2.58e-29,4.07e-28,0.0108,0.093,95.8,0.0552,0.000419,0.432,0.000249,2.13,502,0.362,2.15,518,0.362,2.13,502,0.361,"No issues","No issues","No issues",101000,0.99,9.15e-27,1980,8.92,24000,24400,24000,"No issues",FALSE,NA
6,2026-07-10 05:13:40,2026-07-10 05:18:00,2026-07-10 05:09:40,27,5.27,3710,-0.202,0.999,0.985,0.425,5.98e-41,2.81e-24,0.000229,0.0279,91.9,0.047,0.000126,0.414,0.000212,2.13,498,0.363,2.14,510,0.363,2.13,498,0.361,"No issues","No issues","No issues",93700,0.935,2.44e-16,4950,22.3,24600,24900,24600,"No issues",FALSE,NA
1,2026-07-10 05:23:50,2026-07-10 05:28:10,2026-07-10 05:19:50,27,8.02,262,-0.0606,0.973,0.0742,0.0718,4.63e-21,0.169,0.177,0.269,185,0.0436,0.00121,0.834,0.000196,2.12,490,0.361,2.15,493,0.362,2.12,489,0.361,"No issues","No issues","No issues",77800,0.969,1.97e-20,2770,12.5,25000,25200,25000,"No issues",FALSE,NA
7,2026-07-10 05:34:00,2026-07-10 05:38:20,2026-07-10 05:30:00,27,17.2,-1840,-0.232,1,0.924,0.562,4.46e-45,1.75e-15,6.73e-06,0.0624,106,0.041,0.000281,0.477,0.000185,2.14,490,0.363,2.19,490,0.363,2.14,485,0.362,"No issues","No issues","No issues",-105000,0.843,1.57e-11,9100,41,25800,25800,25400,"No issues",FALSE,NA
10,2026-07-10 05:44:10,2026-07-10 05:48:30,2026-07-10 05:40:10,27,30.4,1610,-0.128,0.951,0.599,0.216,7.28e-18,2.18e-06,0.0147,1.38,263,0.0487,0.00623,1.19,0.00022,2.15,490,0.362,2.25,496,0.362,2.15,490,0.361,"No issues","No issues","No issues",78700,0.982,2.45e-23,2130,9.6,24900,25100,24900,"No issues",FALSE,NA
2,2026-07-10 05:54:20,2026-07-10 05:58:40,2026-07-10 05:50:20,27,3.14,-6710,-0.0172,0.997,0.991,0.00854,2.15e-32,5.91e-27,0.647,0.0366,130,0.0371,0.000165,0.584,0.000167,2.11,473,0.362,2.12,473,0.362,2.11,452,0.361,"No issues","No issues","No issues",142000,0.978,2.7e-22,4240,19.1,25400,25800,25400,"No issues",FALSE,NA
11,2026-07-10 06:04:30,2026-07-10 06:08:50,2026-07-10 06:00:30,27,13.8,-7240,0.0483,0.916,0.916,0.0402,6.25e-15,5.98e-15,0.316,0.837,438,0.0472,0.00377,1.98,0.000213,2.12,477,0.362,2.17,478,0.362,2.12,453,0.361,"No issues","No issues","No issues",120000,0.991,6.33e-27,2330,10.5,26000,26400,26000,"No issues",FALSE,NA
4,2026-07-10 06:14:40,2026-07-10 06:19:00,2026-07-10 06:10:40,27,8.89,-5820,-0.0497,0.988,0.938,0.0304,1.67e-25,1.21e-16,0.385,0.196,298,0.0562,0.000886,1.35,0.000253,2.11,471,0.361,2.13,474,0.361,2.11,454,0.36,"No issues","No issues","No issues",20700,0.21,0.0162,8030,36.2,26600,26700,26500,"No issues",FALSE,NA
8,2026-07-10 06:24:50,2026-07-10 06:29:10,2026-07-10 06:20:50,27,12.8,-13400,-0.104,0.995,0.995,0.16,3.08e-30,7.67e-30,0.0385,0.182,199,0.0477,0.000819,0.895,0.000215,2.13,456,0.362,2.16,456,0.363,2.13,416,0.362,"No issues","No issues","No issues",81600,0.943,4.14e-17,4000,18,27000,27300,27000,"No issues",FALSE,NA
5,2026-07-10 06:35:00,2026-07-10 06:39:20,2026-07-10 06:31:00,27,3.3,-21300,-0.0898,0.981,0.99,0.218,6.02e-23,1.28e-26,0.0141,0.0926,424,0.034,0.000417,1.91,0.000153,2.1,450,0.361,2.11,450,0.361,2.1,382,0.361,"No issues","No issues","No issues",129000,0.972,5.92e-21,4350,19.6,27400,27800,27400,"No issues",FALSE,NA
9,2026-07-10 06:45:10,2026-07-10 06:49:30,2026-07-10 06:41:10,27,6.05,-14900,-0.141,0.989,0.995,0.38,9.02e-26,2.53e-30,0.000614,0.13,211,0.0361,0.000588,0.951,0.000163,2.11,453,0.361,2.13,453,0.361,2.11,410,0.36,"No issues","No issues","No issues",-101000,0.779,1.1e-09,10700,48.4,28800,28800,28400,"No issues",FALSE,NA
12,2026-07-10 06:55:20,2026-07-10 06:59:40,2026-07-10 06:51:20,27,157,-15600,-0.13,0.764,0.996,0.415,2.61e-09,1.06e-31,0.000289,17.5,194,0.0308,0.0789,0.876,0.000139,2.12,449,0.361,2.53,449,0.361,2.12,402,0.36,"No issues","No issues","No issues",115000,0.988,1.35e-25,2520,11.4,28300,28700,28300,"No issues",TRUE,137
3,2026-07-10 07:05:30,2026-07-10 07:09:50,2026-07-10 07:01:30,27,4.44,-20800,-0.581,0.836,0.961,0.852,2.56e-11,3.47e-19,7.12e-12,0.393,835,0.0484,0.00177,3.77,0.000218,2.11,442,0.364,2.12,442,0.364,2.11,381,0.362,"No issues","No issues","No issues",-501000,0.917,5.01e-15,30100,136,31500,31700,30300,"No issues",FALSE,NA
6,2026-07-10 07:15:40,2026-07-10 07:20:00,2026-07-10 07:11:40,27,4.53,-22200,-0.801,0.999,0.998,0.975,2.19e-37,5.25e-35,1.3e-21,0.0333,204,0.0255,0.00015,0.917,0.000115,2.1,441,0.364,2.12,441,0.364,2.1,376,0.361,"No issues","No issues","No issues",-315000,0.89,1.83e-13,22200,100,31500,31500,30500,"No issues",FALSE,NA
1,2026-07-10 07:25:50,2026-07-10 07:30:10,2026-07-10 07:21:50,27,5.95,-17500,-0.325,0.954,0.994,0.671,3.04e-18,2.22e-29,1.72e-07,0.261,271,0.0454,0.00118,1.22,0.000205,2.1,448,0.361,2.12,448,0.362,2.1,395,0.36,"No issues","No issues","No issues",-265000,0.988,1.6e-25,5850,26.4,32200,32200,31400,"No issues",FALSE,NA
7,2026-07-10 07:36:00,2026-07-10 07:40:20,2026-07-10 07:32:00,27,12.1,-24000,-0.219,0.999,0.999,0.475,1.87e-37,2.23e-39,6.95e-05,0.0885,147,0.046,0.000399,0.664,0.000207,2.11,442,0.361,2.14,442,0.361,2.11,371,0.36,"No issues","No issues","No issues",56800,0.834,2.96e-11,5060,22.8,30600,30800,30600,"No issues",FALSE,NA
10,2026-07-10 07:46:10,2026-07-10 07:50:30,2026-07-10 07:42:10,27,22.9,-16800,-0.354,0.988,0.995,0.778,1.37e-25,3.96e-30,1.21e-09,0.502,241,0.0379,0.00226,1.09,0.000171,2.13,438,0.361,2.2,438,0.361,2.13,388,0.36,"No issues","No issues","No issues",1e+05,0.914,7.37e-15,6140,27.7,30900,31200,30900,"No issues",FALSE,NA
2,2026-07-10 07:56:20,2026-07-10 08:00:40,2026-07-10 07:52:20,27,2.48,-18200,0.0449,0.989,0.991,0.0587,8.58e-26,2.59e-27,0.223,0.0534,340,0.036,0.000241,1.53,0.000162,2.1,435,0.361,2.1,436,0.361,2.1,384,0.361,"No issues","No issues","No issues",1e+05,0.882,4.29e-13,7320,33,32100,32300,32000,"No issues",FALSE,NA
11,2026-07-10 08:06:30,2026-07-10 08:10:50,2026-07-10 08:02:30,27,9.05,-19500,-0.189,0.991,0.991,0.421,2.85e-27,3.29e-27,0.000248,0.17,367,0.0444,0.000765,1.65,2e-04,2.1,431,0.359,2.13,431,0.36,2.1,373,0.359,"No issues","No issues","No issues",159000,0.792,5.35e-10,16400,73.7,32100,32600,32100,"No issues",FALSE,NA
4,2026-07-10 08:16:40,2026-07-10 08:21:00,2026-07-10 08:12:40,27,6.36,-18900,-0.228,0.999,0.997,0.563,5.21e-37,1.86e-32,6.67e-06,0.0485,219,0.0402,0.000219,0.987,0.000181,2.1,432,0.359,2.12,432,0.359,2.1,377,0.358,"No issues","No issues","No issues",-172000,0.948,1.53e-17,8090,36.5,33100,33100,32600,"No issues",FALSE,NA
8,2026-07-10 08:26:50,2026-07-10 08:31:10,2026-07-10 08:22:50,27,5.11,-20500,-0.708,0.985,0.998,0.776,1.75e-24,1.34e-34,1.34e-09,0.124,195,0.0761,0.000561,0.879,0.000343,2.11,434,0.364,2.13,434,0.364,2.11,373,0.361,"No issues","No issues","No issues",-313000,0.97,1.56e-20,11000,49.8,36000,36100,35200,"No issues",FALSE,NA
5,2026-07-10 08:37:00,2026-07-10 08:41:20,2026-07-10 08:33:00,27,3.02,-21400,-0.096,0.894,0.986,0.122,1.1e-13,7.42e-25,0.0745,0.208,504,0.0516,0.000938,2.27,0.000232,2.09,433,0.359,2.11,433,0.359,2.09,369,0.358,"No issues","No issues","No issues",329000,0.975,1.88e-21,10600,47.9,35000,35900,35000,"No issues",FALSE,NA
9,2026-07-10 08:47:10,2026-07-10 08:51:30,2026-07-10 08:43:10,27,5.06,-19100,-0.186,0.989,0.995,0.362,3.5e-26,2.62e-30,0.000905,0.105,271,0.0494,0.000473,1.22,0.000223,2.1,423,0.358,2.11,423,0.358,2.1,366,0.357,"No issues","No issues","No issues",88500,0.81,1.72e-10,8580,38.7,34400,34700,34400,"No issues",FALSE,NA
12,2026-07-10 08:57:20,2026-07-10 09:01:40,2026-07-10 08:53:20,27,28.7,-16500,-0.0384,0.989,0.996,0.028,5.94e-26,2.99e-31,0.405,0.608,214,0.0453,0.00274,0.964,0.000204,2.11,420,0.359,2.19,420,0.359,2.11,372,0.358,"No issues","No issues","No issues",45400,0.247,0.00833,15900,71.5,35100,35300,35000,"No issues",FALSE,NA
3,2026-07-10 09:07:30,2026-07-10 09:11:50,2026-07-10 09:03:30,27,4.21,-18000,-0.375,0.994,0.993,0.618,1.79e-29,1.78e-28,1.16e-06,0.0644,301,0.0588,0.00029,1.36,0.000265,2.09,410,0.361,2.11,410,0.361,2.09,356,0.36,"No issues","No issues","No issues",-84300,0.444,0.000146,18900,85,35800,35900,35500,"No issues",FALSE,NA
6,2026-07-10 09:17:40,2026-07-10 09:22:00,2026-07-10 09:13:40,27,4.55,-19100,-0.526,0.998,0.993,0.825,4.68e-35,3.38e-28,5.89e-11,0.0415,329,0.0484,0.000187,1.48,0.000218,2.09,412,0.361,2.1,412,0.361,2.09,354,0.359,"No issues","No issues","No issues",145000,0.966,6.74e-20,5430,24.5,36200,36700,36200,"No issues",FALSE,NA
1,2026-07-10 09:27:50,2026-07-10 09:32:10,2026-07-10 09:23:50,27,5.98,-14600,-0.169,0.938,0.99,0.298,1.4e-16,1.4e-26,0.00321,0.308,292,0.052,0.00139,1.32,0.000234,2.09,426,0.358,2.11,426,0.359,2.09,383,0.358,"No issues","No issues","No issues",-71400,0.96,4.83e-19,2900,13.1,37200,37200,37000,"No issues",FALSE,NA
7,2026-07-10 09:38:00,2026-07-10 09:42:20,2026-07-10 09:34:00,27,10.8,-21200,-0.381,0.997,0.994,0.698,2.94e-32,9.38e-30,5.98e-08,0.127,316,0.0501,0.000575,1.43,0.000226,2.1,414,0.36,2.13,414,0.36,2.1,348,0.359,"No issues","No issues","No issues",-83700,0.705,4.35e-08,10800,48.8,37400,37500,37200,"No issues",FALSE,NA
10,2026-07-10 09:48:10,2026-07-10 09:52:30,2026-07-10 09:44:10,27,19.2,-14400,-0.444,0.995,0.992,0.81,3.83e-30,1.5e-27,1.71e-10,0.276,263,0.043,0.00124,1.19,0.000194,2.1,423,0.359,2.16,423,0.359,2.1,381,0.358,"No issues","No issues","No issues",-57800,0.906,2.51e-14,3730,16.8,35600,35600,35400,"No issues",FALSE,NA
2,2026-07-10 09:58:20,2026-07-10 10:02:40,2026-07-10 09:54:20,27,2.56,-18200,-0.164,0.979,0.99,0.373,1.41e-22,1.4e-26,0.000723,0.0744,364,0.0425,0.000336,1.64,0.000192,2.08,420,0.359,2.09,420,0.359,2.08,365,0.358,"No issues","No issues","No issues",-202000,0.958,9.6e-19,8460,38.1,37000,37000,36400,"No issues",FALSE,NA
11,2026-07-10 10:08:30,2026-07-10 10:12:50,2026-07-10 10:04:30,27,7.27,-19100,-0.325,0.85,0.955,0.715,8.41e-12,2.33e-18,2.76e-08,0.61,828,0.041,0.00275,3.73,0.000185,2.1,427,0.358,2.13,429,0.358,2.1,370,0.357,"No issues","No issues","No issues",-343000,0.991,7.53e-27,6700,30.2,39000,39000,38000,"No issues",FALSE,NA
4,2026-07-10 10:18:40,2026-07-10 10:23:00,2026-07-10 10:14:40,27,6.8,-16600,-0.0625,0.999,0.996,0.159,4.48e-37,3.99e-32,0.0392,0.0516,198,0.0287,0.000232,0.894,0.000129,2.08,417,0.356,2.11,417,0.356,2.08,367,0.355,"No issues","No issues","No issues",-28700,0.654,3.32e-07,4180,18.8,36100,36100,35900,"No issues",FALSE,NA
8,2026-07-10 10:28:50,2026-07-10 10:33:10,2026-07-10 10:24:50,27,9.98,-18700,-0.00674,0.998,0.994,0.00136,1.58e-34,1.31e-29,0.855,0.0957,282,0.0365,0.000431,1.27,0.000165,2.09,410,0.363,2.12,410,0.363,2.09,352,0.362,"No issues","No issues","No issues",569000,0.975,1.93e-21,18400,82.9,39400,41100,39400,"No issues",FALSE,NA
5,2026-07-10 10:39:00,2026-07-10 10:43:20,2026-07-10 10:35:00,27,4.24,-18800,-1.13,0.866,0.914,0.956,2.11e-12,8.42e-15,1.82e-18,0.334,1160,0.0486,0.0015,5.21,0.000219,2.08,440,0.361,2.1,440,0.361,2.08,382,0.358,"No issues","No issues","No issues",-1630000,0.994,4.26e-29,25700,116,48200,48200,43100,"No issues",FALSE,NA
9,2026-07-10 10:49:10,2026-07-10 10:53:30,2026-07-10 10:45:10,27,5.24,-16800,-0.209,0.996,0.998,0.667,5e-32,2.56e-34,2.08e-07,0.0632,164,0.0296,0.000285,0.739,0.000133,2.09,424,0.357,2.1,424,0.357,2.09,375,0.356,"No issues","No issues","No issues",-214000,0.987,2.99e-25,4840,21.8,42800,42800,42200,"No issues",FALSE,NA
12,2026-07-10 10:59:20,2026-07-10 11:03:40,2026-07-10 10:55:20,27,21.7,-15000,0.548,0.999,0.987,0.841,2.11e-42,3.26e-25,1.77e-11,0.101,340,0.0476,0.000454,1.53,0.000215,2.1,420,0.358,2.16,420,0.36,2.1,373,0.358,"No issues","No issues","No issues",726000,0.995,1.15e-30,9930,44.8,43200,45300,43200,"No issues",FALSE,NA
3,2026-07-10 11:09:30,2026-07-10 11:13:50,2026-07-10 11:05:30,27,4.55,-18600,-0.327,0.995,0.993,0.795,9.13e-31,3.87e-28,4.41e-10,0.0618,322,0.0332,0.000278,1.45,0.00015,2.08,416,0.357,2.09,416,0.357,2.08,361,0.356,"No issues","No issues","No issues",-274000,0.982,2.02e-23,7360,33.2,38400,38400,37600,"No issues",FALSE,NA
6,2026-07-10 11:19:40,2026-07-10 11:24:00,2026-07-10 11:15:40,27,4.27,-19800,-1.05,0.998,0.998,0.965,4.13e-36,8.57e-36,8.88e-20,0.0354,169,0.0397,0.000159,0.762,0.000179,2.08,417,0.36,2.1,417,0.36,2.08,355,0.357,"No issues","No issues","No issues",-533000,0.985,1.7e-24,12900,58.3,40600,40600,39000,"No issues",FALSE,NA
1,2026-07-10 11:29:50,2026-07-10 11:34:10,2026-07-10 11:25:50,27,5.13,-12400,-0.225,0.96,0.988,0.656,5.83e-19,1.08e-25,3.09e-07,0.21,269,0.0325,0.000947,1.21,0.000147,2.08,427,0.356,2.1,428,0.356,2.08,391,0.355,"No issues","No issues","No issues",-236000,0.98,1.01e-22,6750,30.4,39000,39000,38300,"No issues",FALSE,NA
7,2026-07-10 11:40:00,2026-07-10 11:44:20,2026-07-10 11:36:00,27,8.57,-16600,-0.674,0.996,0.997,0.918,9.46e-32,3.83e-33,4.2e-15,0.106,181,0.0402,0.000478,0.816,0.000181,2.08,412,0.359,2.11,412,0.359,2.08,362,0.357,"No issues","No issues","No issues",-389000,0.984,4.09e-24,9800,44.2,41100,41100,40000,"No issues",FALSE,NA
10,2026-07-10 11:50:10,2026-07-10 11:54:30,2026-07-10 11:46:10,27,19.4,-10100,-0.378,0.954,0.991,0.788,3.14e-18,4.81e-27,6.81e-10,0.853,193,0.0393,0.00385,0.869,0.000177,2.1,425,0.357,2.16,425,0.358,2.1,393,0.356,"No issues","No issues","No issues",-124000,0.972,6.05e-21,4190,18.9,37600,37600,37200,"No issues",FALSE,NA
2,2026-07-10 12:00:20,2026-07-10 12:04:40,2026-07-10 11:56:20,27,2.06,-15600,-0.0159,0.98,0.996,0.00455,7.96e-23,2.7e-31,0.738,0.0585,202,0.0471,0.000264,0.91,0.000212,2.07,415,0.357,2.08,415,0.357,2.07,368,0.356,"No issues","No issues","No issues",-69400,0.807,2.04e-10,6780,30.6,37000,37000,36800,"No issues",FALSE,NA
11,2026-07-10 12:10:30,2026-07-10 12:14:50,2026-07-10 12:06:30,27,11,-14500,-0.216,0.871,0.931,0.486,1.26e-12,4.6e-16,5.38e-05,0.844,784,0.0445,0.0038,3.53,0.000201,2.09,419,0.356,2.13,419,0.356,2.09,373,0.355,"No issues","No issues","No issues",-153000,0.955,2.67e-18,6680,30.1,38000,38000,37500,"No issues",FALSE,NA
4,2026-07-10 12:20:40,2026-07-10 12:25:00,2026-07-10 12:16:40,27,5.64,-15100,-0.0336,0.999,0.995,0.0243,1.13e-39,1.83e-30,0.437,0.0336,210,0.0426,0.000152,0.949,0.000192,2.08,407,0.355,2.09,407,0.355,2.08,363,0.354,"No issues","No issues","No issues",-17900,0.0714,0.178,12900,58.3,37200,37300,37100,"No issues",FALSE,NA
8,2026-07-10 12:30:50,2026-07-10 12:35:10,2026-07-10 12:26:50,27,10.2,-17700,-0.269,0.998,0.983,0.511,1.86e-36,1.02e-23,2.82e-05,0.0819,463,0.0528,0.000369,2.09,0.000238,2.08,394,0.361,2.11,394,0.362,2.08,340,0.36,"No issues","No issues","No issues",588000,0.992,1.06e-27,10600,47.8,40000,41800,40000,"No issues",FALSE,NA
5,2026-07-10 12:41:00,2026-07-10 12:45:20,2026-07-10 12:37:00,27,2.88,-23000,-0.2,0.964,0.993,0.419,1.29e-19,1.6e-28,0.000263,0.111,384,0.0471,0.000499,1.73,0.000212,2.08,408,0.354,2.09,408,0.354,2.08,342,0.353,"No issues","No issues","No issues",-68200,0.521,2.13e-05,13100,59,38300,38300,38000,"No issues",FALSE,NA
9,2026-07-10 12:51:10,2026-07-10 12:55:30,2026-07-10 12:47:10,27,5.45,-15000,NA,0.976,0.994,NA,7.37e-22,1.13e-29,NA,0.169,226,NA,0.000764,1.02,NA,2.09,414,NA,2.1,415,NA,2.09,370,NA,"No issues","No issues","No issues",-125000,0.906,2.38e-14,8030,36.2,40200,40200,39800,"No issues",FALSE,NA
12,2026-07-10 13:01:20,2026-07-10 13:05:40,2026-07-10 12:57:20,27,63.9,-15000,-0.000829,0.94,0.971,2.92e-05,9.05e-17,1.13e-20,0.979,3.23,522,0.0307,0.0146,2.35,0.000138,2.18,419,0.356,2.36,419,0.356,2.18,374,0.356,"No issues","No issues","No issues",14400,0.0431,0.299,13500,61,42300,42300,42100,"No issues",FALSE,NA
3,2026-07-10 13:11:30,2026-07-10 13:15:50,2026-07-10 13:07:30,27,4.05,-16000,-0.243,0.998,0.997,0.637,1.29e-35,6.01e-34,6.03e-07,0.0351,162,0.0367,0.000158,0.728,0.000165,2.08,414,0.356,2.09,414,0.357,2.08,366,0.355,"No issues","No issues","No issues",-221000,0.977,4.9e-22,6760,30.5,37500,37500,36800,"No issues",FALSE,NA
6,2026-07-10 13:21:40,2026-07-10 13:26:00,2026-07-10 13:17:40,27,4.01,-12500,-0.482,0.994,0.996,0.896,1.54e-29,3.28e-31,8.85e-14,0.0609,162,0.0329,0.000274,0.732,0.000148,2.08,420,0.357,2.09,420,0.357,2.08,382,0.355,"No issues","No issues","No issues",-130000,0.872,1.13e-12,9930,44.8,37500,37500,37100,"No issues",FALSE,NA
1,2026-07-10 13:31:50,2026-07-10 13:36:10,2026-07-10 13:27:50,27,5.19,-6700,-0.101,0.975,0.97,0.278,1.26e-21,1.32e-20,0.00471,0.165,234,0.0324,0.000743,1.06,0.000146,2.09,425,0.355,2.1,425,0.355,2.08,405,0.354,"No issues","No issues","No issues",-127000,0.981,5.31e-23,3540,16,36600,36600,36300,"No issues",FALSE,NA
7,2026-07-10 13:42:00,2026-07-10 13:46:20,2026-07-10 13:38:00,27,7.97,-8950,-0.412,0.999,0.995,0.826,2.35e-41,7.15e-30,5.65e-11,0.0407,132,0.0379,0.000183,0.594,0.000171,2.1,423,0.357,2.12,423,0.357,2.1,397,0.356,"No issues","No issues","No issues",-130000,0.985,2.47e-24,3200,14.4,36600,36600,36200,"No issues",FALSE,NA
10,2026-07-10 13:52:10,2026-07-10 13:56:30,2026-07-10 13:48:10,27,17.1,-4530,-0.32,0.961,0.935,0.827,4.55e-19,2.52e-16,5.14e-11,0.693,240,0.0293,0.00312,1.08,0.000132,2.1,433,0.357,2.16,433,0.358,2.1,417,0.356,"No issues","No issues","No issues",-114000,0.973,4.06e-21,3790,17.1,35000,35000,34700,"No issues",FALSE,NA
2,2026-07-10 14:02:20,2026-07-10 14:06:40,2026-07-10 13:58:20,27,2.09,-9350,-0.0475,0.996,0.994,0.125,3.54e-31,4.79e-29,0.0707,0.0273,149,0.0251,0.000123,0.671,0.000113,2.08,423,0.357,2.09,423,0.357,2.08,395,0.357,"No issues","No issues","No issues",-92900,0.972,6.96e-21,3170,14.3,34700,34700,34400,"No issues",FALSE,NA
11,2026-07-10 14:12:30,2026-07-10 14:16:50,2026-07-10 14:08:30,27,9.76,-11900,-0.214,0.888,0.913,0.519,2.08e-13,9.56e-15,2.27e-05,0.692,734,0.0413,0.00312,3.31,0.000186,2.1,414,0.356,2.13,414,0.356,2.1,377,0.355,"No issues","No issues","No issues",53200,0.91,1.48e-14,3360,15.1,34800,35000,34800,"No issues",FALSE,NA
4,2026-07-10 14:22:40,2026-07-10 14:27:00,2026-07-10 14:18:40,27,5.82,-11000,-0.034,0.999,0.99,0.0176,4e-37,1.18e-26,0.51,0.0439,218,0.0508,0.000198,0.981,0.000229,2.09,409,0.355,2.11,409,0.356,2.09,376,0.355,"No issues","No issues","No issues",34600,0.821,7.88e-11,3230,14.6,34700,34800,34700,"No issues",FALSE,NA
8,2026-07-10 14:32:50,2026-07-10 14:37:10,2026-07-10 14:28:50,27,10.2,-9630,-0.246,0.997,0.993,0.521,8.96e-33,1.73e-28,2.16e-05,0.115,161,0.0473,0.000519,0.727,0.000213,2.09,418,0.359,2.12,418,0.359,2.09,387,0.358,"No issues","No issues","No issues",145000,0.991,7.41e-27,2820,12.7,35200,35700,35200,"No issues",FALSE,NA
5,2026-07-10 14:43:00,2026-07-10 14:47:20,2026-07-10 14:39:00,27,3.26,-8420,-0.0177,0.985,0.974,0.0147,2.12e-24,2.85e-21,0.547,0.0798,277,0.0289,0.00036,1.25,0.00013,2.09,418,0.355,2.1,418,0.356,2.09,393,0.355,"No issues","No issues","No issues",11400,0.236,0.0103,4100,18.5,34300,34300,34300,"No issues",FALSE,NA
9,2026-07-10 14:53:10,2026-07-10 14:57:30,2026-07-10 14:49:10,27,4.56,-8200,-0.087,0.983,0.991,0.245,1.74e-23,8.18e-27,0.00868,0.122,160,0.0305,0.000548,0.723,0.000138,2.09,418,0.356,2.1,418,0.356,2.09,394,0.355,"No issues","No issues","No issues",90500,0.915,6.47e-15,5500,24.8,35100,35500,35100,"No issues",FALSE,NA
12,2026-07-10 15:03:20,2026-07-10 15:07:40,2026-07-10 14:59:20,27,17.2,-3700,-0.0644,0.998,0.954,0.106,4.21e-34,3.29e-18,0.0967,0.172,163,0.0373,0.000773,0.735,0.000168,2.46,424,0.357,2.51,424,0.358,2.46,413,0.357,"No issues","No issues","No issues",-24100,0.843,1.49e-11,2080,9.37,35700,35700,35600,"No issues",FALSE,NA
3,2026-07-10 15:13:30,2026-07-10 15:17:50,2026-07-10 15:09:30,27,4.29,-6570,-0.248,0.997,0.984,0.606,3.1e-32,4.34e-24,1.71e-06,0.0509,166,0.0399,0.000229,0.747,0.00018,2.09,422,0.359,2.1,422,0.359,2.09,402,0.358,"No issues","No issues","No issues",-91300,0.989,6.86e-26,1950,8.77,33900,33900,33600,"No issues",FALSE,NA
6,2026-07-10 15:23:40,2026-07-10 15:28:00,2026-07-10 15:19:40,27,4.03,-4130,-0.272,0.998,0.988,0.714,2.28e-36,2.09e-25,2.99e-08,0.0326,92.1,0.0344,0.000147,0.415,0.000155,2.09,428,0.359,2.1,428,0.359,2.09,415,0.358,"No issues","No issues","No issues",18000,0.811,1.61e-10,1740,7.84,33900,33900,33900,"No issues",FALSE,NA
1,2026-07-10 15:33:50,2026-07-10 15:38:10,2026-07-10 15:29:50,27,4.77,-5740,-0.0994,0.985,0.953,0.175,1.88e-24,3.66e-18,0.03,0.116,254,0.0432,0.000524,1.14,0.000195,2.09,428,0.358,2.11,429,0.358,2.09,411,0.357,"No issues","No issues","No issues",-15300,0.532,1.57e-05,2880,13,33500,33500,33400,"No issues",FALSE,NA
7,2026-07-10 15:44:00,2026-07-10 15:48:20,2026-07-10 15:40:00,27,8.51,-8000,-0.239,0.998,0.995,0.742,1.42e-35,2.42e-30,8.06e-09,0.074,113,0.0281,0.000334,0.509,0.000127,2.1,420,0.359,2.13,420,0.359,2.1,395,0.358,"No issues","No issues","No issues",-6080,0.61,1.54e-06,973,4.38,33700,33700,33700,"No issues",FALSE,NA
10,2026-07-10 15:54:10,2026-07-10 15:58:30,2026-07-10 15:50:10,27,17.2,-3720,-0.337,0.969,0.912,0.589,2.3e-20,1.05e-14,3e-06,0.615,231,0.0564,0.00277,1.04,0.000254,2.11,429,0.359,2.17,431,0.359,2.11,419,0.358,"No issues","No issues","No issues",-24500,0.969,1.94e-20,870,3.92,33200,33200,33100,"No issues",FALSE,NA
2,2026-07-10 16:04:20,2026-07-10 16:08:40,2026-07-10 16:00:20,27,0.268,-8230,-0.151,0.0926,0.99,0.413,0.123,1.06e-26,0.000301,0.168,163,0.0359,0.000757,0.733,0.000162,2.11,428,0.359,2.11,428,0.359,2.11,403,0.358,"No issues","No issues","No issues",60500,0.958,9.13e-19,2530,11.4,33100,33300,33100,"No issues",FALSE,NA
11,2026-07-10 16:14:30,2026-07-10 16:18:50,2026-07-10 16:10:30,27,8.65,-10700,-0.156,0.9,0.934,0.434,5.21e-14,3.07e-16,0.000185,0.577,573,0.0356,0.0026,2.58,0.00016,2.14,420,0.358,2.18,420,0.358,2.14,387,0.357,"No issues","No issues","No issues",50500,0.985,3.12e-24,1260,5.67,33600,33800,33600,"No issues",FALSE,NA
4,2026-07-10 16:24:40,2026-07-10 16:29:00,2026-07-10 16:20:40,27,6.22,-7600,-0.127,0.999,0.977,0.312,2.09e-39,6.23e-22,0.00247,0.038,235,0.0376,0.000171,1.06,0.00017,2.1,412,0.357,2.12,412,0.357,2.1,389,0.357,"No issues","No issues","No issues",-384,0.000482,0.913,3500,15.8,33600,33600,33600,"No issues",FALSE,NA
8,2026-07-10 16:34:50,2026-07-10 16:39:10,2026-07-10 16:30:50,27,10.2,-8290,-0.195,0.994,0.992,0.397,2.11e-29,1.11e-27,0.000431,0.157,150,0.0481,0.000708,0.675,0.000217,2.1,428,0.359,2.13,428,0.359,2.1,403,0.358,"No issues","No issues","No issues",148000,0.998,3.84e-36,1220,5.51,33600,34000,33600,"No issues",FALSE,NA
5,2026-07-10 16:45:00,2026-07-10 16:49:20,2026-07-10 16:41:00,27,2.54,-10500,-0.114,0.597,0.992,0.215,2.31e-06,2.06e-27,0.015,0.417,194,0.0435,0.00188,0.873,0.000196,2.24,424,0.357,2.25,424,0.357,2.24,394,0.356,"No issues","No issues","No issues",65300,0.984,4.22e-24,1640,7.41,33400,33600,33400,"No issues",FALSE,NA
9,2026-07-10 16:55:10,2026-07-10 16:59:30,2026-07-10 16:51:10,27,3.52,-11000,-0.115,0.938,0.985,0.506,1.41e-16,2.88e-24,3.16e-05,0.181,274,0.0226,0.000818,1.23,0.000102,2.22,405,0.357,2.23,405,0.357,2.22,369,0.357,"No issues","No issues","No issues",71400,0.496,4.1e-05,14400,64.9,34700,35100,34700,"No issues",FALSE,NA
12,2026-07-10 17:05:20,2026-07-10 17:09:40,2026-07-10 17:01:20,27,14.6,-7100,-0.163,0.99,0.965,0.478,2.6e-26,1.17e-19,6.47e-05,0.299,272,0.034,0.00135,1.23,0.000153,2.22,426,0.358,2.27,426,0.358,2.22,403,0.358,"No issues","No issues","No issues",-38100,0.742,7.95e-09,4490,20.2,35200,35300,35100,"No issues",FALSE,NA
3,2026-07-10 17:15:30,2026-07-10 17:19:50,2026-07-10 17:11:30,27,1.48,-8410,-0.223,0.642,0.987,0.522,5.05e-07,3.06e-25,2.07e-05,0.221,191,0.0427,0.000998,0.859,0.000193,2.35,430,0.359,2.36,430,0.359,2.35,405,0.358,"No issues","No issues","No issues",-55900,0.825,6.11e-11,5160,23.2,34000,34100,33900,"No issues",FALSE,NA
6,2026-07-10 17:25:40,2026-07-10 17:30:00,2026-07-10 17:21:40,27,1.82,-9860,-0.396,0.945,0.996,0.779,3.07e-17,7.46e-32,1.11e-09,0.0879,121,0.0421,0.000396,0.545,0.00019,2.36,431,0.359,2.37,431,0.359,2.36,401,0.358,"No issues","No issues","No issues",47900,0.992,4.44e-28,834,3.76,34300,34400,34300,"No issues",FALSE,NA
1,2026-07-10 17:35:50,2026-07-10 17:40:10,2026-07-10 17:31:50,27,5.22,-2370,-0.186,0.984,0.872,0.332,5.63e-24,1.19e-12,0.00166,0.133,182,0.0528,6e-04,0.819,0.000238,2.25,440,0.358,2.26,440,0.358,2.25,432,0.357,"No issues","No issues","No issues",-6940,0.381,0.00061,1770,7.98,34100,34100,34100,"No issues",FALSE,NA
7,2026-07-10 17:46:00,2026-07-10 17:50:20,2026-07-10 17:42:00,27,7.77,-2500,-0.267,0.998,0.968,0.676,3.95e-35,2.84e-20,1.43e-07,0.0704,90.3,0.0369,0.000318,0.407,0.000166,2.24,445,0.358,2.27,446,0.359,2.24,437,0.358,"No issues","No issues","No issues",-25300,0.844,1.44e-11,2180,9.82,34100,34100,34000,"No issues",FALSE,NA
10,2026-07-10 17:56:10,2026-07-10 18:00:30,2026-07-10 17:52:10,27,15.7,-144,-0.315,0.97,0.0226,0.656,1.54e-20,0.455,3.06e-07,0.552,189,0.0456,0.00249,0.854,0.000205,2.22,456,0.359,2.27,457,0.359,2.22,453,0.358,"No issues","No issues","No issues",-39100,0.957,1.24e-18,1650,7.45,33300,33300,33100,"No issues",FALSE,NA
2,2026-07-10 18:06:20,2026-07-10 18:10:40,2026-07-10 18:02:20,27,1.41,-698,-0.0468,0.967,0.614,0.0959,5.69e-20,1.33e-06,0.116,0.0526,111,0.0287,0.000237,0.498,0.000129,2.2,454,0.358,2.2,455,0.359,2.2,452,0.358,"No issues","No issues","No issues",-19300,0.939,1.07e-16,984,4.44,33000,33000,33000,"No issues",FALSE,NA
11,2026-07-10 18:16:30,2026-07-10 18:20:50,2026-07-10 18:12:30,27,6.33,99.5,-0.0382,0.982,0.0181,0.0395,1.98e-23,0.503,0.32,0.17,146,0.0377,0.000766,0.66,0.00017,2.2,453,0.358,2.22,455,0.358,2.2,453,0.357,"No issues","No issues","No issues",13200,0.742,7.85e-09,1560,7.03,33000,33100,33000,"No issues",FALSE,NA
4,2026-07-10 18:26:40,2026-07-10 18:31:00,2026-07-10 18:22:40,27,5.34,-1410,-0.0884,0.996,0.597,0.147,1.49e-31,2.29e-06,0.0487,0.0673,232,0.0427,0.000303,1.05,0.000192,2.13,440,0.357,2.14,442,0.358,2.13,436,0.357,"No issues","No issues","No issues",-91000,0.961,4.44e-19,3690,16.6,32300,32300,32000,"No issues",FALSE,NA
8,2026-07-10 18:36:50,2026-07-10 18:41:10,2026-07-10 18:32:50,27,11.6,2720,-0.238,0.999,0.97,0.525,3.7e-38,1.3e-20,1.91e-05,0.0795,95.1,0.0453,0.000358,0.428,0.000204,2.1,454,0.358,2.13,463,0.359,2.1,454,0.358,"No issues","No issues","No issues",-165000,0.983,1.72e-23,4410,19.9,30900,30900,30400,"No issues",FALSE,NA
5,2026-07-10 18:47:00,2026-07-10 18:51:20,2026-07-10 18:43:00,27,3.2,2950,-0.00597,0.997,0.941,0.000735,5.32e-34,7.33e-17,0.893,0.0322,148,0.044,0.000145,0.666,0.000198,2.09,450,0.357,2.1,460,0.357,2.09,450,0.356,"No issues","No issues","No issues",-89400,0.931,5.43e-16,4890,22,30000,30000,29800,"No issues",FALSE,NA
9,2026-07-10 18:57:10,2026-07-10 19:01:30,2026-07-10 18:53:10,27,4.75,2680,-0.041,0.983,0.935,0.0223,1.06e-23,2.24e-16,0.458,0.124,141,0.0544,0.00056,0.634,0.000245,2.09,453,0.357,2.11,462,0.357,2.09,453,0.356,"No issues","No issues","No issues",13900,0.148,0.0473,6660,30,29600,29700,29600,"No issues",FALSE,NA
12,2026-07-10 19:07:20,2026-07-10 19:11:40,2026-07-10 19:03:20,27,16.7,4910,NA,0.999,0.991,NA,1.35e-40,4.99e-27,NA,0.0913,94.3,NA,0.000412,0.425,NA,2.1,455,NA,2.15,470,NA,2.1,455,NA,"No issues","No issues","No issues",-101000,0.942,6.04e-17,5030,22.7,28900,28900,28600,"No issues",FALSE,NA
3,2026-07-10 19:17:30,2026-07-10 19:21:50,2026-07-10 19:13:30,27,3.78,5980,-0.227,0.998,0.996,0.498,3.36e-35,2e-31,3.93e-05,0.0341,76.4,0.0457,0.000154,0.344,0.000206,2.07,457,0.359,2.08,475,0.359,2.07,457,0.358,"No issues","No issues","No issues",-40600,0.838,2.34e-11,3580,16.1,29100,29100,29000,"No issues",FALSE,NA
6,2026-07-10 19:27:40,2026-07-10 19:32:00,2026-07-10 19:23:40,27,3.79,5780,-0.371,0.998,0.994,0.623,2.1e-35,2.55e-29,9.83e-07,0.0335,89.7,0.0576,0.000151,0.404,0.00026,2.07,457,0.359,2.08,475,0.359,2.07,457,0.358,"No issues","No issues","No issues",-63400,0.907,2.01e-14,4050,18.3,28400,28400,28100,"No issues",FALSE,NA
1,2026-07-10 19:37:50,2026-07-10 19:42:10,2026-07-10 19:33:50,27,4.9,5570,NA,0.994,0.99,NA,9.01e-30,1.47e-26,NA,0.0728,112,NA,0.000328,0.503,NA,2.07,457,NA,2.08,474,NA,2.07,457,NA,"No issues","No issues","No issues",-73000,0.938,1.31e-16,3750,16.9,27900,27900,27700,"No issues",FALSE,NA
7,2026-07-10 19:48:00,2026-07-10 19:52:20,2026-07-10 19:44:00,27,9.62,5710,-0.114,0.998,0.995,0.239,4.3e-35,2.14e-30,0.0097,0.0875,80.1,0.0407,0.000394,0.361,0.000184,2.08,460,0.359,2.11,477,0.359,2.08,460,0.358,"No issues","No issues","No issues",-88800,0.939,1.08e-16,4530,20.4,26900,26900,26700,"No issues",FALSE,NA
10,2026-07-10 19:58:10,2026-07-10 20:02:30,2026-07-10 19:54:10,27,18.6,7070,NA,0.945,0.979,NA,2.64e-17,1.45e-22,NA,0.893,206,NA,0.00403,0.928,NA,2.08,461,NA,2.14,482,NA,2.08,461,NA,"No issues","No issues","No issues",-23200,0.837,2.45e-11,2050,9.25,26600,26600,26500,"No issues",FALSE,NA
2,2026-07-10 20:08:20,2026-07-10 20:12:40,2026-07-10 20:04:20,27,4.16,6370,-0.0489,0.872,0.992,0.0349,1.13e-12,1.53e-27,0.351,0.319,116,0.0514,0.00144,0.525,0.000232,2.07,466,0.359,2.09,484,0.359,2.07,466,0.358,"No issues","No issues","No issues",-47100,0.998,3.51e-35,425,1.91,25900,25900,25800,"No issues",FALSE,NA
11,2026-07-10 20:18:30,2026-07-10 20:22:50,2026-07-10 20:14:30,27,9.15,7100,-0.00449,0.986,0.989,0.000356,1.1e-24,5.08e-26,0.926,0.218,150,0.0476,0.000984,0.674,0.000215,2.2,485,0.358,2.22,507,0.359,2.2,485,0.357,"No issues","No issues","No issues",-75300,0.997,1.42e-32,864,3.9,25200,25200,25000,"No issues",FALSE,NA
4,2026-07-10 20:28:40,2026-07-10 20:33:00,2026-07-10 20:24:40,27,7.65,5700,-0.0599,0.954,0.971,0.187,3.06e-18,8.57e-21,0.0245,0.336,196,0.025,0.00151,0.884,0.000113,2.19,494,0.358,2.21,510,0.359,2.19,494,0.358,"No issues","No issues","No issues",-19800,0.916,6.23e-15,1200,5.42,25100,25100,25100,"No issues",FALSE,NA
8,2026-07-10 20:38:50,2026-07-10 20:43:10,2026-07-10 20:34:50,27,14.1,7960,-0.158,0.996,0.996,0.661,5.14e-32,4.8e-32,2.6e-07,0.17,96,0.0226,0.000766,0.433,0.000102,2.17,495,0.359,2.22,519,0.359,2.17,495,0.359,"No issues","No issues","No issues",-204000,0.997,2.33e-33,2180,9.82,24200,24200,23600,"No issues",FALSE,NA
5,2026-07-10 20:49:00,2026-07-10 20:53:20,2026-07-10 20:45:00,27,3.7,7470,-0.0263,0.989,0.985,0.0284,4.18e-26,1.73e-24,0.401,0.0773,182,0.0308,0.000348,0.819,0.000139,2.12,498,0.358,2.13,520,0.358,2.12,498,0.358,"No issues","No issues","No issues",-21000,0.959,8.53e-19,872,3.93,23000,23000,22900,"No issues",FALSE,NA
9,2026-07-10 20:59:10,2026-07-10 21:03:30,2026-07-10 20:55:10,27,5.99,5040,-0.0433,0.969,0.988,0.0917,2.5e-20,1.17e-25,0.125,0.215,110,0.0272,0.00097,0.495,0.000123,2.12,494,0.359,2.14,510,0.359,2.12,494,0.358,"No issues","No issues","No issues",35700,0.864,2.44e-12,2830,12.8,23500,23600,23500,"No issues",FALSE,NA
12,2026-07-10 21:09:20,2026-07-10 21:13:40,2026-07-10 21:05:20,27,15.2,6350,-0.0644,0.998,0.995,0.0797,8.69e-37,2.41e-30,0.154,0.119,89.6,0.0438,0.000534,0.404,0.000197,2.16,487,0.359,2.2,505,0.359,2.16,487,0.358,"No issues","No issues","No issues",-17400,0.509,2.99e-05,3420,15.4,23300,23300,23200,"No issues",FALSE,NA
3,2026-07-10 21:19:30,2026-07-10 21:23:50,2026-07-10 21:15:30,27,4.75,7000,-0.117,0.981,0.994,0.257,5.33e-23,1e-29,0.00693,0.133,105,0.0398,0.000599,0.472,0.000179,2.09,479,0.36,2.1,500,0.36,2.09,479,0.359,"No issues","No issues","No issues",9650,0.281,0.00448,3090,13.9,23200,23300,23200,"No issues",FALSE,NA
6,2026-07-10 21:29:40,2026-07-10 21:34:00,2026-07-10 21:25:40,27,4.47,6140,-0.31,0.993,0.991,0.505,8.89e-29,5.92e-27,3.3e-05,0.0729,119,0.0613,0.000329,0.534,0.000276,2.13,510,0.36,2.14,529,0.361,2.13,510,0.359,"No issues","No issues","No issues",26200,0.749,5.7e-09,3040,13.7,23200,23300,23200,"No issues",FALSE,NA
1,2026-07-10 21:39:50,2026-07-10 21:44:10,2026-07-10 21:35:50,27,5.57,6200,-0.0775,0.996,0.995,0.138,9.18e-32,4.33e-30,0.0563,0.0689,89.5,0.0387,0.00031,0.403,0.000175,2.12,493,0.359,2.14,512,0.359,2.12,493,0.359,"No issues","No issues","No issues",9380,0.81,1.72e-10,909,4.1,23200,23200,23200,"No issues",FALSE,NA
7,2026-07-10 21:50:00,2026-07-10 21:54:20,2026-07-10 21:46:00,27,8.06,5550,-0.105,0.994,0.993,0.298,6.44e-29,1.87e-28,0.00322,0.13,93.3,0.0322,0.000585,0.42,0.000145,2.14,505,0.36,2.16,522,0.36,2.14,505,0.359,"No issues","No issues","No issues",27800,0.941,7.38e-17,1400,6.3,23000,23100,23000,"No issues",FALSE,NA
10,2026-07-10 22:00:10,2026-07-10 22:04:30,2026-07-10 21:56:10,27,18.1,7470,-0.132,0.974,0.985,0.399,2.96e-21,2.32e-24,0.000408,0.597,184,0.0323,0.00269,0.828,0.000146,2.11,503,0.36,2.17,528,0.36,2.11,503,0.36,"No issues","No issues","No issues",14600,0.847,1.13e-11,1250,5.61,23200,23300,23200,"No issues",FALSE,NA
2,2026-07-10 22:10:20,2026-07-10 22:14:40,2026-07-10 22:06:20,27,2.06,6020,-0.0216,0.97,0.993,0.0105,1.22e-20,9.06e-29,0.611,0.072,98.3,0.042,0.000324,0.443,0.000189,2.13,512,0.36,2.14,531,0.36,2.13,512,0.359,"No issues","No issues","No issues",-9670,0.888,2.13e-13,686,3.09,22600,22600,22600,"No issues",FALSE,NA
11,2026-07-10 22:20:30,2026-07-10 22:24:50,2026-07-10 22:16:30,27,7.78,7070,-0.103,0.988,0.988,0.199,1.66e-25,1.03e-25,0.0196,0.172,153,0.0413,0.000775,0.691,0.000186,2.17,525,0.36,2.19,546,0.36,2.17,525,0.359,"No issues","No issues","No issues",26300,0.988,1.12e-25,571,2.58,22400,22400,22400,"No issues",FALSE,NA
4,2026-07-10 22:30:40,2026-07-10 22:35:00,2026-07-10 22:26:40,27,6.55,4960,-0.0254,0.989,0.981,0.0126,8.63e-26,6.18e-23,0.577,0.141,139,0.0449,0.000635,0.628,0.000202,2.14,515,0.359,2.16,531,0.359,2.14,515,0.359,"No issues","No issues","No issues",39000,0.892,1.3e-13,2710,12.2,22700,22800,22700,"No issues",FALSE,NA
8,2026-07-10 22:40:50,2026-07-10 22:45:10,2026-07-10 22:36:50,27,16.4,8430,0.00452,0.998,0.994,0.000499,2.08e-35,7.06e-29,0.912,0.145,136,0.0404,0.000653,0.614,0.000182,2.18,529,0.36,2.23,555,0.36,2.18,529,0.359,"No issues","No issues","No issues",-30400,0.964,1.54e-19,1180,5.31,22200,22200,22100,"No issues",FALSE,NA
5,2026-07-10 22:51:00,2026-07-10 22:55:20,2026-07-10 22:47:00,27,4.09,7460,-0.0401,0.986,0.984,0.0568,1.3e-24,7.87e-24,0.231,0.0982,193,0.0327,0.000443,0.869,0.000147,2.16,539,0.359,2.17,561,0.359,2.16,539,0.359,"No issues","No issues","No issues",52200,0.973,4.66e-21,1750,7.9,22000,22200,22000,"No issues",FALSE,NA
9,2026-07-10 23:01:10,2026-07-10 23:05:30,2026-07-10 22:57:10,27,4.57,5650,-0.0104,0.948,0.988,0.00281,1.32e-17,2.48e-25,0.793,0.213,127,0.039,0.000962,0.572,0.000176,2.15,516,0.36,2.16,532,0.36,2.15,515,0.359,"No issues","No issues","No issues",21900,0.918,4.57e-15,1310,5.91,22600,22700,22600,"No issues",FALSE,NA
12,2026-07-10 23:11:20,2026-07-10 23:15:40,2026-07-10 23:07:20,27,14,5460,-0.145,0.998,0.994,0.378,7.22e-35,4.07e-29,0.000641,0.13,86.3,0.0371,0.000584,0.389,0.000167,2.21,535,0.36,2.25,552,0.36,2.21,535,0.359,"No issues","No issues","No issues",16400,0.713,3.14e-08,2080,9.37,22400,22400,22300,"No issues",FALSE,NA
3,2026-07-10 23:21:30,2026-07-10 23:25:50,2026-07-10 23:17:30,27,2.87,5890,-0.135,0.834,0.982,0.183,3e-11,1.81e-23,0.0261,0.256,157,0.0572,0.00115,0.71,0.000258,2.12,517,0.361,2.13,535,0.361,2.12,517,0.36,"No issues","No issues","No issues",23600,0.852,7.12e-12,1970,8.87,22600,22700,22600,"No issues",FALSE,NA
6,2026-07-10 23:31:40,2026-07-10 23:36:00,2026-07-10 23:27:40,27,3.45,6050,-0.13,0.96,0.989,0.319,4.84e-19,6.82e-26,0.00215,0.14,129,0.0379,0.000631,0.582,0.000171,2.13,526,0.36,2.14,544,0.36,2.13,526,0.359,"No issues","No issues","No issues",13800,0.535,1.45e-05,2560,11.6,22600,22700,22600,"No issues",FALSE,NA
1,2026-07-10 23:41:50,2026-07-10 23:46:10,2026-07-10 23:37:50,27,4.41,5540,-0.0818,0.994,0.992,0.135,1.12e-29,1.84e-27,0.059,0.0662,102,0.0413,0.000298,0.46,0.000186,2.13,523,0.36,2.14,540,0.36,2.13,523,0.359,"No issues","No issues","No issues",36800,0.966,6.35e-20,1370,6.19,22900,23000,22900,"No issues",FALSE,NA
7,2026-07-10 23:52:00,2026-07-10 23:56:20,2026-07-10 23:48:00,27,8.16,5160,NA,0.999,0.992,NA,7.71e-39,4.54e-28,NA,0.0526,89.9,NA,0.000237,0.405,NA,2.12,518,NA,2.14,533,NA,2.12,518,NA,"No issues","No issues","No issues",7050,0.858,4.4e-12,574,2.59,22800,22800,22800,"No issues",FALSE,NA
10,2026-07-11 00:02:20,2026-07-11 00:06:40,2026-07-10 23:58:10,27,16.2,6630,-0.186,0.979,0.986,0.53,1.33e-22,7.5e-25,1.65e-05,0.47,156,0.035,0.00212,0.702,0.000158,2.11,513,0.361,2.16,532,0.361,2.11,512,0.36,"No issues","No issues","No issues",31400,0.954,2.82e-18,1370,6.19,22900,23000,22900,"No issues",FALSE,NA
2,2026-07-11 00:12:20,2026-07-11 00:16:50,2026-07-11 00:08:20,28,2.19,6190,-0.00162,0.958,0.994,8.99e-05,2.13e-19,3.99e-30,0.962,0.0901,96.9,0.0334,0.00043,0.462,0.000159,2.12,518,0.36,2.12,537,0.361,2.12,518,0.36,"No issues","No issues","No issues",2270,0.091,0.119,1410,6.72,22300,22300,22300,"No issues",FALSE,NA
11,2026-07-11 00:22:30,2026-07-11 00:27:00,2026-07-11 00:18:30,28,6.03,6030,0.0463,0.915,0.966,0.0589,1.83e-15,1.22e-20,0.213,0.359,221,0.0363,0.00171,1.06,0.000173,2.15,551,0.36,2.17,570,0.36,2.15,551,0.36,"No issues","No issues","No issues",2060,0.138,0.0518,1010,4.83,22200,22200,22100,"No issues",FALSE,NA
4,2026-07-11 00:32:50,2026-07-11 00:37:10,2026-07-11 00:28:40,27,9.04,4500,-0.0498,0.965,0.956,0.0618,1.21e-19,1.55e-18,0.211,0.347,192,0.0388,0.00156,0.865,0.000175,2.17,540,0.361,2.2,555,0.361,2.17,540,0.36,"No issues","No issues","No issues",20000,0.885,3.15e-13,1440,6.5,22300,22400,22300,"No issues",FALSE,NA
8,2026-07-11 00:42:50,2026-07-11 00:47:20,2026-07-11 00:38:50,28,47.3,8250,0.0148,1,0.998,0.0063,4.77e-45,9.85e-38,0.688,0.197,65.6,0.0365,0.000937,0.313,0.000174,2.23,548,0.361,2.38,574,0.361,2.23,548,0.361,"No issues","No issues","No issues",44500,0.999,4.76e-41,264,1.26,22100,22200,22100,"No issues",FALSE,NA
5,2026-07-11 00:53:00,2026-07-11 00:57:30,2026-07-11 00:49:00,28,5.95,8410,0.033,0.994,0.997,0.0275,1.66e-30,6.92e-34,0.399,0.09,94.2,0.0385,0.000429,0.449,0.000184,2.2,550,0.361,2.21,576,0.361,2.2,550,0.361,"No issues","No issues","No issues",72300,0.989,3.67e-27,1470,7.02,22300,22600,22300,"No issues",FALSE,NA
9,2026-07-11 01:03:10,2026-07-11 01:07:40,2026-07-11 00:59:10,28,8.32,5160,0.018,0.985,0.99,0.00494,2.41e-25,1.69e-27,0.722,0.199,102,0.05,0.000951,0.487,0.000238,2.21,574,0.361,2.23,590,0.362,2.21,574,0.361,"No issues","No issues","No issues",66100,0.972,1.16e-21,2210,10.5,23000,23300,23000,"No issues",FALSE,NA
12,2026-07-11 01:13:20,2026-07-11 01:17:50,2026-07-11 01:09:20,28,27,5500,0.0617,1,0.994,0.0634,2.84e-45,4.04e-30,0.196,0.11,86,0.0465,0.000524,0.41,0.000222,2.13,526,0.36,2.22,543,0.361,2.13,526,0.36,"No issues","No issues","No issues",16500,0.905,8.67e-15,1050,4.99,23000,23000,23000,"No issues",FALSE,NA
3,2026-07-11 01:23:30,2026-07-11 01:28:00,2026-07-11 01:19:30,28,6.23,6080,-0.0461,0.999,0.994,0.0326,6.66e-39,7.82e-31,0.358,0.0447,89.2,0.0492,0.000213,0.425,0.000235,2.11,535,0.362,2.13,555,0.362,2.11,535,0.361,"No issues","No issues","No issues",53800,0.988,2.75e-26,1190,5.66,23400,23600,23400,"No issues",FALSE,NA
6,2026-07-11 01:33:40,2026-07-11 01:38:10,2026-07-11 01:29:40,28,6.99,5120,-0.0828,0.999,0.989,0.149,2.75e-40,9.56e-27,0.0422,0.0444,108,0.0387,0.000212,0.516,0.000185,2.12,547,0.362,2.14,563,0.362,2.12,547,0.361,"No issues","No issues","No issues",80800,0.996,4.71e-32,1060,5.07,23500,23800,23500,"No issues",FALSE,NA
1,2026-07-11 01:43:50,2026-07-11 01:48:20,2026-07-11 01:39:50,28,10,4910,-0.0151,0.993,0.976,0.00469,1.4e-29,1.39e-22,0.729,0.165,151,0.0432,0.000787,0.72,0.000206,2.13,579,0.361,2.16,594,0.361,2.13,579,0.361,"No issues","No issues","No issues",27700,0.913,2.77e-15,1680,8.02,23900,23900,23900,"No issues",FALSE,NA
7,2026-07-11 01:54:10,2026-07-11 01:58:30,2026-07-11 01:50:00,27,15.6,4310,-0.155,1,0.984,0.268,2.57e-48,4.41e-24,0.00569,0.0419,109,0.0512,0.000189,0.491,0.000231,2.14,546,0.361,2.19,559,0.362,2.14,546,0.361,"No issues","No issues","No issues",32900,0.89,1.76e-13,2320,10.4,23900,24000,23900,"No issues",FALSE,NA
10,2026-07-11 02:04:20,2026-07-11 02:08:40,2026-07-11 02:00:10,27,30.3,5940,-0.0792,0.957,0.961,0.111,1.46e-18,4.61e-19,0.0895,1.29,241,0.0448,0.0058,1.09,0.000202,2.14,541,0.361,2.22,559,0.362,2.14,541,0.361,"No issues","No issues","No issues",31400,0.981,6.63e-23,886,4,24000,24100,24000,"No issues",FALSE,NA
2,2026-07-11 02:14:30,2026-07-11 02:18:50,2026-07-11 02:10:20,27,4.45,5410,-0.0646,0.998,0.99,0.0694,3.34e-35,1.65e-26,0.184,0.04,109,0.0473,0.00018,0.491,0.000213,2.11,542,0.361,2.12,558,0.361,2.11,542,0.361,"No issues","No issues","No issues",4580,0.25,0.00786,1580,7.14,23900,23900,23800,"No issues",FALSE,NA
11,2026-07-11 02:24:40,2026-07-11 02:29:00,2026-07-11 02:20:30,27,16.8,5770,-0.0556,0.997,0.993,0.0474,7.43e-33,3.48e-28,0.275,0.188,99.4,0.0498,0.000849,0.448,0.000225,2.13,529,0.361,2.18,546,0.361,2.13,529,0.36,"No issues","No issues","No issues",-17500,0.878,6.38e-13,1300,5.88,23700,23700,23600,"No issues",FALSE,NA
4,2026-07-11 02:34:50,2026-07-11 02:39:10,2026-07-11 02:30:40,27,14.2,5290,0.04,0.997,0.992,0.0196,5.72e-33,1.27e-27,0.486,0.157,96,0.0566,0.000709,0.433,0.000255,2.12,527,0.361,2.16,543,0.361,2.12,527,0.36,"No issues","No issues","No issues",33300,0.995,2.34e-30,469,2.11,23700,23800,23700,"No issues",FALSE,NA
8,2026-07-11 02:45:00,2026-07-11 02:49:20,2026-07-11 02:40:50,27,17.8,6310,0.167,1,0.995,0.307,1.4e-48,2.65e-30,0.00269,0.0466,89.4,0.0503,0.00021,0.403,0.000227,2.12,528,0.361,2.18,545,0.362,2.12,528,0.361,"No issues","No issues","No issues",-10800,0.907,2.18e-14,694,3.13,23100,23100,23100,"No issues",FALSE,NA
5,2026-07-11 02:55:00,2026-07-11 02:59:30,2026-07-11 02:51:00,28,6.74,5870,0.0208,0.998,0.996,0.00727,9.3e-37,1.99e-33,0.666,0.0585,68.4,0.0476,0.000279,0.326,0.000227,2.11,545,0.361,2.13,563,0.361,2.11,545,0.36,"No issues","No issues","No issues",-17600,0.986,1.7e-25,417,1.99,23000,23000,22900,"No issues",FALSE,NA
9,2026-07-11 03:05:10,2026-07-11 03:09:40,2026-07-11 03:01:10,28,12.9,5320,0.037,0.993,0.988,0.0201,1.03e-29,1.09e-26,0.472,0.209,113,0.0508,0.000997,0.539,0.000242,2.13,555,0.361,2.17,571,0.361,2.13,555,0.36,"No issues","No issues","No issues",-50.4,3.55e-05,0.976,1660,7.91,23200,23200,23200,"No issues",FALSE,NA
12,2026-07-11 03:15:20,2026-07-11 03:19:50,2026-07-11 03:11:20,28,29.2,5960,0.0499,0.999,0.991,0.0273,4.12e-43,2.36e-28,0.4,0.144,109,0.0584,0.000687,0.521,0.000278,2.15,541,0.36,2.24,559,0.361,2.15,540,0.36,"No issues","No issues","No issues",-2640,0.0418,0.297,2480,11.8,22900,22900,22900,"No issues",FALSE,NA
3,2026-07-11 03:25:30,2026-07-11 03:30:00,2026-07-11 03:21:30,28,6.15,6240,-0.119,0.999,0.995,0.178,2.76e-40,1.11e-31,0.0252,0.039,84.9,0.0501,0.000186,0.405,0.000239,2.13,564,0.362,2.15,584,0.362,2.13,564,0.362,"No issues","No issues","No issues",13400,0.844,5.22e-12,1130,5.38,22900,22900,22900,"No issues",FALSE,NA
6,2026-07-11 03:35:40,2026-07-11 03:40:10,2026-07-11 03:31:40,28,6.62,6170,-0.12,0.999,0.996,0.199,3.91e-39,2.59e-32,0.0174,0.0465,79.4,0.0474,0.000222,0.379,0.000226,2.11,557,0.362,2.13,576,0.362,2.11,557,0.361,"No issues","No issues","No issues",14900,0.831,1.49e-11,1320,6.28,22800,22900,22800,"No issues",FALSE,NA
1,2026-07-11 03:45:50,2026-07-11 03:50:20,2026-07-11 03:41:50,28,10.3,5400,-0.0676,0.989,0.986,0.0561,4.17e-27,8.47e-26,0.225,0.211,124,0.0544,0.001,0.593,0.000259,2.13,571,0.362,2.16,587,0.362,2.13,571,0.361,"No issues","No issues","No issues",15000,0.959,1.65e-19,610,2.91,22900,23000,22900,"No issues",FALSE,NA
7,2026-07-11 03:56:00,2026-07-11 04:00:30,2026-07-11 03:52:00,28,18.9,5990,-0.0964,1,0.985,0.167,3.27e-47,3.71e-25,0.0309,0.065,146,0.0422,0.00031,0.697,0.000201,2.17,580,0.362,2.23,599,0.363,2.17,580,0.362,"No issues","No issues","No issues",23300,0.944,9.4e-18,1120,5.32,22900,23000,22900,"No issues",FALSE,NA
10,2026-07-11 04:06:10,2026-07-11 04:10:40,2026-07-11 04:02:10,28,26.2,6640,-0.0961,0.961,0.972,0.187,7.93e-20,1e-21,0.0215,1.04,221,0.0393,0.00494,1.05,0.000187,2.15,559,0.363,2.24,580,0.363,2.15,559,0.362,"No issues","No issues","No issues",13000,0.972,9.91e-22,432,2.06,23000,23000,23000,"No issues",FALSE,NA
2,2026-07-11 04:16:20,2026-07-11 04:20:50,2026-07-11 04:12:20,28,4.05,5730,0.014,0.997,0.997,0.0035,3.82e-34,1.46e-33,0.765,0.0443,66,0.0461,0.000211,0.315,0.00022,2.13,577,0.362,2.14,595,0.362,2.13,577,0.361,"No issues","No issues","No issues",4030,0.513,1.84e-05,772,3.68,22600,22600,22600,"No issues",FALSE,NA
11,2026-07-11 04:26:30,2026-07-11 04:31:00,2026-07-11 04:22:30,28,14.1,6640,0.0488,0.991,0.991,0.0465,4.78e-28,4.19e-28,0.27,0.266,124,0.0433,0.00127,0.593,0.000207,2.15,574,0.362,2.19,594,0.363,2.15,574,0.362,"No issues","No issues","No issues",37100,0.963,3.39e-20,1420,6.76,22600,22700,22600,"No issues",FALSE,NA
4,2026-07-11 04:36:40,2026-07-11 04:41:10,2026-07-11 04:32:40,28,10.6,6020,0.056,0.997,0.99,0.0616,1.58e-33,1.28e-27,0.203,0.123,118,0.0428,0.000585,0.562,0.000204,2.13,571,0.361,2.16,590,0.362,2.13,571,0.361,"No issues","No issues","No issues",52300,0.985,2.27e-25,1250,5.96,23100,23200,23100,"No issues",FALSE,NA
8,2026-07-11 04:46:50,2026-07-11 04:51:20,2026-07-11 04:42:50,28,14.7,6510,0.0346,0.999,0.993,0.0171,1.95e-43,3.6e-29,0.507,0.0705,111,0.0515,0.000336,0.529,0.000245,2.14,592,0.362,2.19,612,0.363,2.14,592,0.362,"No issues","No issues","No issues",20600,0.992,6.25e-29,359,1.71,22700,22800,22700,"No issues",FALSE,NA
5,2026-07-11 04:57:00,2026-07-11 05:01:30,2026-07-11 04:53:00,28,5.73,5790,0.0788,0.997,0.989,0.178,3.3e-35,3.63e-27,0.0252,0.0571,118,0.0332,0.000272,0.562,0.000158,2.13,620,0.362,2.15,639,0.362,2.13,620,0.362,"No issues","No issues","No issues",49600,0.976,1.2e-22,1520,7.24,22800,23000,22800,"No issues",FALSE,NA
9,2026-07-11 05:07:10,2026-07-11 05:11:40,2026-07-11 05:03:10,28,10.4,4970,0.00565,0.981,0.989,0.00046,5.98e-24,5.52e-27,0.914,0.284,103,0.0517,0.00135,0.49,0.000246,2.15,615,0.362,2.18,630,0.362,2.15,615,0.361,"No issues","No issues","No issues",66800,0.964,3.09e-20,2540,12.1,23300,23500,23300,"No issues",FALSE,NA
12,2026-07-11 05:17:20,2026-07-11 05:21:50,2026-07-11 05:13:20,28,25.7,3720,-0.0307,0.998,0.984,0.0198,3.21e-36,6.4e-25,0.475,0.234,92.8,0.0423,0.00112,0.442,0.000202,2.17,612,0.362,2.25,624,0.362,2.17,612,0.362,"No issues","No issues","No issues",3860,0.091,0.119,2390,11.4,23400,23400,23300,"No issues",FALSE,NA
3,2026-07-11 05:27:30,2026-07-11 05:32:00,2026-07-11 05:23:30,28,5.02,4820,-0.0986,0.999,0.989,0.164,1.67e-42,3.87e-27,0.0327,0.0262,98.5,0.0437,0.000125,0.47,0.000208,2.14,610,0.363,2.16,624,0.364,2.14,610,0.363,"No issues","No issues","No issues",61000,0.993,1.56e-29,1010,4.79,23900,24100,23900,"No issues",FALSE,NA
6,2026-07-11 05:37:40,2026-07-11 05:42:10,2026-07-11 05:33:40,28,5.19,4620,-0.204,0.999,0.946,0.52,5.72e-42,5.28e-18,1.49e-05,0.0284,217,0.0385,0.000135,1.03,0.000184,2.13,570,0.363,2.15,586,0.364,2.13,570,0.363,"No issues","No issues","No issues",57000,0.986,1.91e-25,1360,6.46,24000,24200,24000,"No issues",FALSE,NA
1,2026-07-11 05:47:50,2026-07-11 05:52:20,2026-07-11 05:43:50,28,7.92,3040,0.00992,0.989,0.942,0.00192,5.4e-27,1.27e-17,0.825,0.164,148,0.0443,0.000782,0.704,0.000211,2.13,590,0.362,2.15,600,0.362,2.13,590,0.362,"No issues","No issues","No issues",59400,0.996,3.02e-32,769,3.67,24200,24400,24200,"No issues",FALSE,NA
7,2026-07-11 05:58:00,2026-07-11 06:02:30,2026-07-11 05:54:00,28,14,2860,-0.0972,0.996,0.936,0.132,3.69e-32,5.33e-17,0.0573,0.182,147,0.0489,0.000869,0.702,0.000233,2.17,554,0.362,2.21,563,0.363,2.17,554,0.362,"No issues","No issues","No issues",62000,0.985,2.32e-25,1480,7.08,24700,24900,24700,"No issues",FALSE,NA
10,2026-07-11 06:08:10,2026-07-11 06:12:40,2026-07-11 06:04:10,28,21,4100,-0.195,0.926,0.911,0.326,3.23e-16,3.39e-15,0.00151,1.16,251,0.0549,0.00555,1.19,0.000262,2.17,567,0.363,2.25,584,0.363,2.17,567,0.362,"No issues","No issues","No issues",-8010,0.532,1.06e-05,1470,7.02,24900,24900,24900,"No issues",FALSE,NA
2,2026-07-11 06:18:20,2026-07-11 06:22:50,2026-07-11 06:14:20,28,3.56,2180,-0.00237,0.998,0.952,9.58e-05,6.23e-36,1.03e-18,0.961,0.0333,95.8,0.0474,0.000159,0.457,0.000226,2.16,567,0.363,2.17,574,0.363,2.16,567,0.362,"No issues","No issues","No issues",39600,0.894,3.43e-14,2670,12.7,24900,25100,24900,"No issues",FALSE,NA
11,2026-07-11 06:28:30,2026-07-11 06:33:00,2026-07-11 06:24:30,28,11.7,4000,-0.0247,0.996,0.984,0.0124,2.09e-32,7.45e-25,0.573,0.149,100,0.0434,0.000709,0.478,0.000207,2.18,553,0.362,2.22,565,0.363,2.18,553,0.362,"No issues","No issues","No issues",8460,0.656,1.77e-07,1200,5.72,25000,25100,25000,"No issues",FALSE,NA
4,2026-07-11 06:38:40,2026-07-11 06:43:10,2026-07-11 06:34:40,28,7.82,2550,-0.0967,0.994,0.829,0.108,3.86e-30,1.87e-11,0.0872,0.122,228,0.0544,0.000582,1.08,0.000259,2.17,560,0.362,2.19,571,0.363,2.17,560,0.362,"No issues","No issues","No issues",42200,0.995,3.1e-31,598,2.85,25200,25300,25200,"No issues",FALSE,NA
8,2026-07-11 06:48:50,2026-07-11 06:53:20,2026-07-11 06:44:50,28,12.1,3210,-0.0641,0.999,0.965,0.0965,3.46e-40,1.66e-20,0.108,0.0772,119,0.0385,0.000368,0.569,0.000183,2.17,552,0.362,2.21,560,0.362,2.17,551,0.362,"No issues","No issues","No issues",53300,0.996,2.54e-32,686,3.27,24500,24700,24500,"No issues",FALSE,NA
5,2026-07-11 06:59:10,2026-07-11 07:03:30,2026-07-11 06:55:00,27,3.56,-2410,NA,0.998,0.955,NA,1.56e-34,2.67e-18,NA,0.0341,105,NA,0.000154,0.475,NA,2.18,547,NA,2.19,547,NA,2.18,540,NA,"No issues","No issues","No issues",143000,0.998,1.95e-35,1260,5.68,25200,25600,25200,"No issues",FALSE,NA
9,2026-07-11 07:09:20,2026-07-11 07:13:40,2026-07-11 07:05:10,27,7.77,-5340,-0.152,0.994,0.98,0.392,1.72e-29,1.21e-22,0.000473,0.119,154,0.0377,0.000535,0.695,0.00017,2.18,535,0.362,2.21,535,0.362,2.18,518,0.361,"No issues","No issues","No issues",39100,0.695,6.77e-08,5190,23.4,25700,25800,25700,"No issues",FALSE,NA
12,2026-07-11 07:19:30,2026-07-11 07:23:50,2026-07-11 07:15:20,27,20.7,-15200,-0.0137,0.999,0.978,0.00421,2.4e-38,2.86e-22,0.748,0.14,454,0.0421,0.000629,2.05,0.00019,2.22,526,0.362,2.29,526,0.362,2.22,481,0.361,"No issues","No issues","No issues",122000,0.967,5.73e-20,4550,20.5,25600,26000,25600,"No issues",FALSE,NA
3,2026-07-11 07:29:40,2026-07-11 07:34:00,2026-07-11 07:25:30,27,3.65,-22800,-0.113,0.989,0.994,0.251,5.58e-26,1.14e-29,0.00782,0.0771,342,0.0392,0.000348,1.54,0.000177,2.18,482,0.363,2.19,482,0.363,2.18,414,0.362,"No issues","No issues","No issues",268000,0.995,3.88e-30,3850,17.3,27800,28700,27800,"No issues",FALSE,NA
6,2026-07-11 07:39:50,2026-07-11 07:44:10,2026-07-11 07:35:40,27,4.9,-17800,-0.32,0.993,0.999,0.646,3.08e-28,1.8e-37,4.47e-07,0.084,130,0.0474,0.000379,0.587,0.000214,2.16,480,0.364,2.17,480,0.364,2.16,425,0.363,"No issues","No issues","No issues",233000,0.996,3.5e-32,2770,12.5,29500,30200,29500,"No issues",FALSE,NA
1,2026-07-11 07:50:00,2026-07-11 07:54:20,2026-07-11 07:45:50,27,5.17,-16200,-0.412,0.972,0.982,0.883,5.72e-21,2.05e-23,3.57e-13,0.175,434,0.03,0.000789,1.96,0.000135,2.14,468,0.362,2.16,468,0.362,2.14,420,0.361,"No issues","No issues","No issues",-139000,0.925,1.38e-15,7930,35.7,30300,30300,29900,"No issues",FALSE,NA
7,2026-07-11 08:00:00,2026-07-11 08:04:30,2026-07-11 07:56:00,28,9.01,-21900,-0.321,0.998,0.999,0.591,3.01e-37,7.3e-40,1.78e-06,0.0748,145,0.0524,0.000357,0.689,0.00025,2.14,468,0.362,2.17,468,0.362,2.14,400,0.361,"No issues","No issues","No issues",-11000,0.0703,0.173,7880,37.5,30600,30600,30400,"No issues",FALSE,NA
10,2026-07-11 08:10:10,2026-07-11 08:14:40,2026-07-11 08:06:10,28,14.4,-14600,-0.224,0.915,0.991,0.535,2.05e-15,7e-28,9.74e-06,0.864,278,0.0409,0.00412,1.33,0.000195,2.14,468,0.361,2.19,468,0.362,2.14,425,0.36,"No issues","No issues","No issues",67300,0.976,1.59e-22,2080,9.92,30500,30700,30500,"No issues",FALSE,NA
2,2026-07-11 08:20:20,2026-07-11 08:24:50,2026-07-11 08:16:20,28,2.34,-19000,-0.272,0.975,0.998,0.342,2.33e-22,2.36e-36,0.00108,0.0734,170,0.0739,0.00035,0.812,0.000352,2.11,452,0.362,2.11,452,0.363,2.11,392,0.361,"No issues","No issues","No issues",-604000,0.885,1e-13,42700,204,33400,33600,32000,"No issues",FALSE,NA
11,2026-07-11 08:30:30,2026-07-11 08:35:00,2026-07-11 08:26:30,28,7.56,-14100,-0.144,0.94,0.959,0.376,2.27e-17,1.48e-19,0.000526,0.376,570,0.0365,0.00179,2.72,0.000174,2.11,445,0.361,2.13,445,0.361,2.11,396,0.36,"No issues","No issues","No issues",253000,0.968,5.24e-21,8990,42.9,33900,34700,33900,"No issues",FALSE,NA
4,2026-07-11 08:40:40,2026-07-11 08:45:10,2026-07-11 08:36:40,28,5.9,-18000,0.0371,0.999,0.994,0.0379,1.51e-42,2.16e-30,0.321,0.0306,275,0.0366,0.000146,1.31,0.000175,2.11,449,0.36,2.13,449,0.36,2.11,392,0.36,"No issues","No issues","No issues",190000,0.978,4.02e-23,5570,26.5,34800,35300,34800,"No issues",FALSE,NA
8,2026-07-11 08:50:50,2026-07-11 08:55:20,2026-07-11 08:46:50,28,14.3,-19600,-0.292,0.882,0.995,0.641,1.41e-13,3.01e-31,3.13e-07,1.03,277,0.0428,0.00489,1.32,0.000204,2.14,443,0.363,2.19,443,0.363,2.14,382,0.362,"No issues","No issues","No issues",268000,0.996,5.33e-33,3250,15.5,34300,35100,34300,"No issues",FALSE,NA
5,2026-07-11 09:01:00,2026-07-11 09:05:30,2026-07-11 08:57:00,28,3.36,-19800,0.17,0.995,0.993,0.271,4.99e-32,7.71e-30,0.00451,0.0444,317,0.0547,0.000212,1.51,0.000261,2.11,444,0.361,2.12,444,0.362,2.11,383,0.36,"No issues","No issues","No issues",367000,0.779,5.32e-10,38300,183,39400,40700,39400,"No issues",FALSE,NA
9,2026-07-11 09:11:10,2026-07-11 09:15:40,2026-07-11 09:07:10,28,5.17,-18000,-0.191,0.994,0.993,0.381,1.69e-30,9.94e-30,0.000467,0.0782,291,0.0478,0.000373,1.39,0.000228,2.11,441,0.359,2.13,441,0.36,2.11,385,0.358,"No issues","No issues","No issues",101000,0.974,4.45e-22,3250,15.5,38400,38700,38400,"No issues",FALSE,NA
12,2026-07-11 09:21:20,2026-07-11 09:25:50,2026-07-11 09:17:20,28,22.2,-15800,0.146,1,0.994,0.326,6.5e-45,1.52e-30,0.00151,0.0936,239,0.0411,0.000446,1.14,0.000196,2.12,436,0.36,2.19,436,0.36,2.12,386,0.359,"No issues","No issues","No issues",345000,0.963,4.33e-20,13300,63.5,39700,40700,39700,"No issues",FALSE,NA
3,2026-07-11 09:31:30,2026-07-11 09:36:00,2026-07-11 09:27:30,28,3.86,-19300,-0.0624,0.996,0.996,0.0724,1.13e-32,2.25e-32,0.166,0.0481,247,0.0438,0.000229,1.18,0.000209,2.1,433,0.361,2.11,433,0.361,2.1,372,0.36,"No issues","No issues","No issues",219000,0.93,1.58e-16,11800,56.1,41300,42000,41300,"No issues",FALSE,NA
6,2026-07-11 09:41:40,2026-07-11 09:46:10,2026-07-11 09:37:40,28,4.13,-21200,-2.07,0.997,0.997,0.935,2.61e-34,6.36e-34,5.49e-17,0.0445,236,0.107,0.000212,1.13,0.000509,2.09,432,0.361,2.11,432,0.362,2.09,367,0.356,"No issues","No issues","No issues",-1700000,0.921,7.61e-16,97600,465,41600,41700,37500,"No issues",FALSE,NA
1,2026-07-11 09:51:50,2026-07-11 09:56:20,2026-07-11 09:47:50,28,5.11,-15600,-0.175,0.965,0.992,0.248,1.57e-20,1.71e-28,0.00695,0.189,282,0.0597,0.000903,1.35,0.000285,2.1,434,0.355,2.12,434,0.355,2.1,385,0.354,"No issues","No issues","No issues",-106000,0.926,3.46e-16,5900,28.1,36300,36300,36000,"No issues",FALSE,NA
7,2026-07-11 10:02:00,2026-07-11 10:06:30,2026-07-11 09:58:00,28,8.58,-20000,-0.247,0.999,0.992,0.566,2.96e-40,6.03e-29,3.92e-06,0.0546,348,0.0425,0.00026,1.66,0.000203,2.1,422,0.356,2.13,422,0.357,2.1,357,0.355,"No issues","No issues","No issues",10600,0.246,0.00723,3640,17.4,36100,36200,36100,"No issues",FALSE,NA
10,2026-07-11 10:12:10,2026-07-11 10:16:40,2026-07-11 10:08:10,28,14.5,-12300,-0.408,0.992,0.987,0.825,1.47e-28,4.82e-26,2.39e-11,0.26,278,0.0368,0.00124,1.33,0.000176,2.1,434,0.356,2.15,434,0.356,2.1,396,0.355,"No issues","No issues","No issues",-30400,0.807,8.9e-11,2920,13.9,36200,36200,36000,"No issues",FALSE,NA
2,2026-07-11 10:22:20,2026-07-11 10:26:50,2026-07-11 10:18:20,28,2.6,-17100,-0.136,0.989,0.995,0.467,4.23e-27,1.81e-31,6.17e-05,0.0533,237,0.0285,0.000254,1.13,0.000136,2.08,429,0.356,2.09,429,0.356,2.08,377,0.355,"No issues","No issues","No issues",-77800,0.856,1.83e-12,6250,29.8,35600,35600,35400,"No issues",FALSE,NA
11,2026-07-11 10:32:30,2026-07-11 10:37:00,2026-07-11 10:28:30,28,11.8,-16200,-0.152,0.977,0.972,0.521,8.16e-23,9.23e-22,1.47e-05,0.355,536,0.0286,0.00169,2.56,0.000136,2.09,416,0.354,2.13,416,0.354,2.09,370,0.354,"No issues","No issues","No issues",102000,0.993,2.37e-29,1700,8.12,35700,35900,35700,"No issues",FALSE,NA
4,2026-07-11 10:42:40,2026-07-11 10:47:10,2026-07-11 10:38:40,28,6.63,-17600,-0.0313,0.998,0.997,0.0341,1.69e-36,3.24e-34,0.347,0.0588,191,0.0327,0.000281,0.91,0.000156,2.17,438,0.354,2.19,438,0.354,2.17,383,0.354,"No issues","No issues","No issues",79900,0.914,2.29e-15,4810,22.9,36700,36900,36700,"No issues",FALSE,NA
8,2026-07-11 10:52:50,2026-07-11 10:57:20,2026-07-11 10:48:50,28,11,-17300,-0.0654,0.981,0.982,0.0432,8.11e-24,4.02e-24,0.289,0.302,464,0.0604,0.00144,2.21,0.000288,2.11,427,0.359,2.14,427,0.36,2.11,372,0.359,"No issues","No issues","No issues",663000,0.969,3.2e-21,23100,110,39900,41800,39900,"No issues",FALSE,NA
5,2026-07-11 11:03:00,2026-07-11 11:07:30,2026-07-11 10:59:00,28,11,1090,-0.171,0.868,0.0121,0.589,6.28e-13,0.577,1.89e-06,0.846,1920,0.0281,0.00403,9.16,0.000134,2.1,439,0.353,2.13,440,0.353,2.1,408,0.352,"No issues","No issues","No issues",-207000,0.878,2.27e-13,15100,72.2,39400,39400,38800,"No issues",FALSE,NA
9,2026-07-11 11:13:10,2026-07-11 11:17:40,2026-07-11 11:09:10,28,5.99,-15200,-0.102,0.996,0.997,0.355,2.88e-33,1.19e-33,0.000821,0.0709,173,0.0269,0.000338,0.827,0.000128,2.1,433,0.353,2.12,433,0.353,2.1,384,0.352,"No issues","No issues","No issues",-97400,0.912,2.98e-15,5930,28.3,37900,37900,37700,"No issues",FALSE,NA
12,2026-07-11 11:23:20,2026-07-11 11:27:50,2026-07-11 11:19:20,28,20.1,-15600,0.293,0.999,0.994,0.7,1.09e-38,5.67e-30,2.96e-08,0.147,247,0.0377,0.000701,1.18,0.00018,2.15,442,0.356,2.21,442,0.357,2.15,394,0.355,"No issues","No issues","No issues",314000,0.879,1.98e-13,22800,109,40600,41600,40600,"No issues",FALSE,NA
3,2026-07-11 11:33:30,2026-07-11 11:38:00,2026-07-11 11:29:30,28,3.91,-18100,-2.46,0.997,0.986,0.855,3e-34,9.31e-26,2.09e-12,0.0424,419,0.198,0.000202,2,0.000946,2.14,440,0.362,2.15,440,0.362,2.14,382,0.355,"No issues","No issues","No issues",-1670000,0.855,2.15e-12,135000,645,42300,42300,36700,"No issues",FALSE,NA
6,2026-07-11 11:43:40,2026-07-11 11:48:10,2026-07-11 11:39:40,28,3.79,-21400,-0.488,0.997,0.998,0.872,2.8e-34,1.4e-35,4.04e-13,0.041,206,0.0366,0.000195,0.982,0.000175,2.13,432,0.356,2.15,432,0.356,2.13,366,0.354,"No issues","No issues","No issues",-14200,0.574,3.02e-06,2390,11.4,36900,36900,36800,"No issues",FALSE,NA
1,2026-07-11 11:53:50,2026-07-11 11:58:20,2026-07-11 11:49:50,28,5.19,-9650,-0.185,0.982,0.993,0.54,4.06e-24,2.44e-29,8.47e-06,0.139,162,0.0335,0.000662,0.771,0.00016,2.13,445,0.354,2.15,445,0.354,2.13,414,0.353,"No issues","No issues","No issues",-94600,0.965,2.2e-20,3560,17,37200,37200,36900,"No issues",FALSE,NA
7,2026-07-11 12:04:10,2026-07-11 12:08:30,2026-07-11 12:00:00,27,7.07,-12700,-0.228,0.994,0.977,0.655,5.52e-29,6.26e-22,3.23e-07,0.113,393,0.0331,0.00051,1.77,0.000149,2.13,426,0.355,2.15,426,0.355,2.13,386,0.355,"No issues","No issues","No issues",-14000,0.283,0.00431,4450,20,37700,37700,37600,"No issues",FALSE,NA
10,2026-07-11 12:14:20,2026-07-11 12:18:40,2026-07-11 12:10:10,27,16.9,-11800,-0.34,0.97,0.987,0.782,1.29e-20,3.32e-25,9.78e-10,0.591,268,0.036,0.00266,1.21,0.000162,2.11,422,0.356,2.16,423,0.356,2.11,388,0.355,"No issues","No issues","No issues",144000,0.972,7.59e-21,4920,22.2,36900,37400,36900,"No issues",FALSE,NA
2,2026-07-11 12:24:30,2026-07-11 12:28:50,2026-07-11 12:20:20,27,2.22,-17300,-0.0671,0.981,0.996,0.0482,6.69e-23,4.54e-32,0.271,0.0627,208,0.0596,0.000283,0.936,0.000269,2.1,429,0.355,2.11,429,0.355,2.1,378,0.354,"No issues","No issues","No issues",-13400,0.124,0.072,7110,32,37100,37100,37000,"No issues",FALSE,NA
11,2026-07-11 12:34:40,2026-07-11 12:39:00,2026-07-11 12:30:30,27,9.93,-14600,-0.305,0.905,0.918,0.721,2.82e-14,4.24e-15,2.15e-08,0.644,873,0.038,0.0029,3.94,0.000171,2.12,430,0.353,2.16,430,0.353,2.12,388,0.352,"No issues","No issues","No issues",106000,0.744,7.38e-09,12400,55.9,37800,38200,37800,"No issues",FALSE,NA
4,2026-07-11 12:44:50,2026-07-11 12:49:10,2026-07-11 12:40:40,27,6,-13900,-0.127,0.963,0.993,0.333,1.97e-19,2.86e-28,0.00162,0.235,238,0.0361,0.00106,1.07,0.000163,2.13,436,0.352,2.15,436,0.352,2.13,394,0.351,"No issues","No issues","No issues",23800,0.794,4.58e-10,2430,10.9,40500,40500,40500,"No issues",FALSE,NA
8,2026-07-11 12:55:00,2026-07-11 12:59:20,2026-07-11 12:50:50,27,11.7,-17400,0.0931,0.999,0.975,0.0317,2.65e-39,1.38e-21,0.374,0.0723,554,0.103,0.000326,2.5,0.000464,2.14,419,0.358,2.17,419,0.359,2.14,369,0.357,"No issues","No issues","No issues",780000,0.986,9.12e-25,18500,83.3,41100,43200,41100,"No issues",FALSE,NA
5,2026-07-11 13:05:00,2026-07-11 13:09:30,2026-07-11 13:01:00,28,3.56,-12700,-0.171,0.995,0.975,0.404,2.31e-31,2.23e-22,0.00028,0.0498,398,0.0407,0.000238,1.9,0.000194,2.13,451,0.351,2.14,451,0.351,2.13,408,0.35,"No issues","No issues","No issues",-569000,0.998,2.06e-35,5560,26.5,40200,40200,38400,"No issues",FALSE,NA
9,2026-07-11 13:15:10,2026-07-11 13:19:40,2026-07-11 13:11:10,28,5.74,-13600,-0.118,0.971,0.95,0.248,1.38e-21,2.16e-18,0.00706,0.193,616,0.0402,0.000922,2.94,0.000192,2.13,432,0.352,2.15,432,0.352,2.13,386,0.351,"No issues","No issues","No issues",28400,0.264,0.00516,9300,44.3,38000,38100,38000,"No issues",FALSE,NA
12,2026-07-11 13:25:20,2026-07-11 13:29:50,2026-07-11 13:21:20,28,16.8,-9870,-0.263,0.998,0.994,0.747,5.57e-37,2.57e-30,3.16e-09,0.143,152,0.03,0.000682,0.723,0.000143,2.14,450,0.354,2.19,450,0.354,2.14,419,0.353,"No issues","No issues","No issues",-561000,0.938,2.98e-17,28200,135,39300,39300,37500,"No issues",FALSE,NA
3,2026-07-11 13:35:30,2026-07-11 13:40:00,2026-07-11 13:31:30,28,3.57,-17500,-0.229,0.997,0.962,0.417,1.56e-33,4.67e-20,0.000205,0.0412,679,0.053,0.000197,3.24,0.000253,2.13,419,0.355,2.14,419,0.355,2.13,362,0.353,"No issues","No issues","No issues",34500,0.812,6.25e-11,3250,15.5,35700,35800,35700,"No issues",FALSE,NA
6,2026-07-11 13:45:40,2026-07-11 13:50:10,2026-07-11 13:41:40,28,3.74,-15100,-0.509,0.998,0.998,0.823,9.32e-37,4.72e-38,2.75e-11,0.0325,117,0.0463,0.000155,0.556,0.00022,2.13,436,0.355,2.14,436,0.355,2.13,389,0.353,"No issues","No issues","No issues",-55600,0.95,2.1e-18,2510,12,36300,36300,36200,"No issues",FALSE,NA
1,2026-07-11 13:55:50,2026-07-11 14:00:20,2026-07-11 13:51:50,28,4.49,-10000,-0.0912,0.976,0.986,0.204,1.44e-22,8.28e-26,0.0158,0.138,231,0.0353,0.00066,1.1,0.000168,2.13,439,0.353,2.14,439,0.353,2.13,409,0.352,"No issues","No issues","No issues",-47400,0.916,1.6e-15,2810,13.4,35900,35900,35800,"No issues",FALSE,NA
7,2026-07-11 14:06:00,2026-07-11 14:10:30,2026-07-11 14:02:00,28,7.26,-9130,-0.17,0.998,0.995,0.662,1.2e-37,8.72e-32,1.43e-07,0.0582,123,0.0238,0.000277,0.587,0.000114,2.12,443,0.355,2.15,443,0.355,2.12,414,0.354,"No issues","No issues","No issues",-138000,0.995,7.74e-32,1850,8.82,35900,35900,35500,"No issues",FALSE,NA
10,2026-07-11 14:16:10,2026-07-11 14:20:40,2026-07-11 14:12:10,28,14.9,-8760,-0.394,0.921,0.969,0.868,7.64e-16,3.97e-21,5.99e-13,0.859,308,0.0301,0.00409,1.47,0.000144,2.13,437,0.356,2.18,438,0.356,2.13,409,0.354,"No issues","No issues","No issues",35500,0.895,3.03e-14,2380,11.4,34300,34400,34300,"No issues",FALSE,NA
2,2026-07-11 14:26:20,2026-07-11 14:30:50,2026-07-11 14:22:20,28,2.15,-18000,-0.109,0.997,0.996,0.288,2.15e-34,2.35e-32,0.00321,0.023,231,0.0335,0.000109,1.1,0.00016,2.12,431,0.355,2.13,431,0.356,2.12,377,0.355,"No issues","No issues","No issues",18900,0.287,0.00331,5850,27.9,34000,34000,33900,"No issues",FALSE,NA
11,2026-07-11 14:36:30,2026-07-11 14:41:00,2026-07-11 14:32:30,28,9.9,-6060,-0.21,0.992,0.902,0.576,1.07e-28,1.26e-14,2.81e-06,0.176,392,0.0353,0.000838,1.87,0.000168,2.13,443,0.354,2.16,443,0.354,2.13,422,0.353,"No issues","No issues","No issues",-46400,0.897,2.36e-14,3080,14.7,35100,35100,35000,"No issues",FALSE,NA
4,2026-07-11 14:46:40,2026-07-11 14:51:10,2026-07-11 14:42:40,28,6.91,-3820,0.00737,0.988,0.96,0.00276,1.58e-26,1.08e-19,0.791,0.149,153,0.0275,0.000711,0.729,0.000131,2.13,447,0.353,2.15,447,0.354,2.13,434,0.353,"No issues","No issues","No issues",-290000,0.883,1.22e-13,20600,98.4,35300,35300,34400,"No issues",FALSE,NA
8,2026-07-11 14:56:50,2026-07-11 15:01:20,2026-07-11 14:52:50,28,12.4,-3930,-0.252,0.999,0.971,0.621,3.05e-44,1.68e-21,6.45e-07,0.0555,134,0.0387,0.000265,0.637,0.000184,2.14,452,0.356,2.18,452,0.356,2.14,439,0.355,"No issues","No issues","No issues",-148000,0.719,1.24e-08,18200,86.6,32600,32600,32000,"No issues",FALSE,NA
5,2026-07-11 15:07:00,2026-07-11 15:11:30,2026-07-11 15:03:00,28,3.06,-11800,0.00499,0.994,0.999,0.000404,9.01e-31,1.53e-38,0.919,0.0451,87.3,0.0488,0.000215,0.416,0.000232,2.14,451,0.354,2.15,451,0.354,2.14,414,0.353,"No issues","No issues","No issues",187000,0.744,3.54e-09,21400,102,31400,32100,31400,"No issues",FALSE,NA
9,2026-07-11 15:17:10,2026-07-11 15:21:40,2026-07-11 15:13:10,28,4.78,-10500,-0.0828,0.966,0.916,0.138,1.16e-20,1.57e-15,0.0518,0.175,623,0.0406,0.000835,2.97,0.000194,2.13,421,0.354,2.14,421,0.355,2.13,386,0.354,"No issues","No issues","No issues",28900,0.122,0.0684,15200,72.5,32300,32600,32300,"No issues",FALSE,NA
12,2026-07-11 15:27:20,2026-07-11 15:31:50,2026-07-11 15:23:20,28,17.4,-3960,-0.19,0.996,0.959,0.541,1.14e-32,1.45e-19,8.17e-06,0.217,161,0.0342,0.00104,0.766,0.000163,2.14,439,0.355,2.2,439,0.355,2.14,425,0.354,"No issues","No issues","No issues",-89200,0.947,4.24e-18,4140,19.7,31400,31400,31100,"No issues",FALSE,NA
3,2026-07-11 15:37:30,2026-07-11 15:42:00,2026-07-11 15:33:30,28,3.58,-9980,-0.156,0.997,0.997,0.311,1.23e-34,3.26e-34,0.00206,0.0374,109,0.0456,0.000179,0.517,0.000217,2.11,434,0.357,2.12,434,0.357,2.11,403,0.356,"No issues","No issues","No issues",67800,0.783,4e-10,6990,33.3,31100,31400,31100,"No issues",FALSE,NA
6,2026-07-11 15:47:40,2026-07-11 15:52:10,2026-07-11 15:43:40,28,3.6,-17100,-0.338,0.998,0.996,0.759,9.05e-37,8.1e-33,1.59e-09,0.0312,211,0.0373,0.000149,1,0.000178,2.09,425,0.357,2.1,425,0.357,2.09,372,0.356,"No issues","No issues","No issues",208000,0.993,1.2e-29,3400,16.2,31100,31700,31100,"No issues",FALSE,NA
1,2026-07-11 15:57:50,2026-07-11 16:02:20,2026-07-11 15:53:50,28,4.9,-10700,-0.188,0.993,0.985,0.512,6.16e-30,3.03e-25,1.88e-05,0.0779,260,0.036,0.000371,1.24,0.000172,2.1,424,0.356,2.11,425,0.356,2.1,392,0.355,"No issues","No issues","No issues",184000,0.943,9.76e-18,8850,42.2,32000,32600,32000,"No issues",FALSE,NA
7,2026-07-11 16:08:00,2026-07-11 16:12:30,2026-07-11 16:04:00,28,7.5,-12700,-0.272,0.995,0.996,0.603,1.22e-31,2.54e-33,1.21e-06,0.102,149,0.0433,0.000489,0.712,0.000206,2.11,421,0.357,2.13,421,0.357,2.11,382,0.356,"No issues","No issues","No issues",228000,0.997,5.19e-34,2520,12,32900,33600,32900,"No issues",FALSE,NA
10,2026-07-11 16:18:10,2026-07-11 16:22:40,2026-07-11 16:14:10,28,13.3,-14100,-0.325,0.917,0.979,0.648,1.42e-15,2e-23,2.36e-07,0.784,402,0.0469,0.00374,1.92,0.000224,2.12,436,0.358,2.16,436,0.358,2.12,391,0.356,"No issues","No issues","No issues",52000,0.932,1.16e-16,2760,13.2,33200,33300,33200,"No issues",FALSE,NA
2,2026-07-11 16:28:20,2026-07-11 16:32:50,2026-07-11 16:24:20,28,1.81,-12700,-0.194,0.993,0.981,0.468,3.22e-29,7.68e-24,6.03e-05,0.0307,348,0.0407,0.000146,1.66,0.000194,2.1,419,0.357,2.1,419,0.357,2.1,377,0.356,"No issues","No issues","No issues",56500,0.784,3.88e-10,5820,27.7,33000,33300,33000,"No issues",FALSE,NA
11,2026-07-11 16:38:30,2026-07-11 16:43:00,2026-07-11 16:34:30,28,7.64,-11200,-0.194,0.935,0.953,0.56,6.02e-17,8.84e-19,4.72e-06,0.396,488,0.0337,0.00189,2.33,0.000161,2.13,423,0.356,2.15,423,0.356,2.13,386,0.355,"No issues","No issues","No issues",64100,0.89,5.96e-14,4430,21.1,33300,33500,33300,"No issues",FALSE,NA
4,2026-07-11 16:48:40,2026-07-11 16:53:10,2026-07-11 16:44:40,28,5.15,-12800,-0.118,0.95,0.987,0.356,2.15e-18,4.91e-26,0.000812,0.233,288,0.0313,0.00111,1.37,0.000149,2.1,416,0.355,2.12,416,0.355,2.1,375,0.354,"No issues","No issues","No issues",86100,0.991,2.23e-28,1570,7.5,33100,33300,33100,"No issues",FALSE,NA
8,2026-07-11 16:58:50,2026-07-11 17:03:20,2026-07-11 16:54:50,28,13.9,-11200,-0.301,0.999,0.988,0.559,1.44e-42,1.47e-26,4.77e-06,0.072,241,0.0524,0.000343,1.15,0.00025,2.1,410,0.358,2.15,410,0.358,2.1,374,0.357,"No issues","No issues","No issues",156000,0.938,3.36e-17,7910,37.7,33800,34200,33800,"No issues",FALSE,NA
5,2026-07-11 17:09:10,2026-07-11 17:13:30,2026-07-11 17:05:00,27,2.99,-19600,-0.16,0.997,0.989,0.415,2.18e-33,5.35e-26,0.000285,0.0318,414,0.0381,0.000143,1.86,0.000172,2.1,408,0.355,2.11,408,0.355,2.1,350,0.354,"No issues","No issues","No issues",-78100,0.802,2.82e-10,7760,35,34100,34100,33800,"No issues",FALSE,NA
9,2026-07-11 17:19:20,2026-07-11 17:23:40,2026-07-11 17:15:10,27,4.48,-8400,-0.195,0.975,0.979,0.418,1.9e-21,2.09e-22,0.000267,0.145,248,0.0461,0.000652,1.12,0.000208,2.1,427,0.356,2.12,427,0.356,2.1,403,0.355,"No issues","No issues","No issues",-42800,0.508,3e-05,8410,37.9,34600,34700,34500,"No issues",FALSE,NA
12,2026-07-11 17:29:30,2026-07-11 17:33:50,2026-07-11 17:25:20,27,16.6,-2560,-0.0534,0.996,0.946,0.0732,2.44e-31,2.22e-17,0.172,0.214,122,0.038,0.000963,0.551,0.000171,2.12,435,0.356,2.17,435,0.356,2.12,426,0.355,"No issues","No issues","No issues",-33300,0.915,6.86e-15,2030,9.14,33500,33500,33400,"No issues",FALSE,NA
3,2026-07-11 17:39:40,2026-07-11 17:44:00,2026-07-11 17:35:30,27,3.66,-4450,-0.221,0.998,0.967,0.652,6.87e-35,5.75e-20,3.62e-07,0.0339,165,0.0324,0.000153,0.745,0.000146,2.1,442,0.358,2.12,442,0.358,2.1,430,0.357,"No issues","No issues","No issues",-163000,0.984,3.83e-24,4080,18.4,33200,33200,32700,"No issues",FALSE,NA
6,2026-07-11 17:49:50,2026-07-11 17:54:10,2026-07-11 17:45:40,27,3.56,-3650,-0.491,0.997,0.978,0.86,1.23e-33,2.79e-22,3.44e-12,0.037,109,0.0395,0.000167,0.492,0.000178,2.11,443,0.359,2.12,443,0.359,2.11,432,0.357,"No issues","No issues","No issues",31500,0.45,0.000128,6970,31.4,33600,33700,33600,"No issues",FALSE,NA
1,2026-07-11 18:00:00,2026-07-11 18:04:20,2026-07-11 17:55:50,27,4.8,-1310,-0.159,0.996,0.794,0.498,4.7e-32,4.57e-10,3.94e-05,0.0578,134,0.0319,0.00026,0.603,0.000144,2.11,454,0.357,2.13,455,0.357,2.11,450,0.357,"No issues","No issues","No issues",-93100,0.991,2.95e-27,1750,7.88,33000,33000,32800,"No issues",FALSE,NA
7,2026-07-11 18:10:00,2026-07-11 18:14:30,2026-07-11 18:06:00,28,7.99,5.82,-0.248,0.999,0.000122,0.582,3.71e-39,0.955,2.39e-06,0.056,103,0.0413,0.000267,0.492,0.000197,2.12,449,0.358,2.15,450,0.358,2.12,447,0.357,"No issues","No issues","No issues",-127000,0.991,6.7e-28,2420,11.5,33100,33100,32700,"No issues",FALSE,NA
10,2026-07-11 18:20:10,2026-07-11 18:24:40,2026-07-11 18:16:10,28,15.9,2380,-0.445,0.954,0.809,0.815,6.37e-19,7.58e-11,5.14e-11,0.684,226,0.0416,0.00326,1.08,0.000198,2.13,458,0.359,2.18,466,0.359,2.13,456,0.357,"No issues","No issues","No issues",-123000,0.997,5.31e-34,1370,6.52,32200,32200,31800,"No issues",FALSE,NA
2,2026-07-11 18:30:20,2026-07-11 18:34:50,2026-07-11 18:26:20,28,0.719,2970,-0.0614,0.61,0.963,0.0537,9.53e-07,4.55e-20,0.235,0.113,115,0.0505,0.000538,0.548,0.000241,2.12,460,0.357,2.12,470,0.358,2.12,460,0.357,"No issues","No issues","No issues",3460,0.0909,0.119,2140,10.2,31400,31400,31400,"No issues",FALSE,NA
11,2026-07-11 18:40:30,2026-07-11 18:45:00,2026-07-11 18:36:30,28,6.05,3130,-0.0131,0.932,0.777,0.00281,9.96e-17,5.93e-10,0.789,0.32,329,0.0483,0.00152,1.57,0.00023,2.13,461,0.357,2.16,476,0.357,2.13,461,0.356,"No issues","No issues","No issues",19400,0.895,3.23e-14,1310,6.22,31000,31100,31000,"No issues",FALSE,NA
4,2026-07-11 18:50:40,2026-07-11 18:55:10,2026-07-11 18:46:40,28,5.25,2290,-0.126,0.997,0.965,0.224,2.74e-35,2.03e-20,0.011,0.0518,85.8,0.046,0.000247,0.409,0.000219,2.11,451,0.357,2.13,457,0.357,2.11,450,0.356,"No issues","No issues","No issues",-140000,0.98,1.53e-23,3950,18.8,30300,30300,29900,"No issues",FALSE,NA
8,2026-07-11 19:00:50,2026-07-11 19:05:20,2026-07-11 18:56:50,28,16.3,8110,-0.161,1,0.998,0.264,1.31e-48,4.4e-36,0.00518,0.0494,74.7,0.0527,0.000236,0.356,0.000251,2.12,456,0.358,2.17,481,0.359,2.12,456,0.357,"No issues","No issues","No issues",-87400,0.921,7.49e-16,5020,23.9,29000,29000,28700,"No issues",FALSE,NA
5,2026-07-11 19:11:00,2026-07-11 19:15:30,2026-07-11 19:07:00,28,1.74,3390,-0.0731,0.867,0.856,0.069,6.77e-13,1.96e-12,0.177,0.134,273,0.0527,0.000639,1.3,0.000251,2.11,460,0.357,2.12,476,0.357,2.11,460,0.356,"No issues","No issues","No issues",-5680,0.175,0.0266,2410,11.5,28800,28800,28800,"No issues",FALSE,NA
9,2026-07-11 19:21:10,2026-07-11 19:25:40,2026-07-11 19:17:10,28,5.43,5220,-0.176,0.993,0.991,0.26,1.48e-29,4.25e-28,0.00553,0.0894,97.8,0.058,0.000426,0.466,0.000277,2.1,460,0.357,2.12,476,0.358,2.1,460,0.356,"No issues","No issues","No issues",-237000,0.994,7.49e-31,3480,16.6,28800,28800,28000,"No issues",FALSE,NA
12,2026-07-11 19:31:20,2026-07-11 19:35:50,2026-07-11 19:27:20,28,15.6,6260,-0.137,0.999,0.995,0.135,6.05e-39,1.05e-31,0.0541,0.112,85,0.0682,0.000533,0.405,0.000325,2.12,459,0.358,2.17,478,0.358,2.12,459,0.357,"No issues","No issues","No issues",-16400,0.753,2.21e-09,1840,8.75,27400,27400,27300,"No issues",FALSE,NA
3,2026-07-11 19:41:30,2026-07-11 19:46:00,2026-07-11 19:37:30,28,3.78,6640,-0.116,0.994,0.996,0.14,1.23e-30,2.95e-33,0.0496,0.0564,78.6,0.0563,0.000269,0.374,0.000268,2.14,481,0.359,2.15,501,0.359,2.14,481,0.358,"No issues","No issues","No issues",-21500,0.583,2.3e-06,3580,17,27200,27200,27100,"No issues",FALSE,NA
6,2026-07-11 19:51:40,2026-07-11 19:56:10,2026-07-11 19:47:40,28,4.24,6720,-0.337,0.989,0.998,0.684,4.67e-27,2.14e-36,5.88e-08,0.0872,60.1,0.045,0.000416,0.287,0.000214,2.12,480,0.36,2.14,502,0.36,2.12,480,0.359,"No issues","No issues","No issues",-38600,0.901,1.43e-14,2510,12,26700,26700,26500,"No issues",FALSE,NA
1,2026-07-11 20:01:50,2026-07-11 20:06:20,2026-07-11 19:57:50,28,4.81,5320,-0.0951,0.985,0.974,0.0852,4.58e-25,3.26e-22,0.132,0.118,169,0.0611,0.000564,0.807,0.000291,2.15,492,0.359,2.16,507,0.359,2.15,492,0.358,"No issues","No issues","No issues",-1900,0.015,0.535,3020,14.4,26500,26500,26400,"No issues",FALSE,NA
7,2026-07-11 20:12:00,2026-07-11 20:16:30,2026-07-11 20:08:00,28,9.3,5840,-0.0564,0.994,0.987,0.05,9.52e-31,3.2e-26,0.252,0.138,129,0.0482,0.000656,0.617,0.00023,2.18,512,0.359,2.2,530,0.36,2.18,512,0.358,"No issues","No issues","No issues",14200,0.32,0.00169,4060,19.3,26200,26300,26200,"No issues",FALSE,NA
10,2026-07-11 20:22:10,2026-07-11 20:26:40,2026-07-11 20:18:10,28,25.4,6000,-0.295,0.639,0.982,0.52,3.37e-07,2.75e-24,1.51e-05,3.74,158,0.0555,0.0178,0.754,0.000265,2.19,509,0.36,2.29,529,0.36,2.19,509,0.358,"No issues","No issues","No issues",-5510,0.0833,0.136,3580,17.1,26200,26200,26200,"No issues",TRUE,26.4
2,2026-07-11 20:32:20,2026-07-11 20:36:50,2026-07-11 20:28:20,28,1.46,5730,-0.0489,0.977,0.994,0.048,9e-23,4.31e-30,0.263,0.0441,89.8,0.0427,0.00021,0.428,0.000203,2.16,513,0.359,2.16,531,0.36,2.16,513,0.359,"No issues","No issues","No issues",31100,0.862,1.05e-12,2430,11.6,25700,25700,25600,"No issues",FALSE,NA
11,2026-07-11 20:42:30,2026-07-11 20:47:00,2026-07-11 20:38:30,28,6.5,6770,-0.12,0.978,0.977,0.373,4.39e-23,8.08e-23,0.000552,0.191,204,0.0305,0.000911,0.972,0.000145,2.12,471,0.359,2.14,492,0.36,2.12,470,0.359,"No issues","No issues","No issues",46300,0.963,4.24e-20,1790,8.51,25900,26000,25900,"No issues",FALSE,NA
4,2026-07-11 20:52:40,2026-07-11 20:57:10,2026-07-11 20:48:40,28,5.57,4930,0.0125,0.999,0.991,0.0027,1.18e-39,4.34e-28,0.793,0.0374,92.5,0.0471,0.000178,0.441,0.000224,2.1,456,0.359,2.12,472,0.359,2.1,456,0.358,"No issues","No issues","No issues",87000,0.991,6.89e-28,1660,7.92,25700,26000,25700,"No issues",FALSE,NA
8,2026-07-11 21:02:50,2026-07-11 21:07:20,2026-07-11 20:58:50,28,16.3,8600,-0.142,1,0.999,0.52,9.14e-47,5.33e-39,1.51e-05,0.0581,61.1,0.0268,0.000277,0.291,0.000128,2.12,462,0.36,2.17,489,0.36,2.12,462,0.359,"No issues","No issues","No issues",36800,0.923,5.03e-16,2080,9.91,26000,26100,26000,"No issues",FALSE,NA
5,2026-07-11 21:13:00,2026-07-11 21:17:30,2026-07-11 21:09:00,28,3.21,6770,-0.00563,0.993,0.996,0.00144,1.67e-29,2.14e-33,0.848,0.053,79.2,0.0291,0.000253,0.377,0.000139,2.1,461,0.359,2.11,483,0.359,2.1,461,0.358,"No issues","No issues","No issues",74500,0.976,1.26e-22,2280,10.9,25400,25600,25400,"No issues",FALSE,NA
9,2026-07-11 21:23:10,2026-07-11 21:27:40,2026-07-11 21:19:10,28,4.7,5830,-0.0397,0.985,0.987,0.0592,4.05e-25,6.26e-26,0.212,0.115,133,0.031,0.000548,0.632,0.000148,2.09,459,0.359,2.11,477,0.359,2.09,459,0.358,"No issues","No issues","No issues",6360,0.17,0.0295,2760,13.2,26400,26500,26400,"No issues",FALSE,NA
12,2026-07-11 21:33:20,2026-07-11 21:37:50,2026-07-11 21:29:20,28,14.3,6750,-0.108,0.999,0.997,0.32,1.5e-42,6.58e-34,0.00172,0.0742,75.4,0.0309,0.000354,0.359,0.000147,2.1,458,0.36,2.15,480,0.36,2.1,458,0.359,"No issues","No issues","No issues",9150,0.153,0.0392,4210,20.1,26700,26700,26700,"No issues",FALSE,NA
3,2026-07-11 21:43:30,2026-07-11 21:48:00,2026-07-11 21:39:30,28,3.23,6230,-0.197,0.998,0.993,0.515,6.63e-36,1.17e-29,1.71e-05,0.0303,102,0.0375,0.000144,0.484,0.000179,2.08,459,0.36,2.09,478,0.36,2.08,459,0.359,"No issues","No issues","No issues",-26500,0.939,2.55e-17,1330,6.32,26700,26700,26600,"No issues",FALSE,NA
6,2026-07-11 21:53:40,2026-07-11 21:58:10,2026-07-11 21:49:40,28,3.35,6030,-0.323,0.997,0.99,0.667,2.29e-34,8.23e-28,1.14e-07,0.036,116,0.0447,0.000171,0.553,0.000213,2.08,457,0.36,2.09,476,0.36,2.08,457,0.359,"No issues","No issues","No issues",-6200,0.525,1.3e-05,1160,5.51,26400,26400,26400,"No issues",FALSE,NA
1,2026-07-11 22:03:50,2026-07-11 22:08:20,2026-07-11 21:59:50,28,4.49,5470,-0.0993,0.998,0.992,0.172,8.6e-36,1.2e-28,0.028,0.0424,97.5,0.0427,0.000202,0.465,0.000203,2.07,459,0.359,2.08,476,0.359,2.07,459,0.358,"No issues","No issues","No issues",-1450,0.0282,0.393,1660,7.94,26300,26300,26200,"No issues",FALSE,NA
7,2026-07-11 22:14:10,2026-07-11 22:18:30,2026-07-11 22:10:00,27,7.67,4980,-0.297,0.999,0.992,0.665,1.65e-37,1.35e-27,2.18e-07,0.0559,90.7,0.0421,0.000252,0.409,0.00019,2.07,459,0.359,2.1,474,0.359,2.07,459,0.358,"No issues","No issues","No issues",-183000,0.997,8.41e-34,1870,8.43,25900,25900,25400,"No issues",FALSE,NA
10,2026-07-11 22:24:20,2026-07-11 22:28:40,2026-07-11 22:20:10,27,17,6490,-0.205,0.982,0.977,0.505,2.99e-23,4.89e-22,3.26e-05,0.464,198,0.0405,0.00209,0.895,0.000183,2.11,460,0.359,2.16,481,0.36,2.11,460,0.359,"No issues","No issues","No issues",21000,0.822,7.58e-11,1960,8.83,25900,26000,25900,"No issues",FALSE,NA
2,2026-07-11 22:34:30,2026-07-11 22:38:50,2026-07-11 22:30:20,27,2.08,6010,-0.079,0.995,0.993,0.158,1.32e-30,1.69e-28,0.0404,0.0287,101,0.0365,0.000129,0.453,0.000165,2.07,460,0.359,2.08,478,0.359,2.07,460,0.358,"No issues","No issues","No issues",50500,0.978,2.87e-22,1510,6.81,25600,25700,25600,"No issues",FALSE,NA
11,2026-07-11 22:44:40,2026-07-11 22:49:00,2026-07-11 22:40:30,27,6.36,5900,-0.06,0.888,0.905,0.0721,2.26e-13,2.6e-14,0.176,0.452,381,0.043,0.00204,1.72,0.000194,2.08,458,0.358,2.1,478,0.359,2.08,458,0.358,"No issues","No issues","No issues",33600,0.897,7.26e-14,2270,10.2,25700,25800,25700,"No issues",FALSE,NA
4,2026-07-11 22:54:50,2026-07-11 22:59:10,2026-07-11 22:50:40,27,5.5,4810,0.00252,0.993,0.986,9.39e-05,4.19e-28,1.41e-24,0.962,0.0955,116,0.0521,0.000431,0.523,0.000235,2.08,458,0.358,2.1,472,0.359,2.08,458,0.358,"No issues","No issues","No issues",8350,0.655,3.21e-07,1210,5.46,25800,25900,25800,"No issues",FALSE,NA
8,2026-07-11 23:05:00,2026-07-11 23:09:20,2026-07-11 23:00:50,27,16.7,8310,-0.157,1,0.997,0.481,2.37e-45,2.23e-33,6.08e-05,0.0591,88.5,0.0327,0.000266,0.399,0.000147,2.1,466,0.359,2.15,491,0.359,2.1,466,0.358,"No issues","No issues","No issues",-47300,0.989,4.14e-26,988,4.45,25200,25200,25000,"No issues",FALSE,NA
5,2026-07-11 23:15:00,2026-07-11 23:19:30,2026-07-11 23:11:00,28,3.37,6450,0.00623,0.986,0.996,0.00106,1.11e-25,3.47e-32,0.869,0.0785,83.9,0.0375,0.000374,0.4,0.000179,2.08,465,0.358,2.09,486,0.359,2.08,465,0.358,"No issues","No issues","No issues",16700,0.834,1.2e-11,1460,6.94,25100,25200,25100,"No issues",FALSE,NA
9,2026-07-11 23:25:10,2026-07-11 23:29:40,2026-07-11 23:21:10,28,4.79,5510,-0.111,0.985,0.973,0.335,2.71e-25,7.13e-22,0.00124,0.115,181,0.0307,0.00055,0.862,0.000146,2.08,461,0.358,2.1,480,0.359,2.08,461,0.358,"No issues","No issues","No issues",10100,0.867,6.8e-13,775,3.69,25600,25700,25600,"No issues",FALSE,NA
12,2026-07-11 23:35:20,2026-07-11 23:39:50,2026-07-11 23:31:20,28,13.9,5780,-0.167,0.999,0.996,0.351,1.77e-41,2.38e-33,0.000892,0.0796,67.9,0.0447,0.00038,0.324,0.000213,2.1,461,0.359,2.14,480,0.359,2.1,461,0.358,"No issues","No issues","No issues",-77200,0.841,7.14e-12,6590,31.4,25000,25000,24700,"No issues",FALSE,NA
3,2026-07-11 23:45:30,2026-07-11 23:50:00,2026-07-11 23:41:30,28,3.45,5950,-0.196,0.998,0.993,0.467,4.97e-38,5.8e-30,6.2e-05,0.0267,94.4,0.0412,0.000127,0.45,0.000196,2.08,465,0.36,2.09,484,0.36,2.08,465,0.359,"No issues","No issues","No issues",50900,0.987,4.02e-26,1140,5.42,25800,25900,25800,"No issues",FALSE,NA
6,2026-07-11 23:55:40,2026-07-12 00:00:10,2026-07-11 23:51:40,28,3.23,5510,-0.261,0.997,0.992,0.647,2.01e-34,4.1e-29,2.51e-07,0.0345,94.4,0.0378,0.000164,0.45,0.00018,2.08,461,0.36,2.09,479,0.36,2.08,461,0.359,"No issues","No issues","No issues",46500,0.981,5.24e-24,1260,5.99,25900,26000,25900,"No issues",FALSE,NA
1,2026-07-12 00:05:50,2026-07-12 00:10:20,2026-07-12 00:01:50,28,4.31,5030,-0.123,0.994,0.988,0.172,1.6e-30,2.43e-26,0.0285,0.065,110,0.053,0.00031,0.526,0.000253,2.08,459,0.359,2.09,475,0.359,2.08,459,0.358,"No issues","No issues","No issues",49400,0.991,6.88e-28,944,4.5,26400,26500,26400,"No issues",FALSE,NA
7,2026-07-12 00:16:00,2026-07-12 00:20:30,2026-07-12 00:12:00,28,6.93,4900,-0.191,0.996,0.989,0.414,7.26e-33,7.4e-27,0.000219,0.0849,103,0.0446,0.000405,0.489,0.000213,2.09,462,0.358,2.11,477,0.359,2.09,462,0.358,"No issues","No issues","No issues",9570,0.175,0.0268,4080,19.4,25400,25500,25400,"No issues",FALSE,NA
10,2026-07-12 00:26:10,2026-07-12 00:30:40,2026-07-12 00:22:10,28,15,6260,-0.17,0.893,0.891,0.388,3.91e-14,4.91e-14,0.000397,1.02,429,0.0418,0.00486,2.04,0.000199,2.1,462,0.36,2.15,484,0.36,2.09,461,0.359,"No issues","No issues","No issues",76100,0.934,7.1e-17,3970,18.9,26600,26800,26600,"No issues",FALSE,NA
2,2026-07-12 00:36:20,2026-07-12 00:40:50,2026-07-12 00:32:20,28,1.84,6020,-0.103,0.995,0.996,0.246,1.73e-31,9.11e-33,0.00722,0.0255,74.5,0.0352,0.000121,0.355,0.000168,2.07,459,0.359,2.08,478,0.359,2.07,459,0.359,"No issues","No issues","No issues",9420,0.319,0.00175,2700,12.9,26400,26400,26300,"No issues",FALSE,NA
11,2026-07-12 00:46:30,2026-07-12 00:51:00,2026-07-12 00:42:30,28,8.43,7610,-0.0559,0.968,0.975,0.118,6.6e-21,2.16e-22,0.0729,0.302,238,0.0299,0.00144,1.14,0.000143,2.08,460,0.359,2.11,484,0.359,2.08,460,0.358,"No issues","No issues","No issues",39900,0.977,8.83e-23,1210,5.75,26400,26600,26400,"No issues",FALSE,NA
4,2026-07-12 00:56:50,2026-07-12 01:01:10,2026-07-12 00:52:40,27,10.4,5220,0.139,0.997,0.988,0.377,1.05e-32,1.49e-25,0.000659,0.118,115,0.0357,0.000534,0.518,0.000161,2.1,468,0.359,2.13,484,0.359,2.1,468,0.358,"No issues","No issues","No issues",35900,0.686,9.56e-08,4850,21.9,26600,26800,26600,"No issues",FALSE,NA
8,2026-07-12 01:06:50,2026-07-12 01:11:20,2026-07-12 01:02:50,28,40.4,7350,0.058,0.998,0.996,0.0666,6.22e-37,2.15e-33,0.185,0.345,86,0.0426,0.00164,0.41,0.000203,2.15,472,0.36,2.28,494,0.36,2.15,472,0.359,"No issues","No issues","No issues",28900,0.56,4.66e-06,5010,23.9,25900,26000,25900,"No issues",FALSE,NA
5,2026-07-12 01:17:00,2026-07-12 01:21:30,2026-07-12 01:13:00,28,7.41,5920,0.136,0.997,0.99,0.527,2.89e-35,1.2e-27,1.23e-05,0.0734,115,0.0253,0.00035,0.55,0.00012,2.1,469,0.359,2.12,487,0.359,2.1,468,0.359,"No issues","No issues","No issues",18200,0.368,0.000624,4690,22.4,26200,26300,26200,"No issues",FALSE,NA
9,2026-07-12 01:27:10,2026-07-12 01:31:40,2026-07-12 01:23:10,28,12,5640,-0.0662,0.988,0.991,0.0801,1.19e-26,3.91e-28,0.145,0.257,105,0.044,0.00122,0.502,0.00021,2.08,460,0.359,2.12,478,0.359,2.08,460,0.358,"No issues","No issues","No issues",51400,0.889,6.73e-14,3570,17,26700,26900,26700,"No issues",FALSE,NA
12,2026-07-12 01:37:20,2026-07-12 01:41:50,2026-07-12 01:33:20,28,24.9,4690,-0.0722,1,0.988,0.141,3.91e-46,2.64e-26,0.0489,0.094,103,0.035,0.000448,0.492,0.000167,2.1,461,0.359,2.18,476,0.359,2.1,461,0.358,"No issues","No issues","No issues",-78400,0.975,1.96e-22,2440,11.7,26100,26100,25900,"No issues",FALSE,NA
3,2026-07-12 01:47:30,2026-07-12 01:52:00,2026-07-12 01:43:30,28,7.25,6220,-0.0554,0.998,0.993,0.0776,3.58e-38,1.53e-29,0.151,0.0555,103,0.0374,0.000265,0.489,0.000178,2.08,459,0.36,2.1,478,0.36,2.08,459,0.359,"No issues","No issues","No issues",76400,0.987,4.4e-26,1710,8.17,26900,27100,26900,"No issues",FALSE,NA
6,2026-07-12 01:57:40,2026-07-12 02:02:10,2026-07-12 01:53:40,28,8.51,5290,-0.14,0.998,0.994,0.354,2.2e-36,1.15e-30,0.000838,0.0763,78.8,0.037,0.000364,0.376,0.000176,2.08,460,0.36,2.11,477,0.36,2.08,460,0.359,"No issues","No issues","No issues",60800,0.743,3.79e-09,7020,33.4,27100,27300,27100,"No issues",FALSE,NA
1,2026-07-12 02:07:50,2026-07-12 02:12:20,2026-07-12 02:03:50,28,13.5,5330,0.0451,0.998,0.985,0.0574,1.01e-35,4.42e-25,0.219,0.128,131,0.0358,0.000611,0.624,0.000171,2.08,459,0.359,2.12,475,0.359,2.08,459,0.358,"No issues","No issues","No issues",61900,0.818,4.03e-11,5720,27.3,27600,27800,27600,"No issues",FALSE,NA
7,2026-07-12 02:18:00,2026-07-12 02:22:30,2026-07-12 02:14:00,28,20.6,5740,-0.0821,1,0.995,0.175,1.28e-49,5.65e-32,0.0267,0.0571,76.1,0.035,0.000272,0.363,0.000167,2.09,457,0.359,2.15,475,0.359,2.09,457,0.358,"No issues","No issues","No issues",11800,0.868,6.33e-13,906,4.32,26300,26400,26300,"No issues",FALSE,NA
10,2026-07-12 02:28:10,2026-07-12 02:32:40,2026-07-12 02:24:10,28,43.9,6480,-0.19,0.966,0.975,0.485,1.48e-20,2.02e-22,3.88e-05,1.63,202,0.0383,0.00775,0.965,0.000183,2.11,459,0.36,2.26,481,0.36,2.11,459,0.359,"No issues","No issues","No issues",59900,0.956,3.67e-19,2520,12,27500,27700,27500,"No issues",FALSE,NA
2,2026-07-12 02:38:30,2026-07-12 02:42:50,2026-07-12 02:34:20,27,5.11,5300,0.0107,0.999,0.99,0.00237,8.68e-38,1.63e-26,0.809,0.0362,107,0.0441,0.000163,0.481,0.000199,2.07,461,0.359,2.09,476,0.36,2.07,461,0.359,"No issues","No issues","No issues",58900,0.75,5.32e-09,6800,30.6,27100,27300,27100,"No issues",FALSE,NA
11,2026-07-12 02:48:30,2026-07-12 02:53:00,2026-07-12 02:44:30,28,21.7,5640,0.0244,0.97,0.983,0.0158,2.18e-21,1.56e-24,0.523,0.746,145,0.0378,0.00356,0.693,0.00018,2.08,460,0.359,2.15,477,0.36,2.08,460,0.359,"No issues","No issues","No issues",-7460,0.441,0.000117,1650,7.86,27200,27200,27100,"No issues",FALSE,NA
4,2026-07-12 02:58:40,2026-07-12 03:03:10,2026-07-12 02:54:40,28,18.8,5330,0.0691,0.991,0.986,0.194,4.8e-28,1.09e-25,0.0191,0.353,124,0.0277,0.00168,0.591,0.000132,2.09,462,0.359,2.15,478,0.359,2.09,462,0.359,"No issues","No issues","No issues",72800,0.988,1.01e-26,1540,7.36,27400,27600,27400,"No issues",FALSE,NA
8,2026-07-12 03:08:50,2026-07-12 03:13:20,2026-07-12 03:04:50,28,20.1,5740,0.295,0.999,0.995,0.574,8.9e-41,6.86e-32,3.07e-06,0.122,76.7,0.0499,0.000583,0.366,0.000238,2.09,462,0.36,2.15,480,0.361,2.09,462,0.359,"No issues","No issues","No issues",23600,0.808,8.26e-11,2260,10.8,26400,26500,26400,"No issues",FALSE,NA
5,2026-07-12 03:19:10,2026-07-12 03:23:30,2026-07-12 03:15:00,27,6.18,4290,0.014,0.88,0.847,0.00687,5.29e-13,1.07e-11,0.681,0.457,364,0.0336,0.00206,1.64,0.000152,2.09,472,0.359,2.11,481,0.359,2.09,468,0.358,"No issues","No issues","No issues",-26300,0.867,1.81e-12,2050,9.26,26600,26700,26600,"No issues",FALSE,NA
9,2026-07-12 03:29:20,2026-07-12 03:33:40,2026-07-12 03:25:10,27,14.1,4510,-0.0563,0.992,0.99,0.0579,4.43e-28,2.86e-26,0.227,0.245,92.9,0.0455,0.00111,0.419,0.000205,2.09,461,0.359,2.13,475,0.359,2.09,461,0.358,"No issues","No issues","No issues",-42900,0.9,5.31e-14,2860,12.9,26500,26500,26400,"No issues",FALSE,NA
12,2026-07-12 03:39:30,2026-07-12 03:43:50,2026-07-12 03:35:20,27,32,4750,-0.145,0.999,0.995,0.335,1.26e-39,3.71e-30,0.00157,0.191,68.2,0.041,0.000862,0.307,0.000185,2.11,461,0.359,2.21,474,0.359,2.11,461,0.358,"No issues","No issues","No issues",-63400,0.938,1.32e-16,3260,14.7,25600,25600,25400,"No issues",FALSE,NA
3,2026-07-12 03:49:40,2026-07-12 03:54:00,2026-07-12 03:45:30,27,7.3,6250,0.00959,0.999,0.99,0.00155,1.91e-38,2.84e-26,0.845,0.0488,129,0.0487,0.00022,0.579,0.000219,2.08,464,0.36,2.11,483,0.36,2.08,464,0.359,"No issues","No issues","No issues",82700,0.967,5.33e-20,3070,13.8,26500,26800,26500,"No issues",FALSE,NA
6,2026-07-12 03:59:50,2026-07-12 04:04:10,2026-07-12 03:55:40,27,7.57,5860,-0.222,0.999,0.992,0.46,1.35e-37,7.3e-28,1e-04,0.0547,104,0.048,0.000246,0.469,0.000217,2.08,464,0.36,2.1,482,0.36,2.08,464,0.359,"No issues","No issues","No issues",-38800,0.878,6.64e-13,2890,13,26300,26300,26200,"No issues",FALSE,NA
1,2026-07-12 04:10:00,2026-07-12 04:14:20,2026-07-12 04:05:50,27,12.5,5020,-0.045,0.993,0.989,0.0707,1.63e-28,5.95e-26,0.18,0.208,106,0.0326,0.000939,0.479,0.000147,2.08,463,0.358,2.11,479,0.359,2.08,463,0.358,"No issues","No issues","No issues",20700,0.684,1.07e-07,2810,12.7,25900,26000,25900,"No issues",FALSE,NA
7,2026-07-12 04:20:00,2026-07-12 04:24:30,2026-07-12 04:16:00,28,25.6,6310,-0.132,1,0.994,0.27,1.14e-48,1.22e-30,0.00462,0.0773,94.3,0.0426,0.000368,0.449,0.000203,2.09,464,0.358,2.17,483,0.358,2.09,464,0.358,"No issues","No issues","No issues",44900,0.953,8.83e-19,1960,9.34,25600,25700,25500,"No issues",FALSE,NA
10,2026-07-12 04:30:10,2026-07-12 04:34:40,2026-07-12 04:26:10,28,43.5,7010,-0.204,0.975,0.976,0.603,2.03e-22,1.19e-22,1.18e-06,1.36,214,0.0325,0.00647,1.02,0.000155,2.11,466,0.359,2.26,491,0.359,2.11,466,0.358,"No issues","No issues","No issues",-5270,0.125,0.0645,2730,13,25600,25700,25600,"No issues",FALSE,NA
2,2026-07-12 04:40:20,2026-07-12 04:44:50,2026-07-12 04:36:20,28,4.18,5740,-0.0227,0.998,0.994,0.0182,2.69e-36,1.14e-30,0.493,0.0377,85.6,0.0326,0.00018,0.408,0.000155,2.06,466,0.359,2.07,483,0.359,2.06,466,0.359,"No issues","No issues","No issues",53100,0.962,5.65e-20,2070,9.87,26200,26400,26200,"No issues",FALSE,NA
11,2026-07-12 04:50:30,2026-07-12 04:55:00,2026-07-12 04:46:30,28,18.8,6660,0.0383,0.97,0.97,0.0336,2.88e-21,2.22e-21,0.35,0.652,229,0.0402,0.00311,1.09,0.000192,2.06,464,0.358,2.13,486,0.359,2.06,464,0.358,"No issues","No issues","No issues",8640,0.117,0.0746,4650,22.2,26300,26400,26300,"No issues",FALSE,NA
4,2026-07-12 05:00:40,2026-07-12 05:05:10,2026-07-12 04:56:40,28,17.9,5530,0.0739,0.926,0.932,0.102,3.36e-16,9.91e-17,0.0981,0.993,292,0.0431,0.00473,1.39,0.000205,2.06,465,0.358,2.13,486,0.359,2.06,465,0.358,"No issues","No issues","No issues",83000,0.973,7.31e-22,2730,13,26700,26900,26700,"No issues",FALSE,NA
8,2026-07-12 05:10:50,2026-07-12 05:15:20,2026-07-12 05:06:50,28,17.8,5070,-0.00118,1,0.99,2.68e-05,8.57e-49,1.18e-27,0.979,0.0532,98.9,0.0447,0.000253,0.471,0.000213,2.06,462,0.358,2.12,478,0.359,2.06,462,0.358,"No issues","No issues","No issues",63900,0.972,1.25e-21,2140,10.2,25600,25800,25600,"No issues",FALSE,NA
5,2026-07-12 05:21:00,2026-07-12 05:25:30,2026-07-12 05:17:00,28,4.4,1840,-0.000825,0.838,0.455,3.23e-05,9.19e-12,8.27e-05,0.977,0.38,396,0.0284,0.00181,1.89,0.000136,2.07,479,0.358,2.08,482,0.358,2.06,473,0.357,"No issues","No issues","No issues",137000,0.973,5.32e-22,4460,21.3,26400,26800,26400,"No issues",FALSE,NA
9,2026-07-12 05:31:10,2026-07-12 05:35:40,2026-07-12 05:27:10,28,11.9,3150,-0.211,0.993,0.98,0.579,1.14e-29,9.33e-24,2.57e-06,0.194,87.2,0.0352,0.000927,0.416,0.000168,2.05,461,0.358,2.09,471,0.358,2.05,461,0.357,"No issues","No issues","No issues",-50400,0.765,1.14e-09,5480,26.1,26300,26300,26100,"No issues",FALSE,NA
12,2026-07-12 05:41:20,2026-07-12 05:45:50,2026-07-12 05:37:20,28,26.9,3260,-0.125,0.999,0.986,0.375,3.45e-40,1.19e-25,0.000527,0.172,76,0.0317,0.000821,0.362,0.000151,2.07,460,0.358,2.15,470,0.358,2.07,460,0.357,"No issues","No issues","No issues",-19700,0.356,0.00081,5210,24.9,25700,25700,25600,"No issues",FALSE,NA
3,2026-07-12 05:51:30,2026-07-12 05:56:00,2026-07-12 05:47:30,28,5.91,4290,-0.153,0.999,0.992,0.321,5.83e-41,8.5e-29,0.00167,0.0353,75.6,0.0438,0.000168,0.36,0.000209,2.05,462,0.358,2.07,474,0.358,2.05,462,0.357,"No issues","No issues","No issues",36100,0.923,5.37e-16,2040,9.74,26700,26900,26700,"No issues",FALSE,NA
6,2026-07-12 06:01:50,2026-07-12 06:06:10,2026-07-12 05:57:40,27,5.53,2270,-0.161,0.999,0.966,0.298,1.26e-37,6.09e-20,0.0032,0.0398,84.6,0.0495,0.00018,0.381,0.000223,2.05,454,0.358,2.07,462,0.358,2.05,454,0.357,"No issues","No issues","No issues",86200,0.984,4.71e-24,2180,9.83,25900,26200,25900,"No issues",FALSE,NA
1,2026-07-12 06:11:50,2026-07-12 06:16:20,2026-07-12 06:07:50,28,10.1,2690,-0.18,0.989,0.92,0.565,3.86e-27,9.47e-16,4.04e-06,0.206,156,0.0309,0.000984,0.744,0.000147,2.06,454,0.358,2.09,463,0.358,2.06,453,0.357,"No issues","No issues","No issues",111000,0.994,1.25e-30,1660,7.93,25800,26100,25800,"No issues",FALSE,NA
7,2026-07-12 06:22:00,2026-07-12 06:26:30,2026-07-12 06:18:00,28,20.4,846,-0.125,1,0.821,0.401,3.41e-48,3.26e-11,0.000298,0.0644,77.4,0.03,0.000307,0.369,0.000143,2.07,451,0.358,2.14,454,0.358,2.07,451,0.357,"No issues","No issues","No issues",172000,0.997,1.59e-33,1990,9.47,25900,26400,25900,"No issues",FALSE,NA
10,2026-07-12 06:32:10,2026-07-12 06:36:40,2026-07-12 06:28:10,28,35.5,1190,-0.307,0.934,0.305,0.63,6.92e-17,0.00231,4.59e-07,1.85,354,0.0462,0.00882,1.69,0.00022,2.08,449,0.358,2.22,458,0.358,2.08,448,0.357,"No issues","No issues","No issues",252000,0.997,1.65e-33,2920,13.9,26000,26800,26000,"No issues",FALSE,NA
2,2026-07-12 06:42:20,2026-07-12 06:46:50,2026-07-12 06:38:20,28,3.1,-225,0.0379,0.999,0.145,0.0254,1.41e-40,0.0453,0.418,0.0191,107,0.046,9.12e-05,0.509,0.000219,2.05,451,0.358,2.06,451,0.359,2.05,449,0.358,"No issues","No issues","No issues",121000,0.995,5.03e-32,1600,7.64,27500,27900,27500,"No issues",FALSE,NA
11,2026-07-12 06:52:30,2026-07-12 06:57:00,2026-07-12 06:48:30,28,12,-2580,-0.149,0.99,0.935,0.362,1.26e-27,6.52e-17,0.000712,0.234,134,0.0388,0.00112,0.638,0.000185,2.05,449,0.358,2.09,450,0.358,2.05,442,0.357,"No issues","No issues","No issues",116000,0.986,1.5e-25,2730,13,28000,28400,28000,"No issues",FALSE,NA
4,2026-07-12 07:02:40,2026-07-12 07:07:10,2026-07-12 06:58:40,28,9.05,-1150,-0.0118,0.997,0.732,0.00295,1.26e-33,6.56e-09,0.784,0.104,137,0.0424,0.000494,0.651,0.000202,2.05,450,0.358,2.08,450,0.358,2.05,445,0.357,"No issues","No issues","No issues",44700,0.83,1.74e-11,3970,18.9,28600,28700,28600,"No issues",FALSE,NA
8,2026-07-12 07:12:50,2026-07-12 07:17:20,2026-07-12 07:08:50,28,12.7,-3580,-0.15,0.999,0.958,0.38,5.27e-39,1.95e-19,0.000479,0.0902,147,0.0375,0.00043,0.7,0.000179,2.06,447,0.358,2.1,448,0.358,2.06,437,0.357,"No issues","No issues","No issues",2e+05,0.994,6.8e-31,2920,13.9,27300,27900,27300,"No issues",FALSE,NA
5,2026-07-12 07:23:00,2026-07-12 07:27:30,2026-07-12 07:19:00,28,2.56,-9060,0.0439,0.931,0.992,0.0485,1.34e-16,1.49e-28,0.26,0.137,163,0.0382,0.000653,0.777,0.000182,2.05,458,0.357,2.06,458,0.358,2.05,427,0.357,"No issues","No issues","No issues",178000,0.991,5.33e-28,3370,16.1,28700,29300,28700,"No issues",FALSE,NA
9,2026-07-12 07:33:10,2026-07-12 07:37:40,2026-07-12 07:29:10,28,7.53,-8530,-0.138,0.949,0.978,0.334,2.71e-18,5.75e-23,0.00129,0.344,253,0.0383,0.00164,1.21,0.000183,2.06,446,0.357,2.08,446,0.357,2.06,418,0.356,"No issues","No issues","No issues",124000,0.985,3.67e-25,3020,14.4,28100,28400,28100,"No issues",FALSE,NA
12,2026-07-12 07:43:30,2026-07-12 07:47:50,2026-07-12 07:39:20,27,22.4,-12100,-0.126,0.999,0.998,0.17,2.5e-40,5.15e-35,0.0324,0.126,111,0.0555,0.000567,0.499,0.00025,2.07,442,0.357,2.14,442,0.357,2.07,404,0.356,"No issues","No issues","No issues",117000,0.919,4e-15,6960,31.4,28400,28700,28300,"No issues",FALSE,NA
3,2026-07-12 07:53:30,2026-07-12 07:58:00,2026-07-12 07:49:30,28,3.6,-21800,-0.0576,0.985,0.998,0.0697,4.07e-25,1.01e-37,0.175,0.088,174,0.0413,0.00042,0.827,0.000197,2.05,429,0.358,2.06,429,0.358,2.05,358,0.358,"No issues","No issues","No issues",227000,1,1.3e-47,754,3.59,30100,30800,30100,"No issues",FALSE,NA
6,2026-07-12 08:03:40,2026-07-12 08:08:10,2026-07-12 07:59:40,28,3.71,-20000,-0.398,0.995,0.993,0.751,5.85e-32,3.16e-29,2.47e-09,0.0493,339,0.0449,0.000235,1.61,0.000214,2.05,419,0.358,2.06,419,0.358,2.05,355,0.356,"No issues","No issues","No issues",154000,0.988,2.31e-26,3380,16.1,30000,30500,30000,"No issues",FALSE,NA
1,2026-07-12 08:13:50,2026-07-12 08:18:20,2026-07-12 08:09:50,28,6.84,-12200,-0.114,0.897,0.982,0.233,2.47e-14,2.41e-24,0.00927,0.455,319,0.0407,0.00217,1.52,0.000194,2.05,434,0.357,2.07,434,0.357,2.05,394,0.356,"No issues","No issues","No issues",279000,0.963,3.51e-20,10700,50.9,30000,30800,30000,"No issues",FALSE,NA
7,2026-07-12 08:24:10,2026-07-12 08:28:30,2026-07-12 08:20:00,27,10.3,-21700,-0.0419,0.997,0.993,0.0396,8.17e-33,1.55e-28,0.319,0.116,361,0.0413,0.000521,1.63,0.000186,2.06,417,0.357,2.09,417,0.357,2.06,352,0.356,"No issues","No issues","No issues",212000,0.938,1.32e-16,10900,49.1,30500,31200,30500,"No issues",FALSE,NA
10,2026-07-12 08:34:20,2026-07-12 08:38:40,2026-07-12 08:30:10,27,20.1,-16500,-0.233,0.981,0.989,0.391,4.32e-23,3.25e-26,0.00049,0.556,341,0.0582,0.0025,1.54,0.000263,2.06,419,0.358,2.13,419,0.358,2.06,371,0.356,"No issues","No issues","No issues",268000,0.957,1.43e-18,11400,51.5,30600,31500,30600,"No issues",FALSE,NA
2,2026-07-12 08:44:30,2026-07-12 08:48:50,2026-07-12 08:40:20,27,2.2,-21700,-0.48,0.988,0.996,0.618,1.59e-25,2.42e-31,1.16e-06,0.0485,280,0.0755,0.000219,1.26,0.00034,2.05,423,0.359,2.05,423,0.36,2.05,360,0.357,"No issues","No issues","No issues",-877000,0.936,2.03e-16,45900,207,34300,34500,32300,"No issues",FALSE,NA
11,2026-07-12 08:54:40,2026-07-12 08:59:00,2026-07-12 08:50:30,27,12.1,-18300,-0.505,0.851,0.957,0.629,8.02e-12,1.43e-18,7.99e-07,1.02,777,0.0775,0.00458,3.5,0.000349,2.06,429,0.358,2.1,429,0.358,2.06,365,0.356,"No issues","No issues","No issues",-616000,0.937,1.45e-16,31800,143,34600,34700,33200,"No issues",FALSE,NA
4,2026-07-12 09:04:50,2026-07-12 09:09:10,2026-07-12 09:00:40,27,6.26,-22300,-0.289,0.998,0.996,0.59,3.17e-35,5.91e-31,2.9e-06,0.0563,297,0.0483,0.000254,1.34,0.000218,2.06,428,0.356,2.07,428,0.357,2.06,362,0.355,"No issues","No issues","No issues",-32700,0.128,0.0669,17000,76.8,32500,32500,32200,"No issues",FALSE,NA
8,2026-07-12 09:15:00,2026-07-12 09:19:20,2026-07-12 09:10:50,27,10.3,-24100,-0.0568,0.998,0.995,0.0241,3.27e-34,1.37e-30,0.44,0.102,332,0.0724,0.00046,1.49,0.000326,2.06,415,0.358,2.09,415,0.358,2.06,344,0.357,"No issues","No issues","No issues",267000,0.924,1.75e-15,15400,69.3,32500,33400,32500,"No issues",FALSE,NA
5,2026-07-12 09:25:00,2026-07-12 09:29:30,2026-07-12 09:21:00,28,4.5,-20200,0.0205,0.851,0.912,0.00617,3e-12,3.23e-15,0.691,0.37,1230,0.0509,0.00176,5.87,0.000243,2.06,434,0.357,2.08,434,0.358,2.06,367,0.357,"No issues","No issues","No issues",235000,0.574,3.02e-06,39700,189,37500,38400,37500,"No issues",FALSE,NA
9,2026-07-12 09:35:10,2026-07-12 09:39:40,2026-07-12 09:31:10,28,6.1,-23500,-0.304,0.988,0.994,0.555,1.87e-26,3.42e-30,5.49e-06,0.133,365,0.0535,0.000632,1.74,0.000255,2.06,432,0.355,2.08,432,0.355,2.06,357,0.353,"No issues","No issues","No issues",-41800,0.346,0.001,11300,53.7,33500,33500,33200,"No issues",FALSE,NA
12,2026-07-12 09:45:20,2026-07-12 09:49:50,2026-07-12 09:41:20,28,22.6,-19400,-0.109,0.999,0.998,0.148,5.77e-43,1.72e-37,0.0431,0.113,158,0.0511,0.000539,0.753,0.000243,2.08,430,0.355,2.15,430,0.355,2.08,369,0.354,"No issues","No issues","No issues",-48200,0.836,1.01e-11,4180,19.9,33800,33800,33600,"No issues",FALSE,NA
3,2026-07-12 09:55:30,2026-07-12 10:00:00,2026-07-12 09:51:30,28,3.18,-20900,-0.16,0.995,0.985,0.267,1.31e-31,4.21e-25,0.0049,0.0436,512,0.0519,0.000208,2.44,0.000247,2.06,417,0.357,2.07,417,0.357,2.06,348,0.356,"No issues","No issues","No issues",86200,0.44,0.000119,19100,90.9,36000,36500,36000,"No issues",FALSE,NA
6,2026-07-12 10:05:40,2026-07-12 10:10:10,2026-07-12 10:01:40,28,4,-27200,-0.405,0.998,0.994,0.606,5.64e-37,3.14e-30,1.09e-06,0.034,421,0.0641,0.000162,2.01,0.000305,2.05,416,0.356,2.07,416,0.356,2.05,333,0.354,"No issues","No issues","No issues",121000,0.956,3.19e-19,5070,24.2,34000,34300,34000,"No issues",FALSE,NA
1,2026-07-12 10:15:50,2026-07-12 10:20:20,2026-07-12 10:11:50,28,6.48,-16600,-0.191,0.933,0.983,0.298,9.66e-17,1.52e-24,0.00264,0.342,428,0.0576,0.00163,2.04,0.000274,2.05,430,0.355,2.07,430,0.355,2.05,376,0.354,"No issues","No issues","No issues",20000,0.537,9.16e-06,3640,17.3,34600,34700,34600,"No issues",FALSE,NA
7,2026-07-12 10:26:00,2026-07-12 10:30:30,2026-07-12 10:22:00,28,9.23,-19900,-0.261,0.998,0.998,0.534,1.07e-37,7.4e-36,1e-05,0.0736,187,0.0477,0.000351,0.893,0.000227,2.05,420,0.355,2.08,420,0.355,2.05,359,0.354,"No issues","No issues","No issues",-54200,0.895,3.15e-14,3640,17.4,35100,35100,34800,"No issues",FALSE,NA
10,2026-07-12 10:36:10,2026-07-12 10:40:40,2026-07-12 10:32:10,28,18.7,-16100,-0.436,0.988,0.971,0.705,2.63e-26,1.78e-21,2.36e-08,0.411,547,0.0554,0.00196,2.61,0.000264,2.06,426,0.355,2.11,426,0.356,2.06,375,0.354,"No issues","No issues","No issues",69600,0.91,4.19e-15,4300,20.5,34900,35100,34900,"No issues",FALSE,NA
2,2026-07-12 10:46:20,2026-07-12 10:50:50,2026-07-12 10:42:20,28,2.43,-20700,-0.0336,0.994,0.996,0.0185,3.38e-30,2.01e-32,0.491,0.0378,264,0.048,0.00018,1.26,0.000229,2.04,422,0.354,2.05,422,0.355,2.04,357,0.354,"No issues","No issues","No issues",27700,0.381,0.00047,6920,33,33500,33600,33500,"No issues",FALSE,NA
11,2026-07-12 10:56:30,2026-07-12 11:01:00,2026-07-12 10:52:30,28,9.09,-20700,-0.129,0.833,0.929,0.164,1.34e-11,1.89e-16,0.0325,0.799,1120,0.0572,0.00381,5.36,0.000273,2.05,425,0.352,2.09,425,0.353,2.05,363,0.352,"No issues","No issues","No issues",85300,0.948,3.48e-18,3930,18.7,33900,34200,33900,"No issues",FALSE,NA
4,2026-07-12 11:06:40,2026-07-12 11:11:10,2026-07-12 11:02:40,28,5.78,-17700,-0.0513,0.995,0.997,0.09,1.91e-31,6.43e-34,0.121,0.0804,197,0.032,0.000383,0.94,0.000153,2.04,421,0.353,2.06,421,0.353,2.04,367,0.352,"No issues","No issues","No issues",-143000,0.993,8.07e-30,2290,10.9,34800,34800,34400,"No issues",FALSE,NA
8,2026-07-12 11:16:50,2026-07-12 11:21:20,2026-07-12 11:12:50,28,10,-22100,-0.0487,0.997,0.996,0.0534,1.94e-34,2.18e-33,0.237,0.107,259,0.0402,0.00051,1.23,0.000192,2.05,421,0.355,2.08,421,0.356,2.05,353,0.355,"No issues","No issues","No issues",227000,0.955,5.61e-19,9700,46.2,34200,34900,34200,"No issues",FALSE,NA
5,2026-07-12 11:27:00,2026-07-12 11:31:30,2026-07-12 11:23:00,28,4.31,-17900,-0.0723,0.998,0.993,0.145,5.12e-37,6.25e-30,0.0457,0.0365,285,0.0345,0.000174,1.36,0.000164,2.04,422,0.353,2.05,422,0.353,2.04,366,0.352,"No issues","No issues","No issues",-2580,0.000451,0.915,23900,114,36100,36400,36000,"No issues",FALSE,NA
9,2026-07-12 11:37:10,2026-07-12 11:41:40,2026-07-12 11:33:10,28,5.5,-19200,-0.153,0.969,0.994,0.333,4.45e-21,1.25e-30,0.0013,0.194,287,0.0424,0.000925,1.37,0.000202,2.03,412,0.353,2.05,412,0.353,2.03,352,0.352,"No issues","No issues","No issues",57800,0.846,4.41e-12,4830,23,34700,34900,34700,"No issues",FALSE,NA
12,2026-07-12 11:47:20,2026-07-12 11:51:50,2026-07-12 11:43:20,28,20.6,-16200,-0.0257,0.999,0.985,0.0282,5.27e-42,3.94e-25,0.393,0.112,397,0.0296,0.000534,1.89,0.000141,2.05,418,0.353,2.11,418,0.353,2.05,365,0.352,"No issues","No issues","No issues",262000,0.931,1.4e-16,14000,67,35100,35700,35000,"No issues",FALSE,NA
3,2026-07-12 11:57:40,2026-07-12 12:02:00,2026-07-12 11:53:30,27,3.17,-18600,-0.365,0.995,0.992,0.743,1.67e-30,1.23e-27,7.47e-09,0.0441,337,0.0429,0.000199,1.52,0.000193,2.03,413,0.356,2.04,413,0.356,2.03,359,0.354,"No issues","No issues","No issues",-59300,0.419,0.000263,14000,63,37900,37900,37500,"No issues",FALSE,NA
6,2026-07-12 12:07:40,2026-07-12 12:12:10,2026-07-12 12:03:40,28,3.71,-20600,-0.354,0.996,0.998,0.804,1.25e-32,5.5e-36,1.1e-10,0.0464,192,0.0343,0.000221,0.913,0.000164,2.02,406,0.353,2.03,406,0.353,2.02,342,0.352,"No issues","No issues","No issues",-46500,0.758,1.76e-09,5160,24.6,34100,34100,33900,"No issues",FALSE,NA
1,2026-07-12 12:17:50,2026-07-12 12:22:20,2026-07-12 12:13:50,28,5.6,-12700,-0.0613,0.982,0.985,0.0642,2.89e-24,2.08e-25,0.193,0.148,302,0.0459,0.000705,1.44,0.000219,2.02,413,0.352,2.04,413,0.352,2.02,373,0.351,"No issues","No issues","No issues",-56600,0.93,1.55e-16,3040,14.5,35000,35000,34800,"No issues",FALSE,NA
7,2026-07-12 12:28:00,2026-07-12 12:32:30,2026-07-12 12:24:00,28,7.92,-21200,-0.159,0.999,0.998,0.336,2.24e-42,1.39e-35,0.00122,0.0418,204,0.0437,0.000199,0.975,0.000208,2.02,403,0.354,2.05,403,0.354,2.02,337,0.352,"No issues","No issues","No issues",-118000,0.862,1.14e-12,9310,44.4,35200,35200,34800,"No issues",FALSE,NA
10,2026-07-12 12:38:10,2026-07-12 12:42:40,2026-07-12 12:34:10,28,17.5,-14900,-0.353,0.982,0.99,0.783,2.52e-24,1.06e-27,4.1e-10,0.461,290,0.0365,0.0022,1.38,0.000174,2.03,415,0.354,2.09,415,0.354,2.03,366,0.352,"No issues","No issues","No issues",183,9.62e-05,0.96,3650,17.4,34700,34700,34700,"No issues",FALSE,NA
2,2026-07-12 12:48:20,2026-07-12 12:52:50,2026-07-12 12:44:20,28,2.29,-20500,0.00736,0.994,0.992,0.00112,2.32e-30,1.83e-28,0.866,0.0351,372,0.043,0.000167,1.78,0.000205,2.01,410,0.352,2.02,410,0.353,2.01,346,0.352,"No issues","No issues","No issues",-37100,0.738,4.98e-09,4340,20.7,32800,32800,32600,"No issues",FALSE,NA
11,2026-07-12 12:58:30,2026-07-12 13:03:00,2026-07-12 12:54:30,28,9.47,-16700,-0.181,0.924,0.983,0.445,4.2e-16,1.89e-24,0.000105,0.531,434,0.0396,0.00253,2.07,0.000189,2.02,412,0.351,2.06,412,0.352,2.02,360,0.35,"No issues","No issues","No issues",133000,0.91,3.93e-15,8160,38.9,32800,33200,32800,"No issues",FALSE,NA
4,2026-07-12 13:08:40,2026-07-12 13:13:10,2026-07-12 13:04:40,28,5.58,-16000,-0.0918,0.99,0.996,0.317,2.89e-27,4.73e-33,0.00181,0.113,193,0.0264,0.000537,0.922,0.000126,2.02,409,0.351,2.03,409,0.351,2.02,359,0.35,"No issues","No issues","No issues",-7130,0.0135,0.557,12000,57,33400,33400,33200,"No issues",FALSE,NA
8,2026-07-12 13:19:00,2026-07-12 13:23:20,2026-07-12 13:14:50,27,10.4,-18300,-0.0958,0.999,0.992,0.182,1.03e-42,1.68e-27,0.0263,0.0468,337,0.0406,0.000211,1.52,0.000183,2.02,391,0.354,2.05,391,0.354,2.02,334,0.353,"No issues","No issues","No issues",480000,0.973,3.5e-21,15900,71.7,33900,35400,33900,"No issues",FALSE,NA
5,2026-07-12 13:29:10,2026-07-12 13:33:30,2026-07-12 13:25:00,27,4.2,-16500,-0.0727,0.999,0.997,0.126,4.3e-40,5.53e-33,0.0693,0.0241,183,0.0383,0.000109,0.824,0.000173,2.01,406,0.35,2.03,406,0.35,2.01,356,0.35,"No issues","No issues","No issues",-293000,0.927,9.34e-16,16400,73.8,35700,35700,34800,"No issues",FALSE,NA
9,2026-07-12 13:39:20,2026-07-12 13:43:40,2026-07-12 13:35:10,27,5.44,-14400,-0.0634,0.952,0.983,0.0423,5.07e-18,1.3e-23,0.304,0.244,379,0.0604,0.0011,1.71,0.000272,2.02,408,0.35,2.03,408,0.35,2.01,361,0.349,"No issues","No issues","No issues",-59600,0.908,1.92e-14,3800,17.1,34700,34700,34500,"No issues",FALSE,NA
12,2026-07-12 13:49:30,2026-07-12 13:53:50,2026-07-12 13:45:20,27,18.3,-13400,0.00402,0.998,0.999,0.000201,2.86e-36,7.76e-37,0.944,0.149,104,0.0567,0.000673,0.469,0.000256,2.03,403,0.351,2.08,403,0.351,2.03,362,0.35,"No issues","No issues","No issues",110000,0.958,8.73e-19,4600,20.7,33700,34000,33700,"No issues",FALSE,NA
3,2026-07-12 13:59:40,2026-07-12 14:04:00,2026-07-12 13:55:30,27,3.29,-20700,-0.151,0.995,0.996,0.199,1.06e-30,5.44e-31,0.0195,0.0448,275,0.0606,0.000202,1.24,0.000273,2.02,397,0.352,2.03,397,0.352,2.02,335,0.351,"No issues","No issues","No issues",1440,0.00676,0.684,3500,15.8,32800,32800,32700,"No issues",FALSE,NA
6,2026-07-12 14:09:50,2026-07-12 14:14:10,2026-07-12 14:05:40,27,4,-18600,-0.206,0.998,0.994,0.315,4.5e-35,1.25e-29,0.0023,0.0364,280,0.0607,0.000164,1.26,0.000274,2.02,401,0.352,2.03,401,0.352,2.02,344,0.351,"No issues","No issues","No issues",88900,0.985,2.97e-24,2210,9.95,31900,32200,31900,"No issues",FALSE,NA
1,2026-07-12 14:20:00,2026-07-12 14:24:20,2026-07-12 14:15:50,27,5.33,-13100,-0.141,0.997,0.987,0.149,2.31e-32,2.64e-25,0.0463,0.0624,294,0.0673,0.000281,1.33,0.000303,2.02,414,0.351,2.04,414,0.352,2.02,376,0.35,"No issues","No issues","No issues",-35000,0.337,0.00149,9820,44.2,32800,32800,32600,"No issues",FALSE,NA
7,2026-07-12 14:30:00,2026-07-12 14:34:30,2026-07-12 14:26:00,28,7.54,-20300,-0.113,0.997,0.999,0.185,6.33e-35,3.38e-41,0.0223,0.077,119,0.0464,0.000367,0.567,0.000221,2.02,408,0.352,2.04,408,0.352,2.02,345,0.351,"No issues","No issues","No issues",316000,0.988,2.59e-26,6960,33.2,30600,31500,30600,"No issues",FALSE,NA
10,2026-07-12 14:40:10,2026-07-12 14:44:40,2026-07-12 14:36:10,28,17.8,-11500,-0.273,0.973,0.99,0.611,5.53e-22,1.19e-27,8.94e-07,0.58,225,0.0426,0.00276,1.07,0.000203,2.03,413,0.352,2.09,414,0.353,2.03,377,0.351,"No issues","No issues","No issues",-121000,0.809,7.75e-11,11500,54.8,33000,33100,32700,"No issues",FALSE,NA
2,2026-07-12 14:50:20,2026-07-12 14:54:50,2026-07-12 14:46:20,28,2.43,-15700,-0.0963,0.996,0.995,0.312,5.38e-33,2.35e-31,0.00202,0.0294,221,0.0281,0.00014,1.05,0.000134,2.02,405,0.351,2.02,405,0.352,2.02,354,0.351,"No issues","No issues","No issues",-179000,0.937,3.79e-17,9090,43.3,31300,31300,30800,"No issues",FALSE,NA
11,2026-07-12 15:00:30,2026-07-12 15:05:00,2026-07-12 14:56:30,28,10.9,-15700,-0.101,0.963,0.986,0.241,3.44e-20,1.18e-25,0.00804,0.419,366,0.0353,0.002,1.74,0.000168,2.02,409,0.35,2.06,409,0.35,2.02,358,0.35,"No issues","No issues","No issues",215000,0.831,1.49e-11,19000,90.5,30600,31300,30600,"No issues",FALSE,NA
4,2026-07-12 15:10:40,2026-07-12 15:15:10,2026-07-12 15:06:40,28,6.18,-12400,-0.0466,0.832,0.954,0.0195,1.38e-11,6.66e-19,0.478,0.544,535,0.0648,0.00259,2.55,0.000309,2.02,413,0.35,2.05,413,0.35,2.02,373,0.349,"No issues","No issues","No issues",53400,0.453,8.73e-05,11500,54.9,31800,31900,31600,"No issues",FALSE,NA
12,2026-07-17 09:52:10,2026-07-17 09:56:40,2026-07-17 09:48:10,28,19.7,-12500,0.00618,0.999,0.993,0.0011,8.62e-44,1.53e-29,0.867,0.0916,205,0.0365,0.000436,0.979,0.000174,2.16,382,0.361,2.22,382,0.361,2.16,343,0.361,"maintenance","maintenance","maintenance",562000,0.992,5.42e-29,9720,46.4,31900,33700,31900,"No issues",FALSE,NA
3,2026-07-17 10:02:20,2026-07-17 10:06:50,2026-07-17 09:58:20,28,2.9,-19100,-0.349,0.989,0.988,0.731,3.49e-27,1.63e-26,6.85e-09,0.059,413,0.0415,0.000281,1.97,0.000198,2.14,377,0.363,2.15,378,0.363,2.14,319,0.362,"maintenance","maintenance","maintenance",-24100,0.975,2.9e-22,762,3.63,32800,32800,32800,"No issues",FALSE,NA
6,2026-07-17 10:12:30,2026-07-17 10:17:00,2026-07-17 10:08:30,28,4.22,-19800,-0.799,0.999,0.995,0.909,6.64e-40,1.41e-31,5.05e-15,0.0277,272,0.0497,0.000132,1.3,0.000237,2.15,378,0.364,2.16,378,0.364,2.15,316,0.361,"No issues","No issues","No issues",418000,0.988,1.44e-26,8980,42.8,32500,33700,32500,"No issues",FALSE,NA
1,2026-07-17 10:22:40,2026-07-17 10:27:10,2026-07-17 10:18:40,28,4.18,-13300,-0.275,0.927,0.982,0.794,2.66e-16,2.8e-24,2.07e-10,0.23,351,0.0275,0.0011,1.67,0.000131,2.15,386,0.36,2.16,387,0.36,2.15,345,0.359,"No issues","No issues","No issues",47300,0.993,3.26e-29,802,3.82,33400,33600,33400,"No issues",FALSE,NA
7,2026-07-17 10:32:50,2026-07-17 10:37:20,2026-07-17 10:28:50,28,7.12,-18300,-0.261,0.999,0.996,0.636,2.63e-40,2.33e-32,3.7e-07,0.0451,235,0.0388,0.000215,1.12,0.000185,2.16,385,0.362,2.18,385,0.362,2.16,327,0.361,"No issues","No issues","No issues",5e+05,0.959,1.62e-19,20300,97,33300,34800,33300,"No issues",FALSE,NA
10,2026-07-17 10:43:10,2026-07-17 10:47:30,2026-07-17 10:39:00,27,13.7,-11000,-0.675,0.999,0.987,0.846,2.26e-37,6.31e-25,1.22e-11,0.101,256,0.0577,0.000456,1.15,0.00026,2.14,390,0.363,2.18,390,0.363,2.14,356,0.36,"No issues","No issues","No issues",258000,0.914,8.02e-15,15900,71.5,33300,33900,33200,"No issues",FALSE,NA
2,2026-07-17 10:53:20,2026-07-17 10:57:40,2026-07-17 10:49:10,27,2.68,-15200,-0.159,0.996,0.997,0.373,2.97e-31,1.92e-32,0.000709,0.0347,176,0.0411,0.000156,0.795,0.000185,2.12,376,0.362,2.13,376,0.362,2.12,331,0.361,"No issues","No issues","No issues",-48400,0.646,4.42e-07,7160,32.3,33000,33100,32900,"No issues",FALSE,NA
11,2026-07-17 11:03:20,2026-07-17 11:07:50,2026-07-17 10:59:20,28,6.3,-15700,-0.16,0.864,0.916,0.324,8.85e-13,1.55e-15,0.00158,0.49,930,0.0454,0.00233,4.44,0.000216,2.15,388,0.359,2.17,388,0.359,2.15,342,0.358,"No issues","No issues","No issues",71600,0.915,1.94e-15,4280,20.4,34300,34500,34300,"No issues",FALSE,NA
4,2026-07-17 11:13:30,2026-07-17 11:18:00,2026-07-17 11:09:30,28,4.88,-15300,-0.178,0.993,0.99,0.453,1.35e-29,2.37e-27,8.7e-05,0.08,307,0.0385,0.000381,1.47,0.000183,2.14,386,0.358,2.15,386,0.358,2.14,337,0.357,"No issues","No issues","No issues",25700,0.614,8.2e-07,3990,19,32900,32900,32800,"No issues",FALSE,NA
8,2026-07-17 11:23:40,2026-07-17 11:28:10,2026-07-17 11:19:40,28,15.7,-18100,0.118,0.997,0.974,0.143,7.67e-35,4.13e-22,0.0472,0.161,580,0.0569,0.000768,2.76,0.000271,2.14,377,0.363,2.19,377,0.364,2.14,321,0.362,"No issues","No issues","No issues",1250000,0.992,9.76e-29,22100,105,32500,36400,32500,"No issues",FALSE,NA
5,2026-07-17 11:33:50,2026-07-17 11:38:20,2026-07-17 11:29:50,28,3.63,-19300,-0.17,0.998,0.993,0.425,1.64e-36,9.45e-30,0.000171,0.0322,312,0.0388,0.000154,1.49,0.000185,2.12,385,0.358,2.13,385,0.358,2.12,325,0.357,"No issues","No issues","No issues",-42000,0.944,9.49e-18,2010,9.6,34600,34600,34500,"No issues",FALSE,NA
9,2026-07-17 11:44:00,2026-07-17 11:48:30,2026-07-17 11:40:00,28,5.15,-15600,-0.149,0.999,0.978,0.355,9.51e-39,5.2e-23,0.000827,0.0374,463,0.0394,0.000179,2.21,0.000188,2.13,380,0.357,2.15,380,0.358,2.13,331,0.357,"No issues","No issues","No issues",113000,0.909,4.78e-15,6990,33.3,35400,35800,35400,"No issues",FALSE,NA
12,2026-07-17 11:54:10,2026-07-17 11:58:40,2026-07-17 11:50:10,28,25.9,-12100,0.0407,0.846,0.992,0.0558,4.5e-12,1.26e-28,0.226,2.17,217,0.0328,0.0103,1.03,0.000156,2.22,385,0.358,2.34,385,0.358,2.22,347,0.358,"No issues","No issues","No issues",527000,0.99,1.38e-27,10300,49.3,33300,35000,33300,"No issues",FALSE,NA
3,2026-07-17 12:04:20,2026-07-17 12:08:50,2026-07-17 12:00:20,28,3.5,-17900,-0.324,0.996,0.991,0.798,9.36e-33,2.93e-28,1.65e-10,0.0434,331,0.032,0.000207,1.58,0.000152,2.13,378,0.36,2.14,378,0.36,2.13,320,0.359,"No issues","No issues","No issues",-32800,0.936,4.37e-17,1680,7.99,33600,33600,33500,"No issues",FALSE,NA
6,2026-07-17 12:14:30,2026-07-17 12:19:00,2026-07-17 12:10:30,28,4.51,-19100,-0.66,0.999,0.993,0.905,2.59e-39,1.23e-29,8.16e-15,0.0312,311,0.0419,0.000149,1.48,2e-04,2.13,372,0.361,2.14,372,0.361,2.13,311,0.358,"No issues","No issues","No issues",252000,0.986,9.35e-26,5820,27.8,33200,33900,33200,"No issues",FALSE,NA
1,2026-07-17 12:24:40,2026-07-17 12:29:10,2026-07-17 12:20:40,28,4.25,-11500,NA,0.978,0.987,NA,4.28e-23,3.21e-26,NA,0.125,256,NA,0.000596,1.22,NA,2.13,387,NA,2.14,387,NA,2.13,347,NA,"No issues","No issues","No issues",172000,0.957,2.49e-19,7130,34,34100,34500,34100,"No issues",FALSE,NA
7,2026-07-17 12:34:50,2026-07-17 12:39:20,2026-07-17 12:30:50,28,6.89,-17900,-0.129,0.996,0.992,0.137,4.68e-33,7.1e-29,0.0528,0.083,312,0.0637,0.000396,1.49,0.000304,2.14,374,0.358,2.16,374,0.359,2.14,317,0.358,"No issues","No issues","No issues",628000,0.987,5.79e-26,14200,67.9,32500,34500,32500,"No issues",FALSE,NA
10,2026-07-17 12:45:10,2026-07-17 12:49:30,2026-07-17 12:41:00,27,13.7,-10900,-0.522,0.956,0.981,0.884,1.99e-18,4.33e-23,3.31e-13,0.592,302,0.0378,0.00267,1.36,0.00017,2.15,383,0.359,2.2,383,0.359,2.15,349,0.357,"No issues","No issues","No issues",6e+05,0.937,1.57e-16,31100,140,31800,33800,31800,"No issues",FALSE,NA
2,2026-07-17 12:55:10,2026-07-17 12:59:40,2026-07-17 12:51:10,28,2.43,-15900,0.0154,0.995,0.991,0.00536,4.95e-32,1.92e-28,0.711,0.0321,289,0.0411,0.000153,1.38,0.000196,2.13,379,0.358,2.14,379,0.359,2.13,328,0.358,"No issues","No issues","No issues",50100,0.711,1.75e-08,6260,29.8,33000,33100,32900,"No issues",FALSE,NA
11,2026-07-17 13:05:20,2026-07-17 13:09:50,2026-07-17 13:01:20,28,7.16,-14600,-0.161,0.908,0.958,0.359,5.77e-15,1.92e-19,0.000748,0.448,600,0.0421,0.00213,2.86,2e-04,2.15,389,0.356,2.17,389,0.356,2.15,343,0.355,"No issues","No issues","No issues",-22000,0.538,9.07e-06,4000,19,34300,34300,34200,"No issues",FALSE,NA
4,2026-07-17 13:15:30,2026-07-17 13:20:00,2026-07-17 13:11:30,28,4.92,-15800,-0.00218,0.933,0.99,9.35e-05,8.91e-17,2.01e-27,0.961,0.258,314,0.0443,0.00123,1.5,0.000211,2.14,383,0.355,2.16,383,0.356,2.14,333,0.355,"No issues","No issues","No issues",268000,0.978,4.25e-23,7870,37.5,33300,34000,33300,"No issues",FALSE,NA
8,2026-07-17 13:25:40,2026-07-17 13:30:10,2026-07-17 13:21:40,28,17.5,-14900,0.35,0.999,0.992,0.733,3.32e-42,1.15e-28,6.28e-09,0.0937,266,0.0414,0.000447,1.27,0.000197,2.16,375,0.36,2.21,375,0.362,2.16,327,0.36,"No issues","No issues","No issues",1410000,0.95,2.02e-18,63700,304,31000,35600,31000,"No issues",FALSE,NA
5,2026-07-17 13:35:50,2026-07-17 13:40:20,2026-07-17 13:31:50,28,3.57,-16700,-0.165,0.997,0.987,0.273,8.19e-34,3.28e-26,0.00434,0.0403,371,0.0529,0.000192,1.77,0.000252,2.15,378,0.356,2.16,378,0.356,2.15,326,0.355,"No issues","No issues","No issues",-115000,0.998,4.67e-38,891,4.25,33900,33900,33500,"No issues",FALSE,NA
9,2026-07-17 13:46:00,2026-07-17 13:50:30,2026-07-17 13:42:00,28,10.5,-13400,-0.187,0.923,0.992,0.242,5.15e-16,1.69e-28,0.0079,0.595,243,0.0648,0.00284,1.16,0.000309,2.14,380,0.355,2.18,380,0.356,2.14,337,0.354,"No issues","No issues","No issues",490000,0.991,6.22e-28,9310,44.4,32800,34200,32800,"No issues",FALSE,NA
12,2026-07-17 13:56:10,2026-07-17 14:00:40,2026-07-17 13:52:10,28,19.9,-12000,0.0209,0.998,0.987,0.00471,2.03e-36,3.56e-26,0.729,0.178,266,0.0595,0.000849,1.27,0.000284,2.17,382,0.356,2.23,382,0.356,2.17,344,0.355,"No issues","No issues","No issues",945000,0.985,2.88e-25,22800,109,31900,34800,31900,"No issues",FALSE,NA
3,2026-07-17 14:06:20,2026-07-17 14:10:50,2026-07-17 14:02:20,28,4.07,-17300,-0.335,0.998,0.995,0.641,1.79e-36,4.98e-32,3.13e-07,0.0362,229,0.0492,0.000172,1.09,0.000235,2.15,373,0.357,2.16,373,0.358,2.15,319,0.356,"No issues","No issues","No issues",-106000,0.946,4.85e-18,4930,23.5,32300,32300,32000,"No issues",FALSE,NA
6,2026-07-17 14:16:30,2026-07-17 14:21:00,2026-07-17 14:12:30,28,4.95,-17300,-0.684,0.998,0.997,0.865,1.16e-37,1.75e-33,8.51e-13,0.0396,201,0.0531,0.000189,0.959,0.000253,2.16,376,0.359,2.18,376,0.359,2.16,320,0.356,"No issues","No issues","No issues",202000,0.884,1.16e-13,14400,68.6,31900,32600,31900,"No issues",FALSE,NA
1,2026-07-17 14:26:40,2026-07-17 14:31:10,2026-07-17 14:22:40,28,3.81,-12000,-0.273,0.998,0.993,0.578,6.54e-36,3.53e-29,2.68e-06,0.0356,205,0.0457,0.00017,0.977,0.000218,2.16,386,0.356,2.18,386,0.356,2.16,348,0.355,"No issues","No issues","No issues",79400,0.833,1.38e-11,6990,33.3,31800,32100,31800,"No issues",FALSE,NA
7,2026-07-17 14:36:50,2026-07-17 14:41:20,2026-07-17 14:32:50,28,8.63,-14300,-0.289,0.998,0.995,0.743,2.08e-37,8.52e-32,3.75e-09,0.0707,193,0.0333,0.000337,0.92,0.000159,2.18,376,0.357,2.2,376,0.357,2.18,330,0.356,"No issues","No issues","No issues",477000,0.948,3.58e-18,22000,105,31600,33200,31600,"No issues",FALSE,NA
10,2026-07-17 14:47:00,2026-07-17 14:51:30,2026-07-17 14:43:00,28,54.6,-10300,-0.664,0.693,0.994,0.872,3.86e-08,3.24e-30,3.9e-13,7.12,160,0.0498,0.034,0.762,0.000237,2.17,386,0.358,2.37,386,0.358,2.17,352,0.355,"No issues","No issues","No issues",486000,0.945,7.54e-18,23100,110,30800,32400,30800,"No issues",TRUE,61.6
2,2026-07-17 14:57:10,2026-07-17 15:01:40,2026-07-17 14:53:10,28,2.37,-14400,0.0257,0.996,0.991,0.0133,8.5e-33,2.35e-28,0.559,0.0292,263,0.0433,0.000139,1.26,0.000207,2.15,379,0.357,2.16,379,0.357,2.15,332,0.356,"No issues","No issues","No issues",15200,0.664,1.32e-07,2130,10.1,31900,32000,31900,"No issues",FALSE,NA
11,2026-07-17 15:07:20,2026-07-17 15:11:50,2026-07-17 15:03:20,28,8.18,-12000,-0.163,0.98,0.989,0.431,1.69e-23,8.93e-27,0.000149,0.232,254,0.0368,0.0011,1.21,0.000175,2.15,387,0.355,2.17,387,0.355,2.15,346,0.354,"No issues","No issues","No issues",81700,0.988,2.15e-26,1780,8.5,32300,32600,32300,"No issues",FALSE,NA
4,2026-07-17 15:17:30,2026-07-17 15:22:00,2026-07-17 15:13:30,28,4.38,-13300,-0.0557,0.946,0.991,0.0552,5e-18,1.98e-28,0.229,0.205,242,0.0452,0.000976,1.16,0.000215,2.15,380,0.353,2.16,380,0.354,2.15,340,0.353,"No issues","No issues","No issues",254000,0.999,3.28e-40,1620,7.74,30900,31700,30900,"No issues",FALSE,NA
8,2026-07-17 15:27:40,2026-07-17 15:32:10,2026-07-17 15:23:40,28,16.3,-13600,NA,0.999,0.996,NA,6.04e-39,1.35e-32,NA,0.116,171,NA,0.000555,0.816,NA,2.16,376,NA,2.22,376,NA,2.16,332,NA,"No issues","No issues","No issues",1140000,0.947,4.11e-18,52700,251,30000,33600,30000,"No issues",FALSE,NA
5,2026-07-17 15:37:50,2026-07-17 15:42:20,2026-07-17 15:33:50,28,3.93,-15400,-0.115,0.998,0.98,0.25,1.01e-37,1.2e-23,0.0067,0.0313,430,0.0391,0.000149,2.05,0.000187,2.14,380,0.355,2.15,380,0.355,2.14,333,0.354,"No issues","No issues","No issues",-137000,0.967,1.02e-20,4990,23.8,31400,31400,30900,"No issues",FALSE,NA
9,2026-07-17 15:48:00,2026-07-17 15:52:30,2026-07-17 15:44:00,28,5.11,-13800,-0.31,0.999,0.993,0.8,3.36e-39,6.35e-30,1.39e-10,0.0357,220,0.0304,0.00017,1.05,0.000145,2.14,381,0.354,2.16,381,0.355,2.14,338,0.353,"No issues","No issues","No issues",488000,0.978,4.62e-23,14400,68.6,29900,31500,29900,"No issues",FALSE,NA
12,2026-07-17 15:58:10,2026-07-17 16:02:40,2026-07-17 15:54:10,28,29.1,-9950,0.0439,0.997,0.983,0.022,1.15e-34,1.58e-24,0.451,0.304,257,0.0574,0.00145,1.22,0.000273,2.19,386,0.355,2.28,387,0.355,2.19,356,0.354,"No issues","No issues","No issues",1030000,0.995,1.94e-31,14400,68.5,29100,32300,29100,"No issues",FALSE,NA
3,2026-07-17 16:08:20,2026-07-17 16:12:50,2026-07-17 16:04:20,28,3.16,-15400,-0.301,0.989,0.992,0.522,5.84e-27,4.97e-29,1.42e-05,0.0655,266,0.0564,0.000312,1.27,0.000269,2.14,379,0.356,2.15,379,0.356,2.14,330,0.355,"No issues","No issues","No issues",20800,0.383,0.000443,5170,24.6,30100,30100,30000,"No issues",FALSE,NA
6,2026-07-17 16:18:30,2026-07-17 16:23:00,2026-07-17 16:14:30,28,4.02,-15600,-0.659,0.999,0.997,0.952,5.61e-39,2.76e-35,1.27e-18,0.0286,154,0.0291,0.000136,0.736,0.000139,2.12,380,0.357,2.13,380,0.357,2.12,330,0.355,"No issues","No issues","No issues",285000,0.992,3.9e-29,4860,23.2,29400,30200,29400,"No issues",FALSE,NA
1,2026-07-17 16:28:40,2026-07-17 16:33:10,2026-07-17 16:24:40,28,3.79,-9590,NA,0.996,0.988,NA,3.91e-32,1.48e-26,NA,0.0496,206,NA,0.000236,0.983,NA,2.12,386,NA,2.13,386,NA,2.12,357,NA,"No issues","No issues","No issues",562000,0.988,2.44e-26,12300,58.8,28300,29800,28300,"No issues",FALSE,NA
7,2026-07-17 16:38:50,2026-07-17 16:43:20,2026-07-17 16:34:50,28,7.97,-12500,-0.263,0.994,0.995,0.595,3.91e-30,4.28e-31,1.54e-06,0.125,179,0.0426,0.000594,0.852,0.000203,2.12,379,0.356,2.14,379,0.356,2.12,339,0.355,"No issues","No issues","No issues",417000,0.979,3.06e-23,12100,57.7,28100,29400,28100,"No issues",FALSE,NA
10,2026-07-17 16:49:00,2026-07-17 16:53:30,2026-07-17 16:45:00,28,13.8,-8770,-0.513,0.996,0.992,0.836,3.01e-33,3.74e-29,1.09e-11,0.163,150,0.0447,0.000777,0.713,0.000213,2.13,385,0.357,2.18,385,0.357,2.13,357,0.354,"No issues","No issues","No issues",736000,0.979,1.94e-23,21000,99.9,27100,29300,27100,"No issues",FALSE,NA
2,2026-07-17 16:59:10,2026-07-17 17:03:40,2026-07-17 16:55:10,28,2.41,-10300,0.147,0.961,0.992,0.261,6.45e-20,5.34e-29,0.00542,0.0948,178,0.0485,0.000452,0.846,0.000231,2.11,383,0.356,2.12,383,0.357,2.11,350,0.356,"No issues","No issues","No issues",22000,0.852,2.65e-12,1800,8.58,29100,29200,29100,"No issues",FALSE,NA
11,2026-07-17 17:09:20,2026-07-17 17:13:50,2026-07-17 17:05:20,28,9.03,-7900,-0.118,0.983,0.974,0.36,1.37e-24,3.36e-22,0.000733,0.232,252,0.0308,0.0011,1.2,0.000147,2.12,381,0.354,2.15,381,0.355,2.12,357,0.354,"No issues","No issues","No issues",51400,0.989,5.66e-27,1070,5.08,29000,29200,29000,"No issues",FALSE,NA
4,2026-07-17 17:19:30,2026-07-17 17:24:00,2026-07-17 17:15:30,28,2.67,-9860,-0.14,0.404,0.894,0.398,0.000279,3.47e-14,0.000322,0.636,666,0.0337,0.00303,3.17,0.000161,2.12,390,0.355,2.14,394,0.355,2.12,361,0.354,"No issues","No issues","No issues",223000,0.986,1.56e-25,5250,25,27700,28400,27700,"No issues",FALSE,NA
8,2026-07-17 17:29:40,2026-07-17 17:34:10,2026-07-17 17:25:40,28,39.8,-7730,-0.00739,0.981,0.994,0.0016,6.06e-24,4.7e-30,0.84,1.08,122,0.0362,0.00517,0.58,0.000173,2.15,388,0.357,2.28,388,0.358,2.15,363,0.357,"No issues","No issues","No issues",845000,0.998,5.36e-36,7840,37.4,26400,29000,26400,"No issues",FALSE,NA
5,2026-07-17 17:40:00,2026-07-17 17:44:20,2026-07-17 17:35:50,27,3.15,-8920,-0.0215,0.997,0.997,0.0122,4.06e-33,8.24e-34,0.584,0.0344,91.4,0.0387,0.000155,0.412,0.000174,2.12,392,0.355,2.13,392,0.355,2.12,364,0.354,"No issues","No issues","No issues",50700,0.951,7.73e-18,2320,10.4,28400,28600,28400,"No issues",FALSE,NA
9,2026-07-17 17:50:00,2026-07-17 17:54:30,2026-07-17 17:46:00,28,5.73,-6040,-0.215,0.998,0.991,0.726,1.49e-35,5.89e-28,8.64e-09,0.0553,115,0.0259,0.000264,0.546,0.000123,2.12,388,0.355,2.14,388,0.355,2.12,368,0.354,"No issues","No issues","No issues",209000,0.95,1.76e-18,9370,44.7,27400,28000,27400,"No issues",FALSE,NA
12,2026-07-17 18:00:10,2026-07-17 18:04:40,2026-07-17 17:56:10,28,23.8,-1590,-0.106,0.998,0.729,0.331,1.1e-35,7.58e-09,0.00136,0.227,190,0.0295,0.00108,0.904,0.000141,2.16,410,0.355,2.23,410,0.355,2.16,404,0.354,"No issues","No issues","No issues",163000,0.982,4.19e-24,4370,20.8,25700,26300,25700,"No issues",FALSE,NA
3,2026-07-17 18:10:20,2026-07-17 18:14:50,2026-07-17 18:06:20,28,4.12,-1950,-0.166,0.998,0.914,0.493,1.93e-36,2.14e-15,3.12e-05,0.0368,117,0.033,0.000175,0.557,0.000157,2.12,416,0.357,2.13,416,0.357,2.12,408,0.356,"No issues","No issues","No issues",35700,0.971,1.97e-21,1220,5.81,27700,27800,27700,"No issues",FALSE,NA
6,2026-07-17 18:20:30,2026-07-17 18:25:00,2026-07-17 18:16:30,28,4.44,-655,-0.521,0.999,0.61,0.665,1.11e-39,9.39e-07,1.26e-07,0.0297,103,0.0725,0.000142,0.49,0.000346,2.13,407,0.358,2.14,407,0.358,2.13,405,0.355,"No issues","No issues","No issues",-146000,0.975,2.66e-22,4610,22,26800,26800,26300,"No issues",FALSE,NA
1,2026-07-17 18:30:40,2026-07-17 18:35:10,2026-07-17 18:26:40,28,4.83,818,-0.16,0.983,0.363,0.617,1.74e-24,0.000685,7.28e-07,0.125,212,0.0247,0.000597,1.01,0.000118,2.14,418,0.355,2.15,424,0.355,2.14,418,0.355,"No issues","No issues","No issues",-2100,0.0209,0.463,2810,13.4,24700,24700,24600,"No issues",FALSE,NA
7,2026-07-17 18:40:50,2026-07-17 18:45:20,2026-07-17 18:36:50,28,8.55,1640,-0.266,0.995,0.924,0.608,1.37e-31,4.42e-16,1e-06,0.117,92.1,0.0418,0.00056,0.439,0.000199,2.17,438,0.357,2.2,443,0.357,2.17,437,0.355,"No issues","No issues","No issues",-95500,1,3.31e-47,328,1.56,25100,25100,24800,"No issues",FALSE,NA
10,2026-07-17 18:51:00,2026-07-17 18:55:30,2026-07-17 18:47:00,28,12.2,2750,-0.339,0.938,0.857,0.753,3.38e-17,1.69e-12,2.22e-09,0.618,220,0.038,0.00294,1.05,0.000181,2.15,454,0.358,2.19,464,0.358,2.15,454,0.356,"No issues","No issues","No issues",-23800,0.772,7.66e-10,2530,12.1,23700,23700,23600,"No issues",FALSE,NA
2,2026-07-17 19:01:10,2026-07-17 19:05:40,2026-07-17 18:57:10,28,4.25,4610,0.0242,0.982,0.99,0.0142,4.07e-24,8.08e-28,0.546,0.114,88.5,0.0396,0.000542,0.422,0.000189,2.14,461,0.358,2.15,476,0.359,2.14,461,0.358,"No issues","No issues","No issues",93300,0.954,5.87e-19,4000,19.1,25400,25700,25400,"No issues",FALSE,NA
11,2026-07-17 19:11:20,2026-07-17 19:15:50,2026-07-17 19:07:20,28,6.65,5560,-0.0155,0.984,0.986,0.00841,4.79e-25,1.6e-25,0.642,0.164,131,0.0331,0.000781,0.625,0.000158,2.2,462,0.358,2.22,479,0.358,2.2,461,0.358,"No issues","No issues","No issues",-49800,0.942,1.41e-17,2430,11.6,25600,25600,25400,"No issues",FALSE,NA
4,2026-07-17 19:21:30,2026-07-17 19:26:00,2026-07-17 19:17:30,28,5.43,3240,-0.172,0.982,0.972,0.378,3.35e-24,8.19e-22,0.000499,0.144,107,0.0433,0.000688,0.509,0.000206,2.13,445,0.357,2.15,456,0.358,2.13,445,0.356,"No issues","No issues","No issues",-215000,0.997,4.66e-34,2370,11.3,23300,23300,22700,"No issues",FALSE,NA
8,2026-07-17 19:31:40,2026-07-17 19:36:10,2026-07-17 19:27:40,28,12.5,7530,-0.146,0.998,0.993,0.634,6.04e-36,7.99e-30,4.03e-07,0.117,121,0.0218,0.000556,0.577,0.000104,2.18,458,0.358,2.22,481,0.358,2.18,458,0.358,"No issues","No issues","No issues",-61500,0.997,3.52e-35,614,2.93,22200,22200,22000,"No issues",FALSE,NA
5,2026-07-17 19:41:50,2026-07-17 19:46:20,2026-07-17 19:37:50,28,3.25,6940,-0.0922,0.72,0.965,0.297,1.16e-08,1.9e-20,0.00269,0.398,259,0.0278,0.0019,1.24,0.000132,2.17,471,0.357,2.19,492,0.358,2.17,471,0.357,"No issues","No issues","No issues",33600,0.769,9.08e-10,3600,17.2,22500,22600,22500,"No issues",FALSE,NA
9,2026-07-17 19:52:00,2026-07-17 19:56:30,2026-07-17 19:48:00,28,9.78,5880,-0.0347,0.983,0.994,0.0332,1.27e-24,3.49e-30,0.353,0.25,91.5,0.0367,0.00119,0.436,0.000175,2.17,465,0.357,2.19,483,0.357,2.17,465,0.356,"No issues","No issues","No issues",-57400,0.992,1.63e-28,1040,4.94,21900,21900,21700,"No issues",FALSE,NA
12,2026-07-17 20:02:10,2026-07-17 20:06:40,2026-07-17 19:58:10,28,29.7,7380,-0.0306,0.992,0.99,0.0543,8.73e-29,1.11e-27,0.233,0.523,144,0.025,0.00249,0.684,0.000119,2.21,460,0.356,2.3,483,0.357,2.21,460,0.356,"No issues","No issues","No issues",-37900,0.958,2.29e-19,1560,7.46,20900,21000,20800,"No issues",FALSE,NA
3,2026-07-17 20:12:20,2026-07-17 20:16:50,2026-07-17 20:08:20,28,3.48,5490,-0.0884,0.973,0.989,0.227,7.78e-22,2.98e-27,0.0104,0.115,111,0.032,0.000546,0.529,0.000152,2.2,487,0.359,2.21,505,0.359,2.2,487,0.358,"No issues","No issues","No issues",79400,0.984,6.16e-25,1970,9.41,22100,22400,22100,"No issues",FALSE,NA
6,2026-07-17 20:22:30,2026-07-17 20:27:00,2026-07-17 20:18:30,28,1.76,5980,-0.379,0.208,0.995,0.517,0.0148,2.39e-31,1.64e-05,0.674,83.8,0.0718,0.00322,0.4,0.000342,2.17,480,0.358,2.18,499,0.359,2.17,480,0.357,"No issues","No issues","No issues",-132000,0.998,1.06e-37,1050,5.02,21500,21500,21100,"No issues",FALSE,NA
1,2026-07-17 20:32:40,2026-07-17 20:37:10,2026-07-17 20:28:40,28,5.18,4980,-0.0428,0.853,0.948,0.0923,2.6e-12,3.65e-18,0.116,0.422,230,0.0263,0.00201,1.1,0.000126,2.17,498,0.358,2.19,514,0.358,2.17,498,0.358,"No issues","No issues","No issues",-29100,0.9,1.61e-14,1900,9.05,20600,20600,20500,"No issues",FALSE,NA
7,2026-07-17 20:42:50,2026-07-17 20:47:20,2026-07-17 20:38:50,28,6.75,4490,-0.125,0.962,0.99,0.398,5.39e-20,1.37e-27,0.000316,0.263,88.1,0.0301,0.00125,0.42,0.000144,2.22,512,0.359,2.24,527,0.359,2.22,512,0.358,"No issues","No issues","No issues",-13100,0.979,1.81e-23,373,1.78,20700,20700,20600,"No issues",FALSE,NA
10,2026-07-17 20:53:00,2026-07-17 20:57:30,2026-07-17 20:49:00,28,8.97,3720,-0.179,0.924,0.928,0.422,4.71e-16,2.34e-16,0.000185,0.506,204,0.0411,0.00241,0.972,0.000196,2.23,531,0.36,2.26,544,0.36,2.22,531,0.359,"No issues","No issues","No issues",20800,0.993,1.02e-29,337,1.61,20400,20500,20400,"No issues",FALSE,NA
2,2026-07-17 21:03:10,2026-07-17 21:07:40,2026-07-17 20:59:10,28,2.76,6730,-0.00872,0.982,0.994,0.00256,4.46e-24,1.28e-30,0.798,0.0743,101,0.0337,0.000354,0.48,0.000161,2.2,511,0.359,2.2,533,0.36,2.2,511,0.359,"No issues","No issues","No issues",48600,0.991,7.64e-28,932,4.45,21000,21100,21000,"No issues",FALSE,NA
11,2026-07-17 21:13:20,2026-07-17 21:17:50,2026-07-17 21:09:20,28,7.28,6050,-0.102,0.991,0.982,0.274,6.28e-28,3.33e-24,0.00423,0.138,161,0.0325,0.00066,0.766,0.000155,2.22,522,0.36,2.24,543,0.36,2.22,522,0.359,"No issues","No issues","No issues",-5860,0.507,2.13e-05,1130,5.4,21000,21000,21000,"No issues",FALSE,NA
4,2026-07-17 21:23:30,2026-07-17 21:28:00,2026-07-17 21:19:30,28,4.25,3690,-0.0666,0.989,0.984,0.258,8.64e-27,7.25e-25,0.00579,0.0895,92.5,0.0221,0.000427,0.441,0.000106,2.18,496,0.359,2.19,508,0.359,2.18,496,0.358,"No issues","No issues","No issues",-18800,0.931,1.29e-16,1000,4.78,20400,20400,20400,"No issues",FALSE,NA
8,2026-07-17 21:33:40,2026-07-17 21:38:10,2026-07-17 21:29:40,28,12.4,7780,-0.0902,0.999,0.997,0.326,1.35e-41,5.31e-34,0.00152,0.0701,86.2,0.0255,0.000334,0.411,0.000121,2.21,502,0.359,2.25,526,0.359,2.21,502,0.359,"No issues","No issues","No issues",26400,0.957,2.72e-19,1100,5.24,20400,20500,20400,"No issues",FALSE,NA
5,2026-07-17 21:43:50,2026-07-17 21:48:20,2026-07-17 21:39:50,28,2.45,4930,-0.135,0.991,0.982,0.253,4.5e-28,2.44e-24,0.00635,0.046,130,0.0455,0.000219,0.618,0.000217,2.21,515,0.358,2.21,531,0.359,2.21,515,0.358,"No issues","No issues","No issues",63600,0.999,7.01e-41,383,1.83,20500,20700,20500,"No issues",FALSE,NA
9,2026-07-17 21:54:00,2026-07-17 21:58:30,2026-07-17 21:50:00,28,5.69,5140,-0.0455,0.995,0.994,0.0849,9.4e-32,5.66e-30,0.132,0.077,81.5,0.0293,0.000367,0.389,0.00014,2.16,485,0.358,2.18,501,0.358,2.16,485,0.357,"No issues","No issues","No issues",56500,0.996,3.92e-33,677,3.23,20500,20700,20500,"No issues",FALSE,NA
12,2026-07-17 22:04:10,2026-07-17 22:08:40,2026-07-17 22:00:10,28,25.4,6050,-0.0168,0.996,0.996,0.0146,1.99e-32,1.89e-33,0.541,0.324,70.4,0.0272,0.00154,0.336,0.000129,2.2,506,0.358,2.28,525,0.358,2.2,506,0.358,"No issues","No issues","No issues",1490,0.0429,0.29,1380,6.6,20300,20300,20300,"No issues",FALSE,NA
3,2026-07-17 22:14:20,2026-07-17 22:18:50,2026-07-17 22:10:20,28,1.04,5720,-0.0878,0.243,0.99,0.41,0.00772,2.35e-27,0.000241,0.359,115,0.0207,0.00171,0.546,9.85e-05,2.25,542,0.36,2.26,560,0.36,2.25,542,0.359,"No issues","No issues","No issues",69900,0.99,8.23e-28,1340,6.41,21100,21300,21100,"No issues",FALSE,NA
6,2026-07-17 22:24:30,2026-07-17 22:29:00,2026-07-17 22:20:30,28,2.17,4940,-0.168,0.831,0.993,0.409,1.53e-11,2.21e-29,0.000251,0.192,82.6,0.0395,0.000914,0.394,0.000188,2.27,542,0.36,2.27,557,0.36,2.27,542,0.359,"No issues","No issues","No issues",4330,0.0993,0.102,2560,12.2,20700,20700,20700,"No issues",FALSE,NA
1,2026-07-17 22:34:40,2026-07-17 22:39:10,2026-07-17 22:30:40,28,3.65,3780,NA,0.98,0.984,NA,1.34e-23,8.66e-25,NA,0.102,95.4,NA,0.000488,0.455,NA,2.19,504,NA,2.2,516,NA,2.19,504,NA,"No issues","No issues","No issues",10800,0.769,9.3e-10,1160,5.55,20500,20600,20500,"No issues",FALSE,NA
7,2026-07-17 22:44:50,2026-07-17 22:49:20,2026-07-17 22:40:50,28,9.05,5090,-0.0987,0.995,0.987,0.55,1.81e-31,7.24e-26,6.36e-06,0.126,117,0.0175,0.000599,0.556,8.35e-05,2.18,499,0.359,2.21,515,0.359,2.18,499,0.359,"No issues","No issues","No issues",48000,0.991,4.16e-28,899,4.29,20600,20800,20600,"No issues",FALSE,NA
10,2026-07-17 22:55:00,2026-07-17 22:59:30,2026-07-17 22:51:00,28,12.1,5660,-0.14,0.94,0.982,0.392,2.07e-17,4.32e-24,0.000366,0.602,152,0.0343,0.00287,0.725,0.000163,2.2,512,0.359,2.24,529,0.36,2.19,511,0.359,"No issues","No issues","No issues",50500,0.992,8.44e-29,889,4.24,20600,20800,20600,"No issues",FALSE,NA
2,2026-07-17 23:05:10,2026-07-17 23:09:40,2026-07-17 23:01:10,28,1.98,6100,-0.0294,0.969,0.994,0.0258,3.15e-21,2.76e-30,0.414,0.069,94.1,0.0354,0.000329,0.449,0.000169,2.18,517,0.36,2.19,536,0.36,2.18,517,0.359,"No issues","No issues","No issues",23500,0.958,1.72e-19,959,4.57,21100,21100,21100,"No issues",FALSE,NA
11,2026-07-17 23:15:20,2026-07-17 23:19:50,2026-07-17 23:11:20,28,7.51,6530,-0.056,0.992,0.989,0.0781,1.18e-28,3.89e-27,0.15,0.134,133,0.0377,0.000639,0.635,0.00018,2.21,519,0.36,2.23,539,0.36,2.21,519,0.36,"No issues","No issues","No issues",93900,0.993,3.42e-29,1600,7.61,21400,21600,21400,"No issues",FALSE,NA
4,2026-07-17 23:25:30,2026-07-17 23:30:00,2026-07-17 23:21:30,28,5.85,3860,-0.0773,0.985,0.988,0.183,2.76e-25,2.58e-26,0.023,0.141,84.8,0.032,0.000672,0.404,0.000153,2.21,531,0.36,2.23,543,0.36,2.21,531,0.359,"No issues","No issues","No issues",23700,0.955,5.2e-19,1010,4.82,20900,21000,20900,"No issues",FALSE,NA
8,2026-07-17 23:35:40,2026-07-17 23:40:10,2026-07-17 23:31:40,28,15.9,6740,NA,0.991,0.982,NA,2.56e-28,2.62e-24,NA,0.292,177,NA,0.00139,0.846,NA,2.25,548,NA,2.3,569,NA,2.25,548,NA,"No issues","No issues","No issues",65400,0.996,2.03e-32,834,3.97,21000,21200,21000,"No issues",FALSE,NA
5,2026-07-17 23:45:50,2026-07-17 23:50:20,2026-07-17 23:41:50,28,3.01,5950,-0.00605,0.914,0.985,0.00224,2.38e-15,2.19e-25,0.811,0.182,142,0.025,0.000866,0.677,0.000119,2.22,551,0.359,2.22,569,0.359,2.22,551,0.359,"No issues","No issues","No issues",36300,0.541,8.26e-06,6550,31.2,21600,21700,21600,"No issues",FALSE,NA
9,2026-07-17 23:56:00,2026-07-18 00:00:30,2026-07-17 23:52:00,28,9.19,6260,-0.0822,0.976,0.992,0.173,1.44e-22,6.87e-29,0.0276,0.283,109,0.0352,0.00135,0.521,0.000168,2.2,538,0.359,2.23,558,0.359,2.2,538,0.358,"No issues","No issues","No issues",52200,0.975,2.32e-22,1640,7.81,21300,21500,21300,"No issues",FALSE,NA
12,2026-07-18 00:06:10,2026-07-18 00:10:40,2026-07-18 00:02:10,28,16.7,5370,0.00859,0.986,0.983,0.00157,1.14e-25,1.62e-24,0.842,0.389,139,0.0425,0.00186,0.662,0.000203,2.34,597,0.359,2.39,615,0.359,2.34,597,0.359,"No issues","No issues","No issues",32800,0.991,2.5e-28,603,2.87,21000,21100,21000,"No issues",FALSE,NA
3,2026-07-18 00:16:20,2026-07-18 00:20:50,2026-07-18 00:12:20,28,4.35,6390,-0.116,0.923,0.987,0.273,5.51e-16,6.03e-26,0.00433,0.246,145,0.0372,0.00117,0.693,0.000177,2.31,602,0.361,2.33,622,0.361,2.31,602,0.36,"No issues","No issues","No issues",73400,0.975,2.3e-22,2300,11,22100,22300,22100,"No issues",FALSE,NA
6,2026-07-18 00:26:30,2026-07-18 00:31:00,2026-07-18 00:22:30,28,1.54,4790,-0.0736,0.48,0.984,0.182,4.4e-05,4.71e-25,0.0237,0.315,118,0.0307,0.0015,0.562,0.000146,2.27,588,0.36,2.28,602,0.361,2.27,588,0.36,"No issues","No issues","No issues",30900,0.99,1.09e-27,600,2.86,21700,21700,21700,"No issues",FALSE,NA
1,2026-07-18 00:36:40,2026-07-18 00:41:10,2026-07-18 00:32:40,28,5.63,5240,-0.0392,0.955,0.991,0.0768,4.5e-19,6.89e-28,0.153,0.239,100,0.0267,0.00114,0.477,0.000127,2.22,572,0.36,2.24,589,0.361,2.22,572,0.36,"No issues","No issues","No issues",48000,0.983,1.14e-24,1220,5.84,21500,21700,21500,"No issues",FALSE,NA
7,2026-07-18 00:46:50,2026-07-18 00:51:20,2026-07-18 00:42:50,28,8.64,4960,-0.13,0.997,0.993,0.529,3.81e-34,1.01e-29,1.15e-05,0.0945,80.4,0.024,0.000451,0.383,0.000114,2.25,580,0.361,2.28,595,0.361,2.25,580,0.36,"No issues","No issues","No issues",82600,0.993,2.93e-29,1400,6.65,21700,22000,21700,"No issues",FALSE,NA
10,2026-07-18 00:57:00,2026-07-18 01:01:30,2026-07-18 00:53:00,28,13.4,6160,-0.168,0.925,0.972,0.373,3.92e-16,1.19e-21,0.000559,0.748,206,0.0427,0.00357,0.984,0.000204,2.22,561,0.361,2.26,579,0.361,2.22,561,0.36,"No issues","No issues","No issues",71000,0.996,2.61e-32,915,4.36,21700,22000,21700,"No issues",FALSE,NA
2,2026-07-18 01:07:10,2026-07-18 01:11:40,2026-07-18 01:03:10,28,2.65,5980,-0.0873,0.966,0.989,0.186,1.36e-20,3.61e-27,0.022,0.0978,122,0.0358,0.000466,0.581,0.000171,2.25,586,0.361,2.26,606,0.361,2.25,586,0.36,"No issues","No issues","No issues",21600,0.927,2.92e-16,1200,5.7,22100,22100,22100,"No issues",FALSE,NA
11,2026-07-18 01:17:20,2026-07-18 01:21:50,2026-07-18 01:13:20,28,2.71,4010,-0.0696,0.861,0.936,0.137,1.24e-12,5.06e-17,0.0522,0.214,206,0.0342,0.00102,0.981,0.000163,2.28,566,0.361,2.29,581,0.361,2.28,566,0.36,"No issues","No issues","No issues",113000,0.995,1.27e-31,1540,7.34,22900,23200,22900,"No issues",FALSE,NA
4,2026-07-18 01:27:30,2026-07-18 01:32:00,2026-07-18 01:23:30,28,5.63,4160,-0.0114,0.97,0.984,0.00365,3.01e-21,6.72e-25,0.76,0.195,104,0.0369,0.000932,0.495,0.000176,2.23,543,0.36,2.24,555,0.36,2.23,543,0.359,"No issues","No issues","No issues",29800,0.984,1.02e-24,755,3.6,22300,22400,22300,"No issues",FALSE,NA
8,2026-07-18 01:37:40,2026-07-18 01:42:10,2026-07-18 01:33:40,28,11.2,7590,-0.0954,0.994,0.997,0.171,1.17e-30,1.2e-34,0.0285,0.167,79.4,0.0411,0.000794,0.379,0.000196,2.21,549,0.36,2.25,572,0.36,2.21,549,0.359,"No issues","No issues","No issues",98400,0.993,1.1e-29,1600,7.63,22500,22800,22500,"No issues",FALSE,NA
5,2026-07-18 01:47:50,2026-07-18 01:52:20,2026-07-18 01:43:50,28,3.65,7090,-0.113,0.929,0.92,0.187,1.73e-16,8.18e-16,0.0216,0.197,409,0.0461,0.00094,1.95,0.00022,2.19,584,0.36,2.2,599,0.36,2.19,578,0.359,"No issues","No issues","No issues",-24600,0.976,1.41e-22,758,3.61,22600,22600,22500,"No issues",FALSE,NA
9,2026-07-18 01:58:00,2026-07-18 02:02:30,2026-07-18 01:54:00,28,5.48,4570,-0.0884,0.993,0.956,0.141,7.84e-30,3.55e-19,0.0486,0.0879,192,0.0427,0.000419,0.915,0.000204,2.19,572,0.359,2.21,587,0.36,2.19,572,0.359,"No issues","No issues","No issues",115000,0.997,1.16e-33,1310,6.25,22700,23100,22700,"No issues",FALSE,NA
12,2026-07-18 02:08:10,2026-07-18 02:12:40,2026-07-18 02:04:10,28,18.6,5080,-0.0653,0.998,0.919,0.141,2.27e-37,1.01e-15,0.0493,0.152,296,0.0316,0.000727,1.41,0.000151,2.24,553,0.359,2.29,568,0.359,2.24,553,0.359,"No issues","No issues","No issues",104000,0.997,8.67e-34,1180,5.61,22700,23100,22700,"No issues",FALSE,NA
3,2026-07-18 02:18:20,2026-07-18 02:22:50,2026-07-18 02:14:20,28,2.51,4830,-0.0756,0.95,0.846,0.108,1.85e-18,4.48e-12,0.0871,0.113,403,0.0425,0.000537,1.92,0.000203,2.17,548,0.36,2.18,565,0.361,2.17,548,0.36,"No issues","No issues","No issues",42600,0.928,2.32e-16,2330,11.1,24300,24500,24300,"No issues",FALSE,NA
6,2026-07-18 02:28:30,2026-07-18 02:33:00,2026-07-18 02:24:30,28,3.67,5810,-0.242,0.99,0.991,0.747,2.26e-27,3.34e-28,3.04e-09,0.0733,108,0.0276,0.000349,0.514,0.000131,2.16,499,0.36,2.17,518,0.36,2.16,499,0.359,"No issues","No issues","No issues",46400,0.977,6.66e-23,1390,6.62,23600,23700,23600,"No issues",FALSE,NA
1,2026-07-18 02:38:40,2026-07-18 02:43:10,2026-07-18 02:34:40,28,4.46,4380,-0.138,0.988,0.959,0.517,1.67e-26,1.54e-19,1.62e-05,0.0964,178,0.0262,0.000459,0.848,0.000125,2.15,486,0.359,2.17,501,0.359,2.15,486,0.359,"No issues","No issues","No issues",101000,0.995,6.09e-31,1470,7,23500,23800,23500,"No issues",FALSE,NA
7,2026-07-18 02:48:50,2026-07-18 02:53:20,2026-07-18 02:44:50,28,7.66,3850,-0.075,0.998,0.979,0.131,1.23e-35,2.09e-23,0.0586,0.0735,110,0.0379,0.00035,0.525,0.000181,2.17,514,0.36,2.19,526,0.36,2.17,514,0.359,"No issues","No issues","No issues",106000,0.997,1.7e-34,1130,5.38,23800,24100,23800,"No issues",FALSE,NA
10,2026-07-18 02:59:00,2026-07-18 03:03:30,2026-07-18 02:55:00,28,13,6860,-0.147,0.963,0.987,0.362,3.3e-20,5.56e-26,0.000708,0.496,155,0.0382,0.00236,0.74,0.000182,2.16,465,0.359,2.2,487,0.359,2.16,465,0.358,"No issues","No issues","No issues",79800,0.998,2.13e-35,781,3.72,23900,24100,23900,"No issues",FALSE,NA
2,2026-07-18 03:09:10,2026-07-18 03:13:40,2026-07-18 03:05:10,28,1.85,7140,-0.147,0.972,0.99,0.289,1.21e-21,1.13e-27,0.00317,0.062,139,0.0452,0.000296,0.663,0.000216,2.15,483,0.359,2.16,506,0.359,2.15,483,0.358,"No issues","No issues","No issues",46800,0.999,5.66e-42,256,1.22,24100,24200,24100,"No issues",FALSE,NA
11,2026-07-18 03:19:20,2026-07-18 03:23:50,2026-07-18 03:15:20,28,4.89,4270,-0.0968,0.959,0.92,0.129,1.48e-19,8.57e-16,0.0605,0.198,247,0.0494,0.000945,1.18,0.000235,2.19,511,0.36,2.21,526,0.36,2.19,511,0.359,"No issues","No issues","No issues",90100,0.917,1.42e-15,5310,25.3,25700,26000,25700,"No issues",FALSE,NA
4,2026-07-18 03:29:40,2026-07-18 03:34:00,2026-07-18 03:25:30,27,8.63,5630,-0.0199,0.987,0.997,0.0123,6.01e-25,4.79e-33,0.582,0.201,61.8,0.0357,0.000905,0.279,0.000161,2.14,462,0.359,2.17,478,0.359,2.14,462,0.358,"No issues","No issues","No issues",2960,0.0474,0.275,2650,12,24500,24500,24400,"No issues",FALSE,NA
8,2026-07-18 03:39:40,2026-07-18 03:44:10,2026-07-18 03:35:40,28,10.3,8780,-0.114,1,0.997,0.286,8.57e-47,6.52e-35,0.00335,0.0369,89.7,0.0352,0.000176,0.428,0.000168,2.15,460,0.359,2.18,487,0.359,2.15,460,0.358,"No issues","No issues","No issues",89400,0.998,2.82e-37,740,3.53,24300,24500,24300,"No issues",FALSE,NA
5,2026-07-18 03:49:50,2026-07-18 03:54:20,2026-07-18 03:45:50,28,3.06,8040,-0.0784,0.988,0.997,0.243,1.08e-26,1.08e-33,0.00771,0.0649,91.5,0.0271,0.00031,0.436,0.000129,2.17,476,0.359,2.18,501,0.359,2.17,476,0.358,"No issues","No issues","No issues",12800,0.971,1.62e-21,435,2.07,23700,23800,23700,"No issues",FALSE,NA
9,2026-07-18 04:00:00,2026-07-18 04:04:30,2026-07-18 03:56:00,28,7.14,5900,0.139,0.999,0.997,0.264,1.02e-39,3.38e-34,0.00517,0.0476,64.2,0.0456,0.000227,0.306,0.000217,2.14,462,0.358,2.16,481,0.359,2.14,462,0.358,"No issues","No issues","No issues",60700,0.961,8.53e-20,2410,11.5,23800,24000,23800,"No issues",FALSE,NA
12,2026-07-18 04:10:10,2026-07-18 04:14:40,2026-07-18 04:06:10,28,36.9,7740,-0.026,1,0.995,0.0154,3.44e-46,8.47e-32,0.529,0.139,104,0.0407,0.000661,0.497,0.000194,2.19,459,0.358,2.3,483,0.359,2.19,459,0.357,"No issues","No issues","No issues",36400,0.98,1.64e-23,1030,4.9,23500,23600,23500,"No issues",FALSE,NA
3,2026-07-18 04:20:20,2026-07-18 04:24:50,2026-07-18 04:16:20,28,4.41,7310,-0.0605,0.997,0.995,0.102,6.17e-35,2.71e-31,0.0979,0.045,103,0.0352,0.000214,0.491,0.000168,2.13,456,0.36,2.14,479,0.36,2.13,456,0.359,"No issues","No issues","No issues",24700,0.973,7.64e-22,814,3.88,23800,23900,23800,"No issues",FALSE,NA
6,2026-07-18 04:30:30,2026-07-18 04:35:00,2026-07-18 04:26:30,28,4.25,6890,-0.105,0.999,0.996,0.323,3.96e-39,4.78e-33,0.00161,0.0299,83.1,0.0299,0.000142,0.396,0.000143,2.13,452,0.359,2.14,474,0.36,2.13,452,0.359,"No issues","No issues","No issues",43800,0.997,4.5e-35,441,2.1,23600,23700,23600,"No issues",FALSE,NA
1,2026-07-18 04:40:40,2026-07-18 04:45:10,2026-07-18 04:36:40,28,7.8,5200,-0.0376,0.984,0.989,0.0517,8.23e-25,7.9e-27,0.245,0.196,109,0.0316,0.000936,0.52,0.000151,2.15,472,0.36,2.18,488,0.36,2.15,472,0.36,"No issues","No issues","No issues",37500,0.997,2.64e-34,405,1.93,23100,23200,23100,"No issues",FALSE,NA
7,2026-07-18 04:50:50,2026-07-18 04:55:20,2026-07-18 04:46:50,28,10.6,5950,NA,0.999,0.993,NA,2.18e-43,1.89e-29,NA,0.0509,98.9,NA,0.000243,0.471,NA,2.17,474,NA,2.2,492,NA,2.17,474,NA,"No issues","No issues","No issues",92700,1,9.9e-47,332,1.58,23200,23500,23200,"No issues",FALSE,NA
10,2026-07-18 05:01:00,2026-07-18 05:05:30,2026-07-18 04:57:00,28,19.3,7900,-0.126,0.992,0.997,0.343,5.21e-29,1.51e-34,0.00106,0.334,83.3,0.0342,0.00159,0.397,0.000163,2.16,458,0.36,2.22,482,0.36,2.16,458,0.359,"No issues","No issues","No issues",58300,0.994,8.73e-31,860,4.1,23300,23500,23300,"No issues",FALSE,NA
2,2026-07-18 05:11:10,2026-07-18 05:15:40,2026-07-18 05:07:10,28,2.27,6670,-0.0171,0.99,0.995,0.0125,1.65e-27,1.27e-31,0.571,0.0449,91.3,0.0298,0.000214,0.435,0.000142,2.13,468,0.359,2.14,489,0.359,2.13,468,0.359,"No issues","No issues","No issues",65900,0.989,4.69e-27,1360,6.46,23000,23200,23000,"No issues",FALSE,NA
11,2026-07-18 05:21:20,2026-07-18 05:25:50,2026-07-18 05:17:20,28,NA,NA,NA,NA,NA,NA,NA,NA,NA,NA,NA,NA,NA,NA,NA,NA,NA,NA,NA,NA,NA,NA,NA,NA,"chamber malfunction","chamber malfunction","chamber malfunction",NA,NA,NA,NA,NA,NA,NA,NA,"No issues",FALSE,NA
4,2026-07-18 05:31:30,2026-07-18 05:36:00,2026-07-18 05:27:30,28,8.18,4350,0.514,0.998,0.988,0.931,1.37e-37,1.82e-26,1.36e-16,0.0659,94.4,0.0275,0.000314,0.45,0.000131,2.14,458,0.359,2.17,472,0.361,2.14,458,0.359,"No issues","No issues","No issues",52000,0.996,1.18e-32,650,3.1,23600,23700,23600,"No issues",FALSE,NA
8,2026-07-18 05:41:40,2026-07-18 05:46:10,2026-07-18 05:37:40,28,9.11,7280,-0.0546,0.999,0.996,0.0685,1.68e-41,1.82e-32,0.179,0.0519,92.5,0.0395,0.000247,0.441,0.000188,2.15,472,0.359,2.18,494,0.359,2.15,472,0.358,"No issues","No issues","No issues",108000,0.997,3.56e-35,1080,5.16,23700,24000,23700,"No issues",FALSE,NA
5,2026-07-18 05:51:50,2026-07-18 05:56:20,2026-07-18 05:47:50,28,5.16,7960,-0.00765,0.979,0.983,0.00109,2.48e-23,2.07e-24,0.868,0.148,208,0.0455,0.000707,0.99,0.000217,2.16,481,0.359,2.17,505,0.36,2.16,481,0.359,"No issues","No issues","No issues",49400,0.989,7.9e-27,1040,4.95,23400,23600,23400,"No issues",FALSE,NA
9,2026-07-18 06:02:00,2026-07-18 06:06:30,2026-07-18 05:58:00,28,11.8,3950,0.355,0.998,0.98,0.889,2.36e-37,1.6e-23,6.51e-14,0.0973,112,0.0246,0.000464,0.532,0.000118,2.17,483,0.359,2.21,496,0.361,2.17,483,0.359,"No issues","No issues","No issues",84700,0.995,9.34e-32,1150,5.46,23900,24100,23900,"No issues",FALSE,NA
12,2026-07-18 06:12:10,2026-07-18 06:16:40,2026-07-18 06:08:10,28,36.6,2230,0.163,0.999,0.974,0.329,2.42e-42,4.24e-22,0.00141,0.194,71.7,0.0456,0.000923,0.342,0.000217,2.2,498,0.36,2.32,506,0.361,2.2,498,0.36,"No issues","No issues","No issues",87400,0.996,3.35e-32,1140,5.42,24000,24300,24000,"No issues",FALSE,NA
3,2026-07-18 06:22:20,2026-07-18 06:26:50,2026-07-18 06:18:20,28,7.85,-797,0.211,0.999,0.665,0.447,1.13e-39,1.25e-07,0.000101,0.0526,111,0.046,0.000251,0.529,0.000219,2.14,484,0.36,2.17,484,0.361,2.14,480,0.36,"No issues","No issues","No issues",184000,0.999,2.3e-38,1390,6.62,24500,25100,24500,"No issues",FALSE,NA
6,2026-07-18 06:32:40,2026-07-18 06:37:00,2026-07-18 06:28:30,27,9.33,-5620,NA,1,0.988,NA,7.73e-44,1.02e-25,NA,0.0379,122,NA,0.000171,0.549,NA,2.14,452,NA,2.17,452,NA,2.14,433,NA,"No issues","No issues","No issues",203000,0.999,1.64e-39,1230,5.53,25300,26000,25300,"No issues",FALSE,NA
1,2026-07-18 06:42:50,2026-07-18 06:47:10,2026-07-18 06:38:40,27,18.4,-3490,0.244,0.995,0.983,0.555,1.52e-30,1.16e-23,8.35e-06,0.254,91.7,0.0437,0.00115,0.413,0.000197,2.16,440,0.36,2.21,440,0.36,2.16,429,0.359,"No issues","No issues","No issues",229000,0.999,9.19e-42,1130,5.08,26400,27100,26400,"No issues",FALSE,NA
7,2026-07-18 06:53:00,2026-07-18 06:57:20,2026-07-18 06:48:50,27,20.1,-8840,0.0685,0.999,0.997,0.157,8.56e-41,5.15e-33,0.041,0.108,97.4,0.0318,0.000488,0.439,0.000143,2.16,416,0.36,2.22,416,0.36,2.16,390,0.359,"No issues","No issues","No issues",205000,1,1.02e-43,844,3.8,27500,28100,27500,"No issues",FALSE,NA
10,2026-07-18 07:03:00,2026-07-18 07:07:30,2026-07-18 06:59:00,28,39.2,-2630,0.196,0.905,0.713,0.442,8.21e-15,1.65e-08,0.000113,2.49,327,0.0432,0.0119,1.56,0.000206,2.17,423,0.36,2.29,423,0.361,2.17,413,0.36,"No issues","No issues","No issues",246000,0.985,2.77e-25,5930,28.3,27900,28700,27900,"No issues",FALSE,NA
2,2026-07-18 07:13:10,2026-07-18 07:17:40,2026-07-18 07:09:10,28,5.22,-3440,0.0962,0.998,0.968,0.424,9.91e-37,5.48e-21,0.000175,0.0454,122,0.022,0.000216,0.583,0.000105,2.13,420,0.36,2.15,420,0.361,2.13,408,0.36,"No issues","No issues","No issues",216000,0.998,5.52e-36,2010,9.56,28500,29100,28500,"No issues",FALSE,NA
11,2026-07-18 07:23:20,2026-07-18 07:27:50,2026-07-18 07:19:20,28,NA,NA,NA,NA,NA,NA,NA,NA,NA,NA,NA,NA,NA,NA,NA,NA,NA,NA,NA,NA,NA,NA,NA,NA,"chamber malfunction","chamber malfunction","chamber malfunction",NA,NA,NA,NA,NA,NA,NA,NA,"No issues",FALSE,NA
4,2026-07-18 07:33:30,2026-07-18 07:38:00,2026-07-18 07:29:30,28,21.9,-4400,1.31,0.996,0.987,0.985,2.48e-33,3.49e-26,4e-25,0.257,97.8,0.0321,0.00123,0.466,0.000153,2.16,427,0.36,2.23,427,0.364,2.16,412,0.36,"No issues","No issues","No issues",179000,0.997,1.83e-34,1900,9.06,29200,29700,29200,"No issues",FALSE,NA
8,2026-07-18 07:43:40,2026-07-18 07:48:10,2026-07-18 07:39:40,28,10.2,-9830,0.102,0.988,0.997,0.201,9.68e-27,3.15e-34,0.0166,0.215,107,0.0398,0.00102,0.509,0.00019,2.14,412,0.36,2.17,412,0.36,2.14,381,0.359,"No issues","No issues","No issues",388000,0.99,2.16e-27,7740,36.9,29600,30800,29600,"No issues",FALSE,NA
5,2026-07-18 07:53:50,2026-07-18 07:58:20,2026-07-18 07:49:50,28,11.4,-7890,-0.0282,0.933,0.831,0.0265,8.03e-17,1.61e-11,0.408,0.595,699,0.0335,0.00284,3.33,0.00016,2.14,417,0.358,2.18,417,0.359,2.14,387,0.358,"No issues","No issues","No issues",22000,0.816,4.77e-11,2050,9.75,29800,29900,29800,"No issues",FALSE,NA
9,2026-07-18 08:04:00,2026-07-18 08:08:30,2026-07-18 08:00:00,28,16.7,-10000,-0.0745,0.998,0.993,0.0804,4.15e-36,1.28e-29,0.144,0.154,164,0.0494,0.000733,0.783,0.000236,2.15,407,0.358,2.21,407,0.358,2.15,376,0.357,"No issues","No issues","No issues",54400,0.925,3.56e-16,3030,14.4,30000,30200,30000,"No issues",FALSE,NA
12,2026-07-18 08:14:10,2026-07-18 08:18:40,2026-07-18 08:10:10,28,60.5,-14100,0.0108,0.998,0.998,0.0046,1.12e-36,5.25e-36,0.732,0.529,131,0.0312,0.00252,0.623,0.000149,2.19,411,0.358,2.38,411,0.359,2.19,366,0.358,"No issues","No issues","No issues",75300,0.926,3.24e-16,4170,19.9,29900,30100,29900,"No issues",FALSE,NA
3,2026-07-18 08:24:20,2026-07-18 08:28:50,2026-07-18 08:20:20,28,8.14,-16800,-0.183,0.994,0.992,0.494,5.56e-30,7.97e-29,3.06e-05,0.129,295,0.0363,0.000615,1.41,0.000173,2.15,398,0.36,2.17,398,0.36,2.15,345,0.359,"No issues","No issues","No issues",199000,0.983,1.11e-24,5070,24.2,30900,31500,30900,"No issues",FALSE,NA
6,2026-07-18 08:34:30,2026-07-18 08:39:00,2026-07-18 08:30:30,28,10.4,-19100,0.0493,0.99,0.988,0.0347,2.29e-27,1.79e-26,0.342,0.208,415,0.051,0.000992,1.98,0.000243,2.16,401,0.361,2.19,401,0.361,2.16,338,0.36,"No issues","No issues","No issues",63500,0.867,6.75e-13,4880,23.3,31600,31900,31600,"No issues",FALSE,NA
1,2026-07-18 08:44:40,2026-07-18 08:49:10,2026-07-18 08:40:40,28,18.5,-14300,0.0516,0.954,0.995,0.0657,6.51e-19,4.06e-31,0.188,0.799,205,0.0382,0.00381,0.975,0.000182,2.17,407,0.359,2.23,407,0.359,2.17,364,0.359,"No issues","No issues","No issues",179000,0.957,2.64e-19,7450,35.5,31700,32300,31700,"No issues",FALSE,NA
7,2026-07-18 08:54:50,2026-07-18 08:59:20,2026-07-18 08:50:50,28,31.7,-20100,-0.0339,0.988,0.997,0.0249,1.55e-26,3.34e-34,0.423,0.683,218,0.0416,0.00326,1.04,0.000198,2.18,405,0.36,2.27,405,0.36,2.18,342,0.359,"No issues","No issues","No issues",132000,0.997,9.21e-34,1490,7.1,32500,32900,32500,"No issues",FALSE,NA
10,2026-07-18 09:05:00,2026-07-18 09:09:30,2026-07-18 09:01:00,28,45.1,-11400,0.0173,0.939,0.984,0.00423,2.43e-17,7.98e-25,0.742,2.25,285,0.052,0.0107,1.36,0.000248,2.18,413,0.36,2.34,413,0.36,2.18,377,0.359,"No issues","No issues","No issues",82600,0.998,6.19e-36,771,3.68,32800,33100,32800,"No issues",FALSE,NA
2,2026-07-18 09:15:10,2026-07-18 09:19:40,2026-07-18 09:11:10,28,3.47,-19500,-0.0487,0.983,0.997,0.0699,1.67e-24,1.37e-34,0.174,0.0899,205,0.0348,0.000428,0.977,0.000166,2.15,404,0.361,2.16,404,0.361,2.15,343,0.36,"No issues","No issues","No issues",108000,0.998,4.76e-36,996,4.75,32900,33300,32900,"No issues",FALSE,NA
11,2026-07-18 09:25:20,2026-07-18 09:29:50,2026-07-18 09:21:20,28,NA,NA,NA,NA,NA,NA,NA,NA,NA,NA,NA,NA,NA,NA,NA,NA,NA,NA,NA,NA,NA,NA,NA,NA,"chamber malfunction","chamber malfunction","chamber malfunction",NA,NA,NA,NA,NA,NA,NA,NA,"No issues",FALSE,NA
4,2026-07-18 09:35:30,2026-07-18 09:40:00,2026-07-18 09:31:30,28,12.6,-18900,0.381,0.999,0.998,0.719,1.51e-39,2.07e-36,1.24e-08,0.0855,169,0.0467,0.000408,0.808,0.000223,2.16,403,0.359,2.2,403,0.36,2.16,344,0.359,"No issues","No issues","No issues",-81200,0.929,1.78e-16,4390,20.9,33500,33500,33300,"No issues",FALSE,NA
8,2026-07-18 09:45:40,2026-07-18 09:50:10,2026-07-18 09:41:40,28,11.7,-20800,NA,0.996,0.995,NA,1.28e-32,5.79e-31,NA,0.147,302,NA,0.000701,1.44,NA,2.14,388,NA,2.18,388,NA,2.14,322,NA,"No issues","No issues","No issues",111000,0.99,1.74e-27,2190,10.4,34400,34800,34400,"No issues",FALSE,NA
5,2026-07-18 09:55:50,2026-07-18 10:00:20,2026-07-18 09:51:50,28,9.51,-15600,-0.121,0.681,0.744,0.112,6.53e-08,3.69e-09,0.0819,1.28,1800,0.0671,0.00609,8.56,0.00032,2.17,406,0.358,2.2,409,0.358,2.17,349,0.357,"No issues","No issues","No issues",25200,0.756,1.93e-09,2810,13.4,33600,33700,33600,"No issues",FALSE,NA
9,2026-07-18 10:06:00,2026-07-18 10:10:30,2026-07-18 10:02:00,28,14,-19700,-0.148,0.992,0.99,0.394,1.69e-28,1.18e-27,0.000346,0.254,384,0.0359,0.00121,1.83,0.000171,2.15,386,0.357,2.19,386,0.357,2.15,323,0.356,"No issues","No issues","No issues",49800,0.974,3.28e-22,1590,7.56,34200,34400,34200,"No issues",FALSE,NA
12,2026-07-18 10:16:10,2026-07-18 10:20:40,2026-07-18 10:12:10,28,56.4,-17100,-0.00927,0.999,0.995,0.00256,4.6e-43,6.33e-32,0.798,0.28,228,0.0358,0.00133,1.09,0.000171,2.19,391,0.358,2.36,391,0.359,2.19,338,0.358,"No issues","No issues","No issues",25000,0.289,0.00315,7680,36.6,35700,35800,35600,"No issues",FALSE,NA
3,2026-07-18 10:26:20,2026-07-18 10:30:50,2026-07-18 10:22:20,28,6.5,-23000,-0.329,0.999,0.995,0.761,4.78e-41,4.73e-31,1.46e-09,0.0385,332,0.0361,0.000184,1.58,0.000172,2.13,380,0.36,2.15,380,0.36,2.13,309,0.359,"No issues","No issues","No issues",29400,0.97,2.3e-21,1010,4.82,35600,35700,35600,"No issues",FALSE,NA
6,2026-07-18 10:36:30,2026-07-18 10:41:00,2026-07-18 10:32:30,28,8.45,-23300,-0.521,0.997,0.994,0.899,6.55e-35,1.63e-30,1.82e-14,0.0864,351,0.0342,0.000412,1.68,0.000163,2.13,378,0.361,2.15,378,0.361,2.13,305,0.359,"No issues","No issues","No issues",-37300,0.651,2.16e-07,5360,25.6,36300,36300,36200,"No issues",FALSE,NA
1,2026-07-18 10:46:40,2026-07-18 10:51:10,2026-07-18 10:42:40,28,15.6,-14200,-0.189,0.954,0.987,0.459,6.19e-19,5.36e-26,7.44e-05,0.67,322,0.0403,0.00319,1.53,0.000192,2.14,392,0.358,2.19,392,0.358,2.14,347,0.357,"No issues","No issues","No issues",19500,0.955,5.29e-19,835,3.98,36400,36400,36400,"No issues",FALSE,NA
7,2026-07-18 10:56:50,2026-07-18 11:01:20,2026-07-18 10:52:50,28,24.5,-19700,-0.252,0.998,0.99,0.658,3.18e-38,1.27e-27,1.65e-07,0.186,385,0.0357,0.000888,1.84,0.00017,2.16,378,0.36,2.23,378,0.36,2.16,316,0.358,"No issues","No issues","No issues",52900,0.967,7.25e-21,1900,9.07,36800,36900,36800,"No issues",FALSE,NA
10,2026-07-18 11:07:00,2026-07-18 11:11:30,2026-07-18 11:03:00,28,33.3,-11100,-0.292,0.984,0.983,0.653,6.52e-25,1.84e-24,2e-07,0.831,288,0.0418,0.00396,1.37,0.000199,2.15,398,0.36,2.25,398,0.36,2.15,362,0.359,"No issues","No issues","No issues",22600,0.88,1.68e-13,1630,7.77,37100,37100,37100,"No issues",FALSE,NA
2,2026-07-18 11:17:10,2026-07-18 11:21:40,2026-07-18 11:13:10,28,4.25,-17100,0.058,0.997,0.997,0.05,2.78e-35,5.89e-34,0.253,0.042,190,0.0496,2e-04,0.908,0.000236,2.12,391,0.36,2.14,391,0.36,2.12,337,0.36,"No issues","No issues","No issues",32700,0.877,2.34e-13,2400,11.4,37300,37400,37300,"No issues",FALSE,NA
11,2026-07-18 11:27:20,2026-07-18 11:31:50,2026-07-18 11:23:20,28,18.5,-16400,-0.584,0.966,0.969,0.905,1.14e-20,4.65e-21,7.93e-15,0.679,580,0.037,0.00324,2.77,0.000177,2.14,386,0.359,2.21,386,0.359,2.14,333,0.357,"No issues","No issues","No issues",-486000,0.874,3.38e-13,36200,173,40200,40200,38400,"No issues",FALSE,NA
4,2026-07-18 11:37:30,2026-07-18 11:42:00,2026-07-18 11:33:30,28,11.7,-13800,0.393,0.999,0.993,0.856,9.8e-42,1.56e-29,1.98e-12,0.065,227,0.0316,0.00031,1.08,0.000151,2.14,388,0.356,2.18,388,0.357,2.14,345,0.356,"No issues","No issues","No issues",40900,0.977,8.89e-23,1240,5.89,37600,37700,37600,"No issues",FALSE,NA
8,2026-07-18 11:47:40,2026-07-18 11:52:10,2026-07-18 11:43:40,28,11.7,-11200,-0.0387,0.998,0.989,0.033,3.69e-36,5.57e-27,0.355,0.107,232,0.0411,0.00051,1.11,0.000196,2.14,400,0.363,2.17,400,0.363,2.14,365,0.362,"No issues","No issues","No issues",542000,0.985,3.12e-25,13100,62.6,42400,44100,42400,"No issues",FALSE,NA
5,2026-07-18 11:57:50,2026-07-18 12:02:20,2026-07-18 11:53:50,28,4.48,-20900,-0.391,0.877,0.979,0.645,2.32e-13,2.49e-23,2.65e-07,0.328,600,0.0569,0.00156,2.86,0.000271,2.14,393,0.355,2.16,394,0.355,2.14,332,0.354,"No issues","No issues","No issues",-114000,0.921,7.09e-16,6520,31.1,39200,39200,38800,"No issues",FALSE,NA
9,2026-07-18 12:08:00,2026-07-18 12:12:30,2026-07-18 12:04:00,28,13.5,-13500,-0.0284,0.997,0.99,0.0362,1.97e-34,1.16e-27,0.332,0.144,264,0.0288,0.000687,1.26,0.000137,2.15,390,0.354,2.19,390,0.354,2.15,347,0.354,"No issues","No issues","No issues",61200,0.963,3.89e-20,2350,11.2,39700,39900,39700,"No issues",FALSE,NA
12,2026-07-18 12:18:10,2026-07-18 12:22:40,2026-07-18 12:14:10,28,54.4,-10500,0.181,1,0.991,0.34,3.83e-45,2.56e-28,0.00113,0.224,193,0.0493,0.00107,0.92,0.000235,2.18,403,0.356,2.35,403,0.356,2.18,369,0.355,"No issues","No issues","No issues",123000,0.995,1.64e-31,1700,8.12,41500,41900,41500,"No issues",FALSE,NA
3,2026-07-18 12:28:20,2026-07-18 12:32:50,2026-07-18 12:24:20,28,6.43,-15500,-0.411,0.997,0.994,0.691,3.55e-35,6.64e-31,4.28e-08,0.0642,226,0.0539,0.000306,1.08,0.000257,2.13,383,0.358,2.15,383,0.358,2.13,334,0.356,"No issues","No issues","No issues",-85600,0.974,3.07e-22,2720,13,39200,39200,38900,"No issues",FALSE,NA
6,2026-07-18 12:38:30,2026-07-18 12:43:00,2026-07-18 12:34:30,28,8.98,-16700,-0.693,0.999,0.997,0.817,2.78e-40,1.16e-33,4.42e-11,0.057,191,0.0643,0.000272,0.911,0.000307,2.14,386,0.359,2.16,386,0.359,2.14,333,0.356,"No issues","No issues","No issues",36400,0.963,3.82e-20,1400,6.67,39100,39200,39100,"No issues",FALSE,NA
1,2026-07-18 12:48:40,2026-07-18 12:53:10,2026-07-18 12:44:40,28,12.7,-8750,-0.205,0.973,0.984,0.328,5.24e-22,5.06e-25,0.00146,0.412,216,0.0576,0.00196,1.03,0.000274,2.14,393,0.354,2.19,395,0.355,2.14,367,0.354,"No issues","No issues","No issues",109000,0.977,6.7e-23,3250,15.5,40700,41000,40700,"No issues",FALSE,NA
7,2026-07-18 12:58:50,2026-07-18 13:03:20,2026-07-18 12:54:50,28,15.5,-15600,-0.303,0.997,0.995,0.137,3.1e-34,5.32e-31,0.0528,0.168,226,0.149,0.000803,1.08,0.000713,2.15,396,0.358,2.21,396,0.358,2.15,347,0.355,"No issues","No issues","No issues",61300,0.985,3.02e-25,1480,7.07,41300,41500,41300,"No issues",FALSE,NA
10,2026-07-18 13:09:00,2026-07-18 13:13:30,2026-07-18 13:05:00,28,30.4,-6740,-0.701,0.977,0.974,0.549,6.32e-23,3.21e-22,6.56e-06,0.908,214,0.125,0.00433,1.02,0.000594,2.17,412,0.359,2.26,412,0.359,2.17,390,0.356,"No issues","No issues","No issues",70700,0.98,1.56e-23,2000,9.52,41800,42100,41800,"No issues",FALSE,NA
2,2026-07-18 13:19:20,2026-07-18 13:23:40,2026-07-18 13:15:10,27,3.62,-14000,0.134,0.997,0.984,0.0901,2.67e-32,4.95e-24,0.128,0.0426,356,0.0849,0.000192,1.6,0.000383,2.14,397,0.357,2.15,397,0.357,2.14,354,0.356,"No issues","No issues","No issues",32500,0.79,5.85e-10,3340,15.1,41100,41100,41000,"No issues",FALSE,NA
11,2026-07-18 13:29:20,2026-07-18 13:33:50,2026-07-18 13:25:20,28,22.1,-8520,-0.29,0.921,0.843,0.703,7.21e-16,6.06e-12,2.58e-08,1.27,722,0.037,0.00605,3.44,0.000176,2.17,417,0.354,2.23,417,0.354,2.16,380,0.352,"No issues","No issues","No issues",10800,0.315,0.00189,3120,14.9,41900,42000,41900,"No issues",FALSE,NA
4,2026-07-18 13:39:30,2026-07-18 13:44:00,2026-07-18 13:35:30,28,7.64,-12400,0.228,0.95,0.993,0.497,1.99e-18,1.86e-29,2.79e-05,0.344,206,0.045,0.00164,0.982,0.000215,2.15,411,0.352,2.18,411,0.353,2.15,374,0.351,"No issues","No issues","No issues",-927,0.00208,0.818,3990,19,42300,42400,42300,"No issues",FALSE,NA
8,2026-07-18 13:49:40,2026-07-18 13:54:10,2026-07-18 13:45:40,28,12.8,-13600,-0.41,0.999,0.998,0.683,3.95e-44,2.08e-35,5.96e-08,0.0576,133,0.0548,0.000274,0.632,0.000261,2.16,437,0.363,2.2,437,0.363,2.16,394,0.361,"No issues","No issues","No issues",260000,0.981,8.66e-24,7170,34.2,45300,46200,45300,"No issues",FALSE,NA
5,2026-07-18 14:00:00,2026-07-18 14:04:20,2026-07-18 13:55:50,27,6.23,-12100,-0.232,0.985,0.975,0.452,2.72e-24,1.87e-21,0.000124,0.154,391,0.0511,0.000695,1.76,0.00023,2.15,409,0.352,2.16,409,0.352,2.15,373,0.35,"No issues","No issues","No issues",-251000,0.99,1.76e-26,5060,22.8,41700,41700,40900,"No issues",FALSE,NA
9,2026-07-18 14:10:00,2026-07-18 14:14:30,2026-07-18 14:06:00,28,9.73,-5880,0.154,0.996,0.988,0.258,5.11e-33,1.05e-26,0.00574,0.118,125,0.0511,0.000561,0.595,0.000244,2.16,412,0.352,2.19,412,0.353,2.16,394,0.351,"No issues","No issues","No issues",-149000,0.973,5.79e-22,4860,23.2,41500,41500,41100,"No issues",FALSE,NA
12,2026-07-18 14:20:10,2026-07-18 14:24:40,2026-07-18 14:16:10,28,44.3,-1730,0.0149,0.999,0.745,0.000563,5.6e-44,3.49e-09,0.905,0.203,199,0.123,0.000965,0.946,0.000587,2.21,415,0.354,2.35,415,0.355,2.21,409,0.353,"No issues","No issues","No issues",-180000,0.995,1.39e-31,2470,11.8,40900,40900,40300,"No issues",FALSE,NA
3,2026-07-18 14:30:20,2026-07-18 14:34:50,2026-07-18 14:26:20,28,4.88,-1950,-0.483,0.997,0.865,0.526,4.62e-35,7.94e-13,1.26e-05,0.0492,151,0.0898,0.000235,0.721,0.000428,2.16,414,0.358,2.17,414,0.358,2.16,407,0.356,"No issues","No issues","No issues",-163000,0.995,2.97e-31,2310,11,38200,38200,37700,"No issues",FALSE,NA
6,2026-07-18 14:40:30,2026-07-18 14:45:00,2026-07-18 14:36:30,28,6.99,261,-0.577,0.998,0.18,0.922,2.71e-36,0.0246,6.86e-16,0.0632,109,0.033,0.000301,0.522,0.000158,2.16,417,0.359,2.18,418,0.359,2.16,416,0.357,"No issues","No issues","No issues",-44900,0.955,4.73e-19,1910,9.1,37500,37500,37400,"No issues",FALSE,NA
1,2026-07-18 14:50:40,2026-07-18 14:55:10,2026-07-18 14:46:40,28,8.13,927,-0.12,0.978,0.422,0.356,4.98e-23,0.000184,0.000805,0.24,213,0.0317,0.00115,1.01,0.000151,2.17,424,0.357,2.2,429,0.357,2.17,424,0.356,"No issues","No issues","No issues",-37600,0.8,1.38e-10,3680,17.5,37500,37500,37400,"No issues",FALSE,NA
7,2026-07-18 15:00:50,2026-07-18 15:05:20,2026-07-18 14:56:50,28,16,2860,-0.181,1,0.964,0.47,1.58e-45,2.81e-20,5.73e-05,0.0637,109,0.0377,0.000304,0.518,0.00018,2.2,440,0.359,2.25,449,0.36,2.2,440,0.359,"No issues","No issues","No issues",-78500,0.998,1.63e-36,696,3.32,37200,37200,37000,"No issues",FALSE,NA
10,2026-07-18 15:11:00,2026-07-18 15:15:30,2026-07-18 15:07:00,28,23.5,3460,-0.51,0.982,0.934,0.909,2.48e-24,7.14e-17,4.66e-15,0.616,180,0.0316,0.00294,0.86,0.000151,2.2,463,0.36,2.28,474,0.36,2.2,463,0.359,"No issues","No issues","No issues",-101000,0.993,1.33e-29,1650,7.85,36800,36800,36500,"No issues",FALSE,NA
2,2026-07-18 15:21:10,2026-07-18 15:25:40,2026-07-18 15:17:10,28,4.35,4320,-0.116,0.998,0.989,0.442,4.07e-37,8.48e-27,0.000114,0.0366,90.9,0.0256,0.000174,0.433,0.000122,2.18,462,0.361,2.19,476,0.361,2.18,462,0.36,"No issues","No issues","No issues",-70800,0.935,5.42e-17,3650,17.4,36100,36100,35900,"No issues",FALSE,NA
11,2026-07-18 15:31:20,2026-07-18 15:35:50,2026-07-18 15:27:20,28,14,3160,-0.145,0.997,0.967,0.517,1.06e-34,7.98e-21,1.61e-05,0.145,114,0.0275,0.000693,0.545,0.000131,2.21,470,0.358,2.26,480,0.358,2.21,470,0.358,"No issues","No issues","No issues",21300,0.99,8.06e-28,408,1.95,35900,35900,35900,"No issues",FALSE,NA
4,2026-07-18 15:41:30,2026-07-18 15:46:00,2026-07-18 15:37:30,28,5.94,3230,0.216,0.997,0.958,0.515,4.92e-35,1.93e-19,1.74e-05,0.06,133,0.0412,0.000286,0.632,0.000196,2.17,442,0.357,2.19,453,0.358,2.17,442,0.357,"No issues","No issues","No issues",-226000,0.987,4.89e-26,5090,24.3,35000,35000,34300,"No issues",FALSE,NA
8,2026-07-18 15:51:40,2026-07-18 15:56:10,2026-07-18 15:47:40,28,11.2,4340,-0.377,0.999,0.983,0.887,2.32e-41,2.07e-24,7.68e-14,0.0649,113,0.0264,0.000309,0.54,0.000126,2.11,427,0.359,2.14,441,0.359,2.11,427,0.358,"No issues","No issues","No issues",-298000,0.993,8.95e-30,4810,22.9,32200,32200,31300,"No issues",FALSE,NA
5,2026-07-18 16:01:50,2026-07-18 16:06:20,2026-07-18 15:57:50,28,5.95,4950,-0.0242,0.967,0.857,0.03,8.25e-21,1.67e-12,0.378,0.215,396,0.027,0.00103,1.89,0.000129,2.1,432,0.357,2.11,449,0.357,2.1,432,0.356,"No issues","No issues","No issues",38900,0.888,6.97e-14,2700,12.9,30900,31000,30900,"No issues",FALSE,NA
9,2026-07-18 16:12:00,2026-07-18 16:16:30,2026-07-18 16:08:00,28,9.68,3410,-0.000607,0.996,0.976,3.34e-05,2.35e-33,1.48e-22,0.977,0.114,105,0.0206,0.000542,0.502,9.81e-05,2.11,426,0.357,2.14,437,0.357,2.11,426,0.357,"No issues","No issues","No issues",65700,0.801,1.34e-10,6430,30.7,30900,31100,30900,"No issues",FALSE,NA
12,2026-07-18 16:22:10,2026-07-18 16:26:40,2026-07-18 16:18:10,28,40.6,3590,0.0577,0.996,0.981,0.137,1.92e-32,7.18e-24,0.0525,0.517,98.4,0.0284,0.00247,0.469,0.000135,2.14,428,0.358,2.27,439,0.358,2.14,428,0.357,"No issues","No issues","No issues",-84300,0.928,2.36e-16,4610,22,29900,29900,29600,"No issues",FALSE,NA
3,2026-07-18 16:32:20,2026-07-18 16:36:50,2026-07-18 16:28:20,28,4.69,3450,-0.0724,0.999,0.97,0.0601,1.04e-40,2.28e-21,0.209,0.0286,118,0.0562,0.000137,0.565,0.000268,2.08,428,0.36,2.1,440,0.36,2.08,428,0.359,"No issues","No issues","No issues",49400,0.956,4.08e-19,2090,9.95,30100,30200,30000,"No issues",FALSE,NA
1,2026-07-18 17:08:10,2026-07-18 17:12:40,2026-07-18 17:04:10,28,8.05,-3760,0.15,0.989,0.927,0.597,3.01e-27,2.68e-16,1.46e-06,0.163,207,0.0242,0.000776,0.987,0.000116,2.07,417,0.359,2.1,417,0.36,2.07,403,0.359,"No issues","No issues","No issues",136000,0.997,1.73e-34,1440,6.88,28100,28500,28100,"No issues",FALSE,NA
7,2026-07-18 17:18:20,2026-07-18 17:22:50,2026-07-18 17:14:20,28,14.2,-4060,-0.27,1,0.974,0.581,7.94e-47,3.75e-22,2.44e-06,0.0504,130,0.0449,0.00024,0.62,0.000214,2.08,407,0.359,2.13,407,0.359,2.08,395,0.358,"No issues","No issues","No issues",-4360,0.0388,0.315,4250,20.3,28800,28800,28800,"No issues",FALSE,NA
10,2026-07-18 17:28:30,2026-07-18 17:33:00,2026-07-18 17:24:30,28,20.8,-2350,-0.347,0.992,0.923,0.73,1.84e-28,5.04e-16,7.35e-09,0.377,133,0.0414,0.0018,0.633,0.000197,2.08,417,0.36,2.15,418,0.36,2.08,411,0.359,"No issues","No issues","No issues",-71900,0.972,9.88e-22,2390,11.4,28700,28700,28500,"No issues",FALSE,NA
2,2026-07-18 17:38:40,2026-07-18 17:43:10,2026-07-18 17:34:40,28,2.91,-1500,-0.114,0.998,0.857,0.37,2.69e-37,1.7e-12,0.000589,0.024,120,0.0292,0.000115,0.572,0.000139,2.06,417,0.359,2.07,417,0.36,2.06,411,0.359,"No issues","No issues","No issues",6180,0.199,0.0172,2430,11.6,28200,28200,28200,"No issues",FALSE,NA
11,2026-07-18 17:48:50,2026-07-18 17:53:20,2026-07-18 17:44:50,28,11.8,1650,-0.036,0.981,0.923,0.0505,6.2e-24,5.15e-16,0.25,0.322,93.2,0.0306,0.00153,0.444,0.000146,2.08,420,0.359,2.12,426,0.359,2.08,420,0.358,"No issues","No issues","No issues",55500,0.99,1.45e-27,1090,5.2,28000,28100,28000,"No issues",FALSE,NA
4,2026-07-18 17:59:00,2026-07-18 18:03:30,2026-07-18 17:55:00,28,7.03,1430,-0.0278,0.927,0.779,0.031,2.77e-16,5.09e-10,0.37,0.387,149,0.0304,0.00185,0.711,0.000145,2.09,422,0.358,2.11,427,0.359,2.09,422,0.358,"No issues","No issues","No issues",106000,0.994,1.03e-30,1580,7.51,27500,27800,27500,"No issues",FALSE,NA
8,2026-07-18 18:09:10,2026-07-18 18:13:40,2026-07-18 18:05:10,28,10.5,4200,-0.0225,0.994,0.987,0.018,7.82e-31,7.15e-26,0.496,0.154,96.1,0.0325,0.000735,0.458,0.000155,2.11,430,0.359,2.14,443,0.36,2.11,430,0.359,"No issues","No issues","No issues",31100,0.978,3.29e-23,904,4.31,27900,28000,27900,"No issues",FALSE,NA
5,2026-07-18 18:19:20,2026-07-18 18:23:50,2026-07-18 18:15:20,28,4.31,5630,-0.0399,0.996,0.995,0.0413,9.35e-33,5.8e-31,0.3,0.0533,81.7,0.0377,0.000254,0.39,0.00018,2.11,441,0.359,2.13,458,0.359,2.11,439,0.358,"No issues","No issues","No issues",20300,0.959,1.38e-19,823,3.92,27400,27500,27400,"No issues",FALSE,NA
9,2026-07-18 18:29:30,2026-07-18 18:34:00,2026-07-18 18:25:30,28,10.1,4800,0.0267,0.995,0.993,0.0223,4.06e-31,1.38e-29,0.448,0.144,78.8,0.0346,0.000689,0.376,0.000165,2.11,436,0.359,2.14,452,0.359,2.11,436,0.358,"No issues","No issues","No issues",82200,0.992,4.3e-29,1410,6.72,27800,28000,27800,"No issues",FALSE,NA
12,2026-07-18 18:39:40,2026-07-18 18:44:10,2026-07-18 18:35:40,28,31.8,5450,-0.0601,0.991,0.993,0.0944,3.91e-28,3.6e-29,0.112,0.593,92.8,0.0365,0.00283,0.442,0.000174,2.44,438,0.359,2.55,455,0.359,2.44,438,0.359,"No issues","No issues","No issues",-31100,0.791,2.46e-10,3130,14.9,27400,27500,27300,"No issues",FALSE,NA
3,2026-07-18 18:49:50,2026-07-18 18:54:20,2026-07-18 18:45:50,28,4.51,5440,-0.303,0.998,0.988,0.734,2.26e-35,1.69e-26,6.08e-09,0.0442,118,0.0359,0.000211,0.561,0.000171,2.11,447,0.361,2.12,464,0.362,2.11,447,0.36,"No issues","No issues","No issues",89800,0.984,8.53e-25,2260,10.8,27900,28100,27900,"No issues",FALSE,NA
6,2026-07-18 19:00:00,2026-07-18 19:04:30,2026-07-18 18:56:00,28,8.29,5390,-0.391,1,0.993,0.705,5.24e-48,7.48e-30,2.37e-08,0.0265,86.4,0.0497,0.000126,0.412,0.000237,2.1,452,0.361,2.13,469,0.361,2.1,452,0.36,"No issues","No issues","No issues",24700,0.605,1.13e-06,3910,18.7,28200,28300,28200,"No issues",FALSE,NA
1,2026-07-18 19:10:10,2026-07-18 19:14:40,2026-07-18 19:06:10,28,10.8,4510,-0.159,0.996,0.988,0.264,3.66e-32,2.6e-26,0.00514,0.14,99.2,0.052,0.00067,0.473,0.000248,2.1,446,0.36,2.14,460,0.36,2.1,446,0.359,"No issues","No issues","No issues",47100,0.99,2.67e-27,948,4.52,28100,28300,28100,"No issues",FALSE,NA
7,2026-07-18 19:20:20,2026-07-18 19:24:50,2026-07-18 19:16:20,28,17.1,5100,-0.155,0.999,0.993,0.358,8.57e-44,5.95e-30,0.000773,0.0794,81.1,0.0408,0.000379,0.386,0.000194,2.13,454,0.36,2.18,470,0.36,2.13,454,0.359,"No issues","No issues","No issues",10300,0.871,4.35e-13,777,3.7,28200,28300,28200,"No issues",FALSE,NA
10,2026-07-18 19:30:30,2026-07-18 19:35:00,2026-07-18 19:26:30,28,33.4,6130,-0.246,0.976,0.988,0.529,1.19e-22,1.82e-26,1.16e-05,1.02,133,0.0455,0.00486,0.634,0.000217,2.11,446,0.361,2.21,464,0.361,2.11,446,0.359,"No issues","No issues","No issues",-21400,0.957,2.45e-19,888,4.23,28200,28200,28100,"No issues",FALSE,NA
2,2026-07-18 19:40:40,2026-07-18 19:45:10,2026-07-18 19:36:40,28,3.55,5500,0.102,0.998,0.993,0.174,2.08e-36,3.15e-29,0.0272,0.0318,93.2,0.0438,0.000151,0.444,0.000209,2.08,451,0.36,2.1,467,0.36,2.08,450,0.359,"No issues","No issues","No issues",15600,0.956,3.83e-19,658,3.13,27800,27800,27800,"No issues",FALSE,NA
11,2026-07-18 19:50:50,2026-07-18 19:55:20,2026-07-18 19:46:50,28,16.5,5700,-0.0626,0.967,0.973,0.0687,9.59e-21,6.98e-22,0.178,0.601,187,0.0452,0.00287,0.891,0.000215,2.12,467,0.36,2.17,486,0.36,2.12,467,0.359,"No issues","No issues","No issues",8670,0.847,4.35e-12,724,3.45,27600,27700,27600,"No issues",FALSE,NA
4,2026-07-18 20:01:00,2026-07-18 20:05:30,2026-07-18 19:57:00,28,10.7,4800,0.0315,0.992,0.983,0.0346,1.05e-28,1.23e-24,0.344,0.191,123,0.0326,0.000909,0.584,0.000156,2.11,461,0.359,2.15,475,0.36,2.11,461,0.359,"No issues","No issues","No issues",31900,0.946,5.27e-18,1490,7.13,27500,27700,27500,"No issues",FALSE,NA
8,2026-07-18 20:11:10,2026-07-18 20:15:40,2026-07-18 20:07:10,28,12.1,5830,-0.0913,0.999,0.992,0.308,8.43e-44,4.71e-29,0.00218,0.056,100,0.0268,0.000267,0.478,0.000128,2.11,457,0.36,2.15,476,0.36,2.11,457,0.359,"No issues","No issues","No issues",19600,0.954,5.96e-19,842,4.01,26900,26900,26900,"No issues",FALSE,NA
5,2026-07-18 20:21:30,2026-07-18 20:25:50,2026-07-18 20:17:20,27,7.27,5910,0.0351,0.998,0.991,0.0585,1.4e-35,3.63e-27,0.224,0.0632,112,0.0282,0.000285,0.505,0.000127,2.13,472,0.36,2.15,489,0.36,2.13,472,0.359,"No issues","No issues","No issues",48900,0.992,1.79e-27,900,4.06,26700,26900,26700,"No issues",FALSE,NA
9,2026-07-18 20:31:40,2026-07-18 20:36:00,2026-07-18 20:27:30,27,11.9,4270,-0.0225,0.986,0.979,0.027,9.71e-25,1.74e-22,0.413,0.283,125,0.0271,0.00127,0.564,0.000122,2.14,474,0.359,2.18,487,0.36,2.14,474,0.359,"No issues","No issues","No issues",36800,0.912,1.02e-14,2280,10.3,27200,27300,27200,"No issues",FALSE,NA
12,2026-07-18 20:41:40,2026-07-18 20:46:10,2026-07-18 20:37:40,28,46.3,5360,-0.000295,0.999,0.996,3.52e-06,1.18e-40,1.17e-32,0.992,0.284,66.9,0.0309,0.00136,0.319,0.000147,2.17,459,0.359,2.32,476,0.36,2.17,459,0.359,"No issues","No issues","No issues",-35000,0.993,2.94e-29,592,2.82,26700,26700,26600,"No issues",FALSE,NA
3,2026-07-18 20:51:50,2026-07-18 20:56:20,2026-07-18 20:47:50,28,6.3,5870,-0.184,1,0.993,0.528,1.18e-44,3.09e-29,1.19e-05,0.0271,99.4,0.0342,0.000129,0.474,0.000163,2.12,467,0.361,2.14,485,0.362,2.12,467,0.361,"No issues","No issues","No issues",47300,0.996,2.62e-32,609,2.91,26900,27100,26900,"No issues",FALSE,NA
6,2026-07-18 21:02:00,2026-07-18 21:06:30,2026-07-18 20:58:00,28,9.15,5860,-0.373,0.999,0.993,0.803,2.14e-44,1.02e-29,1.15e-10,0.0403,95,0.0362,0.000192,0.453,0.000172,2.12,465,0.362,2.15,484,0.362,2.12,465,0.36,"No issues","No issues","No issues",33500,0.983,1.81e-24,870,4.15,27100,27200,27100,"No issues",FALSE,NA
1,2026-07-18 21:12:10,2026-07-18 21:16:40,2026-07-18 21:08:10,28,13.9,5020,-0.0871,0.983,0.989,0.285,1.37e-24,5.42e-27,0.00346,0.356,104,0.0271,0.0017,0.495,0.000129,2.14,473,0.36,2.18,489,0.36,2.14,473,0.36,"No issues","No issues","No issues",7400,0.709,1.94e-08,930,4.43,27100,27100,27100,"No issues",FALSE,NA
7,2026-07-18 21:22:20,2026-07-18 21:26:50,2026-07-18 21:18:20,28,20.5,5270,-0.185,1,0.993,0.493,2.33e-47,2.84e-29,3.12e-05,0.0695,89,0.0367,0.000331,0.424,0.000175,2.15,482,0.361,2.21,498,0.361,2.15,482,0.36,"No issues","No issues","No issues",7130,0.697,3.26e-08,920,4.39,27000,27100,27000,"No issues",FALSE,NA
10,2026-07-18 21:32:30,2026-07-18 21:37:00,2026-07-18 21:28:30,28,31.7,5430,-0.265,0.978,0.977,0.578,5.41e-23,9.4e-23,2.69e-06,0.939,165,0.0444,0.00447,0.785,0.000212,2.14,482,0.361,2.24,498,0.362,2.14,481,0.36,"No issues","No issues","No issues",31900,0.991,5.61e-28,604,2.88,27100,27200,27100,"No issues",FALSE,NA
2,2026-07-18 21:42:40,2026-07-18 21:47:10,2026-07-18 21:38:40,28,3.58,5360,0.0058,0.997,0.992,0.00111,3.06e-34,9.25e-29,0.866,0.0388,94.7,0.0341,0.000185,0.451,0.000163,2.11,487,0.361,2.12,504,0.361,2.11,487,0.361,"No issues","No issues","No issues",30700,0.992,3.99e-29,525,2.5,27000,27100,27000,"No issues",FALSE,NA
11,2026-07-18 21:52:50,2026-07-18 21:57:20,2026-07-18 21:48:50,28,16.1,5930,0.0539,0.989,0.992,0.081,3.34e-27,6.44e-29,0.142,0.326,103,0.0356,0.00155,0.493,0.00017,2.14,495,0.361,2.19,514,0.361,2.14,495,0.36,"No issues","No issues","No issues",19200,0.953,7.84e-19,831,3.96,27100,27100,27100,"No issues",FALSE,NA
4,2026-07-18 22:03:00,2026-07-18 22:07:30,2026-07-18 21:59:00,28,11,4890,0.037,0.993,0.993,0.0789,1.44e-29,3.27e-29,0.148,0.181,83,0.0248,0.000863,0.396,0.000118,2.13,493,0.361,2.16,508,0.361,2.13,493,0.36,"No issues","No issues","No issues",50000,0.996,3.44e-33,595,2.84,27100,27300,27100,"No issues",FALSE,NA
8,2026-07-18 22:13:10,2026-07-18 22:17:40,2026-07-18 22:09:10,28,12.6,6140,-0.0571,1,0.994,0.193,1.17e-45,3.49e-30,0.0194,0.0497,95.6,0.0229,0.000237,0.456,0.000109,2.13,506,0.361,2.17,525,0.361,2.13,506,0.36,"No issues","No issues","No issues",5050,0.65,2.27e-07,727,3.47,26500,26500,26500,"No issues",FALSE,NA
5,2026-07-18 22:23:20,2026-07-18 22:27:50,2026-07-18 22:19:20,28,6.46,6910,-0.00228,0.997,0.993,0.000534,2.33e-35,2.73e-29,0.907,0.0634,117,0.0194,0.000302,0.555,9.23e-05,2.13,509,0.361,2.15,530,0.361,2.13,509,0.361,"No issues","No issues","No issues",41600,0.99,2.26e-27,832,3.97,26400,26600,26400,"No issues",FALSE,NA
9,2026-07-18 22:33:30,2026-07-18 22:38:00,2026-07-18 22:29:30,28,11.4,5370,-0.0205,0.999,0.991,0.0227,2.01e-39,6.9e-28,0.444,0.0783,103,0.0264,0.000373,0.489,0.000126,2.14,511,0.36,2.18,527,0.361,2.14,510,0.36,"No issues","No issues","No issues",44400,0.99,9.76e-28,859,4.1,26900,27000,26900,"No issues",FALSE,NA
12,2026-07-18 22:43:40,2026-07-18 22:48:10,2026-07-18 22:39:40,28,40.1,5910,-0.0544,0.999,0.993,0.0944,1.24e-38,1.42e-29,0.112,0.295,97,0.033,0.0014,0.463,0.000157,2.18,503,0.361,2.31,522,0.361,2.18,503,0.36,"No issues","No issues","No issues",-15700,0.732,6.67e-09,1870,8.91,26500,26500,26400,"No issues",FALSE,NA
3,2026-07-18 22:53:50,2026-07-18 22:58:20,2026-07-18 22:49:50,28,5.35,6150,-0.198,0.998,0.994,0.663,4.44e-36,8.49e-31,1.36e-07,0.0493,90.6,0.0278,0.000235,0.432,0.000132,2.12,504,0.362,2.14,522,0.363,2.12,504,0.362,"No issues","No issues","No issues",19000,0.956,4.19e-19,805,3.84,26700,26800,26700,"No issues",FALSE,NA
6,2026-07-18 23:04:00,2026-07-18 23:08:30,2026-07-18 23:00:00,28,7.94,6330,-0.319,0.998,0.993,0.722,5.15e-38,6.79e-30,1.06e-08,0.0616,101,0.0388,0.000294,0.482,0.000185,2.13,511,0.363,2.16,530,0.363,2.13,511,0.362,"No issues","No issues","No issues",26500,0.988,1.68e-26,573,2.73,26700,26800,26700,"No issues",FALSE,NA
1,2026-07-18 23:14:10,2026-07-18 23:18:40,2026-07-18 23:10:10,28,11.1,5270,-0.142,0.995,0.989,0.319,4.51e-31,3.97e-27,0.00175,0.159,108,0.0408,0.000758,0.513,0.000194,2.14,509,0.361,2.18,526,0.361,2.14,509,0.36,"No issues","No issues","No issues",40000,0.983,1.38e-24,1030,4.89,26800,26900,26800,"No issues",FALSE,NA
7,2026-07-18 23:24:20,2026-07-18 23:28:50,2026-07-18 23:20:20,28,18.2,5130,-0.094,0.999,0.988,0.14,4.4e-42,1.71e-26,0.0502,0.0984,111,0.0457,0.000469,0.529,0.000218,2.14,501,0.362,2.2,517,0.362,2.14,501,0.361,"No issues","No issues","No issues",23900,0.97,2.42e-21,822,3.92,26900,27000,26900,"No issues",FALSE,NA
10,2026-07-18 23:34:30,2026-07-18 23:39:00,2026-07-18 23:30:30,28,27.8,6060,-0.199,0.974,0.977,0.427,4.46e-22,7.85e-23,0.000161,0.895,182,0.0451,0.00427,0.869,0.000215,2.14,498,0.362,2.22,516,0.362,2.14,497,0.361,"No issues","No issues","No issues",23000,0.983,1.1e-24,587,2.8,26900,27000,26900,"No issues",FALSE,NA
2,2026-07-18 23:44:40,2026-07-18 23:49:10,2026-07-18 23:40:40,28,3.09,5210,-0.0375,0.99,0.989,0.0341,8e-28,5.97e-27,0.347,0.0593,108,0.0391,0.000283,0.516,0.000186,2.12,502,0.361,2.13,519,0.362,2.12,502,0.361,"No issues","No issues","No issues",14800,0.893,4.06e-14,1010,4.8,26800,26800,26800,"No issues",FALSE,NA
11,2026-07-18 23:55:00,2026-07-18 23:59:20,2026-07-18 23:50:50,27,13.4,6500,0.00659,0.994,0.991,0.00125,1.49e-29,7.85e-27,0.861,0.204,127,0.0372,0.00092,0.572,0.000168,2.13,472,0.361,2.17,493,0.361,2.13,472,0.36,"No issues","No issues","No issues",41000,0.987,5.69e-25,952,4.29,26800,26900,26800,"No issues",FALSE,NA
4,2026-07-19 00:05:00,2026-07-19 00:09:30,2026-07-19 00:01:00,28,9.13,4840,0.00316,0.99,0.989,0.000234,2.1e-27,3.28e-27,0.938,0.182,98.2,0.0406,0.000868,0.468,0.000193,2.12,471,0.36,2.15,485,0.36,2.12,471,0.36,"No issues","No issues","No issues",37400,0.965,1.55e-20,1390,6.6,27000,27100,27000,"No issues",FALSE,NA
8,2026-07-19 00:15:10,2026-07-19 00:19:40,2026-07-19 00:11:10,28,12.2,6170,-0.0366,0.999,0.993,0.0357,1.05e-41,2.55e-29,0.336,0.0684,104,0.0373,0.000326,0.495,0.000178,2.15,484,0.361,2.19,505,0.361,2.15,484,0.36,"No issues","No issues","No issues",32600,0.972,9.88e-22,1080,5.16,26500,26600,26500,"No issues",FALSE,NA
5,2026-07-19 00:25:20,2026-07-19 00:29:50,2026-07-19 00:21:20,28,4.26,7290,-0.0464,0.977,0.994,0.0339,6.47e-23,2.65e-30,0.348,0.127,112,0.0486,0.000607,0.535,0.000232,2.12,469,0.36,2.14,492,0.36,2.12,469,0.36,"No issues","No issues","No issues",34700,0.916,1.74e-15,2070,9.85,26600,26700,26600,"No issues",FALSE,NA
9,2026-07-19 00:35:40,2026-07-19 00:40:00,2026-07-19 00:31:30,27,9.39,5640,-0.016,0.998,0.983,0.0061,2.61e-36,1.57e-23,0.699,0.0763,150,0.0408,0.000344,0.675,0.000184,2.14,492,0.36,2.17,508,0.36,2.14,491,0.359,"No issues","No issues","No issues",35400,0.981,4.44e-23,983,4.43,26900,27000,26900,"No issues",FALSE,NA
12,2026-07-19 00:45:40,2026-07-19 00:50:10,2026-07-19 00:41:40,28,355,5470,-0.14,0.79,0.993,0.271,2.75e-10,3.4e-29,0.00449,36,92.9,0.0449,0.172,0.443,0.000214,2.2,486,0.36,3.11,504,0.36,2.2,486,0.36,"No issues","No issues","No issues",15400,0.819,3.69e-11,1420,6.77,26700,26700,26700,"No issues",TRUE,294
3,2026-07-19 00:55:50,2026-07-19 01:00:20,2026-07-19 00:51:50,28,5.33,6450,-0.169,0.999,0.994,0.352,1.68e-39,3.54e-30,0.000871,0.0362,100,0.0448,0.000173,0.479,0.000214,2.1,460,0.361,2.12,480,0.361,2.1,460,0.36,"No issues","No issues","No issues",49500,0.991,3.78e-28,924,4.4,27000,27200,27000,"No issues",FALSE,NA
6,2026-07-19 01:06:00,2026-07-19 01:10:30,2026-07-19 01:02:00,28,6.88,5940,-0.282,0.996,0.993,0.615,2.07e-32,1.26e-29,7.77e-07,0.0879,97.2,0.0437,0.000419,0.463,0.000209,2.14,484,0.362,2.16,504,0.362,2.14,484,0.361,"No issues","No issues","No issues",-19600,0.989,4.79e-27,403,1.92,27100,27100,27000,"No issues",FALSE,NA
1,2026-07-19 01:16:10,2026-07-19 01:20:40,2026-07-19 01:12:10,28,9.49,5090,-0.118,0.994,0.993,0.414,1.16e-30,1.18e-29,0.000222,0.141,82.9,0.0275,0.000674,0.395,0.000131,2.13,507,0.36,2.16,523,0.36,2.13,506,0.36,"No issues","No issues","No issues",-35700,0.974,3.11e-22,1130,5.41,27000,27000,26900,"No issues",FALSE,NA
7,2026-07-19 01:26:20,2026-07-19 01:30:50,2026-07-19 01:22:20,28,15.9,4550,-0.0916,0.996,0.974,0.196,2.63e-32,4.4e-22,0.0182,0.205,147,0.0363,0.000976,0.699,0.000173,2.18,524,0.361,2.22,537,0.361,2.18,523,0.361,"No issues","No issues","No issues",21800,0.846,4.57e-12,1830,8.7,26600,26700,26600,"No issues",FALSE,NA
10,2026-07-19 01:36:30,2026-07-19 01:41:00,2026-07-19 01:32:30,28,24.2,5880,-0.0727,0.948,0.97,0.0907,2.95e-18,2.03e-21,0.119,1.11,201,0.0452,0.00529,0.959,0.000215,2.2,509,0.361,2.28,527,0.361,2.2,509,0.361,"No issues","No issues","No issues",-11100,0.861,1.19e-12,874,4.17,26600,26600,26500,"No issues",FALSE,NA
2,2026-07-19 01:46:40,2026-07-19 01:51:10,2026-07-19 01:42:40,28,3.24,5520,-0.0642,0.984,0.992,0.0766,8.45e-25,4.62e-29,0.154,0.0815,95,0.0437,0.000389,0.453,0.000208,2.14,490,0.36,2.15,508,0.361,2.14,490,0.36,"No issues","No issues","No issues",-10300,0.448,9.71e-05,2240,10.7,26100,26100,26000,"No issues",FALSE,NA
11,2026-07-19 01:56:50,2026-07-19 02:01:20,2026-07-19 01:52:50,28,10.9,6520,-0.0981,0.993,0.989,0.313,2.23e-29,3.44e-27,0.00198,0.183,133,0.0285,0.000871,0.632,0.000136,2.18,502,0.361,2.21,520,0.361,2.18,500,0.36,"No issues","No issues","No issues",-1720,0.114,0.0792,940,4.48,25900,25900,25900,"No issues",FALSE,NA
4,2026-07-19 02:07:00,2026-07-19 02:11:30,2026-07-19 02:03:00,28,7.42,3570,0.0302,0.981,0.971,0.029,7.66e-24,1.73e-21,0.387,0.204,121,0.0343,0.000971,0.579,0.000164,2.17,508,0.36,2.2,520,0.361,2.17,508,0.36,"No issues","No issues","No issues",45400,0.984,8.46e-25,1140,5.46,26100,26200,26100,"No issues",FALSE,NA
8,2026-07-19 02:17:10,2026-07-19 02:21:40,2026-07-19 02:13:10,28,11.6,6930,-0.0643,0.998,0.991,0.0914,4.74e-38,2.25e-28,0.118,0.0899,127,0.0398,0.000429,0.604,0.00019,2.21,501,0.361,2.25,522,0.361,2.21,501,0.36,"No issues","No issues","No issues",20600,0.898,2.22e-14,1360,6.5,25800,25800,25800,"No issues",FALSE,NA
5,2026-07-19 02:27:20,2026-07-19 02:31:50,2026-07-19 02:23:20,28,5.6,7830,-0.0871,0.996,0.993,0.156,1.45e-32,2.9e-29,0.0377,0.0705,132,0.0398,0.000336,0.63,0.00019,2.15,498,0.36,2.17,525,0.361,2.15,498,0.36,"No issues","No issues","No issues",14700,0.778,5.6e-10,1550,7.37,25800,25800,25800,"No issues",FALSE,NA
9,2026-07-19 02:37:30,2026-07-19 02:42:00,2026-07-19 02:33:30,28,8.45,6130,-0.0885,0.996,0.992,0.167,4.42e-33,1.35e-28,0.0309,0.102,110,0.0388,0.000485,0.524,0.000185,2.16,514,0.36,2.19,532,0.361,2.16,514,0.36,"No issues","No issues","No issues",16300,0.559,4.86e-06,2840,13.6,26100,26200,26100,"No issues",FALSE,NA
12,2026-07-19 02:47:40,2026-07-19 02:52:10,2026-07-19 02:43:40,28,37.2,6280,-0.0492,0.999,0.995,0.0609,1.85e-39,6.5e-31,0.206,0.254,91.6,0.0379,0.00121,0.437,0.000181,2.23,502,0.36,2.35,522,0.361,2.23,502,0.36,"No issues","No issues","No issues",-12500,0.86,1.3e-12,992,4.73,25900,25900,25800,"No issues",FALSE,NA
3,2026-07-19 02:57:50,2026-07-19 03:02:20,2026-07-19 02:53:50,28,3.9,6510,-0.123,0.99,0.996,0.184,1.23e-27,1.46e-32,0.0229,0.0761,82,0.0507,0.000363,0.391,0.000242,2.22,546,0.362,2.23,566,0.362,2.22,546,0.361,"No issues","No issues","No issues",1900,0.148,0.0431,891,4.25,25800,25800,25800,"No issues",FALSE,NA
6,2026-07-19 03:08:00,2026-07-19 03:12:30,2026-07-19 03:04:00,28,6.41,5570,-0.241,0.967,0.984,0.403,9.1e-21,8.77e-25,0.000283,0.233,141,0.0574,0.00111,0.67,0.000274,2.26,549,0.362,2.28,567,0.362,2.26,549,0.361,"No issues","No issues","No issues",43000,0.984,1.04e-24,1090,5.2,25700,25800,25700,"No issues",FALSE,NA
1,2026-07-19 03:18:10,2026-07-19 03:22:40,2026-07-19 03:14:10,28,9.02,5010,-0.125,0.991,0.979,0.242,5e-28,1.95e-23,0.00783,0.17,143,0.0434,0.000811,0.68,0.000207,2.24,523,0.36,2.27,538,0.361,2.24,523,0.36,"No issues","No issues","No issues",54700,0.963,3.36e-20,2090,9.97,25900,26000,25900,"No issues",FALSE,NA
7,2026-07-19 03:28:20,2026-07-19 03:32:50,2026-07-19 03:24:20,28,13.2,5940,-0.0998,0.999,0.99,0.164,9.6e-39,9.05e-28,0.0326,0.0962,115,0.0442,0.000459,0.546,0.000211,2.29,518,0.361,2.33,536,0.361,2.29,518,0.36,"No issues","No issues","No issues",-5810,0.93,1.68e-16,313,1.49,25900,25900,25900,"No issues",FALSE,NA
10,2026-07-19 03:38:30,2026-07-19 03:43:00,2026-07-19 03:34:30,28,20.3,6020,-0.0978,0.948,0.968,0.26,3.35e-18,6.38e-21,0.00558,0.936,215,0.0324,0.00446,1.03,0.000154,2.27,508,0.361,2.33,526,0.362,2.27,508,0.361,"No issues","No issues","No issues",7280,0.696,3.4e-08,942,4.49,25900,25900,25900,"No issues",FALSE,NA
2,2026-07-19 03:48:40,2026-07-19 03:53:10,2026-07-19 03:44:40,28,3.27,6480,-0.0778,0.979,0.991,0.152,2.17e-23,6.12e-28,0.0402,0.0935,123,0.036,0.000446,0.588,0.000172,2.29,533,0.361,2.3,554,0.361,2.29,533,0.361,"No issues","No issues","No issues",-32600,0.996,3.56e-33,389,1.85,25500,25500,25400,"No issues",FALSE,NA
11,2026-07-19 03:58:50,2026-07-19 04:03:20,2026-07-19 03:54:50,28,13.4,7520,0.0251,0.994,0.992,0.0239,6.8e-31,1.67e-28,0.432,0.196,136,0.0315,0.000934,0.648,0.00015,2.3,555,0.361,2.34,577,0.362,2.3,555,0.361,"No issues","No issues","No issues",-16600,0.931,1.2e-16,886,4.22,25200,25200,25100,"No issues",FALSE,NA
4,2026-07-19 04:09:00,2026-07-19 04:13:30,2026-07-19 04:05:00,28,7.02,3970,-0.00871,0.99,0.988,0.00346,2.38e-27,1.61e-26,0.766,0.141,85.6,0.029,0.000671,0.408,0.000138,2.27,540,0.361,2.29,552,0.361,2.27,540,0.361,"No issues","No issues","No issues",45100,0.995,1.18e-31,616,2.94,25400,25500,25400,"No issues",FALSE,NA
8,2026-07-19 04:19:20,2026-07-19 04:23:40,2026-07-19 04:15:10,27,14.5,7950,-0.0435,0.998,0.997,0.0264,9.52e-35,2.42e-33,0.418,0.136,85,0.0528,0.000613,0.383,0.000238,2.28,523,0.361,2.33,546,0.362,2.28,523,0.361,"No issues","No issues","No issues",7340,0.713,3.13e-08,932,4.2,25200,25200,25200,"No issues",FALSE,NA
5,2026-07-19 04:29:20,2026-07-19 04:33:50,2026-07-19 04:25:20,28,6.04,7200,-0.0149,0.998,0.995,0.00468,1.26e-36,2.67e-31,0.73,0.053,101,0.0425,0.000253,0.484,0.000203,2.3,570,0.361,2.32,592,0.361,2.3,570,0.361,"No issues","No issues","No issues",9080,0.892,4.66e-14,621,2.96,25000,25000,25000,"No issues",FALSE,NA
9,2026-07-19 04:39:30,2026-07-19 04:44:00,2026-07-19 04:35:30,28,6.15,5780,-0.0217,0.99,0.991,0.0109,1.9e-27,2.5e-28,0.598,0.122,106,0.0407,0.000582,0.506,0.000194,2.31,571,0.362,2.33,590,0.362,2.31,571,0.361,"No issues","No issues","No issues",41600,0.992,7.66e-29,730,3.48,25300,25400,25300,"No issues",FALSE,NA
12,2026-07-19 04:49:40,2026-07-19 04:54:10,2026-07-19 04:45:40,28,32.8,6390,-0.0323,0.998,0.994,0.0241,7.11e-38,1.5e-30,0.43,0.258,96.2,0.0403,0.00123,0.459,0.000192,2.29,548,0.361,2.39,567,0.362,2.29,548,0.361,"No issues","No issues","No issues",-2080,0.451,9.15e-05,450,2.15,25400,25400,25400,"No issues",FALSE,NA
3,2026-07-19 04:59:50,2026-07-19 05:04:20,2026-07-19 04:55:50,28,4.37,6100,-0.135,0.984,0.99,0.318,6.18e-25,9.69e-28,0.00179,0.109,118,0.0388,0.000518,0.562,0.000185,2.26,539,0.362,2.28,558,0.362,2.26,539,0.362,"No issues","No issues","No issues",23100,0.969,4.65e-21,815,3.89,25400,25500,25400,"No issues",FALSE,NA
6,2026-07-19 05:10:00,2026-07-19 05:14:30,2026-07-19 05:06:00,28,6.85,6260,-0.171,0.991,0.991,0.313,2.34e-28,3.79e-28,0.00198,0.125,117,0.0498,0.000598,0.557,0.000238,2.26,544,0.363,2.28,563,0.363,2.26,544,0.362,"No issues","No issues","No issues",51500,0.992,7.69e-29,904,4.31,25500,25700,25500,"No issues",FALSE,NA
1,2026-07-19 05:20:10,2026-07-19 05:24:40,2026-07-19 05:16:10,28,8.99,4260,-0.0147,0.978,0.986,0.00306,4.2e-23,1.77e-25,0.78,0.264,101,0.0518,0.00126,0.482,0.000247,2.29,582,0.362,2.32,596,0.362,2.29,582,0.361,"No issues","No issues","No issues",47200,0.998,1.02e-36,411,1.96,25800,26000,25800,"No issues",FALSE,NA
7,2026-07-19 05:30:20,2026-07-19 05:34:50,2026-07-19 05:26:20,28,12.2,2800,-0.091,0.999,0.964,0.133,1.78e-43,3.03e-20,0.0567,0.0582,107,0.0456,0.000277,0.508,0.000218,2.28,587,0.363,2.32,595,0.363,2.28,587,0.363,"No issues","No issues","No issues",90100,0.999,1.99e-41,516,2.46,26100,26400,26100,"No issues",FALSE,NA
10,2026-07-19 05:40:30,2026-07-19 05:45:00,2026-07-19 05:36:30,28,20.2,3870,-0.181,0.958,0.927,0.603,1.91e-19,2.84e-16,1.17e-06,0.828,213,0.0289,0.00395,1.02,0.000138,2.24,510,0.363,2.3,521,0.363,2.24,508,0.362,"No issues","No issues","No issues",60800,0.993,3.5e-29,1030,4.93,26600,26800,26600,"No issues",FALSE,NA
2,2026-07-19 05:50:40,2026-07-19 05:55:10,2026-07-19 05:46:40,28,2.69,1630,-0.0276,0.991,0.914,0.0187,2.06e-28,2.31e-15,0.488,0.0491,97.9,0.0392,0.000234,0.467,0.000187,2.22,505,0.362,2.22,510,0.363,2.22,504,0.362,"No issues","No issues","No issues",77100,0.997,1.72e-33,894,4.26,26700,26900,26700,"No issues",FALSE,NA
11,2026-07-19 06:00:50,2026-07-19 06:05:20,2026-07-19 05:56:50,28,10.7,2470,-0.034,0.988,0.974,0.0281,2.47e-26,4.69e-22,0.394,0.234,79.7,0.0392,0.00112,0.38,0.000187,2.21,493,0.362,2.25,501,0.363,2.21,493,0.362,"No issues","No issues","No issues",37500,0.977,7.6e-23,1130,5.37,27100,27200,27100,"No issues",FALSE,NA
4,2026-07-19 06:11:00,2026-07-19 06:15:30,2026-07-19 06:07:00,28,6.64,-4270,-0.0481,0.984,0.926,0.0455,7.77e-25,3.15e-16,0.276,0.167,237,0.0433,0.000795,1.13,0.000206,2.19,485,0.362,2.21,486,0.363,2.19,471,0.362,"No issues","No issues","No issues",140000,0.996,2.47e-33,1650,7.85,27300,27800,27300,"No issues",FALSE,NA
8,2026-07-19 06:21:10,2026-07-19 06:25:40,2026-07-19 06:17:10,28,11.2,-5570,-0.0395,0.991,0.917,0.0392,2.67e-28,1.44e-15,0.312,0.206,329,0.0384,0.000982,1.57,0.000183,2.17,460,0.363,2.21,461,0.363,2.17,442,0.363,"No issues","No issues","No issues",107000,0.918,1.21e-15,6280,29.9,28200,28600,28200,"No issues",FALSE,NA
5,2026-07-19 06:31:20,2026-07-19 06:35:50,2026-07-19 06:27:20,28,3.15,-14800,-0.0468,0.71,0.889,0.0655,1.87e-08,6.44e-14,0.189,0.395,1030,0.0346,0.00188,4.9,0.000165,2.18,481,0.363,2.19,493,0.363,2.18,439,0.362,"No issues","No issues","No issues",118000,0.996,4.03e-33,1420,6.76,29200,29600,29200,"No issues",FALSE,NA
9,2026-07-19 06:41:30,2026-07-19 06:46:00,2026-07-19 06:37:30,28,6.17,-4950,-0.0998,0.978,0.927,0.259,3.9e-23,2.9e-16,0.00572,0.181,274,0.0332,0.000861,1.3,0.000158,2.17,465,0.362,2.19,465,0.362,2.17,450,0.362,"No issues","No issues","No issues",-54300,0.988,2e-26,1180,5.63,29700,29700,29500,"No issues",FALSE,NA
12,2026-07-19 06:51:40,2026-07-19 06:56:10,2026-07-19 06:47:40,28,25.9,-6550,-0.0866,1,0.994,0.273,5.23e-46,1.3e-30,0.00432,0.099,98.1,0.0277,0.000472,0.468,0.000132,2.37,465,0.362,2.46,465,0.362,2.37,444,0.362,"No issues","No issues","No issues",7120,0.363,0.000686,1850,8.81,29400,29400,29400,"No issues",FALSE,NA
3,2026-07-19 07:01:50,2026-07-19 07:06:20,2026-07-19 06:57:50,28,4.53,-13800,-0.235,0.996,0.993,0.644,1.34e-32,8.17e-30,2.77e-07,0.0569,221,0.0343,0.000271,1.06,0.000163,2.17,456,0.364,2.18,456,0.364,2.17,413,0.363,"No issues","No issues","No issues",68600,0.18,0.0243,28700,137,31400,32000,31400,"No issues",FALSE,NA
6,2026-07-19 07:12:00,2026-07-19 07:16:30,2026-07-19 07:08:00,28,5.13,-9960,-0.392,0.997,0.929,0.865,2.98e-35,2.02e-16,8.32e-13,0.0508,542,0.0304,0.000242,2.58,0.000145,2.15,442,0.364,2.17,442,0.364,2.15,410,0.363,"No issues","No issues","No issues",-108000,0.532,1.06e-05,19900,94.7,31900,32000,31500,"No issues",FALSE,NA
1,2026-07-19 07:22:10,2026-07-19 07:26:40,2026-07-19 07:18:10,28,6.61,-15100,-0.119,0.998,0.997,0.4,1.25e-35,1.08e-34,0.000306,0.0633,157,0.0287,0.000302,0.749,0.000137,2.16,442,0.363,2.18,442,0.363,2.16,395,0.362,"No issues","No issues","No issues",-205000,0.99,1.16e-27,4000,19.1,32400,32400,31800,"No issues",FALSE,NA
7,2026-07-19 07:32:20,2026-07-19 07:36:50,2026-07-19 07:28:20,28,10.6,-14800,-0.225,0.999,0.991,0.612,1.61e-40,5.32e-28,8.69e-07,0.066,279,0.0352,0.000315,1.33,0.000168,2.15,426,0.362,2.18,426,0.363,2.15,379,0.362,"No issues","No issues","No issues",-115000,0.919,1.1e-15,6730,32.1,31000,31000,30600,"No issues",FALSE,NA
10,2026-07-19 07:42:30,2026-07-19 07:47:00,2026-07-19 07:38:30,28,18.6,-6370,-0.291,0.956,0.961,0.819,3.31e-19,8.91e-20,3.74e-11,0.78,253,0.0268,0.00372,1.21,0.000128,2.15,425,0.362,2.2,425,0.362,2.15,403,0.361,"No issues","No issues","No issues",-95500,0.986,1.1e-25,2220,10.6,30700,30700,30400,"No issues",FALSE,NA
2,2026-07-19 07:52:40,2026-07-19 07:57:10,2026-07-19 07:48:40,28,2.02,-14500,0.125,0.994,0.958,0.425,8.57e-31,1.88e-19,0.000171,0.0298,594,0.0286,0.000142,2.83,0.000136,2.13,408,0.361,2.13,408,0.362,2.13,362,0.361,"No issues","No issues","No issues",196000,0.921,7.97e-16,11300,53.9,30800,31300,30800,"No issues",FALSE,NA
11,2026-07-19 08:02:50,2026-07-19 08:07:20,2026-07-19 07:58:50,28,5.24,-17300,0.0069,0.893,0.964,0.00356,3.94e-14,3.09e-20,0.763,0.356,659,0.0226,0.0017,3.14,0.000108,2.14,429,0.361,2.16,429,0.361,2.14,377,0.36,"No issues","No issues","No issues",83000,0.821,3.35e-11,7600,36.2,30800,31100,30800,"No issues",FALSE,NA
4,2026-07-19 08:13:00,2026-07-19 08:17:30,2026-07-19 08:09:00,28,5.76,-19000,-0.00669,0.999,0.996,0.000756,1.27e-40,1.83e-32,0.89,0.0355,241,0.0477,0.000169,1.15,0.000228,2.14,405,0.359,2.16,405,0.36,2.14,343,0.359,"No issues","No issues","No issues",121000,0.974,3.4e-22,3860,18.4,31700,32000,31700,"No issues",FALSE,NA
8,2026-07-19 08:23:10,2026-07-19 08:27:40,2026-07-19 08:19:10,28,9.68,-17000,-0.162,0.999,0.998,0.483,1.26e-42,7.48e-37,4.09e-05,0.0499,147,0.0329,0.000238,0.698,0.000157,2.13,396,0.364,2.16,396,0.364,2.13,343,0.363,"No issues","No issues","No issues",187000,0.978,3.86e-23,5480,26.1,33300,33900,33300,"No issues",FALSE,NA
5,2026-07-19 08:33:20,2026-07-19 08:37:50,2026-07-19 08:29:20,28,3.14,-18900,-0.279,0.983,0.99,0.698,1.92e-24,1.98e-27,3.11e-08,0.0816,376,0.036,0.000389,1.79,0.000172,2.12,389,0.36,2.13,389,0.36,2.12,323,0.359,"No issues","No issues","No issues",20000,0.616,7.52e-07,3100,14.8,33500,33500,33400,"No issues",FALSE,NA
9,2026-07-19 08:43:30,2026-07-19 08:48:00,2026-07-19 08:39:30,28,4.27,-18800,-0.148,0.985,0.996,0.318,3.1e-25,3.58e-32,0.00178,0.103,245,0.0426,0.000493,1.17,0.000203,2.12,395,0.359,2.13,395,0.359,2.12,334,0.358,"No issues","No issues","No issues",138000,0.993,1.67e-29,2290,10.9,33100,33500,33100,"No issues",FALSE,NA
12,2026-07-19 08:53:40,2026-07-19 08:58:10,2026-07-19 08:49:40,28,25.9,-15000,0.0691,1,0.995,0.0864,3.69e-50,6.94e-32,0.129,0.0686,200,0.0441,0.000327,0.955,0.00021,2.17,396,0.359,2.25,396,0.36,2.17,349,0.359,"No issues","No issues","No issues",-22500,0.394,0.00035,5470,26.1,34200,34300,34200,"No issues",FALSE,NA
3,2026-07-19 09:03:50,2026-07-19 09:08:20,2026-07-19 08:59:50,28,3.6,-16100,-0.323,0.99,0.982,0.798,2.2e-27,4.3e-24,1.6e-10,0.0719,431,0.0319,0.000343,2.06,0.000152,2.11,388,0.361,2.13,388,0.361,2.11,335,0.359,"No issues","No issues","No issues",-98700,0.928,2.31e-16,5400,25.7,34000,34000,33700,"No issues",FALSE,NA
6,2026-07-19 09:14:00,2026-07-19 09:18:30,2026-07-19 09:10:00,28,4.13,-18800,-0.465,0.996,0.999,0.873,2.4e-32,2.79e-39,3.79e-13,0.0529,130,0.0348,0.000252,0.62,0.000166,2.12,391,0.36,2.13,391,0.36,2.12,332,0.359,"No issues","No issues","No issues",-39200,0.687,4.99e-08,5180,24.7,33100,33100,33000,"No issues",FALSE,NA
1,2026-07-19 09:24:10,2026-07-19 09:28:40,2026-07-19 09:20:10,28,6.1,-15700,-0.0778,0.928,0.992,0.143,2.13e-16,1.05e-28,0.0472,0.333,278,0.0373,0.00159,1.33,0.000178,2.12,392,0.358,2.14,392,0.358,2.12,345,0.358,"No issues","No issues","No issues",97900,0.95,1.74e-18,4390,20.9,34100,34500,34100,"No issues",FALSE,NA
7,2026-07-19 09:34:20,2026-07-19 09:38:50,2026-07-19 09:30:20,28,9.4,-18400,-0.203,0.976,0.995,0.568,1.21e-22,2.35e-31,3.71e-06,0.288,258,0.0347,0.00137,1.23,0.000165,2.13,390,0.36,2.16,390,0.36,2.13,334,0.359,"No issues","No issues","No issues",-66500,0.534,9.98e-06,12200,58.1,35300,35400,35200,"No issues",FALSE,NA
10,2026-07-19 09:44:30,2026-07-19 09:49:00,2026-07-19 09:40:30,28,17.4,-12400,-0.391,0.989,0.992,0.827,9.01e-27,1.07e-28,2.15e-11,0.367,220,0.0351,0.00175,1.05,0.000168,2.14,395,0.36,2.19,395,0.36,2.13,355,0.359,"No issues","No issues","No issues",-10500,0.0416,0.298,9920,47.3,34900,35000,34800,"No issues",FALSE,NA
2,2026-07-19 09:54:40,2026-07-19 09:59:10,2026-07-19 09:50:40,28,2.69,-16900,0.601,0.988,0.991,0.901,1.71e-26,2.03e-28,1.36e-14,0.0581,308,0.039,0.000277,1.47,0.000186,2.11,400,0.361,2.12,400,0.363,2.11,345,0.361,"No issues","No issues","No issues",99900,0.353,0.000861,26500,127,39400,39900,39400,"No issues",FALSE,NA
11,2026-07-19 10:04:50,2026-07-19 10:09:20,2026-07-19 10:00:50,28,6.94,-15700,-0.0933,0.966,0.976,0.332,1.2e-20,1.49e-22,0.00133,0.255,484,0.026,0.00121,2.31,0.000124,2.12,390,0.36,2.14,390,0.36,2.12,336,0.359,"No issues","No issues","No issues",179000,0.932,1.07e-16,9480,45.2,39000,39600,39000,"No issues",FALSE,NA
4,2026-07-19 10:15:00,2026-07-19 10:19:30,2026-07-19 10:11:00,28,7.39,-15000,0.0276,0.998,0.995,0.0148,1.98e-35,1.75e-31,0.538,0.0721,207,0.0443,0.000344,0.988,0.000211,2.12,399,0.358,2.14,399,0.359,2.12,352,0.358,"No issues","No issues","No issues",144000,0.997,4.57e-34,1590,7.57,39300,39700,39300,"No issues",FALSE,NA
8,2026-07-19 10:25:10,2026-07-19 10:29:40,2026-07-19 10:21:10,28,12,-17500,0.0924,0.999,0.993,0.295,5.27e-42,8.71e-30,0.0028,0.0652,283,0.028,0.000311,1.35,0.000133,2.13,394,0.364,2.17,394,0.365,2.13,338,0.364,"No issues","No issues","No issues",245000,0.99,2.3e-27,4910,23.4,39200,40000,39200,"No issues",FALSE,NA
5,2026-07-19 10:35:20,2026-07-19 10:39:50,2026-07-19 10:31:20,28,3.24,-31100,-0.584,0.585,0.929,0.927,2.15e-06,1.82e-16,2.6e-16,0.535,1680,0.0321,0.00255,8.02,0.000153,2.12,451,0.361,2.13,451,0.361,2.12,364,0.359,"No issues","No issues","No issues",-990000,0.961,8.85e-20,39300,188,44400,44400,41600,"No issues",FALSE,NA
9,2026-07-19 10:45:30,2026-07-19 10:50:00,2026-07-19 10:41:30,28,5.3,-15200,-0.172,0.996,0.989,0.607,2.42e-32,3.69e-27,1.04e-06,0.068,310,0.0271,0.000324,1.48,0.000129,2.12,398,0.358,2.14,398,0.358,2.12,352,0.357,"No issues","No issues","No issues",-213000,0.958,1.72e-19,8700,41.5,40200,40200,39500,"No issues",FALSE,NA
12,2026-07-19 10:55:40,2026-07-19 11:00:10,2026-07-19 10:51:40,28,133,-12500,0.247,0.726,0.993,0.655,8.61e-09,6.32e-30,1.81e-07,16,200,0.0351,0.0765,0.952,0.000167,3.02,410,0.36,3.43,411,0.36,3.02,374,0.359,"No issues","No issues","No issues",21100,0.0999,0.101,12400,59.2,41300,41600,41300,"No issues",TRUE,133
3,2026-07-19 11:05:50,2026-07-19 11:10:20,2026-07-19 11:01:50,28,4.95,-23000,-0.442,0.998,0.991,0.938,1.59e-36,7.69e-28,3.25e-17,0.0438,442,0.0223,0.000209,2.11,0.000106,2.12,419,0.362,2.14,419,0.362,2.12,352,0.361,"No issues","No issues","No issues",-657000,0.963,3.91e-20,25300,120,41600,41600,39800,"No issues",FALSE,NA
6,2026-07-19 11:16:00,2026-07-19 11:20:30,2026-07-19 11:12:00,28,5.37,-24000,-1.17,0.999,0.98,0.973,1.12e-40,1.6e-23,5.46e-22,0.0329,680,0.038,0.000157,3.24,0.000181,2.12,408,0.363,2.14,408,0.363,2.12,334,0.359,"No issues","No issues","No issues",-862000,0.993,1.89e-29,14300,68.3,41500,41500,38900,"No issues",FALSE,NA
1,2026-07-19 11:26:10,2026-07-19 11:30:40,2026-07-19 11:22:10,28,7.44,-12000,-0.268,0.957,0.988,0.731,2.7e-19,1.83e-26,6.86e-09,0.309,261,0.0318,0.00147,1.24,0.000152,2.13,405,0.358,2.15,405,0.358,2.13,366,0.357,"No issues","No issues","No issues",-303000,0.961,7.53e-20,12000,57,39600,39600,38800,"No issues",FALSE,NA
7,2026-07-19 11:36:20,2026-07-19 11:40:50,2026-07-19 11:32:20,28,10.3,-19100,-0.191,1,0.995,0.625,2.75e-45,5.8e-32,5.62e-07,0.0418,254,0.0291,0.000199,1.21,0.000138,2.14,408,0.361,2.17,408,0.361,2.14,347,0.36,"No issues","No issues","No issues",-112000,0.791,2.58e-10,11300,54.1,40600,40600,40200,"No issues",FALSE,NA
10,2026-07-19 11:46:30,2026-07-19 11:51:00,2026-07-19 11:42:30,28,19.4,-11400,-0.47,0.972,0.99,0.911,9.32e-22,1.21e-27,3.76e-15,0.642,223,0.0289,0.00306,1.06,0.000138,2.15,399,0.36,2.21,401,0.36,2.15,366,0.358,"No issues","No issues","No issues",-242000,0.949,2.44e-18,11000,52.3,36500,36500,35700,"No issues",FALSE,NA
2,2026-07-19 11:56:40,2026-07-19 12:01:10,2026-07-19 11:52:40,28,2.77,-14600,0.0478,0.997,0.993,0.0639,4.15e-35,2.17e-29,0.194,0.0278,244,0.0359,0.000133,1.16,0.000171,2.13,395,0.359,2.14,395,0.36,2.13,349,0.359,"No issues","No issues","No issues",-244000,0.984,9.88e-25,6180,29.5,37400,37400,36700,"No issues",FALSE,NA
11,2026-07-19 12:06:50,2026-07-19 12:11:20,2026-07-19 12:02:50,28,10.2,-9260,0.0793,0.963,0.902,0.24,3.46e-20,1.22e-14,0.00815,0.392,598,0.0277,0.00187,2.85,0.000132,2.14,419,0.359,2.17,419,0.359,2.13,382,0.358,"No issues","No issues","No issues",327000,0.643,2.89e-07,47800,228,42000,43300,42000,"No issues",FALSE,NA
4,2026-07-19 12:17:00,2026-07-19 12:21:30,2026-07-19 12:13:00,28,7.21,-16800,-0.286,0.999,0.978,0.811,1.18e-40,3.54e-23,6.79e-11,0.0443,491,0.0271,0.000211,2.34,0.000129,2.13,410,0.357,2.16,410,0.357,2.13,356,0.356,"No issues","No issues","No issues",-545000,0.949,2.54e-18,24800,118,41200,41200,39400,"No issues",FALSE,NA
8,2026-07-19 12:27:10,2026-07-19 12:31:40,2026-07-19 12:23:10,28,14.3,-13800,-0.199,0.998,0.963,0.467,1.4e-37,3.4e-20,6.05e-05,0.115,529,0.0416,0.000549,2.52,0.000198,2.15,398,0.362,2.19,398,0.363,2.15,356,0.362,"No issues","No issues","No issues",130000,0.762,1.37e-09,14200,67.9,38900,39300,38900,"No issues",FALSE,NA
5,2026-07-19 12:37:20,2026-07-19 12:41:50,2026-07-19 12:33:20,28,4.56,-14800,-0.392,0.99,0.98,0.873,8.26e-28,1.26e-23,3.58e-13,0.0878,414,0.0293,0.000418,1.98,0.000139,2.13,388,0.356,2.15,388,0.356,2.13,342,0.355,"No issues","No issues","No issues",-214000,0.958,2.26e-19,8830,42.1,39700,39700,39000,"No issues",FALSE,NA
9,2026-07-19 12:47:30,2026-07-19 12:52:00,2026-07-19 12:43:30,28,5.89,-12400,-0.074,0.997,0.995,0.29,2.42e-35,1.98e-31,0.00313,0.0579,173,0.0227,0.000276,0.825,0.000108,2.15,406,0.356,2.17,406,0.356,2.15,367,0.355,"No issues","No issues","No issues",34800,0.427,0.000161,7910,37.7,41300,41500,41300,"No issues",FALSE,NA
12,2026-07-19 12:57:40,2026-07-19 13:02:10,2026-07-19 12:53:40,28,27.7,-10400,0.198,0.999,0.99,0.598,1.5e-40,1.04e-27,1.4e-06,0.172,202,0.0318,0.000818,0.963,0.000151,2.22,439,0.358,2.31,439,0.359,2.22,404,0.358,"No issues","No issues","No issues",-30100,0.0732,0.164,21000,100,43900,44100,43700,"No issues",FALSE,NA
3,2026-07-19 13:07:50,2026-07-19 13:12:20,2026-07-19 13:03:50,28,4.26,-15200,-0.41,0.993,0.992,0.889,1.04e-29,4.78e-29,6.39e-14,0.0692,262,0.0284,0.00033,1.25,0.000135,2.15,389,0.357,2.17,389,0.357,2.15,340,0.356,"No issues","No issues","No issues",-177000,0.946,5.09e-18,8280,39.5,38200,38200,37600,"No issues",FALSE,NA
6,2026-07-19 13:18:00,2026-07-19 13:22:30,2026-07-19 13:14:00,28,5.49,-14200,-0.649,0.999,0.983,0.921,1.94e-41,2.25e-24,7.99e-16,0.0314,371,0.0374,0.00015,1.77,0.000178,2.14,395,0.357,2.15,395,0.357,2.14,348,0.355,"No issues","No issues","No issues",-63700,0.791,2.44e-10,6410,30.6,37600,37600,37400,"No issues",FALSE,NA
1,2026-07-19 13:28:20,2026-07-19 13:32:40,2026-07-19 13:24:10,27,7.49,-9170,-0.101,0.995,0.985,0.259,1.77e-30,3.75e-24,0.0067,0.104,230,0.034,0.00047,1.04,0.000153,2.14,397,0.354,2.16,397,0.354,2.14,367,0.354,"No issues","No issues","No issues",-15600,0.27,0.00543,5140,23.2,38000,38100,38000,"No issues",FALSE,NA
7,2026-07-19 13:38:20,2026-07-19 13:42:50,2026-07-19 13:34:20,28,9.07,-14900,-0.009,0.999,0.994,0.0031,3.03e-40,2.03e-30,0.779,0.0577,227,0.0317,0.000275,1.08,0.000151,2.15,400,0.359,2.18,400,0.359,2.15,350,0.358,"No issues","No issues","No issues",74400,0.371,0.000584,19000,90.6,41600,42000,41600,"No issues",FALSE,NA
10,2026-07-19 13:48:30,2026-07-19 13:53:00,2026-07-19 13:44:30,28,19.7,-7740,-0.457,0.992,0.965,0.867,4.91e-29,1.83e-20,7.02e-13,0.339,289,0.0352,0.00162,1.38,0.000168,2.16,399,0.356,2.22,399,0.356,2.16,374,0.354,"No issues","No issues","No issues",50900,0.895,2.96e-14,3410,16.3,38100,38300,38100,"No issues",FALSE,NA
2,2026-07-19 13:58:50,2026-07-19 14:03:10,2026-07-19 13:54:40,27,2.19,-15600,0.18,0.984,0.996,0.228,5.38e-24,1.1e-31,0.0118,0.0556,194,0.0663,0.000251,0.874,0.000299,2.14,391,0.355,2.14,391,0.356,2.14,345,0.355,"No issues","No issues","No issues",-169000,0.966,5.99e-20,6300,28.4,36700,36700,36100,"No issues",FALSE,NA
11,2026-07-19 14:09:00,2026-07-19 14:13:20,2026-07-19 14:04:50,27,8.47,-18100,0.00965,0.982,0.992,0.00129,2.01e-23,9.87e-28,0.859,0.228,324,0.0536,0.00103,1.46,0.000242,2.14,400,0.354,2.16,400,0.354,2.14,345,0.353,"No issues","No issues","No issues",27700,0.21,0.0163,10700,48.4,39300,39300,39200,"No issues",FALSE,NA
4,2026-07-19 14:19:00,2026-07-19 14:23:30,2026-07-19 14:15:00,28,5.76,-14600,0.0325,0.997,0.996,0.0356,9.58e-35,5.96e-33,0.336,0.0597,177,0.0331,0.000285,0.845,0.000158,2.15,394,0.352,2.17,394,0.352,2.15,349,0.352,"No issues","No issues","No issues",-125000,0.784,3.87e-10,12800,61.2,37500,37500,37000,"No issues",FALSE,NA
8,2026-07-19 14:29:10,2026-07-19 14:33:40,2026-07-19 14:25:10,28,16,-13800,0.358,0.999,0.992,0.687,1.5e-39,5.28e-29,5.12e-08,0.108,239,0.0474,0.000515,1.14,0.000226,2.16,382,0.36,2.21,382,0.362,2.16,339,0.36,"No issues","No issues","No issues",616000,0.993,3.27e-29,10400,49.8,37900,39700,37900,"No issues",FALSE,NA
5,2026-07-19 14:39:20,2026-07-19 14:43:50,2026-07-19 14:35:20,28,4.34,-14800,-0.234,0.98,0.993,0.571,1.37e-23,9.51e-30,3.3e-06,0.122,239,0.0398,0.000582,1.14,0.00019,2.14,391,0.352,2.16,391,0.352,2.14,343,0.351,"No issues","No issues","No issues",-206000,0.986,1.62e-25,4870,23.2,37900,37900,37300,"No issues",FALSE,NA
9,2026-07-19 14:49:30,2026-07-19 14:54:00,2026-07-19 14:45:30,28,7.2,-9400,-0.0461,0.997,0.959,0.0581,1.75e-34,1.39e-19,0.217,0.0764,380,0.0364,0.000364,1.81,0.000174,2.14,392,0.352,2.16,392,0.352,2.14,360,0.351,"No issues","No issues","No issues",20100,0.0884,0.124,12600,60.2,39700,39900,39700,"No issues",FALSE,NA
12,2026-07-19 14:59:40,2026-07-19 15:04:10,2026-07-19 14:55:40,28,21.1,-13000,0.0771,0.998,0.993,0.0543,5.98e-38,1.24e-29,0.233,0.165,213,0.0631,0.000786,1.02,0.000301,2.15,405,0.352,2.21,405,0.353,2.15,366,0.352,"No issues","No issues","No issues",-7980,0.00174,0.833,37400,178,37100,37100,36400,"No issues",FALSE,NA
3,2026-07-19 15:09:50,2026-07-19 15:14:20,2026-07-19 15:05:50,28,2.76,-17000,-0.165,0.98,0.993,0.66,1.2e-23,3.12e-29,1.52e-07,0.0772,288,0.0233,0.000368,1.37,0.000111,2.15,385,0.354,2.15,385,0.354,2.15,332,0.353,"No issues","No issues","No issues",-40300,0.66,1.5e-07,5660,27,35500,35500,35300,"No issues",FALSE,NA
6,2026-07-19 15:20:00,2026-07-19 15:24:30,2026-07-19 15:16:00,28,4.32,-15200,-0.529,0.997,0.996,0.931,3.14e-35,4.65e-32,1.33e-16,0.0429,200,0.0283,0.000204,0.954,0.000135,2.14,382,0.355,2.16,382,0.355,2.14,332,0.353,"No issues","No issues","No issues",-29800,0.608,1.01e-06,4700,22.4,35600,35600,35500,"No issues",FALSE,NA
1,2026-07-19 15:30:10,2026-07-19 15:34:40,2026-07-19 15:26:10,28,6.54,-8700,-0.0608,0.998,0.993,0.137,1.08e-35,1.98e-29,0.0528,0.0623,145,0.03,0.000297,0.69,0.000143,2.13,394,0.352,2.15,394,0.352,2.13,365,0.352,"No issues","No issues","No issues",-106000,0.938,3.06e-17,5340,25.5,36300,36300,36000,"No issues",FALSE,NA
7,2026-07-19 15:40:20,2026-07-19 15:44:50,2026-07-19 15:36:20,28,6.88,-15900,-0.102,0.997,0.995,0.286,2.05e-34,8.85e-32,0.00335,0.0735,214,0.0315,0.00035,1.02,0.00015,2.14,389,0.355,2.16,389,0.355,2.14,338,0.355,"No issues","No issues","No issues",-79800,0.964,2.92e-20,3040,14.5,36900,36900,36600,"No issues",FALSE,NA
10,2026-07-19 15:50:30,2026-07-19 15:55:00,2026-07-19 15:46:30,28,18.9,-10600,-0.313,0.999,0.991,0.742,1.45e-39,3.92e-28,4.03e-09,0.128,199,0.0362,0.000608,0.947,0.000173,2.15,394,0.355,2.21,394,0.355,2.15,359,0.353,"No issues","No issues","No issues",119000,0.851,2.95e-12,9780,46.6,34500,34800,34500,"No issues",FALSE,NA
2,2026-07-19 16:00:40,2026-07-19 16:05:10,2026-07-19 15:56:40,28,2.74,-14000,0.325,0.997,0.997,0.82,5.03e-35,1.62e-34,3.5e-11,0.0277,148,0.0298,0.000132,0.708,0.000142,2.12,399,0.354,2.13,399,0.355,2.12,356,0.354,"No issues","No issues","No issues",-106000,0.651,2.11e-07,15200,72.2,33500,33500,33100,"No issues",FALSE,NA
11,2026-07-19 16:10:50,2026-07-19 16:15:20,2026-07-19 16:06:50,28,8.71,-13200,-0.0378,0.997,0.994,0.0812,7.09e-35,1.02e-30,0.142,0.0893,196,0.025,0.000426,0.935,0.000119,2.12,393,0.353,2.15,393,0.353,2.12,351,0.353,"No issues","No issues","No issues",-24500,0.387,0.000411,6060,28.9,34500,34500,34400,"No issues",FALSE,NA
4,2026-07-19 16:21:00,2026-07-19 16:25:30,2026-07-19 16:17:00,28,4.62,-11400,0.0537,0.995,0.995,0.055,2.54e-31,1.65e-31,0.23,0.065,158,0.0437,0.00031,0.754,0.000208,2.13,392,0.352,2.15,392,0.352,2.13,356,0.351,"No issues","No issues","No issues",-132000,0.944,8.14e-18,6280,29.9,33000,33000,32500,"No issues",FALSE,NA
8,2026-07-19 16:31:10,2026-07-19 16:35:40,2026-07-19 16:27:10,28,16.5,-14200,0.227,1,0.993,0.584,1.28e-44,1.36e-29,2.18e-06,0.0712,232,0.0376,0.000339,1.11,0.000179,2.14,383,0.358,2.19,383,0.359,2.14,339,0.358,"No issues","No issues","No issues",426000,0.985,3.04e-25,10300,49.2,32700,33900,32700,"No issues",FALSE,NA
5,2026-07-19 16:41:20,2026-07-19 16:45:50,2026-07-19 16:37:20,28,3.44,-13800,-0.114,0.996,0.995,0.476,9.07e-33,5.92e-32,4.85e-05,0.0425,183,0.0234,0.000203,0.872,0.000112,2.11,387,0.353,2.12,387,0.353,2.11,344,0.352,"No issues","No issues","No issues",21000,0.773,7.26e-10,2230,10.6,32600,32600,32600,"No issues",FALSE,NA
9,2026-07-19 16:51:30,2026-07-19 16:56:00,2026-07-19 16:47:30,28,5.55,-8640,-0.063,0.996,0.971,0.224,5.68e-33,1.58e-21,0.011,0.0673,293,0.023,0.000321,1.4,0.00011,2.11,399,0.352,2.13,399,0.353,2.11,374,0.352,"No issues","No issues","No issues",-122000,0.904,9.04e-15,7810,37.2,32700,32700,32300,"No issues",FALSE,NA
12,2026-07-19 17:01:40,2026-07-19 17:06:10,2026-07-19 16:57:40,28,20.6,-8790,0.138,0.999,0.991,0.603,8.94e-39,2.91e-28,1.21e-06,0.15,162,0.0219,0.000713,0.774,0.000105,2.14,397,0.353,2.21,397,0.354,2.14,369,0.353,"No issues","No issues","No issues",142000,0.99,1.85e-27,2820,13.4,30900,31300,30900,"No issues",FALSE,NA
3,2026-07-19 17:11:50,2026-07-19 17:16:20,2026-07-19 17:07:50,28,3.04,-12600,-0.251,0.995,0.993,0.724,4.9e-32,1.83e-29,9.83e-09,0.0402,209,0.0304,0.000191,0.996,0.000145,2.11,389,0.355,2.12,389,0.355,2.11,349,0.354,"No issues","No issues","No issues",-63100,0.91,3.83e-15,3880,18.5,30900,30900,30700,"No issues",FALSE,NA
6,2026-07-19 17:22:00,2026-07-19 17:26:30,2026-07-19 17:18:00,28,4.32,-11700,-0.428,0.998,0.994,0.928,6.92e-37,2.36e-30,2.11e-16,0.0371,180,0.0233,0.000177,0.858,0.000111,2.11,393,0.356,2.12,393,0.356,2.11,357,0.354,"No issues","No issues","No issues",-8500,0.128,0.0613,4350,20.7,30300,30300,30200,"No issues",FALSE,NA
1,2026-07-19 17:32:10,2026-07-19 17:36:40,2026-07-19 17:28:10,28,5.76,-4940,-0.0807,0.998,0.984,0.25,1.14e-37,6.89e-25,0.00671,0.0461,123,0.0274,0.00022,0.588,0.000131,2.13,400,0.354,2.15,400,0.354,2.13,385,0.354,"No issues","No issues","No issues",-103000,0.976,1.17e-22,3150,15,30500,30500,30200,"No issues",FALSE,NA
7,2026-07-19 17:42:20,2026-07-19 17:46:50,2026-07-19 17:38:20,28,8.68,-10200,-0.367,0.999,0.998,0.849,1.45e-38,1.07e-35,3.67e-12,0.0642,97.5,0.0304,0.000306,0.465,0.000145,2.14,403,0.356,2.17,403,0.356,2.14,372,0.355,"No issues","No issues","No issues",-216000,0.679,7.02e-08,29100,139,30300,30300,29600,"No issues",FALSE,NA
10,2026-07-19 17:52:30,2026-07-19 17:57:00,2026-07-19 17:48:30,28,18.1,-6280,-0.292,0.994,0.991,0.722,3.55e-30,2.53e-28,1.05e-08,0.282,115,0.0355,0.00135,0.55,0.000169,2.15,403,0.356,2.2,403,0.356,2.15,383,0.355,"No issues","No issues","No issues",-10900,0.702,2.66e-08,1390,6.63,29700,29700,29600,"No issues",FALSE,NA
2,2026-07-19 18:02:40,2026-07-19 18:07:10,2026-07-19 17:58:40,28,2.41,-5490,0.0264,0.993,0.986,0.0646,2.35e-29,1.05e-25,0.192,0.0403,128,0.0197,0.000192,0.608,9.4e-05,2.13,404,0.356,2.13,404,0.356,2.13,386,0.356,"No issues","No issues","No issues",-46300,0.665,1.25e-07,6440,30.7,28000,28000,27800,"No issues",FALSE,NA
11,2026-07-19 18:12:50,2026-07-19 18:17:20,2026-07-19 18:08:50,28,9.54,-1720,-0.106,0.766,0.0829,0.28,1.13e-09,0.137,0.00381,1.04,1120,0.0333,0.00494,5.34,0.000159,2.16,425,0.355,2.19,428,0.355,2.15,409,0.354,"No issues","No issues","No issues",-90900,0.96,9.34e-20,3620,17.3,28300,28300,28000,"No issues",FALSE,NA
4,2026-07-19 18:23:00,2026-07-19 18:27:30,2026-07-19 18:19:00,28,5.76,-3560,-0.0829,0.943,0.882,0.178,1.07e-17,1.36e-13,0.0254,0.278,255,0.0349,0.00132,1.22,0.000167,2.15,409,0.354,2.17,410,0.354,2.15,398,0.354,"No issues","No issues","No issues",55600,0.963,3.7e-20,2140,10.2,27800,27900,27800,"No issues",FALSE,NA
8,2026-07-19 18:33:10,2026-07-19 18:37:40,2026-07-19 18:29:10,28,17.7,-391,-0.198,0.999,0.191,0.549,2.75e-44,0.0201,6.41e-06,0.0789,158,0.0352,0.000376,0.753,0.000168,2.17,414,0.357,2.22,414,0.357,2.17,411,0.356,"No issues","No issues","No issues",-13000,0.398,0.000317,3140,15,27200,27200,27100,"No issues",FALSE,NA
5,2026-07-19 18:43:20,2026-07-19 18:47:50,2026-07-19 18:39:20,28,4.64,1350,-0.0365,0.997,0.692,0.102,2.49e-34,4.12e-08,0.0982,0.0499,177,0.0213,0.000238,0.843,0.000101,2.16,416,0.354,2.18,420,0.355,2.16,415,0.354,"No issues","No issues","No issues",53100,0.882,1.34e-13,3800,18.1,26800,26900,26800,"No issues",FALSE,NA
9,2026-07-19 18:53:30,2026-07-19 18:58:00,2026-07-19 18:49:30,28,5.42,2420,-0.00365,0.994,0.946,0.000484,3.31e-30,5.16e-18,0.911,0.0841,113,0.0325,0.000401,0.54,0.000155,2.2,422,0.355,2.21,430,0.355,2.2,422,0.354,"No issues","No issues","No issues",-185000,0.609,9.76e-07,29100,139,27100,27200,26400,"No issues",FALSE,NA
12,2026-07-19 19:03:40,2026-07-19 19:08:10,2026-07-19 18:59:40,28,43.2,4270,-0.0578,0.905,0.99,0.0621,8.5e-15,2.32e-27,0.201,2.75,85.6,0.044,0.0131,0.408,0.00021,2.66,422,0.355,2.77,436,0.356,2.66,422,0.355,"No issues","No issues","No issues",-176000,0.979,2.93e-23,5080,24.2,26300,26300,25800,"No issues",FALSE,NA
3,2026-07-19 19:13:50,2026-07-19 19:18:20,2026-07-19 19:09:50,28,4.15,5400,-0.135,0.996,0.994,0.41,7.83e-33,2.42e-30,0.000245,0.051,82.9,0.0319,0.000243,0.395,0.000152,2.16,426,0.357,2.17,443,0.357,2.16,426,0.356,"No issues","No issues","No issues",-71700,0.931,1.4e-16,3840,18.3,26400,26400,26200,"No issues",FALSE,NA
6,2026-07-19 19:24:00,2026-07-19 19:28:30,2026-07-19 19:20:00,28,5.52,6710,-0.313,0.999,0.992,0.607,6.67e-40,3.73e-29,1.04e-06,0.0362,114,0.0494,0.000173,0.546,0.000236,2.15,429,0.358,2.17,450,0.358,2.15,429,0.356,"No issues","No issues","No issues",-252000,0.989,6.11e-27,5240,25,26000,26000,25300,"No issues",FALSE,NA
1,2026-07-19 19:34:10,2026-07-19 19:38:40,2026-07-19 19:30:10,28,6.13,5410,-0.177,0.988,0.988,0.507,2.32e-26,2.22e-26,2.16e-05,0.134,118,0.0343,0.00064,0.563,0.000163,2.19,483,0.357,2.21,499,0.358,2.19,483,0.356,"No issues","No issues","No issues",-399000,0.979,3.19e-23,11600,55.2,25500,25500,24200,"No issues",FALSE,NA
7,2026-07-19 19:44:20,2026-07-19 19:48:50,2026-07-19 19:40:20,28,12.1,6460,-0.204,0.985,0.994,0.597,1.96e-25,7.79e-31,1.44e-06,0.288,94.8,0.0328,0.00137,0.452,0.000156,2.22,506,0.358,2.25,526,0.358,2.22,506,0.357,"No issues","No issues","No issues",-243000,0.994,1.04e-30,3610,17.2,23400,23400,22700,"No issues",FALSE,NA
10,2026-07-19 19:54:30,2026-07-19 19:59:00,2026-07-19 19:50:30,28,16.3,4640,-0.169,0.932,0.915,0.445,9.74e-17,2.04e-15,0.000107,0.858,278,0.037,0.00409,1.33,0.000176,2.23,524,0.359,2.28,538,0.359,2.23,524,0.358,"No issues","No issues","No issues",-1720,0.013,0.563,2930,14,24400,24500,24400,"No issues",FALSE,NA
2,2026-07-19 20:04:40,2026-07-19 20:09:10,2026-07-19 20:00:40,28,1.45,4460,0.000246,0.802,0.961,2.52e-06,1.25e-10,8.61e-20,0.994,0.141,177,0.0304,0.000674,0.843,0.000145,2.19,510,0.358,2.2,525,0.359,2.19,510,0.358,"No issues","No issues","No issues",-11600,0.519,1.56e-05,2190,10.4,23600,23600,23600,"No issues",FALSE,NA
11,2026-07-19 20:14:50,2026-07-19 20:19:20,2026-07-19 20:10:50,28,9.15,7020,-0.107,0.979,0.975,0.268,2.01e-23,1.85e-22,0.00476,0.261,218,0.0347,0.00124,1.04,0.000165,2.2,481,0.358,2.23,505,0.358,2.2,481,0.357,"No issues","No issues","No issues",-57400,0.967,8.03e-21,2070,9.89,23200,23200,23000,"No issues",FALSE,NA
4,2026-07-19 20:25:00,2026-07-19 20:29:30,2026-07-19 20:21:00,28,6.5,4170,-0.0113,0.995,0.988,0.00427,6.05e-31,2.42e-26,0.741,0.0945,91.5,0.0339,0.00045,0.436,0.000162,2.21,482,0.357,2.23,494,0.358,2.21,482,0.357,"No issues","No issues","No issues",19100,0.949,2.39e-18,866,4.13,23000,23100,23000,"No issues",FALSE,NA
8,2026-07-19 20:35:10,2026-07-19 20:39:40,2026-07-19 20:31:10,28,15.9,7790,-0.119,0.999,0.996,0.36,1.03e-40,3.03e-32,0.000739,0.0974,101,0.0312,0.000464,0.481,0.000149,2.21,478,0.358,2.26,502,0.358,2.21,478,0.358,"No issues","No issues","No issues",-51400,0.95,1.87e-18,2310,11,22400,22400,22300,"No issues",FALSE,NA
5,2026-07-19 20:45:20,2026-07-19 20:49:50,2026-07-19 20:41:20,28,2.98,5370,-0.0434,0.983,0.947,0.0379,1.65e-24,4.15e-18,0.321,0.0769,249,0.0429,0.000367,1.19,0.000205,2.21,497,0.357,2.22,515,0.357,2.21,497,0.357,"No issues","No issues","No issues",12300,0.668,1.09e-07,1700,8.1,21400,21500,21400,"No issues",FALSE,NA
9,2026-07-19 20:55:30,2026-07-19 21:00:00,2026-07-19 20:51:30,28,3.85,3970,-0.0689,0.971,0.982,0.135,1.29e-21,3.16e-24,0.0545,0.129,105,0.0342,0.000617,0.503,0.000163,2.23,504,0.357,2.24,517,0.357,2.23,504,0.356,"No issues","No issues","No issues",-62100,0.958,2.28e-19,2560,12.2,21400,21400,21200,"No issues",FALSE,NA
12,2026-07-19 21:05:40,2026-07-19 21:10:10,2026-07-19 21:01:40,28,20.2,5140,0.102,0.999,0.99,0.281,3.11e-41,1.98e-27,0.00373,0.118,102,0.0321,0.000562,0.487,0.000153,2.22,486,0.357,2.28,502,0.358,2.22,486,0.357,"No issues","No issues","No issues",34100,0.819,3.81e-11,3140,15,21200,21300,21200,"No issues",FALSE,NA
3,2026-07-19 21:15:50,2026-07-19 21:20:20,2026-07-19 21:11:50,28,3.91,5950,-0.0916,0.993,0.99,0.353,8.91e-30,8.63e-28,0.000855,0.0631,115,0.0243,0.000301,0.547,0.000116,2.17,505,0.359,2.19,524,0.359,2.17,505,0.359,"No issues","No issues","No issues",75500,0.981,5.64e-24,2050,9.76,21800,22100,21800,"No issues",FALSE,NA
6,2026-07-19 21:26:00,2026-07-19 21:30:30,2026-07-19 21:22:00,28,3.91,5080,-0.213,0.99,0.991,0.504,1.2e-27,7.95e-28,2.32e-05,0.0763,97.5,0.0415,0.000364,0.465,0.000198,2.17,507,0.359,2.19,524,0.36,2.17,507,0.359,"No issues","No issues","No issues",16400,0.955,5.08e-19,700,3.34,22000,22000,22000,"No issues",FALSE,NA
1,2026-07-19 21:36:10,2026-07-19 21:40:40,2026-07-19 21:32:10,28,8.06,5730,-0.095,0.955,0.994,0.401,5.63e-19,2.75e-30,0.000299,0.345,88.4,0.0228,0.00164,0.421,0.000109,2.18,485,0.358,2.2,503,0.359,2.18,485,0.358,"No issues","No issues","No issues",-112000,0.996,4.47e-33,1350,6.44,21400,21400,21100,"No issues",FALSE,NA
7,2026-07-19 21:46:20,2026-07-19 21:50:50,2026-07-19 21:42:20,28,9.84,5240,-0.0756,0.996,0.989,0.185,2.93e-33,8.64e-27,0.0223,0.116,110,0.0311,0.000555,0.526,0.000148,2.21,515,0.359,2.24,531,0.359,2.21,515,0.358,"No issues","No issues","No issues",2850,0.269,0.00465,921,4.39,20900,20900,20900,"No issues",FALSE,NA
10,2026-07-19 21:56:40,2026-07-19 22:01:00,2026-07-19 21:52:30,27,15.8,4800,-0.141,0.916,0.939,0.346,5.54e-15,1.03e-16,0.00125,0.952,244,0.0387,0.00429,1.1,0.000174,2.21,512,0.36,2.26,527,0.36,2.21,512,0.359,"No issues","No issues","No issues",30900,0.849,9.64e-12,2610,11.8,21700,21800,21700,"No issues",FALSE,NA
2,2026-07-19 22:06:50,2026-07-19 22:11:10,2026-07-19 22:02:40,27,2.57,5780,-0.0479,0.833,0.981,0.11,3.37e-11,6.45e-23,0.0907,0.23,163,0.0272,0.00104,0.734,0.000123,2.21,528,0.359,2.21,546,0.36,2.21,528,0.359,"No issues","No issues","No issues",-12000,0.602,1.96e-06,1950,8.78,21100,21100,21100,"No issues",FALSE,NA
11,2026-07-19 22:16:50,2026-07-19 22:21:20,2026-07-19 22:12:50,28,7.69,6520,-0.0663,0.988,0.99,0.17,1.29e-26,2.25e-27,0.0291,0.165,130,0.0287,0.000784,0.621,0.000137,2.24,533,0.359,2.26,552,0.359,2.24,533,0.358,"No issues","No issues","No issues",-9870,0.842,6.34e-12,838,3.99,20900,20900,20900,"No issues",FALSE,NA
4,2026-07-19 22:27:00,2026-07-19 22:31:30,2026-07-19 22:23:00,28,6.77,4050,0.00655,0.992,0.988,0.00223,7.36e-29,1.02e-26,0.811,0.119,86,0.0271,0.000565,0.41,0.000129,2.19,529,0.358,2.21,542,0.359,2.19,529,0.358,"No issues","No issues","No issues",48700,0.987,3.59e-26,1080,5.17,21100,21300,21100,"No issues",FALSE,NA
8,2026-07-19 22:37:10,2026-07-19 22:41:40,2026-07-19 22:33:10,28,14.6,6320,-0.103,0.999,0.995,0.31,2.44e-44,5.65e-32,0.0021,0.0647,83.8,0.0302,0.000309,0.4,0.000144,2.22,546,0.36,2.27,566,0.36,2.22,546,0.359,"No issues","No issues","No issues",-22100,0.928,2.15e-16,1210,5.74,20900,20900,20800,"No issues",FALSE,NA
5,2026-07-19 22:47:30,2026-07-19 22:51:50,2026-07-19 22:43:20,27,4.11,5620,-0.0276,0.996,0.977,0.0168,4.69e-31,5.2e-22,0.52,0.0543,172,0.0422,0.000245,0.777,0.00019,2.19,514,0.358,2.2,531,0.359,2.19,514,0.358,"No issues","No issues","No issues",-1800,0.326,0.00186,518,2.33,20200,20200,20200,"No issues",FALSE,NA
9,2026-07-19 22:57:40,2026-07-19 23:02:00,2026-07-19 22:53:30,27,7.32,5600,-0.0182,0.997,0.995,0.0136,2.23e-33,1.67e-30,0.562,0.078,77.9,0.0311,0.000352,0.351,0.00014,2.17,493,0.358,2.19,509,0.358,2.17,493,0.358,"No issues","No issues","No issues",-1220,0.0858,0.138,795,3.58,19900,19900,19900,"No issues",FALSE,NA
12,2026-07-19 23:07:50,2026-07-19 23:12:10,2026-07-19 23:03:40,27,18.6,5700,0.038,0.996,0.988,0.0458,1.52e-31,1.89e-25,0.284,0.234,127,0.0347,0.00106,0.571,0.000156,2.24,512,0.359,2.29,529,0.359,2.24,512,0.358,"No issues","No issues","No issues",9810,0.49,4.87e-05,2000,9.03,19900,19900,19900,"No issues",FALSE,NA
3,2026-07-19 23:17:50,2026-07-19 23:22:20,2026-07-19 23:13:50,28,3.25,5640,-0.111,0.985,0.987,0.193,2.22e-25,2.99e-26,0.0192,0.0776,125,0.0446,0.00037,0.595,0.000213,2.22,510,0.36,2.23,528,0.36,2.22,510,0.359,"No issues","No issues","No issues",32400,0.98,1.71e-23,919,4.38,20100,20200,20100,"No issues",FALSE,NA
6,2026-07-19 23:28:10,2026-07-19 23:32:30,2026-07-19 23:24:00,27,3.37,5010,-0.169,0.874,0.99,0.478,9.46e-13,1.03e-26,6.59e-05,0.256,99,0.0353,0.00115,0.446,0.000159,2.25,520,0.36,2.27,536,0.36,2.25,520,0.359,"No issues","No issues","No issues",19800,0.704,4.58e-08,2570,11.6,20200,20300,20200,"No issues",FALSE,NA
1,2026-07-19 23:38:10,2026-07-19 23:42:40,2026-07-19 23:34:10,28,4.66,5070,-0.0695,0.991,0.993,0.182,7.58e-28,1.17e-29,0.0234,0.0893,82.7,0.0288,0.000426,0.394,0.000137,2.2,509,0.359,2.21,525,0.359,2.2,509,0.359,"No issues","No issues","No issues",-31200,0.959,1.31e-19,1260,6.01,19500,19500,19400,"No issues",FALSE,NA
7,2026-07-19 23:48:20,2026-07-19 23:52:50,2026-07-19 23:44:20,28,8.48,4250,-0.068,0.998,0.994,0.113,7.22e-38,3.11e-30,0.08,0.0667,65.8,0.0373,0.000318,0.314,0.000178,2.19,508,0.359,2.21,521,0.359,2.19,508,0.359,"No issues","No issues","No issues",11700,0.969,3.58e-21,410,1.96,19300,19300,19300,"No issues",FALSE,NA
10,2026-07-19 23:58:30,2026-07-20 00:03:00,2026-07-19 23:54:30,28,15.6,5880,-0.165,0.976,0.984,0.492,1.19e-22,5.56e-25,3.24e-05,0.478,146,0.0329,0.00228,0.694,0.000157,2.18,486,0.36,2.22,503,0.36,2.18,485,0.359,"No issues","No issues","No issues",17100,0.967,8.36e-21,617,2.94,19700,19700,19700,"No issues",FALSE,NA
2,2026-07-20 00:08:50,2026-07-20 00:13:10,2026-07-20 00:04:40,27,2.22,4790,-0.0582,0.991,0.987,0.0627,2.97e-27,2.94e-25,0.208,0.0417,108,0.045,0.000188,0.488,0.000203,2.15,494,0.359,2.16,509,0.36,2.15,494,0.359,"No issues","No issues","No issues",-17900,0.95,8.28e-18,818,3.69,19200,19200,19200,"No issues",FALSE,NA
11,2026-07-20 00:18:50,2026-07-20 00:23:20,2026-07-20 00:14:50,28,9.31,6530,-0.117,0.994,0.993,0.225,3.36e-30,7.32e-30,0.0108,0.145,105,0.0428,0.00069,0.499,0.000204,2.17,500,0.359,2.2,519,0.359,2.17,499,0.358,"No issues","No issues","No issues",51600,0.918,1.21e-15,3020,14.4,19200,19300,19200,"No issues",FALSE,NA
4,2026-07-20 00:29:00,2026-07-20 00:33:30,2026-07-20 00:25:00,28,5.79,4060,-0.00954,0.997,0.987,0.00353,3.3e-35,5.53e-26,0.764,0.0577,91.9,0.0314,0.000275,0.438,0.00015,2.18,515,0.359,2.2,527,0.359,2.18,515,0.359,"No issues","No issues","No issues",31800,0.99,8.44e-28,612,2.92,19600,19700,19600,"No issues",FALSE,NA
8,2026-07-20 00:39:10,2026-07-20 00:43:40,2026-07-20 00:35:10,28,13.8,6090,-0.0813,1,0.997,0.223,4.45e-48,1.08e-33,0.0112,0.044,69.3,0.0298,0.00021,0.33,0.000142,2.19,526,0.359,2.23,546,0.36,2.19,526,0.359,"No issues","No issues","No issues",-35800,0.889,6.62e-14,2490,11.9,19100,19100,19000,"No issues",FALSE,NA
5,2026-07-20 00:49:20,2026-07-20 00:53:50,2026-07-20 00:45:20,28,4.78,6130,-0.0398,0.997,0.994,0.0702,4.1e-34,1.53e-30,0.173,0.0525,92.4,0.0284,0.00025,0.441,0.000135,2.18,524,0.359,2.19,543,0.359,2.18,524,0.359,"No issues","No issues","No issues",-19500,0.933,9.32e-17,1030,4.91,18600,18600,18500,"No issues",FALSE,NA
9,2026-07-20 00:59:30,2026-07-20 01:04:00,2026-07-20 00:55:30,28,4.47,4480,0.0283,0.978,0.985,0.016,3.89e-23,2.93e-25,0.522,0.131,108,0.0436,0.000623,0.516,0.000208,2.22,518,0.359,2.23,532,0.359,2.22,518,0.358,"No issues","No issues","No issues",-4890,0.749,2.71e-09,555,2.65,18400,18400,18400,"No issues",FALSE,NA
12,2026-07-20 01:09:40,2026-07-20 01:14:10,2026-07-20 01:05:40,28,17.6,4800,-0.0309,0.999,0.993,0.0211,1.44e-43,2.13e-29,0.461,0.0834,80.1,0.0414,0.000398,0.382,0.000197,2.22,521,0.359,2.28,537,0.36,2.22,521,0.359,"No issues","No issues","No issues",3300,0.378,0.000495,829,3.95,18500,18600,18500,"No issues",FALSE,NA
3,2026-07-20 01:19:50,2026-07-20 01:24:20,2026-07-20 01:15:50,28,3.14,4950,-0.103,0.994,0.995,0.217,2.06e-30,1.35e-31,0.0126,0.0479,67.9,0.0386,0.000228,0.324,0.000184,2.18,499,0.36,2.19,516,0.36,2.18,499,0.359,"No issues","No issues","No issues",37500,0.993,1.49e-29,617,2.94,18600,18700,18600,"No issues",FALSE,NA
6,2026-07-20 01:30:00,2026-07-20 01:34:30,2026-07-20 01:26:00,28,3.02,5070,-0.174,0.973,0.994,0.369,5.02e-22,1.64e-30,0.00061,0.0978,76.7,0.0446,0.000466,0.366,0.000213,2.18,493,0.36,2.19,509,0.36,2.18,493,0.359,"No issues","No issues","No issues",11400,0.841,7.21e-12,974,4.64,18700,18700,18700,"No issues",FALSE,NA
1,2026-07-20 01:40:10,2026-07-20 01:44:40,2026-07-20 01:36:10,28,4.97,4400,-0.0642,0.996,0.992,0.089,2.4e-33,1.46e-28,0.123,0.0584,79.1,0.0403,0.000278,0.377,0.000192,2.18,515,0.359,2.2,529,0.36,2.18,515,0.359,"No issues","No issues","No issues",-10100,0.978,5.92e-23,300,1.43,18300,18300,18200,"No issues",FALSE,NA
7,2026-07-20 01:50:20,2026-07-20 01:54:50,2026-07-20 01:46:20,28,9.41,5160,-0.102,0.994,0.992,0.147,1.26e-30,9.04e-29,0.0443,0.141,91.1,0.0482,0.000671,0.434,0.00023,2.19,500,0.359,2.22,516,0.36,2.19,500,0.359,"No issues","No issues","No issues",15800,0.973,7.08e-22,517,2.47,18100,18100,18100,"No issues",FALSE,NA
10,2026-07-20 02:00:30,2026-07-20 02:05:00,2026-07-20 01:56:30,28,15.2,5450,-0.12,0.971,0.987,0.311,1.8e-21,6.55e-26,0.00204,0.516,124,0.035,0.00246,0.592,0.000167,2.22,513,0.36,2.26,530,0.36,2.21,513,0.359,"No issues","No issues","No issues",28000,0.922,6.01e-16,1590,7.59,18300,18400,18300,"No issues",FALSE,NA
2,2026-07-20 02:10:40,2026-07-20 02:15:10,2026-07-20 02:06:40,28,2.22,5150,-0.111,0.951,0.99,0.201,1.42e-18,2.3e-27,0.0167,0.0987,103,0.0434,0.000471,0.492,0.000207,2.2,508,0.36,2.21,523,0.36,2.2,508,0.359,"No issues","No issues","No issues",18700,0.704,2.41e-08,2370,11.3,18000,18100,18000,"No issues",FALSE,NA
11,2026-07-20 02:20:50,2026-07-20 02:25:20,2026-07-20 02:16:50,28,7.57,5680,-0.112,0.992,0.988,0.222,1.64e-28,1.88e-26,0.0114,0.137,123,0.0412,0.000652,0.588,0.000196,2.23,520,0.36,2.25,536,0.36,2.23,519,0.359,"No issues","No issues","No issues",-17300,0.985,2.16e-25,413,1.97,17800,17800,17800,"No issues",FALSE,NA
4,2026-07-20 02:31:00,2026-07-20 02:35:30,2026-07-20 02:27:00,28,5.91,3900,-0.0271,0.997,0.987,0.0126,8.33e-34,3.1e-26,0.57,0.0667,86.5,0.0471,0.000318,0.412,0.000224,2.19,516,0.359,2.21,528,0.36,2.19,516,0.359,"No issues","No issues","No issues",22300,0.989,4.47e-27,457,2.18,18200,18300,18200,"No issues",FALSE,NA
8,2026-07-20 02:41:10,2026-07-20 02:45:40,2026-07-20 02:37:10,28,13.1,6020,-0.0405,0.999,0.996,0.0446,1.03e-41,7.19e-33,0.281,0.0732,73.8,0.0368,0.000349,0.352,0.000175,2.22,529,0.36,2.26,547,0.36,2.22,529,0.359,"No issues","No issues","No issues",-11000,0.709,1.94e-08,1380,6.57,17900,17900,17800,"No issues",FALSE,NA
5,2026-07-20 02:51:20,2026-07-20 02:55:50,2026-07-20 02:47:20,28,4.14,5960,-0.00888,0.998,0.996,0.00246,3.13e-37,1.53e-32,0.802,0.0344,75.2,0.0351,0.000164,0.358,0.000167,2.19,523,0.36,2.2,542,0.36,2.19,523,0.359,"No issues","No issues","No issues",-4020,0.637,3.68e-07,595,2.84,17500,17500,17500,"No issues",FALSE,NA
9,2026-07-20 03:01:30,2026-07-20 03:06:00,2026-07-20 02:57:30,28,4.54,4440,0.028,0.998,0.994,0.0274,9.35e-38,3.05e-30,0.4,0.036,68.8,0.0328,0.000172,0.328,0.000156,2.2,510,0.359,2.22,524,0.359,2.2,510,0.359,"No issues","No issues","No issues",10800,0.956,3.31e-19,453,2.16,17500,17500,17500,"No issues",FALSE,NA
12,2026-07-20 03:11:40,2026-07-20 03:16:10,2026-07-20 03:07:40,28,16.8,5480,-0.0432,0.999,0.994,0.0394,9.21e-39,2.44e-30,0.311,0.122,84.1,0.0419,0.000583,0.401,2e-04,2.23,514,0.359,2.28,531,0.36,2.23,514,0.359,"No issues","No issues","No issues",40800,0.958,2.04e-19,1680,8,17600,17700,17600,"No issues",FALSE,NA
3,2026-07-20 03:21:50,2026-07-20 03:26:20,2026-07-20 03:17:50,28,3.16,5310,-0.0468,0.996,0.993,0.0488,2.02e-33,6.18e-30,0.259,0.0368,84.5,0.0405,0.000175,0.403,0.000193,2.22,530,0.36,2.23,546,0.361,2.22,530,0.36,"No issues","No issues","No issues",6880,0.38,0.000476,1720,8.22,17700,17700,17700,"No issues",FALSE,NA
6,2026-07-20 03:32:00,2026-07-20 03:36:30,2026-07-20 03:28:00,28,4.15,4980,-0.0875,0.994,0.997,0.117,3.09e-30,3.67e-34,0.0744,0.0643,54.4,0.0471,0.000307,0.259,0.000224,2.21,529,0.361,2.22,545,0.361,2.21,529,0.36,"No issues","No issues","No issues",27800,0.96,9.78e-20,1110,5.3,17700,17800,17700,"No issues",FALSE,NA
1,2026-07-20 03:42:10,2026-07-20 03:46:40,2026-07-20 03:38:10,28,4.13,4320,-0.0483,0.991,0.993,0.0665,5.09e-28,7.21e-30,0.185,0.0779,69.1,0.0355,0.000371,0.329,0.000169,2.21,522,0.36,2.22,535,0.36,2.21,522,0.36,"No issues","No issues","No issues",9280,0.927,2.91e-16,513,2.44,17400,17400,17400,"No issues",FALSE,NA
7,2026-07-20 03:52:20,2026-07-20 03:56:50,2026-07-20 03:48:20,28,7.21,3850,-0.134,0.998,0.988,0.265,2e-35,1.21e-26,0.00509,0.0704,82.3,0.0437,0.000336,0.392,0.000209,2.2,535,0.361,2.22,547,0.361,2.2,535,0.36,"No issues","No issues","No issues",40700,0.984,6.4e-25,1010,4.84,17400,17500,17400,"No issues",FALSE,NA
10,2026-07-20 04:02:30,2026-07-20 04:07:00,2026-07-20 03:58:30,28,13.7,5180,-0.0659,0.965,0.97,0.0982,1.9e-20,2.03e-21,0.104,0.512,177,0.0392,0.00244,0.845,0.000187,2.2,536,0.36,2.25,554,0.361,2.2,536,0.36,"No issues","No issues","No issues",5010,0.251,0.00663,1700,8.09,17700,17800,17700,"No issues",FALSE,NA
2,2026-07-20 04:12:40,2026-07-20 04:17:10,2026-07-20 04:08:40,28,1.81,5030,0.00772,0.98,0.992,0.00158,1.72e-23,6.92e-29,0.841,0.0512,87.9,0.038,0.000244,0.419,0.000181,2.2,532,0.36,2.2,549,0.361,2.2,532,0.36,"No issues","No issues","No issues",-4680,0.433,0.000141,1050,5.01,17300,17300,17300,"No issues",FALSE,NA
11,2026-07-20 04:22:50,2026-07-20 04:27:20,2026-07-20 04:18:50,28,NA,NA,NA,NA,NA,NA,NA,NA,NA,NA,NA,NA,NA,NA,NA,NA,NA,NA,NA,NA,NA,NA,NA,NA,"chamber malfunction","chamber malfunction","chamber malfunction",NA,NA,NA,NA,NA,NA,NA,NA,"No issues",FALSE,NA
4,2026-07-20 04:33:10,2026-07-20 04:37:30,2026-07-20 04:29:00,27,5.45,4040,0.0199,0.998,0.987,0.0102,1.26e-34,3.99e-25,0.616,0.0517,92.6,0.0392,0.000233,0.417,0.000177,2.2,545,0.36,2.22,557,0.36,2.2,545,0.36,"No issues","No issues","No issues",48400,0.989,8.21e-26,1040,4.69,17500,17700,17500,"No issues",FALSE,NA
8,2026-07-20 04:43:10,2026-07-20 04:47:40,2026-07-20 04:39:10,28,12.9,6020,-0.0334,0.999,0.995,0.0238,9.29e-39,4.98e-32,0.433,0.0939,79.5,0.042,0.000448,0.379,2e-04,2.23,551,0.361,2.27,569,0.361,2.23,551,0.36,"No issues","No issues","No issues",16500,0.971,1.92e-21,562,2.68,17500,17600,17500,"No issues",FALSE,NA
5,2026-07-20 04:53:20,2026-07-20 04:57:50,2026-07-20 04:49:20,28,3.82,5620,-0.00613,0.995,0.996,0.00142,8.45e-32,4.64e-33,0.849,0.0514,67.7,0.0318,0.000245,0.323,0.000152,2.21,542,0.36,2.22,559,0.36,2.21,542,0.36,"No issues","No issues","No issues",45100,0.998,6.15e-38,352,1.68,17400,17500,17400,"No issues",FALSE,NA
9,2026-07-20 05:03:30,2026-07-20 05:08:00,2026-07-20 04:59:30,28,4.44,3740,-0.0185,0.996,0.989,0.0133,2.53e-32,8.15e-27,0.559,0.0571,78.5,0.0313,0.000272,0.374,0.000149,2.2,536,0.36,2.22,548,0.36,2.2,536,0.36,"No issues","No issues","No issues",47800,0.905,8.66e-15,3040,14.5,17500,17600,17500,"No issues",FALSE,NA
12,2026-07-20 05:13:40,2026-07-20 05:18:10,2026-07-20 05:09:40,28,15,4190,0.0354,0.999,0.993,0.0377,1.06e-41,1.69e-29,0.322,0.0841,69.3,0.0351,0.000401,0.33,0.000167,2.22,538,0.36,2.27,551,0.361,2.22,538,0.36,"No issues","No issues","No issues",32800,0.962,5.28e-20,1280,6.09,17800,17900,17800,"No issues",FALSE,NA
3,2026-07-20 05:23:50,2026-07-20 05:28:20,2026-07-20 05:19:50,28,3.19,3530,-0.0597,0.997,0.987,0.0675,6.37e-35,4.87e-26,0.182,0.0325,79.6,0.0435,0.000155,0.38,0.000207,2.19,541,0.361,2.2,553,0.362,2.19,541,0.361,"No issues","No issues","No issues",128000,0.995,2.68e-31,1810,8.62,18800,19200,18800,"No issues",FALSE,NA
6,2026-07-20 05:34:00,2026-07-20 05:38:30,2026-07-20 05:30:00,28,3.25,1600,-0.0749,0.995,0.87,0.125,8.05e-32,5.25e-13,0.0646,0.0437,122,0.0388,0.000208,0.58,0.000185,2.19,540,0.361,2.2,546,0.362,2.19,540,0.361,"No issues","No issues","No issues",8910,0.601,1.26e-06,1420,6.78,19200,19200,19100,"No issues",FALSE,NA
1,2026-07-20 05:44:10,2026-07-20 05:48:40,2026-07-20 05:40:10,28,4.65,227,-0.00206,0.977,0.0878,6.27e-05,6.72e-23,0.126,0.968,0.139,144,0.0511,0.000663,0.685,0.000243,2.21,509,0.36,2.22,512,0.36,2.21,509,0.36,"No issues","No issues","No issues",48400,0.994,2.27e-30,740,3.53,18600,18700,18600,"No issues",FALSE,NA
7,2026-07-20 05:54:20,2026-07-20 05:58:50,2026-07-20 05:50:20,28,8.11,-2090,-0.00164,0.999,0.957,2.79e-05,9.43e-39,2.51e-19,0.979,0.059,86.8,0.0608,0.000281,0.414,0.00029,2.22,506,0.36,2.25,506,0.361,2.22,499,0.36,"No issues","No issues","No issues",91100,0.982,2.31e-24,2390,11.4,18700,19000,18700,"No issues",FALSE,NA
10,2026-07-20 06:04:30,2026-07-20 06:09:00,2026-07-20 06:00:30,28,13,-748,-0.0771,0.945,0.471,0.0962,6.6e-18,5.49e-05,0.108,0.616,155,0.0464,0.00294,0.741,0.000221,2.25,495,0.36,2.29,496,0.361,2.25,492,0.36,"No issues","No issues","No issues",113000,0.987,5.47e-26,2550,12.2,19800,20100,19800,"No issues",FALSE,NA
2,2026-07-20 06:14:40,2026-07-20 06:19:10,2026-07-20 06:10:40,28,2.16,-1650,-0.063,0.992,0.841,0.0797,4.44e-29,7.24e-12,0.146,0.0371,141,0.042,0.000177,0.673,2e-04,2.23,492,0.361,2.24,493,0.361,2.23,487,0.36,"No issues","No issues","No issues",105000,0.999,3.88e-42,567,2.7,20100,20400,20100,"No issues",FALSE,NA
11,2026-07-20 06:24:50,2026-07-20 06:29:20,2026-07-20 06:20:50,28,NA,NA,NA,NA,NA,NA,NA,NA,NA,NA,NA,NA,NA,NA,NA,NA,NA,NA,NA,NA,NA,NA,NA,NA,"chamber malfunction","chamber malfunction","chamber malfunction",NA,NA,NA,NA,NA,NA,NA,NA,"No issues",FALSE,NA
4,2026-07-20 06:35:00,2026-07-20 06:39:30,2026-07-20 06:31:00,28,4.96,-10900,0.042,0.997,0.993,0.0265,1.69e-33,1.65e-29,0.408,0.0574,180,0.0499,0.000274,0.858,0.000238,2.23,504,0.36,2.25,504,0.361,2.23,472,0.36,"No issues","No issues","No issues",108000,0.999,1.48e-39,733,3.5,21500,21800,21500,"No issues",FALSE,NA
8,2026-07-20 06:45:10,2026-07-20 06:49:40,2026-07-20 06:41:10,28,11.7,-11400,-0.0404,0.999,0.997,0.0323,4.14e-44,8.16e-35,0.36,0.0527,117,0.0434,0.000251,0.558,0.000207,2.26,471,0.361,2.3,471,0.361,2.26,436,0.36,"No issues","No issues","No issues",181000,0.996,6.36e-33,2210,10.5,22000,22500,22000,"No issues",FALSE,NA
5,2026-07-20 06:55:20,2026-07-20 06:59:50,2026-07-20 06:51:20,28,-0.272,-24300,-0.0981,0.139,0.991,0.153,0.0504,2.67e-28,0.0393,0.133,447,0.0452,0.000632,2.13,0.000215,2.24,457,0.36,2.25,457,0.361,2.24,380,0.36,"No issues","No issues","No issues",209000,1,1.16e-53,406,1.93,23200,23900,23200,"No issues",FALSE,NA
9,2026-07-20 07:05:30,2026-07-20 07:10:00,2026-07-20 07:01:30,28,2.89,-16300,-0.163,0.983,0.995,0.265,1.18e-24,6.25e-32,0.00511,0.0738,217,0.0534,0.000352,1.04,0.000254,2.13,401,0.359,2.14,401,0.359,2.13,350,0.358,"No issues","No issues","No issues",21800,0.476,4.83e-05,4490,21.4,24000,24000,23900,"No issues",FALSE,NA
12,2026-07-20 07:15:40,2026-07-20 07:20:10,2026-07-20 07:11:40,28,15.1,-14100,-0.132,0.999,0.997,0.169,1.08e-41,1.19e-34,0.0298,0.0846,148,0.0572,0.000403,0.703,0.000273,2.13,406,0.359,2.18,406,0.359,2.13,362,0.358,"No issues","No issues","No issues",86600,0.933,8.81e-17,4550,21.7,24200,24400,24100,"No issues",FALSE,NA
3,2026-07-20 07:25:50,2026-07-20 07:30:20,2026-07-20 07:21:50,28,2.51,-22300,-0.168,0.993,0.994,0.325,2.17e-29,7.22e-31,0.00154,0.0419,326,0.0475,2e-04,1.55,0.000226,2.11,395,0.36,2.12,395,0.36,2.11,326,0.359,"No issues","No issues","No issues",225000,0.995,1.7e-31,3110,14.8,26000,26700,26000,"No issues",FALSE,NA
6,2026-07-20 07:36:10,2026-07-20 07:40:30,2026-07-20 07:32:00,27,3.76,-17500,-0.306,0.994,0.998,0.709,6.69e-29,3.97e-34,3.74e-08,0.0605,174,0.0393,0.000273,0.786,0.000177,2.11,408,0.36,2.12,408,0.36,2.11,356,0.359,"No issues","No issues","No issues",12900,0.61,1.54e-06,2070,9.32,25700,25700,25700,"No issues",FALSE,NA
1,2026-07-20 07:46:10,2026-07-20 07:50:40,2026-07-20 07:42:10,28,3.77,-15300,-0.176,0.917,0.992,0.722,1.4e-15,1.71e-28,1.05e-08,0.222,277,0.0214,0.00106,1.32,0.000102,2.11,406,0.359,2.13,406,0.359,2.11,360,0.358,"No issues","No issues","No issues",114000,0.998,2.7e-37,944,4.5,25800,26100,25800,"No issues",FALSE,NA
7,2026-07-20 07:56:20,2026-07-20 08:00:50,2026-07-20 07:52:20,28,7.21,-15500,-0.109,0.996,0.999,0.356,2.08e-33,1.08e-39,0.00081,0.0841,103,0.0287,0.000401,0.493,0.000137,2.12,402,0.359,2.14,402,0.359,2.12,353,0.359,"No issues","No issues","No issues",236000,0.99,1.15e-27,4600,22,26300,27100,26300,"No issues",FALSE,NA
10,2026-07-20 08:06:30,2026-07-20 08:11:00,2026-07-20 08:02:30,28,14.2,-8140,-0.263,0.901,0.956,0.796,1.41e-14,3.86e-19,1.79e-10,0.925,343,0.0261,0.00441,1.64,0.000125,2.12,411,0.359,2.17,411,0.359,2.12,385,0.358,"No issues","No issues","No issues",351000,0.989,4.6e-27,7220,34.4,25700,26700,25700,"No issues",FALSE,NA
2,2026-07-20 08:16:40,2026-07-20 08:21:10,2026-07-20 08:12:40,28,1.48,-14200,-0.405,0.993,0.997,0.739,1.08e-29,1.02e-34,4.54e-09,0.0241,148,0.0471,0.000115,0.705,0.000225,2.11,409,0.36,2.11,409,0.36,2.11,364,0.358,"No issues","No issues","No issues",-504000,0.947,3.7e-18,23300,111,28700,28700,26900,"No issues",FALSE,NA
11,2026-07-20 08:26:50,2026-07-20 08:31:20,2026-07-20 08:22:50,28,NA,NA,NA,NA,NA,NA,NA,NA,NA,NA,NA,NA,NA,NA,NA,NA,NA,NA,NA,NA,NA,NA,NA,NA,"chamber malfunction","chamber malfunction","chamber malfunction",NA,NA,NA,NA,NA,NA,NA,NA,"No issues",FALSE,NA
4,2026-07-20 08:37:00,2026-07-20 08:41:30,2026-07-20 08:33:00,28,4.3,-16100,-0.0455,0.981,0.999,0.0799,5.92e-24,2.93e-39,0.145,0.117,112,0.0303,0.000557,0.535,0.000144,2.1,406,0.358,2.12,406,0.358,2.1,356,0.357,"No issues","No issues","No issues",-38600,0.499,2.67e-05,7600,36.2,28200,28200,28000,"No issues",FALSE,NA
8,2026-07-20 08:47:10,2026-07-20 08:51:40,2026-07-20 08:43:10,28,8.8,-16600,0.0127,0.998,0.997,0.00403,1.03e-36,9.46e-34,0.748,0.0766,188,0.0391,0.000365,0.895,0.000187,2.11,396,0.359,2.13,396,0.36,2.11,345,0.359,"No issues","No issues","No issues",393000,0.908,5.85e-15,24600,117,26700,28100,26700,"No issues",FALSE,NA
5,2026-07-20 08:57:20,2026-07-20 09:01:50,2026-07-20 08:53:20,28,1.36,-18900,-0.145,0.849,0.975,0.305,3.51e-12,2.27e-22,0.00231,0.112,591,0.0429,0.000534,2.82,0.000204,2.1,412,0.358,2.11,413,0.358,2.1,352,0.357,"No issues","No issues","No issues",-6e+05,0.801,1.35e-10,58700,280,31800,31800,29900,"No issues",FALSE,NA
9,2026-07-20 09:07:30,2026-07-20 09:12:00,2026-07-20 09:03:30,28,3.53,-16900,0.0109,0.966,0.999,0.00199,1.27e-20,1.07e-38,0.822,0.13,123,0.0477,0.000619,0.587,0.000228,2.1,396,0.357,2.11,396,0.357,2.1,343,0.356,"No issues","No issues","No issues",6100,0.0489,0.258,5280,25.2,28500,28600,28500,"No issues",FALSE,NA
12,2026-07-20 09:17:40,2026-07-20 09:22:10,2026-07-20 09:13:40,28,16,-16000,0.0302,1,0.993,0.026,2.25e-46,1.07e-29,0.413,0.0592,261,0.0363,0.000282,1.24,0.000173,2.11,399,0.358,2.16,399,0.359,2.11,350,0.358,"No issues","No issues","No issues",207000,0.816,4.7e-11,19300,92,29400,29900,29200,"No issues",FALSE,NA
3,2026-07-20 09:27:50,2026-07-20 09:32:20,2026-07-20 09:23:50,28,3.12,-19400,-0.2,0.994,0.994,0.5,2.46e-30,3.68e-30,2.56e-05,0.0479,303,0.0392,0.000228,1.44,0.000187,2.1,386,0.359,2.11,386,0.359,2.1,324,0.358,"No issues","No issues","No issues",-44000,0.928,2.34e-16,2410,11.5,29300,29300,29100,"No issues",FALSE,NA
6,2026-07-20 09:38:00,2026-07-20 09:42:30,2026-07-20 09:34:00,28,3.53,-20000,-0.323,0.999,0.994,0.685,1.16e-38,3.73e-30,5.65e-08,0.0259,312,0.043,0.000123,1.49,0.000205,2.09,387,0.359,2.1,387,0.359,2.09,323,0.358,"No issues","No issues","No issues",242000,0.993,2.95e-29,4100,19.5,29300,30100,29300,"No issues",FALSE,NA
1,2026-07-20 09:48:10,2026-07-20 09:52:40,2026-07-20 09:44:10,28,4.17,-14600,-0.0695,0.951,0.994,0.0759,1.68e-18,4.12e-30,0.156,0.186,228,0.0475,0.000888,1.09,0.000227,2.1,398,0.357,2.11,398,0.357,2.1,352,0.356,"No issues","No issues","No issues",15100,0.597,1.46e-06,2430,11.6,29600,29700,29600,"No issues",FALSE,NA
7,2026-07-20 09:58:20,2026-07-20 10:02:50,2026-07-20 09:54:20,28,7.39,-18000,-0.174,0.993,0.996,0.422,2.52e-29,4.19e-33,0.000182,0.124,216,0.0398,0.000592,1.03,0.00019,2.11,396,0.358,2.13,396,0.358,2.11,337,0.358,"No issues","No issues","No issues",230000,0.89,5.72e-14,15900,75.7,30200,30900,30200,"No issues",FALSE,NA
10,2026-07-20 10:08:30,2026-07-20 10:13:00,2026-07-20 10:04:30,28,12.5,-12000,-0.401,0.996,0.993,0.65,1.97e-32,2.36e-29,2.26e-07,0.159,200,0.0577,0.000757,0.955,0.000275,2.11,397,0.359,2.15,397,0.359,2.11,359,0.357,"No issues","No issues","No issues",410000,0.984,6.2e-25,10200,48.6,29800,31200,29800,"No issues",FALSE,NA
2,2026-07-20 10:18:40,2026-07-20 10:23:10,2026-07-20 10:14:40,28,2.35,-15700,-0.116,0.995,0.992,0.161,2.59e-31,1.32e-28,0.0344,0.033,281,0.052,0.000157,1.34,0.000248,2.1,394,0.359,2.11,394,0.359,2.1,343,0.358,"No issues","No issues","No issues",55000,0.829,1.84e-11,4910,23.4,31100,31300,31100,"No issues",FALSE,NA
11,2026-07-20 10:29:00,2026-07-20 10:33:20,2026-07-20 10:24:50,27,7.03,-15500,-0.183,0.96,0.963,0.458,5.59e-19,2.19e-19,0.000106,0.287,609,0.0398,0.00129,2.74,0.000179,2.11,385,0.356,2.13,385,0.356,2.11,338,0.355,"No issues","No issues","No issues",294000,0.998,1.11e-35,2530,11.4,31000,31900,31000,"No issues",FALSE,NA
4,2026-07-20 10:39:00,2026-07-20 10:43:30,2026-07-20 10:35:00,28,5.85,-15400,-0.00921,0.995,0.996,0.0025,4.69e-31,2.51e-33,0.801,0.0842,181,0.0361,0.000402,0.865,0.000172,2.11,391,0.355,2.13,391,0.356,2.11,343,0.355,"No issues","No issues","No issues",-219000,0.537,9.35e-06,39800,190,33400,33700,32700,"No issues",FALSE,NA
8,2026-07-20 10:49:10,2026-07-20 10:53:40,2026-07-20 10:45:10,28,9.3,-16900,0.262,0.999,0.99,0.464,3.45e-42,1.37e-27,6.53e-05,0.0499,332,0.0552,0.000238,1.58,0.000263,2.12,385,0.358,2.15,385,0.36,2.12,332,0.358,"No issues","No issues","No issues",1070000,0.923,5.13e-16,60300,287,31100,34600,31100,"No issues",FALSE,NA
5,2026-07-20 10:59:20,2026-07-20 11:03:50,2026-07-20 10:55:20,28,3.21,-17200,-0.224,0.94,0.969,0.657,2.29e-17,4.1e-21,1.7e-07,0.16,604,0.0318,0.000762,2.88,0.000151,2.12,400,0.355,2.13,400,0.355,2.12,346,0.354,"No issues","No issues","No issues",41100,0.964,2.31e-20,1550,7.39,33500,33600,33500,"No issues",FALSE,NA
9,2026-07-20 11:09:30,2026-07-20 11:14:00,2026-07-20 11:05:30,28,3.34,-14800,-0.0751,0.992,0.995,0.156,1.44e-28,5.01e-31,0.0378,0.0601,214,0.0343,0.000286,1.02,0.000164,2.12,397,0.354,2.13,397,0.355,2.12,350,0.354,"No issues","No issues","No issues",169000,0.594,1.59e-06,27500,131,35100,35300,34700,"No issues",FALSE,NA
12,2026-07-20 11:19:40,2026-07-20 11:24:10,2026-07-20 11:15:40,28,17.3,-12100,0.501,0.999,0.997,0.902,1.15e-41,9.87e-35,1.28e-14,0.0971,126,0.0324,0.000463,0.6,0.000155,2.12,394,0.355,2.17,394,0.357,2.12,355,0.355,"No issues","No issues","No issues",628000,0.999,8.83e-43,3190,15.2,34800,36700,34800,"No issues",FALSE,NA
3,2026-07-20 11:29:50,2026-07-20 11:34:20,2026-07-20 11:25:50,28,3.7,-18800,-0.0388,0.998,0.995,0.0472,1.85e-35,1.15e-31,0.267,0.036,257,0.0342,0.000172,1.22,0.000163,2.09,384,0.356,2.1,384,0.356,2.09,324,0.355,"No issues","No issues","No issues",-92300,0.859,1.44e-12,7330,34.9,32300,32300,32000,"No issues",FALSE,NA
6,2026-07-20 11:40:00,2026-07-20 11:44:30,2026-07-20 11:36:00,28,4.18,-22200,-0.44,0.992,0.996,0.891,7.29e-29,2.02e-33,4.88e-14,0.0732,258,0.0301,0.000349,1.23,0.000144,2.09,388,0.357,2.1,388,0.357,2.09,320,0.355,"No issues","No issues","No issues",1740,0.000326,0.927,18900,90.3,30800,30800,30500,"No issues",FALSE,NA
1,2026-07-20 11:50:10,2026-07-20 11:54:40,2026-07-20 11:46:10,28,4.71,-13000,-0.0518,0.98,0.993,0.184,9.67e-24,1.27e-29,0.0228,0.13,212,0.0214,0.000622,1.01,0.000102,2.1,396,0.354,2.11,397,0.354,2.1,358,0.354,"No issues","No issues","No issues",58600,0.702,2.63e-08,7490,35.7,31500,31700,31500,"No issues",FALSE,NA
7,2026-07-20 12:00:20,2026-07-20 12:04:50,2026-07-20 11:56:20,28,7.07,-16300,0.0926,0.965,0.985,0.26,1.86e-20,3.96e-25,0.00553,0.264,398,0.0306,0.00126,1.9,0.000146,2.08,386,0.355,2.11,386,0.356,2.08,336,0.355,"No issues","No issues","No issues",889000,0.992,7.68e-29,15600,74.3,29800,32400,29800,"No issues",FALSE,NA
10,2026-07-20 12:10:30,2026-07-20 12:15:00,2026-07-20 12:06:30,28,13.7,-10200,-0.405,0.97,0.986,0.885,2.44e-21,1.71e-25,1e-13,0.472,240,0.0286,0.00225,1.15,0.000136,2.1,396,0.355,2.14,396,0.355,2.1,363,0.354,"No issues","No issues","No issues",110000,0.783,4.13e-10,11300,54,31300,31500,31100,"No issues",FALSE,NA
2,2026-07-20 12:20:40,2026-07-20 12:25:10,2026-07-20 12:16:40,28,2.42,-14700,-0.104,0.995,0.994,0.171,3.58e-31,7.57e-31,0.0288,0.0345,215,0.0451,0.000165,1.03,0.000215,2.09,388,0.355,2.09,388,0.355,2.09,342,0.354,"No issues","No issues","No issues",-33500,0.859,1.39e-12,2660,12.7,31500,31500,31400,"No issues",FALSE,NA
11,2026-07-20 12:30:50,2026-07-20 12:35:20,2026-07-20 12:26:50,28,5.95,-13900,-0.185,0.825,0.965,0.599,2.39e-11,2e-20,1.37e-06,0.537,520,0.0298,0.00256,2.48,0.000142,2.12,405,0.352,2.13,405,0.353,2.11,358,0.352,"No issues","No issues","No issues",359000,0.999,1.65e-41,2050,9.76,31400,32500,31400,"No issues",FALSE,NA
4,2026-07-20 12:41:00,2026-07-20 12:45:30,2026-07-20 12:37:00,28,5.79,-13200,-0.112,0.983,0.992,0.352,1.68e-24,4.19e-29,0.00087,0.15,227,0.0297,0.000714,1.08,0.000142,2.09,390,0.351,2.11,392,0.352,2.09,351,0.351,"No issues","No issues","No issues",125000,0.785,3.56e-10,12800,61,31500,31800,31400,"No issues",FALSE,NA
8,2026-07-20 12:51:10,2026-07-20 12:55:40,2026-07-20 12:47:10,28,12.4,-13700,0.444,1,0.988,0.731,5.07e-48,9.6e-27,6.94e-09,0.0397,290,0.0528,0.000189,1.38,0.000252,2.1,385,0.356,2.14,385,0.357,2.1,341,0.355,"No issues","No issues","No issues",1060000,0.96,1.2e-19,42600,203,30000,33500,30000,"No issues",FALSE,NA
5,2026-07-20 13:01:20,2026-07-20 13:05:50,2026-07-20 12:57:20,28,3.98,-13500,-0.238,0.999,0.993,0.656,6.46e-39,6.98e-30,1.75e-07,0.0285,216,0.0337,0.000136,1.03,0.000161,2.1,389,0.351,2.11,389,0.351,2.1,345,0.35,"No issues","No issues","No issues",-32100,0.795,1.93e-10,3190,15.2,33600,33600,33500,"No issues",FALSE,NA
9,2026-07-20 13:11:30,2026-07-20 13:16:00,2026-07-20 13:07:30,28,5.23,-11700,-0.117,0.999,0.993,0.453,3.2e-43,1.78e-29,8.79e-05,0.0256,193,0.0252,0.000122,0.922,0.00012,2.1,389,0.35,2.11,389,0.35,2.1,353,0.35,"No issues","No issues","No issues",571000,0.909,4.53e-15,35400,169,31600,33500,31600,"No issues",FALSE,NA
12,2026-07-20 13:21:40,2026-07-20 13:26:10,2026-07-20 13:17:40,28,17.5,-10900,0.214,0.997,0.989,0.573,2.29e-34,8.23e-27,3.13e-06,0.187,229,0.0363,0.000893,1.09,0.000173,2.12,392,0.351,2.17,392,0.352,2.12,357,0.351,"No issues","No issues","No issues",920000,0.991,3.9e-28,17200,81.9,31200,34100,31200,"No issues",FALSE,NA
3,2026-07-20 13:31:50,2026-07-20 13:36:20,2026-07-20 13:27:50,28,3.81,-16600,-0.167,0.999,0.996,0.537,2.14e-39,2.17e-32,9.31e-06,0.0261,212,0.0305,0.000125,1.01,0.000145,2.09,388,0.352,2.11,388,0.352,2.09,335,0.352,"No issues","No issues","No issues",24600,0.306,0.00225,7260,34.6,31100,31200,31000,"No issues",FALSE,NA
6,2026-07-20 13:42:00,2026-07-20 13:46:30,2026-07-20 13:38:00,28,4.63,-15800,-0.45,1,0.997,0.876,5.13e-45,2.64e-34,2.8e-13,0.0193,171,0.0333,9.2e-05,0.814,0.000159,2.09,385,0.353,2.11,385,0.353,2.09,335,0.351,"No issues","No issues","No issues",119000,0.981,4.86e-24,3210,15.3,31900,32300,31900,"No issues",FALSE,NA
1,2026-07-20 13:52:10,2026-07-20 13:56:40,2026-07-20 13:48:10,28,4.62,-10100,-0.131,0.998,0.99,0.602,1.81e-36,8.63e-28,1.24e-06,0.0411,195,0.021,0.000196,0.93,9.99e-05,2.09,396,0.351,2.11,396,0.351,2.09,364,0.35,"No issues","No issues","No issues",4270,0.0785,0.149,2870,13.7,32300,32400,32300,"No issues",FALSE,NA
7,2026-07-20 14:02:20,2026-07-20 14:06:50,2026-07-20 13:58:20,28,7.92,-13600,0.127,0.998,0.995,0.332,1.1e-37,6.21e-32,0.00134,0.0633,181,0.0354,0.000302,0.865,0.000169,2.1,386,0.352,2.12,386,0.353,2.1,342,0.352,"No issues","No issues","No issues",692000,0.928,2.11e-16,37700,180,30500,32900,30500,"No issues",FALSE,NA
10,2026-07-20 14:12:30,2026-07-20 14:17:00,2026-07-20 14:08:30,28,14.1,-8770,-0.486,0.999,0.989,0.799,2.97e-40,5.09e-27,1.52e-10,0.0895,181,0.0479,0.000427,0.863,0.000228,2.1,397,0.352,2.15,397,0.352,2.1,368,0.351,"No issues","No issues","No issues",632000,0.963,4.33e-20,24400,116,30200,32300,30200,"No issues",FALSE,NA
2,2026-07-20 14:22:40,2026-07-20 14:27:10,2026-07-20 14:18:40,28,2.44,-13500,-0.000327,0.997,0.993,1.23e-06,1.63e-33,2.07e-29,0.996,0.0282,226,0.0579,0.000134,1.08,0.000276,2.09,392,0.351,2.1,392,0.352,2.09,348,0.351,"No issues","No issues","No issues",-49600,0.975,2.21e-22,1550,7.41,31600,31600,31500,"No issues",FALSE,NA
11,2026-07-20 14:32:50,2026-07-20 14:37:20,2026-07-20 14:28:50,28,9.19,-9720,-0.161,0.994,0.983,0.33,1.31e-30,1.33e-24,0.00138,0.138,249,0.045,0.000656,1.19,0.000215,2.09,389,0.349,2.12,389,0.349,2.09,356,0.348,"No issues","No issues","No issues",467000,0.972,1.13e-21,15600,74.4,30600,32100,30600,"No issues",FALSE,NA
4,2026-07-20 14:43:00,2026-07-20 14:47:30,2026-07-20 14:39:00,28,4.99,-11800,-0.0236,0.971,0.993,0.0142,1.92e-21,1.16e-29,0.546,0.17,192,0.0386,0.000811,0.915,0.000184,2.09,391,0.348,2.11,391,0.348,2.09,354,0.348,"No issues","No issues","No issues",517000,0.988,1.7e-26,11200,53.4,30700,32300,30700,"No issues",FALSE,NA
8,2026-07-20 14:53:20,2026-07-20 14:57:40,2026-07-20 14:49:10,27,11.9,-12800,0.43,1,0.993,0.698,9.39e-44,2.43e-28,5.96e-08,0.0488,218,0.0567,0.00022,0.982,0.000255,2.11,384,0.354,2.14,384,0.355,2.11,346,0.354,"No issues","No issues","No issues",1040000,0.955,2.65e-18,45400,205,30900,34200,30900,"No issues",FALSE,NA
5,2026-07-20 15:03:20,2026-07-20 15:07:50,2026-07-20 14:59:20,28,4.08,-13400,-0.116,0.999,0.996,0.209,2.42e-39,3.27e-32,0.0145,0.0282,174,0.0444,0.000134,0.831,0.000212,2.09,390,0.348,2.11,390,0.348,2.09,348,0.347,"No issues","No issues","No issues",-117000,0.979,1.95e-23,3330,15.9,31800,31800,31400,"No issues",FALSE,NA
9,2026-07-20 15:13:30,2026-07-20 15:18:00,2026-07-20 15:09:30,28,5.12,-12100,-0.12,0.999,0.994,0.428,8.19e-41,3.05e-30,0.00016,0.031,188,0.0271,0.000148,0.894,0.000129,2.1,389,0.348,2.11,389,0.348,2.1,352,0.347,"No issues","No issues","No issues",381000,0.938,2.99e-17,19100,91.2,30300,31600,30300,"No issues",FALSE,NA
12,2026-07-20 15:23:40,2026-07-20 15:28:10,2026-07-20 15:19:40,28,15.8,-9010,0.164,0.998,0.992,0.389,1.77e-37,5.24e-29,0.000392,0.128,156,0.0403,0.000612,0.743,0.000192,2.11,393,0.349,2.16,393,0.349,2.11,365,0.348,"No issues","No issues","No issues",1060000,0.986,1.7e-25,25100,120,30200,33600,30200,"No issues",FALSE,NA
3,2026-07-20 15:33:50,2026-07-20 15:38:20,2026-07-20 15:29:50,28,3.19,-14800,-0.111,0.99,0.991,0.272,1.97e-27,3.74e-28,0.00439,0.0635,277,0.0356,0.000303,1.32,0.00017,2.1,388,0.35,2.11,388,0.35,2.1,342,0.349,"No issues","No issues","No issues",-47300,0.939,2.58e-17,2370,11.3,30400,30400,30300,"No issues",FALSE,NA
6,2026-07-20 15:44:00,2026-07-20 15:48:30,2026-07-20 15:40:00,28,4.07,-15000,-0.328,0.998,0.997,0.731,8.08e-37,7.46e-34,6.79e-09,0.0351,168,0.039,0.000167,0.8,0.000186,2.1,387,0.351,2.11,387,0.351,2.1,341,0.35,"No issues","No issues","No issues",-51400,0.956,3.49e-19,2160,10.3,30200,30200,30000,"No issues",FALSE,NA
1,2026-07-20 15:54:10,2026-07-20 15:58:40,2026-07-20 15:50:10,28,3.67,-8940,-0.0288,0.997,0.993,0.0329,4.31e-34,2.55e-29,0.356,0.0404,150,0.0306,0.000192,0.716,0.000146,2.1,396,0.349,2.11,396,0.35,2.1,367,0.349,"No issues","No issues","No issues",179000,0.94,2.19e-17,8870,42.3,29000,29500,29000,"No issues",FALSE,NA
7,2026-07-20 16:04:30,2026-07-20 16:08:50,2026-07-20 16:00:20,27,7.76,-13100,0.162,0.998,0.997,0.388,1.56e-35,5.35e-33,0.000521,0.0678,144,0.0406,0.000305,0.651,0.000183,2.1,386,0.352,2.13,386,0.352,2.1,346,0.351,"No issues","No issues","No issues",462000,0.98,7.8e-23,13100,59.1,28800,30300,28800,"No issues",FALSE,NA
10,2026-07-20 16:14:30,2026-07-20 16:19:00,2026-07-20 16:10:30,28,12.7,-8670,-0.365,0.999,0.992,0.908,5.91e-40,1.78e-28,5.2e-15,0.083,157,0.0227,0.000396,0.749,0.000108,2.11,395,0.352,2.15,395,0.352,2.11,368,0.351,"No issues","No issues","No issues",395000,0.966,1.23e-20,14500,69.1,28300,29600,28300,"No issues",FALSE,NA
2,2026-07-20 16:24:40,2026-07-20 16:29:10,2026-07-20 16:20:40,28,2.41,-11400,0.202,0.99,0.994,0.452,1.01e-27,1.42e-30,8.85e-05,0.0467,171,0.0435,0.000223,0.815,0.000208,2.1,392,0.351,2.11,392,0.352,2.1,356,0.351,"No issues","No issues","No issues",535,0.0196,0.478,742,3.54,28900,28900,28800,"No issues",FALSE,NA
11,2026-07-20 16:34:50,2026-07-20 16:39:20,2026-07-20 16:30:50,28,8.01,-9950,-0.0766,0.998,0.993,0.22,1.01e-36,2.43e-29,0.0118,0.0697,167,0.0283,0.000333,0.796,0.000135,2.11,391,0.35,2.13,391,0.351,2.11,360,0.35,"No issues","No issues","No issues",-18900,0.61,9.27e-07,2960,14.1,28500,28500,28500,"No issues",FALSE,NA
4,2026-07-20 16:45:00,2026-07-20 16:49:30,2026-07-20 16:41:00,28,3.16,-11300,-0.0311,0.435,0.88,0.0505,0.000134,1.7e-13,0.25,0.705,821,0.0264,0.00336,3.91,0.000126,2.11,404,0.351,2.12,412,0.351,2.1,365,0.35,"No issues","No issues","No issues",399000,0.993,6.47e-30,6370,30.3,26800,27900,26800,"No issues",FALSE,NA
8,2026-07-20 16:55:20,2026-07-20 16:59:40,2026-07-20 16:51:10,27,28.9,-12700,0.0766,0.755,0.997,0.0992,4.15e-09,1.57e-32,0.11,3.29,146,0.0462,0.0148,0.659,0.000208,2.12,387,0.355,2.22,387,0.356,2.12,349,0.355,"No issues","No issues","No issues",676000,0.962,3.11e-19,27000,121,27300,29400,27300,"No issues",FALSE,NA
5,2026-07-20 17:05:20,2026-07-20 17:09:50,2026-07-20 17:01:20,28,3.21,-13500,0.000467,0.997,0.995,7.51e-06,1.04e-33,1.24e-31,0.989,0.0365,185,0.0334,0.000174,0.88,0.000159,2.11,389,0.351,2.12,389,0.351,2.11,346,0.351,"No issues","No issues","No issues",20600,0.955,5.55e-19,883,4.21,27500,27600,27500,"No issues",FALSE,NA
9,2026-07-20 17:15:40,2026-07-20 17:20:00,2026-07-20 17:11:30,27,3.62,-12300,-0.159,0.992,0.996,0.623,1.6e-27,1.91e-31,9.94e-07,0.0664,157,0.0247,0.000299,0.706,0.000111,2.11,388,0.352,2.12,388,0.352,2.11,352,0.352,"No issues","No issues","No issues",-25700,0.0801,0.153,17400,78.4,28300,28300,28000,"No issues",FALSE,NA
12,2026-07-20 17:25:40,2026-07-20 17:30:10,2026-07-20 17:21:40,28,15.6,-6680,0.0855,0.996,0.988,0.204,2.3e-33,1.44e-26,0.0159,0.182,144,0.0332,0.00087,0.684,0.000158,2.13,398,0.353,2.18,398,0.353,2.13,377,0.352,"No issues","No issues","No issues",593000,0.983,1.6e-24,15300,73.1,26200,28000,26200,"No issues",FALSE,NA
3,2026-07-20 17:35:50,2026-07-20 17:40:20,2026-07-20 17:31:50,28,2.98,-11000,-0.082,0.996,0.992,0.371,2.17e-32,6.43e-29,0.000576,0.0381,191,0.0209,0.000181,0.912,9.97e-05,2.11,393,0.354,2.12,393,0.354,2.11,358,0.354,"No issues","No issues","No issues",54600,0.926,3.42e-16,3030,14.5,27200,27400,27200,"No issues",FALSE,NA
6,2026-07-20 17:46:00,2026-07-20 17:50:30,2026-07-20 17:42:00,28,3.91,-8630,-0.433,0.998,0.997,0.647,3.15e-36,1.53e-33,2.54e-07,0.0356,99.6,0.0628,0.00017,0.475,3e-04,2.12,397,0.355,2.13,397,0.355,2.12,371,0.353,"No issues","No issues","No issues",68900,0.821,3.2e-11,6300,30,27500,27700,27500,"No issues",FALSE,NA
1,2026-07-20 17:56:10,2026-07-20 18:00:40,2026-07-20 17:52:10,28,4.51,-4650,-0.116,0.99,0.971,0.432,1.07e-27,1.4e-21,0.000146,0.0876,157,0.0261,0.000418,0.747,0.000124,2.11,405,0.353,2.13,405,0.353,2.11,390,0.353,"No issues","No issues","No issues",114000,0.981,6.49e-24,3110,14.8,26300,26600,26200,"No issues",FALSE,NA
7,2026-07-20 18:06:20,2026-07-20 18:10:50,2026-07-20 18:02:20,28,7.62,-6170,-0.298,1,0.995,0.867,3.32e-45,6.57e-32,6.46e-13,0.0313,82.4,0.0228,0.000149,0.393,0.000109,2.11,403,0.354,2.14,403,0.354,2.11,384,0.353,"No issues","No issues","No issues",2010,0.00992,0.614,3940,18.8,26200,26200,26100,"No issues",FALSE,NA
10,2026-07-20 18:16:30,2026-07-20 18:21:00,2026-07-20 18:12:30,28,16.2,-4190,-0.419,0.973,0.985,0.803,6.27e-22,4.16e-25,1.19e-10,0.53,103,0.0408,0.00253,0.489,0.000194,2.13,407,0.355,2.17,407,0.355,2.13,394,0.353,"No issues","No issues","No issues",78300,0.715,1.51e-08,9710,46.3,25200,25400,25100,"No issues",FALSE,NA
2,2026-07-20 18:26:40,2026-07-20 18:31:10,2026-07-20 18:22:40,28,2.77,-769,-0.0782,0.994,0.615,0.113,2.87e-30,8.01e-07,0.0809,0.0428,119,0.0431,0.000204,0.569,0.000205,2.11,409,0.355,2.12,409,0.355,2.11,405,0.354,"No issues","No issues","No issues",37300,0.823,2.91e-11,3400,16.2,26300,26400,26300,"No issues",FALSE,NA
11,2026-07-20 18:36:50,2026-07-20 18:41:20,2026-07-20 18:32:50,28,10.1,2630,-0.0799,0.899,0.49,0.174,1.84e-14,3.35e-05,0.0271,0.667,525,0.0341,0.00318,2.5,0.000163,2.11,414,0.354,2.14,422,0.354,2.11,410,0.353,"No issues","No issues","No issues",-161000,0.999,8.56e-40,1070,5.09,26200,26200,25700,"No issues",FALSE,NA
4,2026-07-20 18:47:00,2026-07-20 18:51:30,2026-07-20 18:43:00,28,5.19,580,-0.0525,0.994,0.493,0.0389,1.71e-30,3.14e-05,0.315,0.0786,115,0.0512,0.000375,0.55,0.000244,2.11,413,0.353,2.13,415,0.353,2.11,413,0.352,"No issues","No issues","No issues",-81700,0.949,2.48e-18,3710,17.7,23600,23600,23300,"No issues",FALSE,NA
8,2026-07-20 18:57:10,2026-07-20 19:01:40,2026-07-20 18:53:10,28,12,4200,-0.134,0.999,0.988,0.178,2.08e-44,2.37e-26,0.0253,0.0526,91.9,0.0566,0.000251,0.438,0.00027,2.13,420,0.355,2.16,433,0.356,2.13,420,0.354,"No issues","No issues","No issues",-83600,0.976,1.61e-22,2590,12.3,23000,23000,22800,"No issues",FALSE,NA
5,2026-07-20 19:07:20,2026-07-20 19:11:50,2026-07-20 19:03:20,28,1.9,3150,-0.0438,0.928,0.901,0.0304,2.34e-16,1.42e-14,0.374,0.104,205,0.0485,0.000495,0.977,0.000231,2.12,450,0.354,2.13,462,0.354,2.12,450,0.353,"No issues","No issues","No issues",65300,0.858,1.59e-12,5210,24.8,24500,24700,24500,"No issues",FALSE,NA
9,2026-07-20 19:17:30,2026-07-20 19:22:00,2026-07-20 19:13:30,28,5.85,4320,-0.147,0.948,0.973,0.401,3.48e-18,5.74e-22,0.000296,0.269,141,0.0353,0.00128,0.671,0.000168,2.13,443,0.355,2.15,456,0.355,2.13,443,0.354,"No issues","No issues","No issues",-510000,0.911,3.63e-15,31300,149,24300,24300,22500,"No issues",FALSE,NA
12,2026-07-20 19:27:40,2026-07-20 19:32:10,2026-07-20 19:23:40,28,17,4870,-0.0839,0.973,0.992,0.179,5.62e-22,6.16e-29,0.0251,0.552,84.6,0.0353,0.00263,0.403,0.000168,2.27,482,0.355,2.33,498,0.356,2.27,482,0.355,"No issues","No issues","No issues",-138000,0.985,3.05e-25,3330,15.9,21600,21600,21200,"No issues",FALSE,NA
3,2026-07-20 19:37:50,2026-07-20 19:42:20,2026-07-20 19:33:50,28,4.33,6420,-0.117,0.973,0.992,0.32,5.86e-22,4.76e-29,0.00169,0.141,110,0.0333,0.000673,0.527,0.000159,2.16,466,0.357,2.17,486,0.357,2.16,466,0.356,"No issues","No issues","No issues",-53200,0.836,1.08e-11,4630,22.1,23300,23300,23100,"No issues",FALSE,NA
6,2026-07-20 19:48:00,2026-07-20 19:52:30,2026-07-20 19:44:00,28,4.94,5690,-0.276,0.982,0.994,0.737,3.26e-24,1.48e-30,5.22e-09,0.131,85.7,0.0324,0.000625,0.408,0.000154,2.16,507,0.358,2.17,525,0.358,2.16,507,0.357,"No issues","No issues","No issues",-262000,0.994,1.26e-30,3920,18.7,23000,23000,22100,"No issues",FALSE,NA
1,2026-07-20 19:58:10,2026-07-20 20:02:40,2026-07-20 19:54:10,28,4.54,4770,-0.174,0.991,0.991,0.526,6.24e-28,7.29e-28,1.28e-05,0.0863,91.3,0.0324,0.000411,0.435,0.000154,2.2,511,0.356,2.22,527,0.357,2.2,511,0.356,"No issues","No issues","No issues",-231000,0.997,1.42e-34,2430,11.6,21400,21400,20700,"No issues",FALSE,NA
7,2026-07-20 20:08:20,2026-07-20 20:12:50,2026-07-20 20:04:20,28,10.7,5560,-0.211,0.989,0.978,0.442,4.88e-27,4.8e-23,0.000113,0.221,164,0.0465,0.00105,0.782,0.000222,2.22,520,0.357,2.25,537,0.357,2.22,520,0.356,"No issues","No issues","No issues",-91100,0.998,4.94e-38,705,3.36,20800,20800,20500,"No issues",FALSE,NA
10,2026-07-20 20:18:30,2026-07-20 20:23:00,2026-07-20 20:14:30,28,11.7,4410,-0.165,0.953,0.959,0.329,7.57e-19,1.39e-19,0.00142,0.505,179,0.0462,0.00241,0.851,0.00022,2.24,514,0.357,2.27,528,0.357,2.24,514,0.356,"No issues","No issues","No issues",-39800,0.903,1.13e-14,2560,12.2,20200,20200,20100,"No issues",FALSE,NA
2,2026-07-20 20:28:40,2026-07-20 20:33:10,2026-07-20 20:24:40,28,1.33,5390,-0.0431,0.78,0.971,0.0752,4.93e-10,1.47e-21,0.158,0.138,182,0.0296,0.000658,0.869,0.000141,2.22,519,0.357,2.23,537,0.357,2.22,519,0.357,"No issues","No issues","No issues",59900,0.974,3.56e-22,1910,9.12,21100,21400,21100,"No issues",FALSE,NA
11,2026-07-20 20:38:50,2026-07-20 20:43:20,2026-07-20 20:34:50,28,4.87,5920,-0.0476,0.835,0.986,0.179,1.09e-11,1.46e-25,0.0247,0.423,139,0.02,0.00202,0.664,9.52e-05,2.24,516,0.357,2.26,534,0.357,2.24,516,0.357,"No issues","No issues","No issues",-208000,0.947,3.89e-18,9610,45.8,21200,21200,20600,"No issues",FALSE,NA
4,2026-07-20 20:49:10,2026-07-20 20:53:30,2026-07-20 20:45:00,27,5.19,3630,NA,0.983,0.975,NA,9.67e-24,1.74e-21,NA,0.135,117,NA,0.000609,0.527,NA,2.15,484,NA,2.17,497,NA,2.15,484,NA,"No issues","No issues","No issues",-18400,0.843,1.52e-11,1590,7.16,20200,20200,20100,"No issues",FALSE,NA
8,2026-07-20 20:59:10,2026-07-20 21:03:40,2026-07-20 20:55:10,28,12.2,8130,-0.0777,0.993,0.995,0.386,1.23e-29,9.78e-32,0.000414,0.2,110,0.0192,0.000954,0.525,9.16e-05,2.18,494,0.358,2.21,519,0.358,2.18,494,0.357,"No issues","No issues","No issues",-18100,0.97,2.27e-21,621,2.96,20300,20300,20200,"No issues",FALSE,NA
5,2026-07-20 21:09:20,2026-07-20 21:13:50,2026-07-20 21:05:20,28,4.14,6140,0.0243,0.602,0.977,0.0333,1.23e-06,6.76e-23,0.352,0.661,184,0.0257,0.00315,0.875,0.000122,2.21,541,0.358,2.22,559,0.358,2.2,541,0.357,"No issues","No issues","No issues",102000,0.979,2.39e-23,2920,13.9,20400,20700,20400,"No issues",FALSE,NA
9,2026-07-20 21:19:30,2026-07-20 21:24:00,2026-07-20 21:15:30,28,11,5590,-0.0224,0.984,0.974,0.0455,6.2e-25,4.91e-22,0.276,0.274,181,0.0201,0.0013,0.861,9.59e-05,2.17,495,0.357,2.2,513,0.357,2.17,495,0.357,"No issues","No issues","No issues",28700,0.858,1.63e-12,2290,10.9,20500,20700,20500,"No issues",FALSE,NA
12,2026-07-20 21:29:40,2026-07-20 21:34:10,2026-07-20 21:25:40,28,33.9,5120,-0.0105,0.998,0.988,0.0114,2.52e-37,1.88e-26,0.588,0.28,111,0.0192,0.00133,0.53,9.16e-05,2.2,495,0.357,2.3,511,0.358,2.2,495,0.357,"No issues","No issues","No issues",13200,0.794,2.03e-10,1320,6.29,20400,20400,20400,"No issues",FALSE,NA
3,2026-07-20 21:39:50,2026-07-20 21:44:20,2026-07-20 21:35:50,28,6.25,5550,-0.028,0.993,0.982,0.0269,1.76e-29,2.61e-24,0.405,0.104,146,0.0331,0.000494,0.696,0.000158,2.13,492,0.359,2.15,510,0.359,2.13,492,0.358,"No issues","No issues","No issues",198000,0.995,2.79e-31,2800,13.3,22100,22700,22100,"No issues",FALSE,NA
6,2026-07-20 21:50:00,2026-07-20 21:54:30,2026-07-20 21:46:00,28,9.67,5310,-0.18,0.998,0.981,0.493,1.9e-35,6.49e-24,3.11e-05,0.0942,145,0.0357,0.000449,0.69,0.00017,2.14,486,0.359,2.17,503,0.359,2.14,486,0.358,"No issues","No issues","No issues",-142000,0.984,7.05e-25,3560,17,22000,22000,21600,"No issues",FALSE,NA
1,2026-07-20 22:00:10,2026-07-20 22:04:40,2026-07-20 21:56:10,28,7.97,3840,-0.0324,0.997,0.985,0.0494,1.97e-34,2.36e-25,0.256,0.085,92,0.0278,0.000405,0.439,0.000133,2.15,490,0.357,2.17,502,0.357,2.15,490,0.357,"No issues","No issues","No issues",9340,0.775,6.69e-10,987,4.71,21600,21600,21600,"No issues",FALSE,NA
7,2026-07-20 22:10:20,2026-07-20 22:14:50,2026-07-20 22:06:20,28,14.5,4500,-0.0455,0.999,0.983,0.0684,1.17e-41,1.4e-24,0.179,0.0817,116,0.0329,0.00039,0.551,0.000157,2.13,443,0.357,2.17,458,0.357,2.13,443,0.356,"No issues","No issues","No issues",107000,0.991,2.2e-28,1960,9.36,21900,22200,21900,"No issues",FALSE,NA
10,2026-07-20 22:20:30,2026-07-20 22:25:00,2026-07-20 22:16:30,28,23.3,5630,-0.0977,0.834,0.912,0.185,1.24e-11,3.23e-15,0.0225,2.04,344,0.0403,0.00972,1.64,0.000192,2.17,451,0.357,2.22,466,0.357,2.14,447,0.356,"No issues","No issues","No issues",63500,0.995,6.14e-31,924,4.41,22100,22300,22100,"No issues",FALSE,NA
2,2026-07-20 22:30:40,2026-07-20 22:35:10,2026-07-20 22:26:40,28,4.99,4610,-0.0651,0.998,0.983,0.0973,3.06e-36,1.67e-24,0.106,0.0453,119,0.0389,0.000216,0.568,0.000185,2.12,475,0.358,2.14,490,0.358,2.12,475,0.357,"No issues","No issues","No issues",134000,0.935,5.59e-17,6890,32.8,23900,24400,23900,"No issues",FALSE,NA
11,2026-07-20 22:40:50,2026-07-20 22:45:20,2026-07-20 22:36:50,28,21.3,4950,0.0875,0.999,0.995,0.19,1.34e-40,5.77e-31,0.0203,0.131,71.8,0.0354,0.000625,0.342,0.000169,2.14,464,0.358,2.21,479,0.358,2.14,464,0.357,"No issues","No issues","No issues",-103000,0.913,2.82e-15,6260,29.9,23200,23200,22900,"No issues",FALSE,NA
4,2026-07-20 22:51:00,2026-07-20 22:55:30,2026-07-20 22:47:00,28,10.7,3350,0.115,0.994,0.988,0.406,3.36e-30,2.66e-26,0.000265,0.166,73.8,0.0272,0.000791,0.352,0.00013,2.12,447,0.357,2.15,457,0.357,2.12,447,0.357,"No issues","No issues","No issues",41200,0.976,1.47e-22,1270,6.06,23000,23100,23000,"No issues",FALSE,NA
8,2026-07-20 23:01:10,2026-07-20 23:05:40,2026-07-20 22:57:10,28,11.6,4980,-0.00454,0.999,0.989,0.00088,7.41e-43,8.41e-27,0.881,0.0587,105,0.03,0.00028,0.5,0.000143,2.12,441,0.357,2.15,456,0.358,2.12,441,0.357,"No issues","No issues","No issues",69600,0.984,6.21e-25,1730,8.25,23100,23300,23100,"No issues",FALSE,NA
5,2026-07-20 23:11:20,2026-07-20 23:15:50,2026-07-20 23:07:20,28,11.2,5530,0.0407,0.991,0.978,0.0719,2.08e-28,4.07e-23,0.168,0.203,162,0.0286,0.000969,0.774,0.000137,2.12,445,0.357,2.15,462,0.357,2.12,445,0.356,"No issues","No issues","No issues",184000,0.996,3.4e-32,2390,11.4,24600,25200,24600,"No issues",FALSE,NA
9,2026-07-20 23:21:30,2026-07-20 23:26:00,2026-07-20 23:17:30,28,16.5,3990,-0.04,0.998,0.981,0.0794,4.15e-36,7.17e-24,0.146,0.151,109,0.0267,0.000722,0.521,0.000127,2.12,434,0.357,2.17,448,0.357,2.12,434,0.356,"No issues","No issues","No issues",-2840,0.0352,0.339,2910,13.9,24000,24000,24000,"No issues",FALSE,NA
12,2026-07-20 23:31:40,2026-07-20 23:36:10,2026-07-20 23:27:40,28,48,4940,-0.103,0.999,0.993,0.484,4.54e-44,1.79e-29,3.97e-05,0.218,81.9,0.0209,0.00104,0.39,9.95e-05,2.16,436,0.356,2.31,451,0.357,2.16,436,0.356,"No issues","No issues","No issues",12800,0.848,3.7e-12,1060,5.07,23600,23700,23600,"No issues",FALSE,NA
3,2026-07-20 23:41:50,2026-07-20 23:46:20,2026-07-20 23:37:50,28,6.2,5750,-0.0255,0.999,0.995,0.0309,7.22e-41,2.66e-31,0.371,0.0373,81,0.028,0.000178,0.386,0.000133,2.1,436,0.358,2.12,454,0.358,2.1,436,0.358,"No issues","No issues","No issues",185000,0.97,3.1e-21,6450,30.7,25900,26500,25900,"No issues",FALSE,NA
6,2026-07-20 23:52:00,2026-07-20 23:56:30,2026-07-20 23:48:00,28,10.4,5770,-0.0609,0.999,0.995,0.101,1.21e-41,6.08e-32,0.0997,0.0584,76.8,0.0357,0.000278,0.366,0.00017,2.1,438,0.358,2.14,456,0.358,2.1,438,0.357,"No issues","No issues","No issues",-74700,0.967,8.58e-21,2700,12.9,24700,24700,24500,"No issues",FALSE,NA
1,2026-07-21 00:02:10,2026-07-21 00:06:40,2026-07-20 23:58:10,28,8.78,4890,-0.0457,0.995,0.985,0.0696,1.12e-31,3.52e-25,0.175,0.12,119,0.0328,0.00057,0.567,0.000156,2.1,449,0.357,2.13,464,0.357,2.1,449,0.356,"No issues","No issues","No issues",5720,0.24,0.00811,2000,9.52,24200,24300,24200,"No issues",FALSE,NA
7,2026-07-21 00:12:20,2026-07-21 00:16:50,2026-07-21 00:08:20,28,25.1,5250,-0.0926,1,0.982,0.166,2.97e-45,4.27e-24,0.0313,0.103,141,0.0407,0.000489,0.672,0.000194,2.13,452,0.357,2.21,469,0.357,2.13,452,0.356,"No issues","No issues","No issues",25000,0.972,1.24e-21,839,4,24200,24300,24200,"No issues",FALSE,NA
10,2026-07-21 00:22:30,2026-07-21 00:27:00,2026-07-21 00:18:30,28,32.9,7080,-0.0825,0.965,0.975,0.171,1.92e-20,1.88e-22,0.0286,1.23,220,0.0356,0.00586,1.05,0.00017,2.13,457,0.357,2.24,480,0.357,2.13,457,0.357,"No issues","No issues","No issues",20000,0.949,2.44e-18,908,4.33,24100,24200,24100,"No issues",FALSE,NA
2,2026-07-21 00:32:40,2026-07-21 00:37:10,2026-07-21 00:28:40,28,5.36,6460,-0.0375,0.998,0.991,0.0498,2.54e-36,4.34e-28,0.254,0.0483,121,0.0321,0.00023,0.578,0.000153,2.09,439,0.357,2.11,459,0.357,2.09,439,0.356,"No issues","No issues","No issues",63300,0.975,2.3e-22,1990,9.47,24200,24400,24200,"No issues",FALSE,NA
11,2026-07-21 00:42:50,2026-07-21 00:47:20,2026-07-21 00:38:50,28,17.7,7470,0.0146,0.991,0.985,0.00534,3.53e-28,2e-25,0.712,0.328,178,0.0392,0.00157,0.847,0.000187,2.12,446,0.356,2.18,470,0.357,2.12,446,0.356,"No issues","No issues","No issues",51900,0.989,6.59e-27,1080,5.16,24200,24400,24200,"No issues",FALSE,NA
4,2026-07-21 00:53:00,2026-07-21 00:57:30,2026-07-21 00:49:00,28,9.77,3770,0.0723,0.999,0.982,0.152,7.41e-39,2.41e-24,0.0405,0.0703,99,0.0336,0.000335,0.472,0.00016,2.1,445,0.356,2.13,458,0.357,2.1,445,0.356,"No issues","No issues","No issues",83800,0.99,1.07e-27,1630,7.76,24500,24800,24500,"No issues",FALSE,NA
8,2026-07-21 01:03:10,2026-07-21 01:07:40,2026-07-21 00:59:10,28,11.1,4620,-0.0537,0.998,0.973,0.079,1.69e-37,5.67e-22,0.147,0.09,150,0.0359,0.000429,0.716,0.000171,2.13,506,0.358,2.17,523,0.359,2.13,506,0.358,"No issues","No issues","No issues",81100,0.997,3.03e-34,879,4.19,24900,25100,24900,"No issues",FALSE,NA
5,2026-07-21 01:13:20,2026-07-21 01:17:50,2026-07-21 01:09:20,28,8,4750,0.0107,0.994,0.933,0.00293,8.26e-31,9.53e-17,0.784,0.118,250,0.0386,0.000562,1.19,0.000184,2.12,486,0.357,2.15,499,0.358,2.12,485,0.357,"No issues","No issues","No issues",128000,0.987,5.79e-26,2910,13.9,26400,26800,26400,"No issues",FALSE,NA
9,2026-07-21 01:23:30,2026-07-21 01:28:00,2026-07-21 01:19:30,28,13.4,4120,-0.0296,0.997,0.984,0.0584,1.56e-34,9.85e-25,0.215,0.142,104,0.0233,0.000676,0.498,0.000111,2.12,455,0.357,2.16,468,0.357,2.12,455,0.356,"No issues","No issues","No issues",12900,0.818,4.01e-11,1190,5.69,25500,25500,25500,"No issues",FALSE,NA
12,2026-07-21 01:33:40,2026-07-21 01:38:10,2026-07-21 01:29:40,28,39.4,5280,-0.0728,0.999,0.987,0.319,2.96e-44,7.06e-26,0.00174,0.176,121,0.0209,0.000838,0.576,9.94e-05,2.14,441,0.356,2.26,459,0.357,2.14,441,0.356,"No issues","No issues","No issues",41800,0.995,1.19e-31,571,2.72,25200,25300,25200,"No issues",FALSE,NA
3,2026-07-21 01:43:50,2026-07-21 01:48:20,2026-07-21 01:39:50,28,5.16,5190,-0.294,0.998,0.979,0.652,2.86e-36,2.96e-23,2.05e-07,0.0468,150,0.042,0.000223,0.716,2e-04,2.11,493,0.359,2.13,509,0.359,2.11,493,0.357,"No issues","No issues","No issues",-190000,0.988,1.54e-26,4090,19.5,26600,26600,26100,"No issues",FALSE,NA
6,2026-07-21 01:54:00,2026-07-21 01:58:30,2026-07-21 01:50:00,28,7.56,5690,-0.213,0.999,0.987,0.73,1.8e-43,7.11e-26,7.32e-09,0.0362,130,0.0255,0.000172,0.62,0.000121,2.11,460,0.358,2.13,478,0.358,2.11,460,0.357,"No issues","No issues","No issues",4160,0.164,0.0326,1840,8.78,25500,25500,25400,"No issues",FALSE,NA
1,2026-07-21 02:04:20,2026-07-21 02:08:40,2026-07-21 02:00:10,27,6.64,4130,-0.0395,0.99,0.933,0.0432,8.76e-27,3.47e-16,0.298,0.13,221,0.0372,0.000588,0.997,0.000168,2.1,455,0.356,2.12,470,0.357,2.1,455,0.356,"No issues","No issues","No issues",55400,0.99,2.6e-26,1140,5.12,25300,25500,25300,"No issues",FALSE,NA
7,2026-07-21 02:14:20,2026-07-21 02:18:50,2026-07-21 02:10:20,28,19.2,5530,-0.0794,1,0.987,0.131,8.1e-49,6.58e-26,0.0585,0.0571,126,0.0401,0.000272,0.601,0.000191,2.13,480,0.357,2.19,498,0.357,2.13,480,0.356,"No issues","No issues","No issues",40700,0.996,4.41e-33,489,2.33,25300,25500,25300,"No issues",FALSE,NA
10,2026-07-21 02:24:40,2026-07-21 02:29:00,2026-07-21 02:20:30,27,23,5920,-0.145,0.924,0.947,0.246,1.68e-15,1.85e-17,0.00852,1.32,280,0.0509,0.00595,1.26,0.00023,2.14,516,0.358,2.21,535,0.358,2.14,516,0.357,"No issues","No issues","No issues",10100,0.833,3.18e-11,903,4.07,25200,25200,25200,"No issues",FALSE,NA
2,2026-07-21 02:34:50,2026-07-21 02:39:10,2026-07-21 02:30:40,27,4.49,6370,-0.0101,0.998,0.994,0.00361,4.3e-36,5.21e-29,0.766,0.0373,102,0.0337,0.000168,0.458,0.000152,2.11,481,0.357,2.12,500,0.357,2.11,481,0.357,"No issues","No issues","No issues",9830,0.245,0.00861,3450,15.5,24900,25000,24900,"No issues",FALSE,NA
11,2026-07-21 02:45:00,2026-07-21 02:49:20,2026-07-21 02:40:50,27,14.7,7040,0.0198,0.995,0.994,0.0113,1.38e-30,1e-29,0.597,0.202,105,0.037,0.000911,0.474,0.000167,2.12,456,0.356,2.16,476,0.357,2.12,456,0.356,"No issues","No issues","No issues",-257,0.00264,0.799,1000,4.51,24900,24900,24900,"No issues",FALSE,NA
4,2026-07-21 02:55:00,2026-07-21 02:59:30,2026-07-21 02:51:00,28,6.91,2640,0.00701,0.978,0.952,0.00196,3.59e-23,1.27e-18,0.823,0.202,117,0.031,0.000962,0.558,0.000148,2.11,458,0.357,2.13,466,0.357,2.11,458,0.356,"No issues","No issues","No issues",72700,0.997,7.37e-35,746,3.56,24900,25200,24900,"No issues",FALSE,NA
8,2026-07-21 03:05:10,2026-07-21 03:09:40,2026-07-21 03:01:10,28,11.4,5940,-0.0397,0.999,0.972,0.0348,5.77e-39,1.02e-21,0.342,0.081,198,0.041,0.000386,0.943,0.000195,2.12,501,0.358,2.16,520,0.359,2.12,501,0.358,"No issues","No issues","No issues",43600,0.981,6.18e-24,1190,5.66,25400,25500,25400,"No issues",FALSE,NA
5,2026-07-21 03:15:20,2026-07-21 03:19:50,2026-07-21 03:11:20,28,6.73,4620,0.0301,0.996,0.964,0.0663,8.64e-33,2.86e-20,0.186,0.0831,175,0.0222,0.000396,0.836,0.000106,2.13,571,0.359,2.16,587,0.359,2.13,571,0.358,"No issues","No issues","No issues",85700,0.984,6.91e-25,2140,10.2,26300,26500,26300,"No issues",FALSE,NA
9,2026-07-21 03:25:40,2026-07-21 03:30:00,2026-07-21 03:21:30,27,14.6,4620,-0.0214,0.935,0.932,0.0218,2.39e-16,4.04e-16,0.462,0.769,249,0.0287,0.00347,1.12,0.000129,2.11,481,0.357,2.16,497,0.357,2.11,481,0.357,"No issues","No issues","No issues",12900,0.776,1.33e-09,1380,6.22,25600,25700,25600,"No issues",FALSE,NA
12,2026-07-21 03:35:40,2026-07-21 03:40:10,2026-07-21 03:31:40,28,34.2,3790,-0.114,1,0.971,0.239,3.89e-46,1.52e-21,0.00829,0.129,128,0.04,0.000615,0.611,0.000191,2.18,523,0.358,2.29,534,0.358,2.18,522,0.357,"No issues","No issues","No issues",75700,0.999,9.55e-41,461,2.2,25300,25500,25300,"No issues",FALSE,NA
3,2026-07-21 03:45:50,2026-07-21 03:50:20,2026-07-21 03:41:50,28,4.73,5950,-0.0743,0.993,0.993,0.164,3.53e-29,1.63e-29,0.0323,0.0806,98.2,0.0328,0.000384,0.468,0.000157,2.09,466,0.358,2.11,485,0.358,2.09,466,0.357,"No issues","No issues","No issues",71800,0.969,3.77e-21,2520,12,25600,25900,25600,"No issues",FALSE,NA
6,2026-07-21 03:56:00,2026-07-21 04:00:30,2026-07-21 03:52:00,28,6.37,5780,-0.299,0.999,0.992,0.798,1.6e-42,8e-29,1.56e-10,0.0331,102,0.0294,0.000158,0.484,0.00014,2.09,453,0.358,2.11,471,0.358,2.09,453,0.356,"No issues","No issues","No issues",27500,0.922,6.29e-16,1570,7.48,25800,25900,25800,"No issues",FALSE,NA
1,2026-07-21 04:06:10,2026-07-21 04:10:40,2026-07-21 04:02:10,28,5.46,4570,-0.0976,0.996,0.988,0.287,8.06e-33,2.14e-26,0.00328,0.0672,99.7,0.0301,0.00032,0.475,0.000144,2.09,450,0.356,2.11,465,0.357,2.09,450,0.356,"No issues","No issues","No issues",40500,0.965,1.59e-20,1500,7.16,25700,25800,25700,"No issues",FALSE,NA
7,2026-07-21 04:16:30,2026-07-21 04:20:50,2026-07-21 04:12:20,27,15.6,5410,-0.0683,1,0.994,0.194,6.47e-48,6.9e-29,0.0214,0.0436,87.3,0.0278,0.000196,0.393,0.000125,2.1,449,0.357,2.15,465,0.357,2.1,449,0.357,"No issues","No issues","No issues",46500,0.981,5.66e-23,1300,5.87,25900,26100,25900,"No issues",FALSE,NA
10,2026-07-21 04:26:30,2026-07-21 04:31:00,2026-07-21 04:22:30,28,21.1,7250,-0.209,0.879,0.957,0.632,1.97e-13,2.72e-19,4.37e-07,1.53,301,0.0313,0.00731,1.44,0.000149,2.1,459,0.358,2.19,485,0.358,2.1,459,0.357,"No issues","No issues","No issues",-3970,0.636,3.78e-07,589,2.81,25700,25700,25700,"No issues",FALSE,NA
2,2026-07-21 04:36:40,2026-07-21 04:41:10,2026-07-21 04:32:40,28,3.96,6120,-0.0464,0.998,0.994,0.0648,3.25e-36,8.77e-31,0.191,0.0361,90.3,0.0346,0.000172,0.43,0.000165,2.08,451,0.357,2.09,469,0.357,2.08,451,0.357,"No issues","No issues","No issues",46700,0.917,1.52e-15,2760,13.2,25500,25700,25500,"No issues",FALSE,NA
11,2026-07-21 04:46:50,2026-07-21 04:51:20,2026-07-21 04:42:50,28,11.5,5620,-0.08,0.971,0.976,0.142,1.63e-21,1.75e-22,0.048,0.39,174,0.0385,0.00186,0.832,0.000184,2.11,454,0.357,2.14,471,0.357,2.11,453,0.356,"No issues","No issues","No issues",-4350,0.51,1.99e-05,836,3.99,25500,25500,25500,"No issues",FALSE,NA
4,2026-07-21 04:57:00,2026-07-21 05:01:30,2026-07-21 04:53:00,28,6.26,2490,-0.0963,0.975,0.819,0.349,3e-22,3.86e-11,0.000936,0.198,229,0.0258,0.000946,1.09,0.000123,2.14,482,0.357,2.16,492,0.358,2.14,482,0.357,"No issues","No issues","No issues",55400,0.99,1.43e-27,1090,5.19,25400,25600,25400,"No issues",FALSE,NA
8,2026-07-21 05:07:10,2026-07-21 05:11:40,2026-07-21 05:03:10,28,11.3,6450,-0.0819,0.999,0.981,0.239,2.92e-39,4.95e-24,0.0083,0.0788,174,0.0287,0.000376,0.829,0.000137,2.11,481,0.358,2.15,502,0.358,2.11,481,0.358,"No issues","No issues","No issues",46000,0.99,1.1e-27,894,4.26,25700,25800,25700,"No issues",FALSE,NA
5,2026-07-21 05:17:30,2026-07-21 05:21:50,2026-07-21 05:13:20,27,5.29,4130,-0.00377,0.986,0.942,0.000609,8.07e-25,5.92e-17,0.903,0.125,205,0.0305,0.000562,0.925,0.000138,2.13,514,0.358,2.14,527,0.358,2.13,514,0.358,"No issues","No issues","No issues",117000,1,6.99e-43,519,2.34,26600,26900,26600,"No issues",FALSE,NA
9,2026-07-21 05:27:30,2026-07-21 05:32:00,2026-07-21 05:23:30,28,9.51,4300,-0.00883,0.992,0.971,0.00362,5.66e-29,1.8e-21,0.761,0.165,146,0.0288,0.000786,0.698,0.000137,2.1,462,0.357,2.13,476,0.357,2.1,462,0.357,"No issues","No issues","No issues",43400,0.995,1.71e-31,601,2.87,26100,26200,26100,"No issues",FALSE,NA
12,2026-07-21 05:37:40,2026-07-21 05:42:10,2026-07-21 05:33:40,28,237,4230,-0.0423,0.709,0.986,0.0934,1.99e-08,1.1e-25,0.114,29.8,98.5,0.0258,0.142,0.47,0.000123,2.13,455,0.357,2.78,469,0.357,2.13,455,0.356,"No issues","No issues","No issues",50900,0.997,8.09e-35,524,2.5,25900,26100,25900,"No issues",TRUE,207
3,2026-07-21 05:48:00,2026-07-21 05:52:20,2026-07-21 05:43:50,27,4.17,3900,-0.173,0.997,0.974,0.493,3.12e-33,2.19e-21,4.44e-05,0.045,127,0.035,0.000203,0.571,0.000158,2.09,458,0.358,2.1,470,0.358,2.09,458,0.357,"No issues","No issues","No issues",132000,1,2.44e-43,561,2.53,26100,26500,26100,"No issues",FALSE,NA
6,2026-07-21 05:58:00,2026-07-21 06:02:30,2026-07-21 05:54:00,28,5.67,3750,-0.186,0.998,0.975,0.435,2.01e-35,2.45e-22,0.000134,0.0553,118,0.0414,0.000264,0.563,0.000198,2.09,455,0.358,2.11,466,0.358,2.09,454,0.357,"No issues","No issues","No issues",99400,0.989,8.19e-27,2090,9.96,26400,26700,26400,"No issues",FALSE,NA
1,2026-07-21 06:08:10,2026-07-21 06:12:40,2026-07-21 06:04:10,28,5.57,1180,-0.0855,0.997,0.792,0.164,5.88e-35,2.34e-10,0.0323,0.0567,119,0.0378,0.00027,0.567,0.00018,2.09,450,0.357,2.11,454,0.357,2.09,450,0.356,"No issues","No issues","No issues",146000,1,7.56e-49,433,2.06,26400,26900,26400,"No issues",FALSE,NA
7,2026-07-21 06:18:20,2026-07-21 06:22:50,2026-07-21 06:14:20,28,13.1,-1660,-0.1,0.999,0.923,0.223,1.68e-43,5.35e-16,0.0112,0.0627,93.7,0.0368,0.000299,0.447,0.000175,2.1,448,0.357,2.15,448,0.358,2.1,443,0.357,"No issues","No issues","No issues",206000,1,2.54e-54,377,1.8,26800,27400,26800,"No issues",FALSE,NA
10,2026-07-21 06:28:30,2026-07-21 06:33:00,2026-07-21 06:24:30,28,14.2,219,-0.165,0.92,0.0333,0.507,8.42e-16,0.353,2.16e-05,0.819,231,0.0319,0.0039,1.1,0.000152,2.12,453,0.358,2.15,454,0.359,2.1,449,0.357,"No issues","No issues","No issues",203000,0.998,3.67e-37,1700,8.1,27000,27600,27000,"No issues",FALSE,NA
2,2026-07-21 06:38:40,2026-07-21 06:43:10,2026-07-21 06:34:40,28,2.79,1520,-0.069,0.992,0.783,0.168,4.9e-29,4.01e-10,0.0306,0.0481,156,0.0302,0.000229,0.746,0.000144,2.09,449,0.358,2.1,453,0.358,2.09,448,0.358,"No issues","No issues","No issues",133000,0.989,3.15e-27,2700,12.9,27100,27500,27100,"No issues",FALSE,NA
11,2026-07-21 06:48:50,2026-07-21 06:53:20,2026-07-21 06:44:50,28,13.9,130,-0.0872,0.997,0.065,0.254,8.94e-34,0.19,0.00627,0.157,96.8,0.0293,0.000747,0.462,0.00014,2.1,450,0.358,2.15,452,0.358,2.1,450,0.357,"No issues","No issues","No issues",114000,0.999,1.21e-41,643,3.06,27100,27400,27100,"No issues",FALSE,NA
4,2026-07-21 06:59:00,2026-07-21 07:03:30,2026-07-21 06:55:00,28,6.43,-1530,NA,0.989,0.857,NA,4.43e-27,1.69e-12,NA,0.132,122,NA,0.00063,0.583,NA,2.1,445,NA,2.12,445,NA,2.1,440,NA,"No issues","No issues","No issues",94100,0.998,2.25e-36,845,4.03,27000,27300,27000,"No issues",FALSE,NA
8,2026-07-21 07:09:10,2026-07-21 07:13:40,2026-07-21 07:05:10,28,8.14,-6840,0.0143,0.987,0.974,0.0105,2.97e-26,3.83e-22,0.604,0.18,219,0.0273,0.000858,1.04,0.00013,2.11,449,0.359,2.14,449,0.359,2.11,429,0.358,"No issues","No issues","No issues",290000,0.991,6.92e-28,5540,26.4,27200,28000,27200,"No issues",FALSE,NA
5,2026-07-21 07:19:20,2026-07-21 07:23:50,2026-07-21 07:15:20,28,3.16,-22700,-0.00313,0.555,0.938,0.000353,5.4e-06,2.92e-17,0.924,0.554,1140,0.0327,0.00264,5.43,0.000156,2.11,445,0.358,2.13,449,0.358,2.11,376,0.358,"No issues","No issues","No issues",238000,0.954,7.06e-19,10300,49,29000,29800,29000,"No issues",FALSE,NA
9,2026-07-21 07:29:30,2026-07-21 07:34:00,2026-07-21 07:25:30,28,5.69,-18500,-0.0694,0.93,0.995,0.159,1.6e-16,8.57e-32,0.0356,0.306,249,0.0313,0.00146,1.19,0.000149,2.11,428,0.357,2.12,428,0.358,2.11,369,0.357,"No issues","No issues","No issues",159000,0.979,2.65e-23,4580,21.8,29100,29600,29100,"No issues",FALSE,NA
12,2026-07-21 07:39:40,2026-07-21 07:44:10,2026-07-21 07:35:40,28,25.9,-12600,-0.0776,0.999,0.997,0.115,2.67e-39,1.38e-33,0.078,0.179,144,0.0423,0.000854,0.689,0.000202,2.13,420,0.358,2.21,420,0.358,2.13,379,0.357,"No issues","No issues","No issues",194000,0.998,5.65e-36,1800,8.6,29900,30500,29900,"No issues",FALSE,NA
3,2026-07-21 07:49:50,2026-07-21 07:54:20,2026-07-21 07:45:50,28,3.86,-8530,-0.188,0.995,0.927,0.59,3e-31,2.48e-16,1.84e-06,0.0547,468,0.0307,0.000261,2.23,0.000147,2.1,428,0.358,2.11,428,0.358,2.1,399,0.358,"No issues","No issues","No issues",111000,0.98,9.7e-24,3070,14.7,30400,30700,30400,"No issues",FALSE,NA
6,2026-07-21 08:00:00,2026-07-21 08:04:30,2026-07-21 07:56:00,28,4.45,-9400,-0.302,0.998,0.997,0.697,2.06e-35,6.97e-34,3.39e-08,0.0435,105,0.0391,0.000207,0.502,0.000187,2.1,434,0.358,2.11,434,0.358,2.1,404,0.357,"No issues","No issues","No issues",221000,0.977,8.16e-23,6650,31.7,29900,30600,29900,"No issues",FALSE,NA
1,2026-07-21 08:10:10,2026-07-21 08:14:40,2026-07-21 08:06:10,28,5.05,-3320,-0.161,0.984,0.947,0.399,8.25e-25,3.81e-18,0.000309,0.127,154,0.0387,0.000606,0.732,0.000184,2.1,441,0.357,2.11,441,0.357,2.1,430,0.356,"No issues","No issues","No issues",152000,0.994,2.26e-30,2330,11.1,29500,30000,29500,"No issues",FALSE,NA
7,2026-07-21 08:20:20,2026-07-21 08:24:50,2026-07-21 08:16:20,28,11.2,-9370,-0.0749,0.997,0.998,0.193,1.78e-34,1.1e-35,0.0192,0.119,89.4,0.03,0.000568,0.426,0.000143,2.11,438,0.357,2.14,438,0.358,2.11,408,0.357,"No issues","No issues","No issues",256000,0.996,3.54e-32,3330,15.9,29600,30400,29600,"No issues",FALSE,NA
10,2026-07-21 08:30:30,2026-07-21 08:35:00,2026-07-21 08:26:30,28,17.6,-6950,-0.228,0.973,0.984,0.729,7.54e-22,9.76e-25,7.79e-09,0.58,176,0.0273,0.00276,0.84,0.00013,2.11,435,0.358,2.16,435,0.358,2.11,413,0.357,"No issues","No issues","No issues",297000,0.982,4.29e-24,7970,38,29700,30600,29700,"No issues",FALSE,NA
2,2026-07-21 08:40:40,2026-07-21 08:45:10,2026-07-21 08:36:40,28,1.96,-10000,-0.011,0.995,0.965,0.00425,3.65e-31,2.15e-20,0.742,0.0279,377,0.033,0.000133,1.8,0.000157,2.09,435,0.357,2.09,435,0.358,2.09,402,0.357,"No issues","No issues","No issues",242000,0.992,1.09e-28,4310,20.6,29400,30200,29400,"No issues",FALSE,NA
11,2026-07-21 08:50:50,2026-07-21 08:55:20,2026-07-21 08:46:50,28,13,-13600,-0.115,0.906,0.953,0.432,6.89e-15,9e-19,0.000144,0.819,594,0.0258,0.00391,2.83,0.000123,2.11,419,0.357,2.15,419,0.357,2.11,373,0.357,"No issues","No issues","No issues",115000,0.987,3.24e-26,2550,12.2,30600,30900,30600,"No issues",FALSE,NA
4,2026-07-21 09:01:00,2026-07-21 09:05:30,2026-07-21 08:57:00,28,4.34,-17700,-0.14,0.996,0.988,0.373,1.76e-32,1.5e-26,0.000558,0.0551,380,0.0357,0.000263,1.81,0.00017,2.08,416,0.356,2.09,416,0.357,2.08,362,0.356,"No issues","No issues","No issues",73600,0.972,1.01e-21,2450,11.7,30700,30900,30700,"No issues",FALSE,NA
8,2026-07-21 09:11:10,2026-07-21 09:15:40,2026-07-21 09:07:10,28,11.2,-20200,0.107,0.985,0.994,0.279,1.98e-25,1.81e-30,0.00388,0.266,306,0.0339,0.00127,1.46,0.000161,2.08,413,0.358,2.12,413,0.359,2.08,350,0.358,"No issues","No issues","No issues",559000,0.955,5.32e-19,23900,114,31300,33100,31300,"No issues",FALSE,NA
5,2026-07-21 09:21:20,2026-07-21 09:25:50,2026-07-21 09:17:20,28,7.81,-18200,-0.363,0.811,0.868,0.818,6.77e-11,6.21e-13,4.12e-11,0.74,1390,0.0336,0.00353,6.63,0.00016,2.08,426,0.358,2.11,426,0.358,2.08,357,0.356,"No issues","No issues","No issues",-328000,0.857,1.82e-12,26300,126,33200,33200,32000,"No issues",FALSE,NA
9,2026-07-21 09:31:30,2026-07-21 09:36:00,2026-07-21 09:27:30,28,5.62,-18500,-0.16,0.972,0.977,0.341,8.16e-22,6.45e-23,0.00109,0.185,553,0.0435,0.000884,2.63,0.000207,2.08,405,0.356,2.1,405,0.356,2.08,344,0.355,"No issues","No issues","No issues",122000,0.992,4.13e-29,2090,9.95,31800,32200,31800,"No issues",FALSE,NA
12,2026-07-21 09:41:40,2026-07-21 09:46:10,2026-07-21 09:37:40,28,25.8,-14300,-0.0678,0.999,0.995,0.0819,1.67e-43,2.49e-31,0.14,0.123,201,0.0445,0.000586,0.956,0.000212,2.1,414,0.357,2.19,414,0.357,2.1,367,0.356,"No issues","No issues","No issues",10200,0.224,0.0109,3710,17.7,33400,33500,33400,"No issues",FALSE,NA
3,2026-07-21 09:52:00,2026-07-21 09:56:20,2026-07-21 09:47:50,27,4.75,-19800,-0.355,0.996,0.996,0.829,6.72e-32,6.39e-31,4.6e-11,0.058,265,0.0323,0.000262,1.2,0.000146,2.08,406,0.357,2.09,406,0.358,2.08,348,0.356,"No issues","No issues","No issues",50000,0.978,2.87e-22,1490,6.74,33200,33300,33200,"No issues",FALSE,NA
6,2026-07-21 10:02:00,2026-07-21 10:06:30,2026-07-21 09:58:00,28,6.04,-24600,-0.587,0.997,0.993,0.902,9.24e-35,3.42e-29,1.18e-14,0.0625,419,0.0378,0.000298,2,0.00018,2.08,399,0.358,2.1,399,0.358,2.08,322,0.356,"No issues","No issues","No issues",86700,0.976,1.59e-22,2680,12.8,33600,33900,33600,"No issues",FALSE,NA
1,2026-07-21 10:12:20,2026-07-21 10:16:40,2026-07-21 10:08:10,27,5.99,-14100,-0.254,0.964,0.982,0.602,1.3e-19,3.08e-23,1.96e-06,0.23,386,0.0413,0.00104,1.74,0.000186,2.08,406,0.355,2.1,406,0.356,2.08,361,0.355,"No issues","No issues","No issues",68600,0.99,1.1e-26,1360,6.12,33900,34100,33900,"No issues",FALSE,NA
7,2026-07-21 10:22:20,2026-07-21 10:26:50,2026-07-21 10:18:20,28,12.6,-18400,-0.314,0.997,0.997,0.846,5.74e-34,3.3e-35,4.48e-12,0.14,183,0.0263,0.000665,0.871,0.000125,2.09,408,0.357,2.13,408,0.357,2.09,352,0.355,"No issues","No issues","No issues",32400,0.964,2.42e-20,1220,5.84,34100,34200,34100,"No issues",FALSE,NA
10,2026-07-21 10:32:40,2026-07-21 10:37:00,2026-07-21 10:28:30,27,17.8,-10400,-0.357,0.979,0.99,0.641,1.28e-22,1.76e-26,5.26e-07,0.516,210,0.0534,0.00233,0.946,0.000241,2.1,422,0.357,2.15,422,0.357,2.1,390,0.355,"No issues","No issues","No issues",107000,0.874,9.89e-13,8110,36.6,33600,34000,33600,"No issues",FALSE,NA
2,2026-07-21 10:42:50,2026-07-21 10:47:10,2026-07-21 10:38:40,27,3.83,-18500,-0.205,0.986,0.994,0.612,9.65e-25,1.76e-29,1.46e-06,0.091,283,0.0326,0.00041,1.28,0.000147,2.07,398,0.357,2.08,398,0.357,2.07,340,0.356,"No issues","No issues","No issues",49100,0.965,9.66e-20,1870,8.41,33800,33900,33800,"No issues",FALSE,NA
11,2026-07-21 10:52:50,2026-07-21 10:57:20,2026-07-21 10:48:50,28,15.5,-14800,-0.28,0.856,0.972,0.781,1.84e-12,1.12e-21,4.6e-10,1.24,496,0.0291,0.00593,2.36,0.000139,2.1,416,0.355,2.15,416,0.355,2.09,367,0.354,"No issues","No issues","No issues",-25200,0.942,1.46e-17,1230,5.86,34000,34000,33900,"No issues",FALSE,NA
4,2026-07-21 11:03:00,2026-07-21 11:07:30,2026-07-21 10:59:00,28,6.84,-17500,-0.111,0.999,0.995,0.396,7.3e-40,7.84e-32,0.000334,0.045,235,0.0268,0.000215,1.12,0.000128,2.08,401,0.354,2.1,401,0.354,2.08,345,0.353,"No issues","No issues","No issues",120000,0.997,4.81e-35,1210,5.77,34100,34500,34100,"No issues",FALSE,NA
8,2026-07-21 11:13:10,2026-07-21 11:17:40,2026-07-21 11:09:10,28,9.3,-13200,0.398,0.995,0.913,0.662,1.82e-31,2.83e-15,1.41e-07,0.129,803,0.0557,0.000615,3.83,0.000266,2.08,395,0.36,2.11,395,0.361,2.08,350,0.36,"No issues","No issues","No issues",1100000,0.99,1.82e-27,21900,104,37700,41200,37700,"No issues",FALSE,NA
5,2026-07-21 11:23:20,2026-07-21 11:27:50,2026-07-21 11:19:20,28,5.03,-20300,-0.247,0.81,0.937,0.815,7.25e-11,4.32e-17,5.22e-11,0.478,1040,0.0231,0.00228,4.94,0.00011,2.08,421,0.354,2.1,422,0.354,2.08,359,0.353,"No issues","No issues","No issues",-138000,0.972,8.76e-22,4580,21.8,36000,36000,35500,"No issues",FALSE,NA
9,2026-07-21 11:33:30,2026-07-21 11:38:00,2026-07-21 11:29:30,28,7.9,-18500,-0.195,0.995,0.992,0.584,2.62e-31,5.22e-29,2.23e-06,0.111,320,0.0323,0.00053,1.52,0.000154,2.07,405,0.353,2.09,405,0.353,2.07,349,0.352,"No issues","No issues","No issues",166000,0.998,2.59e-36,1490,7.12,36500,37000,36500,"No issues",FALSE,NA
12,2026-07-21 11:43:40,2026-07-21 11:48:10,2026-07-21 11:39:40,28,29.7,-14800,0.0932,1,0.998,0.336,1.44e-46,4.09e-37,0.00122,0.108,125,0.0257,0.000514,0.595,0.000122,2.09,404,0.354,2.19,404,0.355,2.09,358,0.354,"No issues","No issues","No issues",169000,0.995,6.64e-32,2260,10.8,37900,38400,37900,"No issues",FALSE,NA
3,2026-07-21 11:53:50,2026-07-21 11:58:20,2026-07-21 11:49:50,28,4.44,-19200,-0.375,0.999,0.998,0.879,1.14e-39,1.01e-36,1.97e-13,0.0297,167,0.0273,0.000142,0.795,0.00013,2.06,398,0.355,2.08,398,0.356,2.06,337,0.354,"No issues","No issues","No issues",-76800,0.983,1.4e-24,1970,9.4,36300,36300,36000,"No issues",FALSE,NA
6,2026-07-21 12:04:00,2026-07-21 12:08:30,2026-07-21 12:00:00,28,5.17,-20300,-0.641,0.996,0.996,0.95,8.71e-33,3.78e-33,2.16e-18,0.0638,242,0.029,0.000304,1.16,0.000138,2.06,393,0.356,2.08,393,0.356,2.06,330,0.353,"No issues","No issues","No issues",11100,0.608,1.01e-06,1740,8.31,36500,36600,36500,"No issues",FALSE,NA
1,2026-07-21 12:14:10,2026-07-21 12:18:40,2026-07-21 12:10:10,28,6.06,-12500,-0.202,0.988,0.993,0.612,1.59e-26,1.15e-29,8.85e-07,0.131,204,0.0316,0.000623,0.974,0.00015,2.06,402,0.353,2.08,402,0.353,2.06,362,0.352,"No issues","No issues","No issues",34500,0.977,9.39e-23,1050,4.99,36800,36900,36800,"No issues",FALSE,NA
7,2026-07-21 12:24:20,2026-07-21 12:28:50,2026-07-21 12:20:20,28,9.68,-19700,-0.303,0.983,0.995,0.856,1.54e-24,2.82e-31,1.97e-12,0.25,278,0.0244,0.00119,1.33,0.000116,2.06,400,0.355,2.1,400,0.355,2.06,341,0.354,"No issues","No issues","No issues",34700,0.932,1.14e-16,1840,8.79,37200,37300,37200,"No issues",FALSE,NA
10,2026-07-21 12:34:40,2026-07-21 12:39:00,2026-07-21 12:30:30,27,20,-8660,-0.516,0.978,0.987,0.953,2.46e-22,3.51e-25,4.48e-18,0.595,197,0.023,0.00268,0.889,0.000104,2.07,411,0.355,2.13,411,0.355,2.07,383,0.353,"No issues","No issues","No issues",23800,0.984,4.71e-24,603,2.72,37400,37500,37400,"No issues",FALSE,NA
2,2026-07-21 12:44:40,2026-07-21 12:49:10,2026-07-21 12:40:40,28,3.19,-18200,0.0278,0.994,0.993,0.0356,2.21e-30,2.15e-29,0.336,0.0488,303,0.0283,0.000233,1.44,0.000135,2.04,399,0.354,2.05,399,0.354,2.04,340,0.354,"No issues","No issues","No issues",34300,0.968,6.66e-21,1230,5.87,36700,36800,36700,"No issues",FALSE,NA
11,2026-07-21 12:54:50,2026-07-21 12:59:20,2026-07-21 12:50:50,28,11.9,-14300,-0.225,0.838,0.886,0.692,9.03e-12,8.95e-14,4.2e-08,1.03,1000,0.0295,0.0049,4.78,0.000141,2.07,405,0.352,2.11,410,0.352,2.07,367,0.351,"No issues","No issues","No issues",79300,0.991,3.83e-28,1480,7.06,37300,37600,37300,"No issues",FALSE,NA
4,2026-07-21 13:05:00,2026-07-21 13:09:30,2026-07-21 13:01:00,28,6.88,-14400,-0.104,0.99,0.995,0.254,8.31e-28,5.18e-32,0.00624,0.132,191,0.0351,0.000631,0.911,0.000167,2.04,403,0.351,2.06,403,0.351,2.04,359,0.35,"No issues","No issues","No issues",89900,0.998,2.59e-37,743,3.54,38600,38800,38600,"No issues",FALSE,NA
8,2026-07-21 13:15:10,2026-07-21 13:19:40,2026-07-21 13:11:10,28,11.5,-8000,-0.088,1,0.991,0.0944,8.46e-46,6.4e-28,0.112,0.0447,152,0.0535,0.000213,0.727,0.000255,2.05,406,0.358,2.08,406,0.359,2.05,382,0.358,"No issues","No issues","No issues",676000,0.981,6.32e-24,18400,87.8,41000,43300,41000,"No issues",FALSE,NA
5,2026-07-21 13:25:20,2026-07-21 13:29:50,2026-07-21 13:21:20,28,7.16,-11700,-0.245,0.986,0.955,0.765,1.35e-25,4.92e-19,1.16e-09,0.168,497,0.0266,0.000801,2.37,0.000127,2.04,401,0.35,2.06,401,0.351,2.04,362,0.35,"No issues","No issues","No issues",-175000,0.995,1.19e-31,2390,11.4,38900,38900,38400,"No issues",FALSE,NA
9,2026-07-21 13:35:30,2026-07-21 13:40:00,2026-07-21 13:31:30,28,9.5,-2990,-0.0602,0.999,0.851,0.178,3.49e-41,2.91e-12,0.0252,0.0557,245,0.0253,0.000265,1.17,0.000121,2.05,417,0.35,2.08,417,0.35,2.05,407,0.35,"No issues","No issues","No issues",-144000,0.985,4.26e-25,3520,16.8,39700,39700,39200,"No issues",FALSE,NA
12,2026-07-21 13:45:40,2026-07-21 13:50:10,2026-07-21 13:41:40,28,335,-1790,-0.00757,0.693,0.88,0.0017,4.02e-08,1.69e-13,0.835,43.7,129,0.036,0.208,0.616,0.000172,2.1,430,0.351,3.02,430,0.352,2.1,423,0.351,"No issues","No issues","No issues",-242000,0.984,5.29e-25,5990,28.5,38900,38900,38100,"No issues",TRUE,295
3,2026-07-21 13:55:50,2026-07-21 14:00:20,2026-07-21 13:51:50,28,3.04,-8680,-0.334,0.996,0.992,0.892,3.36e-32,8.62e-29,4.46e-14,0.0396,153,0.0228,0.000189,0.729,0.000109,2.05,417,0.354,2.06,417,0.354,2.05,390,0.353,"No issues","No issues","No issues",-144000,0.992,8.1e-29,2540,12.1,36100,36100,35700,"No issues",FALSE,NA
6,2026-07-21 14:06:00,2026-07-21 14:10:30,2026-07-21 14:02:00,28,4.7,-18500,-0.583,0.998,0.998,0.857,7.56e-37,1.02e-37,1.75e-12,0.0404,148,0.0467,0.000193,0.704,0.000223,2.05,403,0.355,2.07,403,0.355,2.05,344,0.353,"No issues","No issues","No issues",61800,0.998,6.75e-37,530,2.53,36200,36400,36200,"No issues",FALSE,NA
1,2026-07-21 14:16:10,2026-07-21 14:20:40,2026-07-21 14:12:10,28,5.3,-12100,-0.219,0.943,0.962,0.723,1.12e-17,6.34e-20,1.01e-08,0.256,474,0.0265,0.00122,2.26,0.000126,2.06,402,0.352,2.08,402,0.353,2.06,363,0.352,"No issues","No issues","No issues",133000,0.998,7.62e-36,1250,5.96,36900,37400,36900,"No issues",FALSE,NA
7,2026-07-21 14:26:20,2026-07-21 14:30:50,2026-07-21 14:22:20,28,10.5,-17500,NA,0.992,0.992,NA,1.33e-28,8.92e-29,NA,0.189,309,NA,9e-04,1.47,NA,2.07,395,NA,2.11,395,NA,2.07,341,NA,"No issues","No issues","No issues",52500,0.957,2.55e-19,2180,10.4,37800,38000,37800,"No issues",FALSE,NA
10,2026-07-21 14:36:30,2026-07-21 14:41:00,2026-07-21 14:32:30,28,20.6,-9300,-0.644,0.937,0.98,0.961,3.94e-17,9.82e-24,7.24e-20,1.05,258,0.0254,0.005,1.23,0.000121,2.07,407,0.355,2.14,407,0.355,2.07,379,0.353,"No issues","No issues","No issues",35000,0.947,4.1e-18,1620,7.74,38300,38400,38300,"No issues",FALSE,NA
2,2026-07-21 14:46:40,2026-07-21 14:51:10,2026-07-21 14:42:40,28,2.51,-14800,-0.13,0.994,0.995,0.48,4.43e-30,1.93e-31,4.36e-05,0.0395,206,0.0265,0.000188,0.984,0.000126,2.06,401,0.354,2.07,401,0.354,2.06,354,0.353,"No issues","No issues","No issues",-15900,0.965,2.23e-20,598,2.85,37600,37600,37600,"No issues",FALSE,NA
11,2026-07-21 14:56:50,2026-07-21 15:01:20,2026-07-21 14:52:50,28,12.8,-11000,-0.0953,0.96,0.974,0.241,9.14e-20,3.72e-22,0.00796,0.51,353,0.0331,0.00243,1.68,0.000158,2.07,399,0.352,2.11,399,0.352,2.07,368,0.351,"No issues","No issues","No issues",-23300,0.979,2.27e-23,668,3.18,37000,37000,36900,"No issues",FALSE,NA
4,2026-07-21 15:07:00,2026-07-21 15:11:30,2026-07-21 15:03:00,28,5.54,-9480,0.0229,0.993,0.996,0.024,1.06e-29,6.89e-33,0.431,0.0899,116,0.0286,0.000429,0.553,0.000136,2.07,405,0.351,2.08,405,0.352,2.07,374,0.351,"No issues","No issues","No issues",53100,0.923,5.26e-16,3000,14.3,37800,38000,37800,"No issues",FALSE,NA
8,2026-07-21 15:17:20,2026-07-21 15:21:40,2026-07-21 15:13:10,27,13.2,-12000,-0.0481,0.999,0.991,0.0623,6.12e-37,7.23e-27,0.209,0.101,234,0.0373,0.000456,1.06,0.000168,2.08,393,0.357,2.12,393,0.357,2.08,357,0.356,"No issues","No issues","No issues",574000,0.993,2.75e-28,9800,44.2,37900,39600,37900,"No issues",FALSE,NA
5,2026-07-21 15:27:20,2026-07-21 15:31:50,2026-07-21 15:23:20,28,4.69,-13500,-0.189,0.998,0.992,0.484,1.86e-35,5.01e-29,3.98e-05,0.0457,233,0.0382,0.000218,1.11,0.000182,2.06,395,0.352,2.07,395,0.352,2.06,354,0.351,"No issues","No issues","No issues",15000,0.961,8.41e-20,597,2.85,37300,37400,37300,"No issues",FALSE,NA
9,2026-07-21 15:37:40,2026-07-21 15:42:00,2026-07-21 15:33:30,27,7.78,-5430,-0.0577,0.996,0.977,0.158,4.22e-31,6.21e-22,0.0401,0.102,168,0.0266,0.000461,0.755,0.00012,2.06,404,0.352,2.08,404,0.352,2.06,387,0.351,"No issues","No issues","No issues",-6290,0.0709,0.18,4550,20.5,38300,38300,38200,"No issues",FALSE,NA
12,2026-07-21 15:47:40,2026-07-21 15:52:10,2026-07-21 15:43:40,28,24.2,718,-0.151,0.997,0.546,0.334,2.4e-35,7.17e-06,0.00128,0.238,129,0.0419,0.00114,0.613,2e-04,2.41,421,0.353,2.49,423,0.353,2.41,420,0.352,"No issues","No issues","No issues",-274000,0.985,3.9e-25,6700,31.9,38000,38000,37100,"No issues",FALSE,NA
6,2026-07-21 16:20:00,2026-07-21 16:24:20,2026-07-21 16:16:00,27,4.57,-4070,-0.459,0.997,0.987,0.812,2.9e-33,3.43e-25,1.47e-10,0.0492,92.6,0.0441,0.000222,0.418,0.000199,2.02,420,0.357,2.04,420,0.357,2.02,408,0.355,"No issues","No issues","No issues",-85900,0.989,2.97e-26,1770,7.98,27800,27800,27500,"No issues",FALSE,NA
1,2026-07-21 16:30:10,2026-07-21 16:34:30,2026-07-21 16:26:10,27,5.21,-3980,-0.0364,0.952,0.871,0.041,6.03e-18,1.3e-12,0.311,0.235,307,0.0353,0.00106,1.38,0.000159,2.03,417,0.355,2.05,417,0.355,2.03,404,0.354,"No issues","No issues","No issues",125000,0.998,3.15e-34,1240,5.57,27600,27900,27600,"No issues",FALSE,NA
7,2026-07-21 16:40:20,2026-07-21 16:44:40,2026-07-21 16:36:20,27,11.2,-5020,-0.219,1,0.983,0.522,4.64e-44,1.05e-23,2.07e-05,0.0444,131,0.0419,2e-04,0.591,0.000189,2.04,417,0.356,2.07,417,0.357,2.04,401,0.355,"No issues","No issues","No issues",1770,0.0101,0.617,3490,15.7,28000,28100,28000,"No issues",FALSE,NA
10,2026-07-21 16:50:30,2026-07-21 16:54:50,2026-07-21 16:46:30,27,17.7,-8010,-0.319,0.993,0.993,0.744,2.97e-28,3.19e-28,7.24e-09,0.302,138,0.0374,0.00136,0.62,0.000169,2.05,412,0.358,2.11,412,0.358,2.05,388,0.357,"No issues","No issues","No issues",27300,0.539,1.3e-05,5050,22.8,28000,28100,28000,"No issues",FALSE,NA
2,2026-07-21 17:00:40,2026-07-21 17:05:00,2026-07-21 16:56:40,27,3.03,-10400,-0.0427,0.998,0.995,0.0307,3.15e-35,2.9e-30,0.382,0.0273,148,0.048,0.000123,0.667,0.000216,2.03,405,0.357,2.04,405,0.357,2.03,374,0.356,"No issues","No issues","No issues",141000,0.986,7.23e-25,3300,14.9,28300,28700,28300,"No issues",FALSE,NA
11,2026-07-21 17:10:50,2026-07-21 17:15:10,2026-07-21 17:06:50,27,11.8,-9720,-0.0696,0.979,0.994,0.14,1.29e-22,7e-29,0.0542,0.341,157,0.0345,0.00154,0.708,0.000155,2.04,409,0.356,2.07,409,0.356,2.04,379,0.356,"No issues","No issues","No issues",-22000,0.763,2.72e-09,2450,11,28300,28300,28200,"No issues",FALSE,NA
4,2026-07-21 17:21:00,2026-07-21 17:25:20,2026-07-21 17:17:00,27,6.46,-2370,-0.112,0.952,0.811,0.211,5.41e-18,1.53e-10,0.0159,0.29,228,0.0433,0.00131,1.03,0.000195,2.03,417,0.356,2.05,419,0.356,2.03,410,0.355,"No issues","No issues","No issues",70800,0.954,2.73e-18,3090,13.9,27600,27800,27600,"No issues",FALSE,NA
8,2026-07-21 17:31:10,2026-07-21 17:35:30,2026-07-21 17:27:10,27,10,587,-0.19,0.999,0.663,0.527,2.5e-40,2.4e-07,1.83e-05,0.0564,83.8,0.036,0.000254,0.378,0.000162,2.04,421,0.357,2.07,423,0.357,2.04,420,0.356,"No issues","No issues","No issues",-4780,0.046,0.283,4350,19.6,28400,28400,28400,"No issues",FALSE,NA
5,2026-07-21 17:41:20,2026-07-21 17:45:40,2026-07-21 17:37:20,27,4.98,378,-0.0395,0.999,0.408,0.0218,2.61e-40,0.000338,0.462,0.028,91.1,0.0529,0.000126,0.411,0.000238,2.03,429,0.356,2.05,431,0.356,2.03,429,0.355,"No issues","No issues","No issues",88800,0.899,5.77e-14,5940,26.8,27200,27400,27200,"No issues",FALSE,NA
9,2026-07-21 17:51:30,2026-07-21 17:55:50,2026-07-21 17:47:30,27,8.64,536,0.0443,0.96,0.12,0.0447,5.44e-19,0.0762,0.29,0.353,290,0.0409,0.00159,1.31,0.000184,2.04,427,0.355,2.07,429,0.356,2.04,422,0.355,"No issues","No issues","No issues",99800,0.958,9.9e-19,4180,18.8,27100,27400,27100,"No issues",FALSE,NA
12,2026-07-21 18:01:40,2026-07-21 18:06:00,2026-07-21 17:57:40,27,24.6,3510,0.00751,0.998,0.985,0.00176,9.98e-36,3.41e-24,0.836,0.211,87.7,0.0358,0.000949,0.395,0.000161,2.07,429,0.356,2.14,439,0.356,2.07,429,0.355,"No issues","No issues","No issues",-26300,0.917,4.95e-15,1580,7.14,26700,26700,26600,"No issues",FALSE,NA
3,2026-07-21 18:11:50,2026-07-21 18:16:10,2026-07-21 18:07:50,27,3.6,4720,-0.0878,0.996,0.993,0.375,2.9e-31,1.83e-28,0.000682,0.0467,79.3,0.0227,0.00021,0.357,0.000102,2.03,435,0.358,2.05,449,0.358,2.03,435,0.357,"No issues","No issues","No issues",20400,0.61,1.55e-06,3260,14.7,27400,27400,27400,"No issues",FALSE,NA
6,2026-07-21 18:22:00,2026-07-21 18:26:20,2026-07-21 18:18:00,27,4.7,5540,-0.318,0.999,0.994,0.617,1.13e-40,3.51e-29,1.2e-06,0.0255,87,0.0501,0.000115,0.392,0.000226,2.04,440,0.359,2.05,456,0.359,2.04,440,0.357,"No issues","No issues","No issues",21700,0.791,5.68e-10,2230,10,27300,27300,27300,"No issues",FALSE,NA
1,2026-07-21 18:32:10,2026-07-21 18:36:30,2026-07-21 18:28:10,27,4.78,4590,-0.0651,0.986,0.989,0.0761,1.42e-24,3.62e-26,0.164,0.115,95.4,0.0454,0.00052,0.43,0.000205,2.04,440,0.358,2.05,453,0.358,2.04,440,0.356,"No issues","No issues","No issues",30300,0.838,2.32e-11,2670,12,27100,27200,27100,"No issues",FALSE,NA
7,2026-07-21 18:42:20,2026-07-21 18:46:40,2026-07-21 18:38:20,27,10.2,4240,-0.0843,0.998,0.985,0.1,6.53e-35,1.97e-24,0.107,0.0942,104,0.0505,0.000425,0.467,0.000228,2.06,452,0.358,2.09,465,0.359,2.06,452,0.357,"No issues","No issues","No issues",27200,0.966,8.01e-20,1030,4.63,27100,27200,27100,"No issues",FALSE,NA
10,2026-07-21 18:52:30,2026-07-21 18:56:50,2026-07-21 18:48:30,27,15,5320,-0.263,0.988,0.988,0.56,9.77e-26,1e-25,7.18e-06,0.324,115,0.0467,0.00146,0.52,0.00021,2.07,452,0.359,2.12,468,0.359,2.07,452,0.358,"No issues","No issues","No issues",25100,0.99,1.76e-26,507,2.28,27300,27400,27300,"No issues",FALSE,NA
2,2026-07-21 19:02:40,2026-07-21 19:07:00,2026-07-21 18:58:40,27,2.94,6010,-0.0378,0.998,0.994,0.029,1.3e-35,1.92e-29,0.396,0.0255,92.1,0.0437,0.000115,0.415,0.000197,2.05,462,0.359,2.06,479,0.359,2.05,462,0.358,"No issues","No issues","No issues",878,0.0116,0.592,1620,7.29,27200,27300,27200,"No issues",FALSE,NA
11,2026-07-21 19:12:50,2026-07-21 19:17:10,2026-07-21 19:08:50,27,9.98,7160,-0.0754,0.996,0.996,0.172,4.6e-32,4.18e-32,0.0312,0.12,85.8,0.033,0.000541,0.387,0.000149,2.06,463,0.358,2.09,484,0.358,2.06,463,0.358,"No issues","No issues","No issues",15300,0.986,7.95e-25,360,1.62,27000,27100,27000,"No issues",FALSE,NA
4,2026-07-21 19:23:00,2026-07-21 19:27:20,2026-07-21 19:19:00,27,6.55,4690,-0.0376,0.98,0.982,0.0217,7.46e-23,3.13e-23,0.463,0.186,128,0.0504,0.000837,0.578,0.000227,2.06,458,0.357,2.08,473,0.358,2.06,458,0.357,"No issues","No issues","No issues",51100,0.996,8.27e-32,630,2.84,27000,27100,27000,"No issues",FALSE,NA
8,2026-07-21 19:33:10,2026-07-21 19:37:30,2026-07-21 19:29:10,27,42.7,7630,-0.00595,0.605,0.997,0.000728,1.82e-06,1.66e-32,0.894,6.91,88.1,0.0441,0.0312,0.397,0.000199,2.06,459,0.358,2.21,482,0.358,2.06,459,0.357,"No issues","No issues","No issues",-3570,0.629,7.99e-07,548,2.47,26600,26600,26600,"No issues",TRUE,47.6
5,2026-07-21 19:43:20,2026-07-21 19:47:40,2026-07-21 19:39:20,27,4.3,7520,-0.00947,0.994,0.995,0.00341,6.96e-29,7.29e-30,0.772,0.0694,111,0.0324,0.000313,0.5,0.000146,2.06,473,0.357,2.07,495,0.358,2.06,473,0.357,"No issues","No issues","No issues",60500,0.958,9.82e-19,2530,11.4,26400,26600,26400,"No issues",FALSE,NA
9,2026-07-21 19:53:30,2026-07-21 19:57:50,2026-07-21 19:49:30,27,6.04,5870,-0.00344,0.835,0.949,0.000628,2.93e-11,1.02e-17,0.901,0.538,271,0.0274,0.00243,1.22,0.000124,2.1,476,0.357,2.12,493,0.357,2.09,475,0.357,"No issues","No issues","No issues",76400,0.958,1.13e-18,3220,14.5,26600,26900,26600,"No issues",FALSE,NA
12,2026-07-21 20:03:40,2026-07-21 20:08:00,2026-07-21 19:59:40,27,21,5520,-0.00618,0.999,0.991,0.0012,1.06e-40,2.94e-27,0.864,0.114,104,0.0356,0.000514,0.467,0.00016,2.08,465,0.357,2.14,482,0.358,2.08,465,0.357,"No issues","No issues","No issues",2440,0.264,0.00614,816,3.68,26300,26300,26300,"No issues",FALSE,NA
3,2026-07-21 20:13:50,2026-07-21 20:18:10,2026-07-21 20:09:50,27,3.82,6550,-0.158,0.998,0.994,0.537,4.01e-34,1.68e-29,1.39e-05,0.038,99.8,0.0294,0.000171,0.45,0.000132,2.05,462,0.359,2.06,481,0.359,2.05,462,0.358,"No issues","No issues","No issues",39800,0.975,1.4e-21,1270,5.72,26900,27000,26900,"No issues",FALSE,NA
6,2026-07-21 20:24:00,2026-07-21 20:28:20,2026-07-21 20:20:00,27,4.16,5910,-0.264,0.997,0.992,0.724,2.64e-33,1.07e-27,1.85e-08,0.0447,107,0.0326,0.000201,0.48,0.000147,2.05,469,0.36,2.06,486,0.36,2.05,469,0.359,"No issues","No issues","No issues",37000,0.92,3.22e-15,2180,9.85,27100,27200,27100,"No issues",FALSE,NA
1,2026-07-21 20:34:10,2026-07-21 20:38:30,2026-07-21 20:30:10,27,4.87,4930,-0.0674,0.984,0.988,0.273,3.95e-24,1.42e-25,0.00522,0.122,108,0.022,0.000552,0.488,9.93e-05,2.05,460,0.359,2.07,474,0.359,2.05,460,0.358,"No issues","No issues","No issues",-7010,0.73,1.42e-08,853,3.85,26900,26900,26900,"No issues",FALSE,NA
7,2026-07-21 20:44:20,2026-07-21 20:48:40,2026-07-21 20:40:20,27,10.2,5400,-0.22,0.999,0.995,0.48,2.98e-37,5.75e-30,6.13e-05,0.0763,78.9,0.0459,0.000344,0.356,0.000207,2.07,462,0.359,2.1,478,0.359,2.07,462,0.358,"No issues","No issues","No issues",23700,0.987,2.7e-25,533,2.4,26800,26900,26800,"No issues",FALSE,NA
10,2026-07-21 20:54:30,2026-07-21 20:58:50,2026-07-21 20:50:30,27,17,5920,NA,0.991,0.991,NA,7.77e-27,3.67e-27,NA,0.332,112,NA,0.0015,0.506,NA,2.06,459,NA,2.11,477,NA,2.06,459,NA,"No issues","No issues","No issues",19400,0.986,1.64e-24,471,2.12,26800,26900,26800,"No issues",FALSE,NA
2,2026-07-21 21:04:40,2026-07-21 21:09:00,2026-07-21 21:00:40,27,2.79,5880,-0.0887,0.995,0.994,0.345,3.6e-30,2.64e-29,0.00129,0.0399,91.3,0.0245,0.00018,0.412,0.00011,2.04,455,0.359,2.05,472,0.359,2.04,455,0.359,"No issues","No issues","No issues",45300,0.978,3.58e-22,1370,6.17,26600,26700,26600,"No issues",FALSE,NA
11,2026-07-21 21:14:50,2026-07-21 21:19:10,2026-07-21 21:10:50,27,14.6,6670,-0.0811,0.987,0.989,0.163,2.63e-25,6.66e-26,0.0365,0.33,142,0.0367,0.00149,0.641,0.000165,2.07,458,0.358,2.12,479,0.359,2.07,458,0.358,"No issues","No issues","No issues",7650,0.559,7.29e-06,1360,6.12,26500,26500,26500,"No issues",FALSE,NA
4,2026-07-21 21:25:00,2026-07-21 21:29:20,2026-07-21 21:21:00,27,7.35,4460,-0.117,0.992,0.983,0.317,1.19e-27,1.58e-23,0.00221,0.133,119,0.0345,6e-04,0.535,0.000155,2.05,454,0.358,2.08,468,0.358,2.05,454,0.357,"No issues","No issues","No issues",604,0.0444,0.291,561,2.53,26400,26400,26400,"No issues",FALSE,NA
8,2026-07-21 21:35:10,2026-07-21 21:39:30,2026-07-21 21:31:10,27,10.1,5710,-0.136,1,0.992,0.397,3.66e-44,1.49e-27,0.000425,0.0397,104,0.0335,0.000179,0.471,0.000151,2.06,454,0.358,2.09,472,0.359,2.06,454,0.358,"No issues","No issues","No issues",17500,0.93,5.63e-16,960,4.33,25700,25700,25700,"No issues",FALSE,NA
5,2026-07-21 21:45:20,2026-07-21 21:49:40,2026-07-21 21:41:20,27,6.79,6200,-0.0282,0.997,0.99,0.0311,8.64e-34,1.88e-26,0.379,0.0697,125,0.0315,0.000314,0.566,0.000142,2.05,452,0.358,2.07,471,0.358,2.05,452,0.357,"No issues","No issues","No issues",11500,0.636,6.24e-07,1730,7.8,25600,25700,25600,"No issues",FALSE,NA
9,2026-07-21 21:55:30,2026-07-21 21:59:50,2026-07-21 21:51:30,27,15.5,6200,-0.0169,0.945,0.971,0.0106,2.63e-17,8.17e-21,0.61,0.746,213,0.0328,0.00336,0.96,0.000148,2.06,445,0.358,2.11,465,0.358,2.06,445,0.357,"No issues","No issues","No issues",3300,0.591,2.82e-06,548,2.47,25600,25600,25600,"No issues",FALSE,NA
12,2026-07-21 22:05:40,2026-07-21 22:10:00,2026-07-21 22:01:40,27,28.6,5450,0.0363,0.999,0.991,0.0333,8.41e-40,4.14e-27,0.363,0.169,104,0.0392,0.000761,0.468,0.000177,2.08,443,0.358,2.16,459,0.358,2.08,443,0.357,"No issues","No issues","No issues",-58100,0.963,2.21e-19,2280,10.3,24900,24900,24700,"No issues",FALSE,NA
3,2026-07-21 22:15:50,2026-07-21 22:20:10,2026-07-21 22:11:50,27,4.44,5840,-0.0376,0.999,0.993,0.0325,4.9e-41,7.98e-29,0.368,0.0233,94.9,0.041,0.000105,0.428,0.000185,2.04,443,0.359,2.06,461,0.359,2.04,443,0.358,"No issues","No issues","No issues",41800,0.9,4.94e-14,2780,12.5,25100,25200,25100,"No issues",FALSE,NA
6,2026-07-21 22:26:00,2026-07-21 22:30:20,2026-07-21 22:22:00,27,5.98,5670,-0.303,0.999,0.991,0.715,3.57e-39,6.18e-27,2.83e-08,0.0373,110,0.0382,0.000168,0.494,0.000172,2.05,444,0.36,2.07,461,0.36,2.05,444,0.359,"No issues","No issues","No issues",-223,0.000848,0.885,1530,6.92,25100,25100,25100,"No issues",FALSE,NA
1,2026-07-21 22:36:10,2026-07-21 22:40:30,2026-07-21 22:32:10,27,6.38,3890,-0.0778,0.979,0.976,0.172,1.81e-22,8.26e-22,0.0315,0.187,121,0.0342,0.000845,0.548,0.000154,2.05,446,0.358,2.07,458,0.359,2.05,446,0.358,"No issues","No issues","No issues",-4650,0.318,0.0022,1360,6.14,25100,25100,25000,"No issues",FALSE,NA
7,2026-07-21 22:46:20,2026-07-21 22:50:40,2026-07-21 22:42:20,27,17,4860,-0.236,1,0.988,0.509,2.97e-50,9.61e-26,2.93e-05,0.0382,105,0.0463,0.000172,0.473,0.000209,2.06,446,0.359,2.11,460,0.359,2.06,446,0.358,"No issues","No issues","No issues",-16700,0.892,1.38e-13,1160,5.23,24800,24800,24700,"No issues",FALSE,NA
10,2026-07-21 22:56:30,2026-07-21 23:00:50,2026-07-21 22:52:30,27,22.7,5810,-0.167,0.996,0.991,0.428,1.69e-31,2.23e-27,0.000215,0.288,108,0.0387,0.0013,0.486,0.000174,2.06,444,0.36,2.13,461,0.36,2.06,444,0.359,"No issues","No issues","No issues",-9190,0.364,0.000864,2430,10.9,24700,24700,24700,"No issues",FALSE,NA
2,2026-07-21 23:06:40,2026-07-21 23:11:00,2026-07-21 23:02:40,27,3.47,4960,-0.0129,0.998,0.988,0.00232,2.38e-35,2.43e-25,0.811,0.0308,111,0.0535,0.000139,0.502,0.000241,2.04,447,0.359,2.05,461,0.359,2.04,446,0.358,"No issues","No issues","No issues",1180,0.0766,0.162,816,3.68,24600,24600,24600,"No issues",FALSE,NA
11,2026-07-21 23:16:50,2026-07-21 23:21:10,2026-07-21 23:12:50,27,13,6210,-0.054,0.999,0.996,0.0664,6.26e-37,4.4e-32,0.194,0.1,74.6,0.0405,0.000451,0.336,0.000183,2.05,449,0.358,2.09,468,0.359,2.05,449,0.358,"No issues","No issues","No issues",-3830,0.259,0.00673,1300,5.84,24300,24300,24300,"No issues",FALSE,NA
4,2026-07-21 23:27:00,2026-07-21 23:31:20,2026-07-21 23:23:00,27,9.94,4460,-0.0262,0.992,0.985,0.0175,1.49e-27,3.78e-24,0.51,0.182,112,0.0392,0.000819,0.504,0.000177,2.05,450,0.358,2.08,463,0.358,2.05,450,0.357,"No issues","No issues","No issues",19200,0.989,4.5e-26,403,1.82,24400,24500,24400,"No issues",FALSE,NA
8,2026-07-21 23:37:10,2026-07-21 23:41:30,2026-07-21 23:33:10,27,10.7,5370,-0.0163,1,0.993,0.00837,2.22e-45,1.11e-28,0.65,0.0376,88.3,0.0354,0.000169,0.398,0.00016,2.05,446,0.358,2.08,463,0.359,2.05,446,0.358,"No issues","No issues","No issues",33800,0.991,8.09e-27,662,2.98,24100,24200,24100,"No issues",FALSE,NA
5,2026-07-21 23:47:20,2026-07-21 23:51:40,2026-07-21 23:43:20,27,6.66,5840,0.0749,0.996,0.994,0.145,4.28e-32,6.18e-29,0.0502,0.0799,93.8,0.0364,0.00036,0.423,0.000164,2.05,451,0.358,2.07,470,0.358,2.05,451,0.358,"No issues","No issues","No issues",52600,0.997,1.05e-32,597,2.69,24200,24400,24200,"No issues",FALSE,NA
9,2026-07-21 23:57:30,2026-07-22 00:01:50,2026-07-21 23:53:30,27,15.8,5600,0.0208,0.869,0.959,0.012,1.57e-12,8.09e-19,0.586,1.23,232,0.0378,0.00552,1.05,0.00017,2.08,457,0.358,2.13,476,0.358,2.07,457,0.358,"No issues","No issues","No issues",46800,0.924,1.71e-15,2690,12.1,24700,24800,24700,"No issues",FALSE,NA
12,2026-07-22 00:07:40,2026-07-22 00:12:00,2026-07-22 00:03:40,27,31.4,4450,-0.00322,0.999,0.989,0.000219,1.25e-40,7.56e-26,0.942,0.172,95.2,0.0435,0.000774,0.429,0.000196,2.09,473,0.358,2.19,487,0.359,2.09,473,0.358,"No issues","No issues","No issues",-5820,0.586,3.23e-06,977,4.41,24400,24400,24400,"No issues",FALSE,NA
3,2026-07-22 00:17:50,2026-07-22 00:22:10,2026-07-22 00:13:50,27,4.89,5500,-0.0969,0.999,0.991,0.146,1.07e-37,4.39e-27,0.049,0.035,105,0.0468,0.000158,0.474,0.000211,2.06,458,0.359,2.07,476,0.36,2.06,458,0.359,"No issues","No issues","No issues",42400,0.973,4.69e-21,1420,6.41,24900,25000,24900,"No issues",FALSE,NA
6,2026-07-22 00:28:00,2026-07-22 00:32:20,2026-07-22 00:24:00,27,6.12,5730,-0.168,0.999,0.995,0.304,3.26e-41,1.63e-30,0.00286,0.0317,79.6,0.0508,0.000143,0.359,0.000229,2.05,455,0.36,2.07,472,0.36,2.05,455,0.359,"No issues","No issues","No issues",13900,0.868,1.67e-12,1080,4.89,24900,25000,24900,"No issues",FALSE,NA
1,2026-07-22 00:38:10,2026-07-22 00:42:30,2026-07-22 00:34:10,27,8.42,4100,-0.0926,0.995,0.985,0.12,6.27e-30,3.39e-24,0.0761,0.123,102,0.05,0.000556,0.462,0.000226,2.06,458,0.359,2.08,470,0.359,2.06,458,0.359,"No issues","No issues","No issues",10600,0.935,2.54e-16,561,2.53,24900,25000,24900,"No issues",FALSE,NA
7,2026-07-22 00:48:20,2026-07-22 00:52:40,2026-07-22 00:44:20,27,21.3,5040,-0.195,1,0.991,0.417,9.7e-47,5.72e-27,0.000273,0.0661,97.2,0.046,0.000298,0.438,0.000207,2.1,468,0.36,2.16,483,0.36,2.1,468,0.359,"No issues","No issues","No issues",-4720,0.481,6.03e-05,981,4.42,24800,24800,24800,"No issues",FALSE,NA
10,2026-07-22 00:58:30,2026-07-22 01:02:50,2026-07-22 00:54:30,27,25.6,5780,-0.211,0.997,0.991,0.442,9.43e-34,4.48e-27,0.000157,0.264,110,0.0474,0.00119,0.498,0.000214,2.08,461,0.36,2.16,479,0.36,2.08,461,0.359,"No issues","No issues","No issues",-6120,0.142,0.0525,3000,13.5,24800,24900,24800,"No issues",FALSE,NA
2,2026-07-22 01:08:40,2026-07-22 01:13:00,2026-07-22 01:04:40,27,3.98,5570,-0.0722,0.998,0.99,0.0739,2.16e-34,1.28e-26,0.17,0.0386,111,0.0512,0.000174,0.501,0.000231,2.05,460,0.359,2.06,477,0.359,2.05,460,0.359,"No issues","No issues","No issues",-29000,0.995,1.45e-30,401,1.81,24600,24600,24500,"No issues",FALSE,NA
11,2026-07-22 01:18:50,2026-07-22 01:23:10,2026-07-22 01:14:50,27,13.1,5630,-0.0334,0.988,0.989,0.0178,1.01e-25,6.49e-26,0.508,0.283,120,0.0497,0.00128,0.54,0.000224,2.1,483,0.359,2.13,500,0.359,2.1,483,0.358,"No issues","No issues","No issues",6610,0.897,7.75e-14,449,2.02,24400,24400,24400,"No issues",FALSE,NA
4,2026-07-22 01:29:00,2026-07-22 01:33:20,2026-07-22 01:25:00,27,11.2,4650,-0.0323,0.953,0.965,0.0204,3.72e-18,1.19e-19,0.477,0.496,178,0.0448,0.00224,0.804,0.000202,2.08,475,0.359,2.11,489,0.359,2.08,475,0.358,"No issues","No issues","No issues",6690,0.409,0.000329,1610,7.25,24400,24500,24400,"No issues",FALSE,NA
8,2026-07-22 01:39:10,2026-07-22 01:43:30,2026-07-22 01:35:10,27,10.6,5090,-0.116,0.996,0.993,0.174,2.92e-31,1.14e-28,0.0302,0.138,83.9,0.0506,0.00062,0.378,0.000228,2.09,485,0.359,2.13,500,0.359,2.09,485,0.358,"No issues","No issues","No issues",4110,0.425,0.000228,956,4.31,23900,23900,23900,"No issues",FALSE,NA
5,2026-07-22 01:49:20,2026-07-22 01:53:40,2026-07-22 01:45:20,27,7.53,6430,0.0196,0.957,0.996,0.00411,1.2e-18,6.98e-32,0.751,0.318,78.6,0.0609,0.00143,0.354,0.000275,2.07,471,0.359,2.09,491,0.359,2.07,471,0.358,"No issues","No issues","No issues",-782,0.0485,0.27,692,3.12,23800,23800,23800,"No issues",FALSE,NA
9,2026-07-22 01:59:30,2026-07-22 02:03:50,2026-07-22 01:55:30,27,66,5630,-0.0297,0.702,0.977,0.00769,4.99e-08,4.84e-22,0.664,8.6,172,0.0675,0.0388,0.776,0.000304,2.08,478,0.358,2.33,497,0.359,2.08,478,0.358,"No issues","No issues","No issues",37200,0.988,2.56e-25,836,3.77,24100,24200,24100,"No issues",TRUE,51.1
12,2026-07-22 02:09:40,2026-07-22 02:14:00,2026-07-22 02:05:40,27,29.7,5690,-0.0831,0.999,0.995,0.0585,4.73e-37,7.85e-30,0.224,0.225,84.2,0.0666,0.00102,0.379,3e-04,2.11,474,0.359,2.2,490,0.359,2.11,474,0.358,"No issues","No issues","No issues",-14400,0.935,2.19e-16,759,3.42,23700,23700,23600,"No issues",FALSE,NA
3,2026-07-22 02:19:50,2026-07-22 02:24:10,2026-07-22 02:15:50,27,4.78,5960,-0.141,0.959,0.994,0.172,8.39e-19,2.84e-29,0.0314,0.199,92.9,0.0617,0.000896,0.419,0.000278,2.08,476,0.359,2.1,494,0.36,2.08,476,0.359,"No issues","No issues","No issues",50800,0.987,4.8e-25,1170,5.28,24100,24300,24100,"No issues",FALSE,NA
6,2026-07-22 02:30:00,2026-07-22 02:34:20,2026-07-22 02:26:00,27,4.98,5030,-0.172,0.973,0.993,0.197,4.03e-21,1.58e-28,0.0204,0.166,83.9,0.0693,0.000749,0.378,0.000312,2.08,487,0.36,2.09,502,0.361,2.08,487,0.359,"No issues","No issues","No issues",21000,0.976,8.88e-22,660,2.97,24300,24300,24300,"No issues",FALSE,NA
1,2026-07-22 02:40:10,2026-07-22 02:44:30,2026-07-22 02:36:10,27,7.01,4310,-0.066,0.995,0.988,0.0382,9.06e-31,1.32e-25,0.329,0.095,94.3,0.0663,0.000428,0.425,0.000299,2.08,485,0.359,2.1,497,0.36,2.08,485,0.359,"No issues","No issues","No issues",10900,0.721,2.12e-08,1350,6.08,24300,24300,24300,"No issues",FALSE,NA
7,2026-07-22 02:50:20,2026-07-22 02:54:40,2026-07-22 02:46:20,27,36.6,5560,-0.144,0.909,0.988,0.203,1.56e-14,1.13e-25,0.0182,2.31,121,0.0569,0.0104,0.545,0.000256,2.13,486,0.36,2.23,502,0.36,2.13,486,0.359,"No issues","No issues","No issues",5990,0.449,0.000132,1330,5.99,24200,24300,24200,"No issues",FALSE,NA
10,2026-07-22 03:00:30,2026-07-22 03:04:50,2026-07-22 02:56:30,27,21.3,5540,-0.22,0.991,0.983,0.386,5.59e-27,1.21e-23,0.000546,0.411,146,0.0556,0.00185,0.657,0.00025,2.11,492,0.36,2.18,508,0.36,2.11,492,0.359,"No issues","No issues","No issues",-24800,0.936,1.78e-16,1290,5.82,23700,23700,23700,"No issues",FALSE,NA
2,2026-07-22 03:10:40,2026-07-22 03:15:00,2026-07-22 03:06:40,27,2.9,4720,0.0359,0.997,0.989,0.0181,1.38e-32,4.64e-26,0.504,0.0333,99,0.053,0.00015,0.446,0.000239,2.11,500,0.359,2.12,515,0.36,2.11,500,0.359,"No issues","No issues","No issues",34900,0.952,5.22e-18,1570,7.07,23600,23700,23600,"No issues",FALSE,NA
11,2026-07-22 03:20:50,2026-07-22 03:25:10,2026-07-22 03:16:50,27,11.4,6980,-0.0762,0.99,0.993,0.0783,2.54e-26,1.36e-28,0.158,0.234,116,0.0523,0.00106,0.522,0.000236,2.11,494,0.359,2.14,514,0.359,2.11,494,0.358,"No issues","No issues","No issues",-42000,0.949,1.18e-17,1950,8.8,23700,23700,23600,"No issues",FALSE,NA
4,2026-07-22 03:31:00,2026-07-22 03:35:20,2026-07-22 03:27:00,27,9.92,4520,-0.0401,0.992,0.991,0.0308,7.78e-28,7.4e-27,0.381,0.177,88.1,0.045,0.000796,0.397,0.000203,2.14,507,0.359,2.17,520,0.359,2.14,507,0.358,"No issues","No issues","No issues",18000,0.875,8.8e-13,1360,6.13,23600,23700,23600,"No issues",FALSE,NA
8,2026-07-22 03:41:10,2026-07-22 03:45:30,2026-07-22 03:37:10,27,11.5,6100,0.089,0.998,0.995,0.1,4.2e-36,1.34e-30,0.107,0.0952,84,0.0533,0.000429,0.379,0.00024,2.14,494,0.359,2.17,512,0.36,2.14,494,0.359,"No issues","No issues","No issues",-4580,0.701,5.11e-08,598,2.69,23300,23300,23300,"No issues",FALSE,NA
5,2026-07-22 03:51:20,2026-07-22 03:55:40,2026-07-22 03:47:20,27,5.43,5670,0.0639,0.997,0.99,0.0616,1.84e-32,1.19e-26,0.212,0.063,113,0.0498,0.000284,0.508,0.000225,2.15,529,0.359,2.17,546,0.36,2.15,529,0.359,"No issues","No issues","No issues",-4810,0.251,0.00775,1660,7.49,23100,23200,23100,"No issues",FALSE,NA
9,2026-07-22 04:01:30,2026-07-22 04:05:50,2026-07-22 03:57:30,27,10.7,6170,0.0126,0.942,0.99,0.00159,6.18e-17,8.98e-27,0.844,0.531,121,0.0631,0.00239,0.547,0.000285,2.17,508,0.359,2.21,527,0.36,2.17,508,0.359,"No issues","No issues","No issues",18900,0.478,6.5e-05,3960,17.8,23400,23400,23400,"No issues",FALSE,NA
12,2026-07-22 04:11:40,2026-07-22 04:16:00,2026-07-22 04:07:40,27,26.2,5750,-0.0579,0.999,0.994,0.0348,5.82e-39,6.94e-29,0.351,0.167,92.8,0.0609,0.000752,0.418,0.000275,2.18,503,0.36,2.26,521,0.36,2.18,503,0.359,"No issues","No issues","No issues",-22100,0.914,8.17e-15,1360,6.13,23000,23000,22900,"No issues",FALSE,NA
3,2026-07-22 04:21:50,2026-07-22 04:26:10,2026-07-22 04:17:50,27,4.53,5450,-0.0222,0.996,0.991,0.00499,5.84e-31,3.99e-27,0.726,0.0604,104,0.0626,0.000272,0.467,0.000282,2.16,529,0.36,2.17,545,0.361,2.16,529,0.36,"No issues","No issues","No issues",17400,0.728,1.53e-08,2130,9.59,23200,23300,23200,"No issues",FALSE,NA
6,2026-07-22 04:32:00,2026-07-22 04:36:20,2026-07-22 04:28:00,27,4.38,5380,-0.13,0.998,0.996,0.099,2.09e-34,3.92e-32,0.11,0.0425,64.3,0.0783,0.000192,0.29,0.000353,2.17,522,0.361,2.18,538,0.361,2.17,522,0.36,"No issues","No issues","No issues",4060,0.753,4.66e-09,465,2.1,23300,23300,23300,"No issues",FALSE,NA
1,2026-07-22 04:42:10,2026-07-22 04:46:30,2026-07-22 04:38:10,27,5.71,4730,0.00942,0.977,0.981,0.00124,6.39e-22,5.12e-23,0.861,0.176,132,0.0534,0.000795,0.594,0.000241,2.2,545,0.36,2.22,561,0.361,2.2,545,0.36,"No issues","No issues","No issues",56600,0.976,7.07e-22,1760,7.92,23500,23700,23500,"No issues",FALSE,NA
7,2026-07-22 04:52:20,2026-07-22 04:56:40,2026-07-22 04:48:20,27,15.5,4260,-0.123,0.983,0.972,0.226,1.05e-23,7.62e-21,0.0122,0.406,146,0.0457,0.00183,0.657,0.000206,2.21,554,0.361,2.26,568,0.361,2.21,554,0.36,"No issues","No issues","No issues",48700,0.975,1.34e-21,1550,7,23600,23700,23600,"No issues",FALSE,NA
10,2026-07-22 05:02:30,2026-07-22 05:06:50,2026-07-22 04:58:30,27,16.5,4230,-0.0964,0.947,0.958,0.146,1.65e-17,1e-18,0.0492,0.775,177,0.0466,0.00349,0.799,0.00021,2.19,564,0.361,2.24,576,0.362,2.19,563,0.361,"No issues","No issues","No issues",34800,0.997,2.48e-33,372,1.68,23400,23500,23400,"No issues",FALSE,NA
2,2026-07-22 05:12:40,2026-07-22 05:17:00,2026-07-22 05:08:40,27,3.48,4040,-0.103,0.986,0.988,0.124,1.21e-24,2.39e-25,0.0713,0.0835,90.5,0.0549,0.000376,0.408,0.000248,2.18,569,0.36,2.19,581,0.361,2.18,569,0.36,"No issues","No issues","No issues",5170,0.852,7.29e-12,431,1.94,23500,23500,23500,"No issues",FALSE,NA
11,2026-07-22 05:22:50,2026-07-22 05:27:10,2026-07-22 05:18:50,27,9.04,5030,-0.105,0.98,0.983,0.14,7.02e-23,1.5e-23,0.0542,0.255,133,0.0517,0.00115,0.601,0.000233,2.22,574,0.361,2.24,589,0.361,2.22,574,0.36,"No issues","No issues","No issues",40600,0.974,2.63e-21,1330,6,23500,23600,23500,"No issues",FALSE,NA
4,2026-07-22 05:33:00,2026-07-22 05:37:20,2026-07-22 05:29:00,27,9.56,1760,-0.0851,0.993,0.767,0.108,4.3e-28,2.21e-09,0.0942,0.166,194,0.0489,0.000749,0.873,0.00022,2.17,568,0.361,2.2,575,0.361,2.17,567,0.36,"No issues","No issues","No issues",75600,0.98,9.3e-23,2160,9.74,24100,24300,24100,"No issues",FALSE,NA
8,2026-07-22 05:43:10,2026-07-22 05:47:30,2026-07-22 05:39:10,27,9.56,1080,-0.00737,0.996,0.674,0.000712,3.96e-32,1.58e-07,0.895,0.114,151,0.0552,0.000516,0.679,0.000249,2.16,533,0.361,2.19,536,0.361,2.16,532,0.36,"No issues","No issues","No issues",125000,0.995,5.96e-30,1830,8.23,24300,24600,24300,"No issues",FALSE,NA
5,2026-07-22 05:53:20,2026-07-22 05:57:40,2026-07-22 05:49:20,27,3.45,-2230,0.0775,0.766,0.325,0.059,2.39e-09,0.00192,0.222,0.382,643,0.0619,0.00172,2.9,0.000279,2.16,547,0.361,2.17,550,0.361,2.16,538,0.36,"No issues","No issues","No issues",134000,0.996,4.95e-31,1770,7.97,25000,25400,25000,"No issues",FALSE,NA
9,2026-07-22 06:03:30,2026-07-22 06:07:50,2026-07-22 05:59:30,27,7.01,-2360,-0.0174,0.715,0.418,0.00444,2.86e-08,0.000266,0.741,0.885,557,0.052,0.00399,2.51,0.000234,2.15,501,0.36,2.17,501,0.361,2.14,487,0.36,"No issues","No issues","No issues",61400,0.977,4.34e-22,1870,8.42,25900,26100,25900,"No issues",FALSE,NA
12,2026-07-22 06:13:40,2026-07-22 06:18:00,2026-07-22 06:09:40,27,25.3,-1170,-0.0646,0.999,0.724,0.051,9.73e-39,1.91e-08,0.257,0.165,145,0.0557,0.000742,0.652,0.000251,2.15,477,0.36,2.22,477,0.36,2.15,473,0.36,"No issues","No issues","No issues",53100,0.997,1.09e-33,549,2.48,25700,25900,25700,"No issues",FALSE,NA
3,2026-07-22 06:23:50,2026-07-22 06:28:10,2026-07-22 06:19:50,27,3.97,-2150,-0.0821,0.982,0.841,0.094,2.84e-23,1.71e-11,0.12,0.108,187,0.051,0.000487,0.843,0.00023,2.1,464,0.361,2.11,464,0.361,2.1,457,0.36,"No issues","No issues","No issues",127000,0.99,2.69e-26,2610,11.7,26300,26700,26300,"No issues",FALSE,NA
6,2026-07-22 06:34:00,2026-07-22 06:38:20,2026-07-22 06:30:00,27,4.08,-9760,-0.23,0.987,0.941,0.457,3.1e-25,7.64e-17,0.000109,0.0925,491,0.0501,0.000417,2.21,0.000226,2.11,468,0.362,2.12,468,0.362,2.11,443,0.361,"No issues","No issues","No issues",201000,0.996,5.89e-32,2440,11,27200,27800,27200,"No issues",FALSE,NA
1,2026-07-22 06:44:10,2026-07-22 06:48:30,2026-07-22 06:40:10,27,5.92,-8400,-0.0195,0.95,0.957,0.00882,8.17e-18,1.51e-18,0.641,0.271,358,0.0414,0.00122,1.61,0.000186,2.1,451,0.361,2.12,451,0.361,2.1,425,0.36,"No issues","No issues","No issues",71100,0.744,7.37e-09,8350,37.6,28400,28600,28400,"No issues",FALSE,NA
7,2026-07-22 06:54:20,2026-07-22 06:58:40,2026-07-22 06:50:20,27,13.6,-8460,-0.158,1,0.98,0.354,1.83e-43,1.09e-22,0.00107,0.0572,243,0.0426,0.000258,1.1,0.000192,2.13,452,0.361,2.17,452,0.361,2.13,428,0.36,"No issues","No issues","No issues",-3120,0.234,0.0107,1130,5.09,28500,28500,28500,"No issues",FALSE,NA
10,2026-07-22 07:04:30,2026-07-22 07:08:50,2026-07-22 07:00:30,27,16.9,-10800,-0.121,0.96,0.987,0.266,5.2e-19,4.31e-25,0.00591,0.691,248,0.0403,0.00311,1.12,0.000182,2.13,448,0.361,2.19,448,0.361,2.13,415,0.36,"No issues","No issues","No issues",146000,0.999,1.31e-37,1050,4.74,28300,28800,28300,"No issues",FALSE,NA
2,2026-07-22 07:14:40,2026-07-22 07:19:00,2026-07-22 07:10:40,27,2.76,-15400,0.0166,0.984,0.994,0.00715,7.18e-24,1.06e-29,0.675,0.0711,230,0.0392,0.00032,1.04,0.000177,2.1,436,0.36,2.11,436,0.361,2.1,390,0.36,"No issues","No issues","No issues",252000,0.993,2.2e-28,4260,19.2,29700,30400,29700,"No issues",FALSE,NA
11,2026-07-22 07:24:50,2026-07-22 07:29:10,2026-07-22 07:20:50,27,8.98,-15200,-0.0518,0.994,0.982,0.0566,1.78e-29,3.16e-23,0.232,0.137,414,0.0423,0.000619,1.87,0.000191,2.09,430,0.36,2.12,430,0.36,2.09,385,0.359,"No issues","No issues","No issues",108000,0.995,3.43e-30,1550,6.97,30800,31100,30800,"No issues",FALSE,NA
4,2026-07-22 07:35:00,2026-07-22 07:39:20,2026-07-22 07:31:00,27,7.2,-16700,-0.0988,0.999,0.998,0.153,4.93e-37,9.39e-35,0.0438,0.0548,157,0.0465,0.000247,0.707,0.00021,2.11,432,0.359,2.13,432,0.36,2.11,382,0.359,"No issues","No issues","No issues",35100,0.483,5.8e-05,7280,32.8,31500,31600,31500,"No issues",FALSE,NA
8,2026-07-22 07:45:10,2026-07-22 07:49:30,2026-07-22 07:41:10,27,10.2,-13500,-0.194,0.999,0.998,0.596,6.83e-38,1.5e-34,2.4e-06,0.0714,129,0.032,0.000322,0.583,0.000144,2.14,437,0.361,2.17,437,0.362,2.14,396,0.361,"No issues","No issues","No issues",119000,0.968,3.46e-20,4330,19.5,32200,32500,32200,"No issues",FALSE,NA
5,2026-07-22 07:55:20,2026-07-22 07:59:40,2026-07-22 07:51:20,27,4.24,-24100,-0.16,0.945,0.983,0.714,2.65e-17,1.11e-23,2.92e-08,0.204,631,0.0203,0.000918,2.85,9.14e-05,2.18,428,0.36,2.2,429,0.36,2.18,358,0.36,"No issues","No issues","No issues",252000,0.994,3.78e-29,3970,17.9,33200,33900,33200,"No issues",FALSE,NA
9,2026-07-22 08:05:30,2026-07-22 08:09:50,2026-07-22 08:01:30,27,6.62,-17700,-0.295,0.988,0.973,0.747,1.69e-25,3.46e-21,6.28e-09,0.146,587,0.0343,0.00066,2.65,0.000155,2.26,427,0.359,2.28,427,0.359,2.26,371,0.358,"No issues","No issues","No issues",8390,0.296,0.00337,2590,11.7,32900,33000,32900,"No issues",FALSE,NA
12,2026-07-22 08:15:40,2026-07-22 08:20:00,2026-07-22 08:11:40,27,24.4,-16200,-0.0721,0.997,0.997,0.149,1.09e-33,5.29e-33,0.047,0.252,179,0.0345,0.00114,0.807,0.000156,2.3,424,0.359,2.37,424,0.36,2.3,374,0.359,"No issues","No issues","No issues",-45500,0.816,1.11e-10,4310,19.4,32100,32100,31900,"No issues",FALSE,NA
3,2026-07-22 08:25:50,2026-07-22 08:30:10,2026-07-22 08:21:50,27,3.27,-20900,-0.233,0.984,0.996,0.558,6.33e-24,1.23e-31,7.67e-06,0.0837,262,0.0416,0.000377,1.18,0.000187,2.2,407,0.36,2.21,407,0.36,2.2,341,0.359,"No issues","No issues","No issues",40000,0.741,8.32e-09,4730,21.3,32000,32100,31900,"No issues",FALSE,NA
6,2026-07-22 08:36:00,2026-07-22 08:40:20,2026-07-22 08:32:00,27,4.7,-22600,-0.344,0.999,0.998,0.684,6.89e-37,3.72e-34,1.04e-07,0.0362,224,0.0467,0.000163,1.01,0.000211,2.15,399,0.36,2.17,399,0.36,2.15,332,0.358,"No issues","No issues","No issues",221000,0.977,4.46e-22,6730,30.3,32700,33400,32700,"No issues",FALSE,NA
1,2026-07-22 08:46:10,2026-07-22 08:50:30,2026-07-22 08:42:10,27,5.71,-15500,-0.208,0.954,0.988,0.474,3.06e-18,1.05e-25,7.17e-05,0.251,336,0.0438,0.00113,1.51,0.000198,2.13,410,0.358,2.15,410,0.359,2.13,364,0.357,"No issues","No issues","No issues",-3030,0.00568,0.709,8010,36.1,34100,34200,34100,"No issues",FALSE,NA
7,2026-07-22 08:56:20,2026-07-22 09:00:40,2026-07-22 08:52:20,27,12,-21600,-0.379,0.998,0.994,0.841,8.5e-37,2.22e-29,1.76e-11,0.0936,332,0.0329,0.000422,1.5,0.000148,2.12,402,0.359,2.15,402,0.359,2.12,337,0.358,"No issues","No issues","No issues",141000,0.845,1.29e-11,12000,54.3,34300,34700,34300,"No issues",FALSE,NA
10,2026-07-22 09:06:30,2026-07-22 09:10:50,2026-07-22 09:02:30,27,15.8,-11800,-0.419,0.983,0.989,0.744,1.61e-23,6.19e-26,7.16e-09,0.421,252,0.0492,0.0019,1.13,0.000222,2.12,414,0.359,2.16,414,0.359,2.12,379,0.358,"No issues","No issues","No issues",3500,0.0405,0.314,3410,15.4,33900,34000,33900,"No issues",FALSE,NA
2,2026-07-22 09:16:40,2026-07-22 09:21:00,2026-07-22 09:12:40,27,3.89,-15900,0.155,0.98,0.994,0.351,9.71e-23,4.16e-29,0.00113,0.111,251,0.0422,0.000502,1.13,0.00019,2.12,405,0.359,2.14,405,0.359,2.12,358,0.358,"No issues","No issues","No issues",125000,0.845,1.28e-11,10700,48.1,36800,37300,36800,"No issues",FALSE,NA
11,2026-07-22 09:26:50,2026-07-22 09:31:10,2026-07-22 09:22:50,27,10,-15900,-0.179,0.925,0.938,0.366,1.47e-15,1.4e-16,0.000834,0.57,822,0.0471,0.00257,3.71,0.000212,2.2,400,0.357,2.22,402,0.357,2.2,352,0.357,"No issues","No issues","No issues",40500,0.382,0.000593,10300,46.4,36400,36600,36400,"No issues",FALSE,NA
4,2026-07-22 09:37:00,2026-07-22 09:41:20,2026-07-22 09:33:00,27,7.07,-13800,-0.148,0.999,0.997,0.326,1.13e-38,3.09e-32,0.00189,0.0462,163,0.0427,0.000208,0.736,0.000192,2.15,404,0.356,2.17,404,0.356,2.15,362,0.355,"No issues","No issues","No issues",-351000,0.976,9.28e-22,11000,49.7,36200,36200,35300,"No issues",FALSE,NA
8,2026-07-22 09:47:10,2026-07-22 09:51:30,2026-07-22 09:43:10,27,10.7,-15800,-0.14,0.999,0.994,0.4,1.72e-38,9.96e-30,0.000402,0.0708,236,0.0343,0.000319,1.06,0.000155,2.13,401,0.36,2.16,401,0.36,2.13,353,0.36,"No issues","No issues","No issues",149000,0.968,2.78e-20,5370,24.2,37000,37500,37000,"No issues",FALSE,NA
5,2026-07-22 09:57:20,2026-07-22 10:01:40,2026-07-22 09:53:20,27,3.99,-18300,-0.3,0.866,0.983,0.694,1.99e-12,1.32e-23,6.88e-08,0.313,483,0.0398,0.00141,2.18,0.00018,2.13,402,0.356,2.14,402,0.356,2.13,350,0.355,"No issues","No issues","No issues",-145000,0.819,8.93e-11,13600,61.2,38800,38800,38300,"No issues",FALSE,NA
9,2026-07-22 10:07:30,2026-07-22 10:11:50,2026-07-22 10:03:30,27,6.9,-13800,-0.18,0.995,0.976,0.575,3.32e-30,1.11e-21,4.63e-06,0.0985,436,0.0309,0.000444,1.97,0.000139,2.13,395,0.354,2.15,397,0.355,2.13,354,0.354,"No issues","No issues","No issues",-248000,0.982,2.45e-23,6700,30.2,35700,35700,34900,"No issues",FALSE,NA
12,2026-07-22 10:17:40,2026-07-22 10:22:00,2026-07-22 10:13:40,27,-19.6,6090,0.138,0.104,0.0571,0.0574,0.101,0.23,0.229,11.5,4950,0.111,0.052,22.3,0.000502,2.19,400,0.355,2.24,440,0.356,2.1,365,0.354,"No issues","No issues","No issues",-578000,0.0354,0.347,604000,2720,33700,34800,24400,"No issues",TRUE,15.1
3,2026-07-22 10:27:50,2026-07-22 10:32:10,2026-07-22 10:23:50,27,NA,NA,NA,NA,NA,NA,NA,NA,NA,NA,NA,NA,NA,NA,NA,NA,NA,NA,NA,NA,NA,NA,NA,NA,"maintenance","maintenance","maintenance",NA,NA,NA,NA,NA,NA,NA,NA,"No issues",TRUE,NA
6,2026-07-22 10:38:00,2026-07-22 10:42:20,2026-07-22 10:34:00,27,4.84,-18600,-0.659,0.998,0.996,0.925,6.06e-36,2.9e-31,1.45e-15,0.0407,241,0.0375,0.000183,1.08,0.000169,2.11,389,0.361,2.12,389,0.361,2.11,334,0.359,"No issues","No issues","No issues",159000,0.96,6.19e-19,6550,29.5,33400,33800,33400,"No issues",FALSE,NA
1,2026-07-22 10:48:10,2026-07-22 10:52:30,2026-07-22 10:44:10,27,5.68,-11400,NA,0.897,0.987,NA,7.21e-14,5.01e-25,NA,0.384,263,NA,0.00173,1.19,NA,2.12,402,NA,2.14,402,NA,2.12,367,NA,"No issues","No issues","No issues",92200,0.847,1.06e-11,7830,35.3,35200,35600,35200,"No issues",FALSE,NA
7,2026-07-22 10:58:20,2026-07-22 11:02:40,2026-07-22 10:54:20,27,12.2,-15500,-0.291,0.999,0.996,0.78,5.63e-41,5.58e-32,1.05e-09,0.0643,188,0.0309,0.00029,0.849,0.000139,2.11,394,0.359,2.15,394,0.36,2.11,347,0.359,"No issues","No issues","No issues",-89200,0.884,3.5e-13,6470,29.2,35900,35900,35700,"No issues",FALSE,NA
10,2026-07-22 11:08:30,2026-07-22 11:12:50,2026-07-22 11:04:30,27,17.5,-6790,-0.383,0.983,0.975,0.751,1.39e-23,1.25e-21,5.15e-09,0.462,216,0.0442,0.00208,0.973,0.000199,2.13,406,0.36,2.18,407,0.36,2.13,386,0.359,"No issues","No issues","No issues",4090,0.0276,0.407,4860,21.9,35800,35900,35800,"No issues",FALSE,NA
2,2026-07-22 11:18:40,2026-07-22 11:23:00,2026-07-22 11:14:40,27,3.42,-18500,-0.278,0.959,0.96,0.828,7.54e-19,5.98e-19,4.69e-11,0.141,759,0.0253,0.000638,3.42,0.000114,2.11,420,0.361,2.12,420,0.361,2.11,363,0.361,"No issues","No issues","No issues",-839000,0.99,1.49e-26,16800,75.8,40300,40300,38000,"No issues",FALSE,NA
11,2026-07-22 11:28:50,2026-07-22 11:33:10,2026-07-22 11:24:50,27,11.7,-27300,-0.827,0.953,0.984,0.961,3.65e-18,7.84e-24,3.61e-19,0.516,706,0.0332,0.00233,3.18,0.00015,2.13,448,0.361,2.17,448,0.361,2.13,368,0.359,"No issues","No issues","No issues",-1300000,0.962,3.28e-19,51900,234,43400,43400,39800,"No issues",FALSE,NA
4,2026-07-22 11:39:00,2026-07-22 11:43:20,2026-07-22 11:35:00,27,7.84,-12100,-0.109,0.999,0.995,0.337,1.53e-39,8.9e-30,0.00152,0.0473,180,0.0306,0.000213,0.81,0.000138,2.1,404,0.358,2.13,404,0.358,2.1,368,0.357,"No issues","No issues","No issues",86500,0.842,1.68e-11,7500,33.8,38900,39200,38900,"No issues",FALSE,NA
8,2026-07-22 11:49:10,2026-07-22 11:53:30,2026-07-22 11:45:10,27,10.7,-15600,0.225,0.999,0.972,0.581,1.4e-38,5.51e-21,3.87e-06,0.0705,527,0.0382,0.000318,2.38,0.000172,2.1,399,0.364,2.13,399,0.364,2.1,352,0.363,"No issues","No issues","No issues",294000,0.936,2.02e-16,15400,69.5,39000,39900,39000,"No issues",FALSE,NA
5,2026-07-22 11:59:20,2026-07-22 12:03:40,2026-07-22 11:55:20,27,2.24,-21000,-0.551,0.453,0.918,0.911,0.000119,4.11e-15,1.19e-14,0.492,1250,0.0344,0.00222,5.65,0.000155,2.09,450,0.36,2.11,462,0.36,2.09,399,0.358,"No issues","No issues","No issues",-364000,0.996,9.07e-32,4500,20.3,42400,42400,41300,"No issues",FALSE,NA
9,2026-07-22 12:09:30,2026-07-22 12:13:50,2026-07-22 12:05:30,27,6.31,-13200,-0.0213,0.992,0.985,0.0165,1.31e-27,2.22e-24,0.524,0.115,324,0.0329,0.000517,1.46,0.000148,2.1,417,0.358,2.12,417,0.358,2.1,378,0.358,"No issues","No issues","No issues",4600,0.00979,0.623,9240,41.7,40700,40900,40700,"No issues",FALSE,NA
12,2026-07-22 12:19:40,2026-07-22 12:24:00,2026-07-22 12:15:40,27,22.4,-10300,0.026,1,0.994,0.0184,2.7e-43,1.29e-29,0.499,0.0954,155,0.0379,0.00043,0.7,0.000171,2.12,434,0.359,2.19,434,0.36,2.12,405,0.359,"No issues","No issues","No issues",-399000,0.967,4.1e-20,14700,66.1,41200,41200,40100,"No issues",FALSE,NA
3,2026-07-22 12:29:50,2026-07-22 12:34:10,2026-07-22 12:25:50,27,4.78,-13500,-0.718,0.995,0.99,0.937,2.61e-30,1.73e-26,1.55e-16,0.0677,273,0.0372,0.000305,1.23,0.000168,2.1,413,0.363,2.11,413,0.363,2.1,372,0.36,"No issues","No issues","No issues",-379000,0.973,4.55e-21,12700,57.3,36800,36800,35600,"No issues",FALSE,NA
6,2026-07-22 12:40:00,2026-07-22 12:44:20,2026-07-22 12:36:00,27,4.92,-7760,-0.875,0.999,0.984,0.966,7.07e-39,4.56e-24,7.18e-20,0.0316,196,0.0329,0.000142,0.884,0.000148,2.09,407,0.367,2.11,407,0.367,2.09,383,0.364,"No issues","No issues","No issues",826000,0.964,1.38e-19,31900,144,40500,42900,40500,"No issues",FALSE,NA
1,2026-07-22 12:50:10,2026-07-22 12:54:30,2026-07-22 12:46:10,27,5.52,-11300,-0.422,0.965,0.991,0.881,9.48e-20,4.87e-27,4.49e-13,0.21,217,0.031,0.000945,0.979,0.00014,2.09,423,0.36,2.11,423,0.36,2.09,390,0.359,"No issues","No issues","No issues",-507000,0.984,8.28e-24,13100,59.2,40300,40300,38800,"No issues",FALSE,NA
7,2026-07-22 13:00:20,2026-07-22 13:04:40,2026-07-22 12:56:20,27,9.12,-17500,-0.355,0.999,0.997,0.859,6.35e-37,4.79e-33,3.81e-12,0.07,192,0.0287,0.000316,0.866,0.00013,2.11,402,0.362,2.14,402,0.362,2.11,351,0.361,"No issues","No issues","No issues",-1840,0.00223,0.815,7800,35.2,38800,38800,38600,"No issues",FALSE,NA
10,2026-07-22 13:10:30,2026-07-22 13:14:50,2026-07-22 13:06:30,27,16.2,-10600,NA,0.946,0.99,NA,2.17e-17,1.17e-26,NA,0.771,210,NA,0.00348,0.946,NA,2.11,408,NA,2.16,409,NA,2.11,377,NA,"No issues","No issues","No issues",-83600,0.64,5.5e-07,12500,56.5,37600,37600,37300,"No issues",FALSE,NA
2,2026-07-22 13:20:40,2026-07-22 13:25:00,2026-07-22 13:16:40,27,2.67,-14500,0.209,0.996,0.986,0.631,5.36e-32,7.92e-25,7.44e-07,0.0323,342,0.0319,0.000145,1.54,0.000144,2.08,400,0.36,2.09,400,0.361,2.08,356,0.36,"No issues","No issues","No issues",66500,0.962,2.45e-19,2630,11.8,38500,38700,38500,"No issues",FALSE,NA
11,2026-07-22 13:30:50,2026-07-22 13:35:10,2026-07-22 13:26:50,27,7.85,-13000,-0.386,0.897,0.947,0.727,8e-14,1.84e-17,1.6e-08,0.533,617,0.0472,0.0024,2.78,0.000213,2.09,405,0.359,2.12,406,0.359,2.09,366,0.357,"No issues","No issues","No issues",22600,0.352,0.00111,6130,27.6,39100,39200,39100,"No issues",FALSE,NA
4,2026-07-22 13:41:00,2026-07-22 13:45:20,2026-07-22 13:37:00,27,6.72,-14500,-0.0407,0.997,0.997,0.0513,4.8e-34,4.06e-33,0.256,0.0673,158,0.035,0.000303,0.711,0.000158,2.08,445,0.357,2.1,445,0.358,2.08,403,0.357,"No issues","No issues","No issues",-282000,0.971,8.69e-21,9700,43.7,42500,42500,41700,"No issues",FALSE,NA
8,2026-07-22 13:51:10,2026-07-22 13:55:30,2026-07-22 13:47:10,27,12.2,-8410,0.0277,0.997,0.961,0.00653,1.01e-33,3.92e-19,0.689,0.126,339,0.0682,0.000566,1.53,0.000308,2.09,398,0.364,2.12,398,0.365,2.09,370,0.364,"No issues","No issues","No issues",265000,0.951,7.56e-18,12100,54.4,39400,40100,39400,"No issues",FALSE,NA
5,2026-07-22 14:01:20,2026-07-22 14:05:40,2026-07-22 13:57:20,27,4.55,-13900,-0.337,0.966,0.995,0.784,7.68e-20,7.52e-31,8.25e-10,0.171,187,0.0353,0.000772,0.845,0.000159,2.08,407,0.357,2.1,407,0.357,2.08,365,0.356,"No issues","No issues","No issues",-192000,0.859,3.8e-12,15500,70,39600,39600,39000,"No issues",FALSE,NA
9,2026-07-22 14:11:30,2026-07-22 14:15:50,2026-07-22 14:07:30,27,6.82,-14100,-0.197,0.996,0.992,0.307,4.2e-31,1.03e-27,0.00269,0.0896,254,0.0592,0.000404,1.14,0.000267,2.09,452,0.357,2.11,452,0.357,2.09,409,0.356,"No issues","No issues","No issues",-483000,0.994,7.11e-29,7800,35.2,42900,42900,41400,"No issues",FALSE,NA
12,2026-07-22 14:21:40,2026-07-22 14:26:00,2026-07-22 14:17:40,27,256,-12700,0.0602,0.78,0.991,0.123,1.05e-09,3.38e-27,0.0723,27.1,241,0.0321,0.122,1.08,0.000145,2.14,439,0.359,2.74,439,0.359,2.14,402,0.358,"No issues","No issues","No issues",-429000,0.95,9.7e-18,19800,89.1,41800,41800,40600,"No issues",TRUE,198
3,2026-07-22 14:31:50,2026-07-22 14:36:10,2026-07-22 14:27:50,27,4.26,-7530,-0.674,0.987,0.984,0.893,4.73e-25,6.3e-24,1.28e-13,0.0982,193,0.0467,0.000443,0.869,0.000211,2.11,409,0.36,2.12,409,0.361,2.11,386,0.359,"No issues","No issues","No issues",-411000,0.989,9e-26,8850,39.9,36400,36400,35200,"No issues",FALSE,NA
6,2026-07-22 14:42:00,2026-07-22 14:46:20,2026-07-22 14:38:00,27,3.93,-10600,-1.37,0.996,0.994,0.975,6.99e-31,9.67e-30,1.8e-21,0.0527,158,0.0441,0.000238,0.711,0.000199,2.09,399,0.364,2.11,399,0.364,2.09,367,0.359,"No issues","No issues","No issues",-118000,0.989,4.41e-26,2480,11.2,35400,35400,35100,"No issues",FALSE,NA
1,2026-07-22 14:52:10,2026-07-22 14:56:30,2026-07-22 14:48:10,27,6.68,-7740,-0.13,0.977,0.96,0.441,5.47e-22,5.24e-19,0.000158,0.205,315,0.0292,0.000924,1.42,0.000132,2.1,403,0.358,2.12,403,0.358,2.1,376,0.357,"No issues","No issues","No issues",96200,0.981,5.48e-23,2690,12.1,34500,34800,34500,"No issues",FALSE,NA
7,2026-07-22 15:02:20,2026-07-22 15:06:40,2026-07-22 14:58:20,27,9.65,-10500,-0.427,0.999,0.997,0.688,7.17e-37,7.46e-34,8.81e-08,0.0745,107,0.0574,0.000336,0.481,0.000259,2.14,403,0.36,2.17,403,0.361,2.14,371,0.359,"No issues","No issues","No issues",-160000,0.931,4.78e-16,8710,39.3,35600,35600,35100,"No issues",FALSE,NA
10,2026-07-22 15:12:30,2026-07-22 15:16:50,2026-07-22 15:08:30,27,17,-9490,-0.605,0.993,0.99,0.807,4.11e-28,2.46e-26,2.09e-10,0.295,194,0.0593,0.00133,0.875,0.000267,2.16,397,0.361,2.21,397,0.361,2.16,368,0.359,"No issues","No issues","No issues",410000,0.995,1.39e-30,5660,25.5,34500,35700,34500,"No issues",FALSE,NA
2,2026-07-22 15:22:40,2026-07-22 15:27:00,2026-07-22 15:18:40,27,2.73,-7910,-0.00206,0.978,0.993,0.000294,2.95e-22,8.41e-29,0.932,0.0819,129,0.024,0.000369,0.58,0.000108,2.13,409,0.36,2.13,409,0.36,2.13,385,0.36,"No issues","No issues","No issues",-209000,0.976,7.77e-22,6520,29.4,36700,36700,36000,"No issues",FALSE,NA
11,2026-07-22 15:32:50,2026-07-22 15:37:10,2026-07-22 15:28:50,27,6.6,-12100,-0.223,0.702,0.871,0.587,4.95e-08,1.24e-12,3.22e-06,0.859,927,0.0374,0.00387,4.18,0.000169,2.15,410,0.358,2.18,416,0.358,2.15,379,0.357,"No issues","No issues","No issues",-114000,0.948,1.48e-17,5350,24.1,35500,35500,35100,"No issues",FALSE,NA
4,2026-07-22 15:43:00,2026-07-22 15:47:20,2026-07-22 15:39:00,27,6.65,-9670,-0.0915,0.975,0.993,0.188,1.82e-21,8.3e-29,0.0239,0.215,157,0.038,0.000967,0.709,0.000171,2.14,405,0.357,2.16,406,0.357,2.14,377,0.357,"No issues","No issues","No issues",-202000,0.821,7.79e-11,18900,85,33600,33600,32900,"No issues",FALSE,NA
8,2026-07-22 15:53:10,2026-07-22 15:57:30,2026-07-22 15:49:10,27,-4.89e-13,4.38e-11,-0.0435,0.509,0.497,0.000473,0.0761,0.0499,0.914,2.65e-13,2.13e-11,0.4,1.19e-15,9.58e-14,0.0018,2.18,416,0.362,2.18,416,0.362,2.18,416,0.356,"No issues","No issues","No issues",-7.63e-09,0.494,0.108,4.58e-09,2.07e-11,31800,31800,31800,"No issues",FALSE,NA
5,2026-07-22 16:03:20,2026-07-22 16:07:40,2026-07-22 15:59:20,27,NA,NA,-0.35,NA,NA,0.863,NA,NA,2.72e-12,NA,NA,0.0279,NA,NA,0.000126,NA,NA,0.359,NA,NA,0.359,NA,NA,0.358,"maintenance","maintenance","No issues",NA,NA,NA,NA,NA,NA,NA,NA,"No issues",FALSE,NA
9,2026-07-22 16:13:30,2026-07-22 16:17:50,2026-07-22 16:09:30,27,-4.89e-13,4.38e-11,-0.0967,0.509,0.497,0.207,0.0761,0.0499,0.017,2.65e-13,2.13e-11,0.0378,1.19e-15,9.58e-14,0.00017,2.18,416,0.358,2.18,416,0.358,2.18,416,0.358,"No issues","No issues","No issues",-7.63e-09,0.494,0.108,4.58e-09,2.07e-11,31800,31800,31800,"No issues",FALSE,NA
12,2026-07-22 16:23:40,2026-07-22 16:28:00,2026-07-22 16:19:40,27,-4.89e-13,4.38e-11,0.173,0.509,0.497,0.531,0.0761,0.0499,1.64e-05,2.65e-13,2.13e-11,0.0326,1.19e-15,9.58e-14,0.000147,2.18,416,0.36,2.18,416,0.36,2.18,416,0.36,"No issues","No issues","No issues",-7.63e-09,0.494,0.108,4.58e-09,2.07e-11,31800,31800,31800,"No issues",FALSE,NA
3,2026-07-22 16:33:50,2026-07-22 16:38:10,2026-07-22 16:29:50,27,-4.89e-13,4.38e-11,-0.622,0.509,0.497,0.933,0.0761,0.0499,3.31e-16,2.65e-13,2.13e-11,0.0333,1.19e-15,9.58e-14,0.00015,2.18,416,0.364,2.18,416,0.364,2.18,416,0.362,"No issues","No issues","No issues",-7.63e-09,0.494,0.108,4.58e-09,2.07e-11,31800,31800,31800,"No issues",FALSE,NA
6,2026-07-22 16:44:00,2026-07-22 16:48:20,2026-07-22 16:40:00,27,-4.89e-13,4.38e-11,-1.33,0.509,0.497,0.981,0.0761,0.0499,4.06e-23,2.65e-13,2.13e-11,0.0367,1.19e-15,9.58e-14,0.000165,2.18,416,0.368,2.18,416,0.368,2.18,416,0.364,"No issues","No issues","No issues",-7.63e-09,0.494,0.108,4.58e-09,2.07e-11,31800,31800,31800,"No issues",FALSE,NA
1,2026-07-22 16:54:10,2026-07-22 16:58:30,2026-07-22 16:50:10,27,-4.89e-13,4.38e-11,-0.364,0.509,0.497,0.897,0.0761,0.0499,7.45e-14,2.65e-13,2.13e-11,0.0246,1.19e-15,9.58e-14,0.000111,2.18,416,0.361,2.18,416,0.361,2.18,416,0.36,"No issues","No issues","No issues",-7.63e-09,0.494,0.108,4.58e-09,2.07e-11,31800,31800,31800,"No issues",FALSE,NA
7,2026-07-22 17:04:20,2026-07-22 17:08:40,2026-07-22 17:00:20,27,-4.89e-13,4.38e-11,-0.564,0.509,0.497,0.949,0.0761,0.0499,1.01e-17,2.65e-13,2.13e-11,0.026,1.19e-15,9.58e-14,0.000117,2.18,416,0.363,2.18,416,0.363,2.18,416,0.361,"No issues","No issues","No issues",-7.63e-09,0.494,0.108,4.58e-09,2.07e-11,31800,31800,31800,"No issues",FALSE,NA
10,2026-07-22 17:14:30,2026-07-22 17:18:50,2026-07-22 17:10:30,27,-4.89e-13,4.38e-11,-0.941,0.509,0.497,0.966,0.0761,0.0499,7.27e-20,2.65e-13,2.13e-11,0.0354,1.19e-15,9.58e-14,0.000159,2.18,416,0.365,2.18,416,0.365,2.18,416,0.362,"No issues","No issues","No issues",-7.63e-09,0.494,0.108,4.58e-09,2.07e-11,31800,31800,31800,"No issues",FALSE,NA
2,2026-07-22 17:24:40,2026-07-22 17:29:00,2026-07-22 17:20:40,27,-4.89e-13,4.38e-11,0.00582,0.509,0.497,0.00274,0.0761,0.0499,0.795,2.65e-13,2.13e-11,0.0222,1.19e-15,9.58e-14,1e-04,2.18,416,0.362,2.18,416,0.362,2.18,416,0.362,"No issues","No issues","No issues",-7.63e-09,0.494,0.108,4.58e-09,2.07e-11,31800,31800,31800,"No issues",FALSE,NA
11,2026-07-22 17:34:50,2026-07-22 17:39:10,2026-07-22 17:30:50,27,-4.89e-13,4.38e-11,-0.159,0.509,0.497,0.683,0.0761,0.0499,1.1e-07,2.65e-13,2.13e-11,0.0217,1.19e-15,9.58e-14,9.79e-05,2.18,416,0.361,2.18,416,0.361,2.18,416,0.36,"No issues","No issues","No issues",-7.63e-09,0.494,0.108,4.58e-09,2.07e-11,31800,31800,31800,"No issues",FALSE,NA
4,2026-07-22 17:45:00,2026-07-22 17:49:20,2026-07-22 17:41:00,27,-4.89e-13,4.38e-11,-0.141,0.509,0.497,0.5,0.0761,0.0499,3.7e-05,2.65e-13,2.13e-11,0.0281,1.19e-15,9.58e-14,0.000127,2.18,416,0.36,2.18,416,0.36,2.18,416,0.359,"No issues","No issues","No issues",-7.63e-09,0.494,0.108,4.58e-09,2.07e-11,31800,31800,31800,"No issues",FALSE,NA
8,2026-07-22 17:55:10,2026-07-22 17:59:30,2026-07-22 17:51:10,27,-4.89e-13,4.38e-11,-0.233,0.509,0.497,0.683,0.0761,0.0499,1.1e-07,2.65e-13,2.13e-11,0.0318,1.19e-15,9.58e-14,0.000143,2.18,416,0.364,2.18,416,0.364,2.18,416,0.363,"No issues","No issues","No issues",-7.63e-09,0.494,0.108,4.58e-09,2.07e-11,31800,31800,31800,"No issues",FALSE,NA
5,2026-07-22 18:05:20,2026-07-22 18:09:40,2026-07-22 18:01:20,27,-4.89e-13,4.38e-11,-0.328,0.509,0.497,0.741,0.0761,0.0499,8.49e-09,2.65e-13,2.13e-11,0.0388,1.19e-15,9.58e-14,0.000175,2.18,416,0.361,2.18,416,0.361,2.18,416,0.359,"No issues","No issues","No issues",-7.63e-09,0.494,0.108,4.58e-09,2.07e-11,31800,31800,31800,"No issues",FALSE,NA
9,2026-07-22 18:15:30,2026-07-22 18:19:50,2026-07-22 18:11:30,27,-4.89e-13,4.38e-11,0.00753,0.509,0.497,0.00238,0.0761,0.0499,0.809,2.65e-13,2.13e-11,0.0308,1.19e-15,9.58e-14,0.000139,2.18,416,0.359,2.18,416,0.36,2.18,416,0.359,"No issues","No issues","No issues",-7.63e-09,0.494,0.108,4.58e-09,2.07e-11,31800,31800,31800,"No issues",FALSE,NA
12,2026-07-22 18:25:40,2026-07-22 18:30:00,2026-07-22 18:21:40,27,-4.89e-13,4.38e-11,0.0263,0.509,0.497,0.0167,0.0761,0.0499,0.52,2.65e-13,2.13e-11,0.0404,1.19e-15,9.58e-14,0.000182,2.18,416,0.36,2.18,416,0.36,2.18,416,0.36,"No issues","No issues","No issues",-7.63e-09,0.494,0.108,4.58e-09,2.07e-11,31800,31800,31800,"No issues",FALSE,NA
3,2026-07-22 18:35:50,2026-07-22 18:40:10,2026-07-22 18:31:50,27,-4.89e-13,4.38e-11,-0.341,0.509,0.497,0.663,0.0761,0.0499,2.35e-07,2.65e-13,2.13e-11,0.0486,1.19e-15,9.58e-14,0.000219,2.18,416,0.364,2.18,416,0.364,2.18,416,0.362,"No issues","No issues","No issues",-7.63e-09,0.494,0.108,4.58e-09,2.07e-11,31800,31800,31800,"No issues",FALSE,NA
6,2026-07-22 18:46:00,2026-07-22 18:50:20,2026-07-22 18:42:00,27,-4.89e-13,4.38e-11,-0.633,0.509,0.497,0.929,0.0761,0.0499,6.96e-16,2.65e-13,2.13e-11,0.035,1.19e-15,9.58e-14,0.000158,2.18,416,0.367,2.18,416,0.367,2.18,416,0.365,"No issues","No issues","No issues",-7.63e-09,0.494,0.108,4.58e-09,2.07e-11,31800,31800,31800,"No issues",FALSE,NA
1,2026-07-22 18:56:10,2026-07-22 19:00:30,2026-07-22 18:52:10,27,-4.89e-13,4.38e-11,-0.182,0.509,0.497,0.502,0.0761,0.0499,3.54e-05,2.65e-13,2.13e-11,0.0363,1.19e-15,9.58e-14,0.000164,2.18,416,0.363,2.18,416,0.363,2.18,416,0.362,"No issues","No issues","No issues",-7.63e-09,0.494,0.108,4.58e-09,2.07e-11,31800,31800,31800,"No issues",FALSE,NA
7,2026-07-22 19:06:20,2026-07-22 19:10:40,2026-07-22 19:02:20,27,-4.89e-13,4.38e-11,-0.272,0.509,0.497,0.61,0.0761,0.0499,1.53e-06,2.65e-13,2.13e-11,0.0435,1.19e-15,9.58e-14,0.000196,2.18,416,0.363,2.18,416,0.364,2.18,416,0.363,"No issues","No issues","No issues",-7.63e-09,0.494,0.108,4.58e-09,2.07e-11,31800,31800,31800,"No issues",FALSE,NA
10,2026-07-22 19:16:30,2026-07-22 19:20:50,2026-07-22 19:12:30,27,-4.89e-13,4.38e-11,-0.412,0.509,0.497,0.762,0.0761,0.0499,2.91e-09,2.65e-13,2.13e-11,0.046,1.19e-15,9.58e-14,0.000207,2.18,416,0.366,2.18,416,0.366,2.18,416,0.364,"No issues","No issues","No issues",-7.63e-09,0.494,0.108,4.58e-09,2.07e-11,31800,31800,31800,"No issues",FALSE,NA
2,2026-07-22 19:26:40,2026-07-22 19:31:00,2026-07-22 19:22:40,27,-4.89e-13,4.38e-11,-0.0519,0.509,0.497,0.0532,0.0761,0.0499,0.247,2.65e-13,2.13e-11,0.0438,1.19e-15,9.58e-14,0.000197,2.18,416,0.364,2.18,416,0.365,2.18,416,0.364,"No issues","No issues","No issues",-7.63e-09,0.494,0.108,4.58e-09,2.07e-11,31800,31800,31800,"No issues",FALSE,NA
11,2026-07-22 19:36:50,2026-07-22 19:41:10,2026-07-22 19:32:50,27,-4.89e-13,4.38e-11,-0.142,0.509,0.497,0.259,0.0761,0.0499,0.00675,2.65e-13,2.13e-11,0.048,1.19e-15,9.58e-14,0.000216,2.18,416,0.363,2.18,416,0.364,2.18,416,0.363,"No issues","No issues","No issues",-7.63e-09,0.494,0.108,4.58e-09,2.07e-11,31800,31800,31800,"No issues",FALSE,NA
4,2026-07-22 19:47:00,2026-07-22 19:51:20,2026-07-22 19:43:00,27,-4.89e-13,4.38e-11,-0.0358,0.509,0.497,0.108,0.0761,0.0499,0.0937,2.65e-13,2.13e-11,0.0206,1.19e-15,9.58e-14,9.27e-05,2.18,416,0.362,2.18,416,0.363,2.18,416,0.362,"No issues","No issues","No issues",-7.63e-09,0.494,0.108,4.58e-09,2.07e-11,31800,31800,31800,"No issues",FALSE,NA
8,2026-07-22 19:57:10,2026-07-22 20:01:30,2026-07-22 19:53:10,27,-4.89e-13,4.38e-11,-0.198,0.509,0.497,0.661,0.0761,0.0499,2.56e-07,2.65e-13,2.13e-11,0.0283,1.19e-15,9.58e-14,0.000128,2.18,416,0.363,2.18,416,0.364,2.18,416,0.363,"No issues","No issues","No issues",-7.63e-09,0.494,0.108,4.58e-09,2.07e-11,31800,31800,31800,"No issues",FALSE,NA
5,2026-07-22 20:07:20,2026-07-22 20:11:40,2026-07-22 20:03:20,27,-4.89e-13,4.38e-11,-0.071,0.509,0.497,0.145,0.0761,0.0499,0.0499,2.65e-13,2.13e-11,0.0345,1.19e-15,9.58e-14,0.000155,2.18,416,0.362,2.18,416,0.362,2.18,416,0.361,"No issues","No issues","No issues",-7.63e-09,0.494,0.108,4.58e-09,2.07e-11,31800,31800,31800,"No issues",FALSE,NA
9,2026-07-22 20:17:30,2026-07-22 20:21:50,2026-07-22 20:13:30,27,-4.89e-13,4.38e-11,-0.085,0.509,0.497,0.127,0.0761,0.0499,0.068,2.65e-13,2.13e-11,0.0446,1.19e-15,9.58e-14,0.000201,2.18,416,0.362,2.18,416,0.362,2.18,416,0.361,"No issues","No issues","No issues",-7.63e-09,0.494,0.108,4.58e-09,2.07e-11,31800,31800,31800,"No issues",FALSE,NA
12,2026-07-22 20:27:40,2026-07-22 20:32:00,2026-07-22 20:23:40,27,-4.89e-13,4.38e-11,0.0788,0.509,0.497,0.188,0.0761,0.0499,0.0237,2.65e-13,2.13e-11,0.0327,1.19e-15,9.58e-14,0.000147,2.18,416,0.362,2.18,416,0.362,2.18,416,0.361,"No issues","No issues","No issues",-7.63e-09,0.494,0.108,4.58e-09,2.07e-11,31800,31800,31800,"No issues",FALSE,NA
3,2026-07-22 20:37:50,2026-07-22 20:42:10,2026-07-22 20:33:50,27,-4.89e-13,4.38e-11,-0.143,0.509,0.497,0.287,0.0761,0.0499,0.00395,2.65e-13,2.13e-11,0.045,1.19e-15,9.58e-14,0.000203,2.18,416,0.364,2.18,416,0.364,2.18,416,0.363,"No issues","No issues","No issues",-7.63e-09,0.494,0.108,4.58e-09,2.07e-11,31800,31800,31800,"No issues",FALSE,NA
6,2026-07-22 20:48:00,2026-07-22 20:52:20,2026-07-22 20:44:00,27,-4.89e-13,4.38e-11,-0.338,0.509,0.497,0.703,0.0761,0.0499,4.82e-08,2.65e-13,2.13e-11,0.044,1.19e-15,9.58e-14,0.000198,2.18,416,0.366,2.18,416,0.366,2.18,416,0.364,"No issues","No issues","No issues",-7.63e-09,0.494,0.108,4.58e-09,2.07e-11,31800,31800,31800,"No issues",FALSE,NA
1,2026-07-22 20:58:10,2026-07-22 21:02:30,2026-07-22 20:54:10,27,-4.89e-13,4.38e-11,-0.169,0.509,0.497,0.571,0.0761,0.0499,5.23e-06,2.65e-13,2.13e-11,0.0292,1.19e-15,9.58e-14,0.000132,2.18,416,0.364,2.18,416,0.364,2.18,416,0.364,"No issues","No issues","No issues",-7.63e-09,0.494,0.108,4.58e-09,2.07e-11,31800,31800,31800,"No issues",FALSE,NA
7,2026-07-22 21:08:20,2026-07-22 21:12:40,2026-07-22 21:04:20,27,-4.89e-13,4.38e-11,-0.175,0.509,0.497,0.277,0.0761,0.0499,0.00476,2.65e-13,2.13e-11,0.0565,1.19e-15,9.58e-14,0.000255,2.18,416,0.365,2.18,416,0.365,2.18,416,0.364,"No issues","No issues","No issues",-7.63e-09,0.494,0.108,4.58e-09,2.07e-11,31800,31800,31800,"No issues",FALSE,NA
10,2026-07-22 21:18:30,2026-07-22 21:22:50,2026-07-22 21:14:30,27,-4.89e-13,4.38e-11,-0.197,0.509,0.497,0.641,0.0761,0.0499,5.33e-07,2.65e-13,2.13e-11,0.0295,1.19e-15,9.58e-14,0.000133,2.18,416,0.364,2.18,416,0.364,2.18,416,0.363,"No issues","No issues","No issues",-7.63e-09,0.494,0.108,4.58e-09,2.07e-11,31800,31800,31800,"No issues",FALSE,NA
2,2026-07-22 21:28:40,2026-07-22 21:33:00,2026-07-22 21:24:40,27,-4.89e-13,4.38e-11,-0.144,0.509,0.497,0.472,0.0761,0.0499,7.59e-05,2.65e-13,2.13e-11,0.0304,1.19e-15,9.58e-14,0.000137,2.18,416,0.362,2.18,416,0.362,2.18,416,0.362,"No issues","No issues","No issues",-7.63e-09,0.494,0.108,4.58e-09,2.07e-11,31800,31800,31800,"No issues",FALSE,NA
11,2026-07-22 21:38:50,2026-07-22 21:43:10,2026-07-22 21:34:50,27,-4.89e-13,4.38e-11,-0.114,0.509,0.497,0.309,0.0761,0.0499,0.0026,2.65e-13,2.13e-11,0.0342,1.19e-15,9.58e-14,0.000154,2.18,416,0.362,2.18,416,0.362,2.18,416,0.361,"No issues","No issues","No issues",-7.63e-09,0.494,0.108,4.58e-09,2.07e-11,31800,31800,31800,"No issues",FALSE,NA
4,2026-07-22 21:49:00,2026-07-22 21:53:20,2026-07-22 21:45:00,27,-4.89e-13,4.38e-11,-0.113,0.509,0.497,0.189,0.0761,0.0499,0.0233,2.65e-13,2.13e-11,0.0468,1.19e-15,9.58e-14,0.000211,2.18,416,0.361,2.18,416,0.361,2.18,416,0.36,"No issues","No issues","No issues",-7.63e-09,0.494,0.108,4.58e-09,2.07e-11,31800,31800,31800,"No issues",FALSE,NA
8,2026-07-22 21:59:10,2026-07-22 22:03:30,2026-07-22 21:55:10,27,-4.89e-13,4.38e-11,-0.15,0.509,0.497,0.388,0.0761,0.0499,0.000522,2.65e-13,2.13e-11,0.0377,1.19e-15,9.58e-14,0.00017,2.18,416,0.361,2.18,416,0.362,2.18,416,0.361,"No issues","No issues","No issues",-7.63e-09,0.494,0.108,4.58e-09,2.07e-11,31800,31800,31800,"No issues",FALSE,NA
5,2026-07-22 22:09:20,2026-07-22 22:13:40,2026-07-22 22:05:20,27,-4.89e-13,4.38e-11,-0.0833,0.509,0.497,0.129,0.0761,0.0499,0.066,2.65e-13,2.13e-11,0.0433,1.19e-15,9.58e-14,0.000195,2.18,416,0.361,2.18,416,0.361,2.18,416,0.36,"No issues","No issues","No issues",-7.63e-09,0.494,0.108,4.58e-09,2.07e-11,31800,31800,31800,"No issues",FALSE,NA
9,2026-07-22 22:19:30,2026-07-22 22:23:50,2026-07-22 22:15:30,27,-4.89e-13,4.38e-11,-0.0582,0.509,0.497,0.101,0.0761,0.0499,0.107,2.65e-13,2.13e-11,0.0347,1.19e-15,9.58e-14,0.000157,2.18,416,0.36,2.18,416,0.36,2.18,416,0.359,"No issues","No issues","No issues",-7.63e-09,0.494,0.108,4.58e-09,2.07e-11,31800,31800,31800,"No issues",FALSE,NA
12,2026-07-22 22:29:40,2026-07-22 22:34:00,2026-07-22 22:25:40,27,-4.89e-13,4.38e-11,0.00352,0.509,0.497,0.000553,0.0761,0.0499,0.907,2.65e-13,2.13e-11,0.0299,1.19e-15,9.58e-14,0.000135,2.18,416,0.36,2.18,416,0.36,2.18,416,0.36,"No issues","No issues","No issues",-7.63e-09,0.494,0.108,4.58e-09,2.07e-11,31800,31800,31800,"No issues",FALSE,NA
3,2026-07-22 22:39:50,2026-07-22 22:44:10,2026-07-22 22:35:50,27,-4.89e-13,4.38e-11,-0.0853,0.509,0.497,0.136,0.0761,0.0499,0.0588,2.65e-13,2.13e-11,0.0431,1.19e-15,9.58e-14,0.000194,2.18,416,0.362,2.18,416,0.362,2.18,416,0.361,"No issues","No issues","No issues",-7.63e-09,0.494,0.108,4.58e-09,2.07e-11,31800,31800,31800,"No issues",FALSE,NA
6,2026-07-22 22:50:00,2026-07-22 22:54:20,2026-07-22 22:46:00,27,-4.89e-13,4.38e-11,-0.346,0.509,0.497,0.747,0.0761,0.0499,6.32e-09,2.65e-13,2.13e-11,0.0403,1.19e-15,9.58e-14,0.000182,2.18,416,0.363,2.18,416,0.363,2.18,416,0.362,"No issues","No issues","No issues",-7.63e-09,0.494,0.108,4.58e-09,2.07e-11,31800,31800,31800,"No issues",FALSE,NA
1,2026-07-22 23:00:10,2026-07-22 23:04:30,2026-07-22 22:56:10,27,-4.89e-13,4.38e-11,-0.151,0.509,0.497,0.362,0.0761,0.0499,0.000907,2.65e-13,2.13e-11,0.0401,1.19e-15,9.58e-14,0.000181,2.18,416,0.361,2.18,416,0.361,2.18,416,0.36,"No issues","No issues","No issues",-7.63e-09,0.494,0.108,4.58e-09,2.07e-11,31800,31800,31800,"No issues",FALSE,NA
7,2026-07-22 23:10:20,2026-07-22 23:14:40,2026-07-22 23:06:20,27,-4.89e-13,4.38e-11,-0.163,0.509,0.497,0.423,0.0761,0.0499,0.00024,2.65e-13,2.13e-11,0.0381,1.19e-15,9.58e-14,0.000172,2.18,416,0.362,2.18,416,0.362,2.18,416,0.361,"No issues","No issues","No issues",-7.63e-09,0.494,0.108,4.58e-09,2.07e-11,31800,31800,31800,"No issues",FALSE,NA
10,2026-07-22 23:20:30,2026-07-22 23:24:50,2026-07-22 23:16:30,27,-4.89e-13,4.38e-11,-0.219,0.509,0.497,0.773,0.0761,0.0499,1.56e-09,2.65e-13,2.13e-11,0.0237,1.19e-15,9.58e-14,0.000107,2.18,416,0.362,2.18,416,0.362,2.18,416,0.362,"No issues","No issues","No issues",-7.63e-09,0.494,0.108,4.58e-09,2.07e-11,31800,31800,31800,"No issues",FALSE,NA
2,2026-07-22 23:30:40,2026-07-22 23:35:00,2026-07-22 23:26:40,27,-4.89e-13,4.38e-11,-0.0909,0.509,0.497,0.168,0.0761,0.0499,0.0338,2.65e-13,2.13e-11,0.0404,1.19e-15,9.58e-14,0.000182,2.18,416,0.361,2.18,416,0.362,2.18,416,0.361,"No issues","No issues","No issues",-7.63e-09,0.494,0.108,4.58e-09,2.07e-11,31800,31800,31800,"No issues",FALSE,NA
11,2026-07-22 23:40:50,2026-07-22 23:45:10,2026-07-22 23:36:50,27,-4.89e-13,4.38e-11,-0.0575,0.509,0.497,0.116,0.0761,0.0499,0.0825,2.65e-13,2.13e-11,0.0318,1.19e-15,9.58e-14,0.000143,2.18,416,0.361,2.18,416,0.361,2.18,416,0.361,"No issues","No issues","No issues",-7.63e-09,0.494,0.108,4.58e-09,2.07e-11,31800,31800,31800,"No issues",FALSE,NA
4,2026-07-22 23:51:00,2026-07-22 23:55:20,2026-07-22 23:47:00,27,-4.89e-13,4.38e-11,-0.0561,0.509,0.497,0.153,0.0761,0.0499,0.0439,2.65e-13,2.13e-11,0.0264,1.19e-15,9.58e-14,0.000119,2.18,416,0.36,2.18,416,0.36,2.18,416,0.36,"No issues","No issues","No issues",-7.63e-09,0.494,0.108,4.58e-09,2.07e-11,31800,31800,31800,"No issues",FALSE,NA
8,2026-07-23 00:01:10,2026-07-23 00:05:30,2026-07-22 23:57:10,27,-4.89e-13,4.38e-11,-0.217,0.509,0.497,0.534,0.0761,0.0499,1.49e-05,2.65e-13,2.13e-11,0.0406,1.19e-15,9.58e-14,0.000183,2.18,416,0.361,2.18,416,0.361,2.18,416,0.36,"No issues","No issues","No issues",-7.63e-09,0.494,0.108,4.58e-09,2.07e-11,31800,31800,31800,"No issues",FALSE,NA
5,2026-07-23 00:11:20,2026-07-23 00:15:40,2026-07-23 00:07:20,27,-4.89e-13,4.38e-11,0.0207,0.509,0.497,0.0153,0.0761,0.0499,0.539,2.65e-13,2.13e-11,0.0333,1.19e-15,9.58e-14,0.00015,2.18,416,0.36,2.18,416,0.361,2.18,416,0.36,"No issues","No issues","No issues",-7.63e-09,0.494,0.108,4.58e-09,2.07e-11,31800,31800,31800,"No issues",FALSE,NA
9,2026-07-23 00:21:30,2026-07-23 00:25:50,2026-07-23 00:17:30,27,-4.89e-13,4.38e-11,-0.071,0.509,0.497,0.165,0.0761,0.0499,0.0353,2.65e-13,2.13e-11,0.0319,1.19e-15,9.58e-14,0.000144,2.18,416,0.36,2.18,416,0.36,2.18,416,0.36,"No issues","No issues","No issues",-7.63e-09,0.494,0.108,4.58e-09,2.07e-11,31800,31800,31800,"No issues",FALSE,NA
12,2026-07-23 00:31:40,2026-07-23 00:36:00,2026-07-23 00:27:40,27,-4.89e-13,4.38e-11,0.0163,0.509,0.497,0.0109,0.0761,0.0499,0.605,2.65e-13,2.13e-11,0.031,1.19e-15,9.58e-14,0.00014,2.18,416,0.359,2.18,416,0.36,2.18,416,0.359,"No issues","No issues","No issues",-7.63e-09,0.494,0.108,4.58e-09,2.07e-11,31800,31800,31800,"No issues",FALSE,NA
3,2026-07-23 00:41:50,2026-07-23 00:46:10,2026-07-23 00:37:50,27,-4.89e-13,4.38e-11,-0.135,0.509,0.497,0.54,0.0761,0.0499,1.26e-05,2.65e-13,2.13e-11,0.0248,1.19e-15,9.58e-14,0.000112,2.18,416,0.361,2.18,416,0.361,2.18,416,0.361,"No issues","No issues","No issues",-7.63e-09,0.494,0.108,4.58e-09,2.07e-11,31800,31800,31800,"No issues",FALSE,NA
6,2026-07-23 00:52:00,2026-07-23 00:56:20,2026-07-23 00:48:00,27,-4.89e-13,4.38e-11,-0.223,0.509,0.497,0.783,0.0761,0.0499,8.74e-10,2.65e-13,2.13e-11,0.0235,1.19e-15,9.58e-14,0.000106,2.18,416,0.362,2.18,416,0.362,2.18,416,0.361,"No issues","No issues","No issues",-7.63e-09,0.494,0.108,4.58e-09,2.07e-11,31800,31800,31800,"No issues",FALSE,NA
1,2026-07-23 01:02:10,2026-07-23 01:06:30,2026-07-23 00:58:10,27,-4.89e-13,4.38e-11,-0.13,0.509,0.497,0.422,0.0761,0.0499,0.000247,2.65e-13,2.13e-11,0.0304,1.19e-15,9.58e-14,0.000137,2.18,416,0.361,2.18,416,0.361,2.18,416,0.36,"No issues","No issues","No issues",-7.63e-09,0.494,0.108,4.58e-09,2.07e-11,31800,31800,31800,"No issues",FALSE,NA
7,2026-07-23 01:12:20,2026-07-23 01:16:40,2026-07-23 01:08:20,27,-4.89e-13,4.38e-11,-0.0296,0.509,0.497,0.0389,0.0761,0.0499,0.324,2.65e-13,2.13e-11,0.0294,1.19e-15,9.58e-14,0.000133,2.18,416,0.361,2.18,416,0.361,2.18,416,0.361,"No issues","No issues","No issues",-7.63e-09,0.494,0.108,4.58e-09,2.07e-11,31800,31800,31800,"No issues",FALSE,NA
10,2026-07-23 01:22:30,2026-07-23 01:26:50,2026-07-23 01:18:30,27,-4.89e-13,4.38e-11,-0.114,0.509,0.497,0.244,0.0761,0.0499,0.00889,2.65e-13,2.13e-11,0.04,1.19e-15,9.58e-14,0.00018,2.18,416,0.361,2.18,416,0.362,2.18,416,0.361,"No issues","No issues","No issues",-7.63e-09,0.494,0.108,4.58e-09,2.07e-11,31800,31800,31800,"No issues",FALSE,NA
2,2026-07-23 01:32:40,2026-07-23 01:37:00,2026-07-23 01:28:40,27,-4.89e-13,4.38e-11,-0.0619,0.509,0.497,0.152,0.0761,0.0499,0.0447,2.65e-13,2.13e-11,0.0293,1.19e-15,9.58e-14,0.000132,2.18,416,0.361,2.18,416,0.361,2.18,416,0.361,"No issues","No issues","No issues",-7.63e-09,0.494,0.108,4.58e-09,2.07e-11,31800,31800,31800,"No issues",FALSE,NA
11,2026-07-23 01:42:50,2026-07-23 01:47:10,2026-07-23 01:38:50,27,-4.89e-13,4.38e-11,0.00778,0.509,0.497,0.00278,0.0761,0.0499,0.794,2.65e-13,2.13e-11,0.0295,1.19e-15,9.58e-14,0.000133,2.18,416,0.361,2.18,416,0.361,2.18,416,0.361,"No issues","No issues","No issues",-7.63e-09,0.494,0.108,4.58e-09,2.07e-11,31800,31800,31800,"No issues",FALSE,NA
4,2026-07-23 01:53:00,2026-07-23 01:57:20,2026-07-23 01:49:00,27,-4.89e-13,4.38e-11,-0.0126,0.509,0.497,0.00411,0.0761,0.0499,0.751,2.65e-13,2.13e-11,0.0394,1.19e-15,9.58e-14,0.000177,2.18,416,0.361,2.18,416,0.361,2.18,416,0.36,"No issues","No issues","No issues",-7.63e-09,0.494,0.108,4.58e-09,2.07e-11,31800,31800,31800,"No issues",FALSE,NA
8,2026-07-23 02:03:10,2026-07-23 02:07:30,2026-07-23 01:59:10,27,-4.89e-13,4.38e-11,-0.105,0.509,0.497,0.368,0.0761,0.0499,0.000788,2.65e-13,2.13e-11,0.0276,1.19e-15,9.58e-14,0.000124,2.18,416,0.36,2.18,416,0.361,2.18,416,0.36,"No issues","No issues","No issues",-7.63e-09,0.494,0.108,4.58e-09,2.07e-11,31800,31800,31800,"No issues",FALSE,NA
5,2026-07-23 02:13:20,2026-07-23 02:17:40,2026-07-23 02:09:20,27,-4.89e-13,4.38e-11,-0.0284,0.509,0.497,0.0247,0.0761,0.0499,0.434,2.65e-13,2.13e-11,0.0357,1.19e-15,9.58e-14,0.000161,2.18,416,0.36,2.18,416,0.361,2.18,416,0.36,"No issues","No issues","No issues",-7.63e-09,0.494,0.108,4.58e-09,2.07e-11,31800,31800,31800,"No issues",FALSE,NA
9,2026-07-23 02:23:30,2026-07-23 02:27:50,2026-07-23 02:19:30,27,-4.89e-13,4.38e-11,0.00476,0.509,0.497,0.000492,0.0761,0.0499,0.913,2.65e-13,2.13e-11,0.0429,1.19e-15,9.58e-14,0.000193,2.18,416,0.36,2.18,416,0.36,2.18,416,0.36,"No issues","No issues","No issues",-7.63e-09,0.494,0.108,4.58e-09,2.07e-11,31800,31800,31800,"No issues",FALSE,NA
12,2026-07-23 02:33:40,2026-07-23 02:38:00,2026-07-23 02:29:40,27,-4.89e-13,4.38e-11,-0.0382,0.509,0.497,0.0443,0.0761,0.0499,0.292,2.65e-13,2.13e-11,0.0355,1.19e-15,9.58e-14,0.00016,2.18,416,0.36,2.18,416,0.36,2.18,416,0.359,"No issues","No issues","No issues",-7.63e-09,0.494,0.108,4.58e-09,2.07e-11,31800,31800,31800,"No issues",FALSE,NA
3,2026-07-23 02:43:50,2026-07-23 02:48:10,2026-07-23 02:39:50,27,-4.89e-13,4.38e-11,-0.0226,0.509,0.497,0.0321,0.0761,0.0499,0.372,2.65e-13,2.13e-11,0.0248,1.19e-15,9.58e-14,0.000112,2.18,416,0.361,2.18,416,0.361,2.18,416,0.361,"No issues","No issues","No issues",-7.63e-09,0.494,0.108,4.58e-09,2.07e-11,31800,31800,31800,"No issues",FALSE,NA
6,2026-07-23 02:54:00,2026-07-23 02:58:20,2026-07-23 02:50:00,27,-4.89e-13,4.38e-11,-0.119,0.509,0.497,0.367,0.0761,0.0499,0.000804,2.65e-13,2.13e-11,0.0312,1.19e-15,9.58e-14,0.00014,2.18,416,0.361,2.18,416,0.361,2.18,416,0.361,"No issues","No issues","No issues",-7.63e-09,0.494,0.108,4.58e-09,2.07e-11,31800,31800,31800,"No issues",FALSE,NA
1,2026-07-23 03:04:10,2026-07-23 03:08:30,2026-07-23 03:00:10,27,-4.89e-13,4.38e-11,-0.0765,0.509,0.497,0.155,0.0761,0.0499,0.0419,2.65e-13,2.13e-11,0.0357,1.19e-15,9.58e-14,0.000161,2.18,416,0.361,2.18,416,0.361,2.18,416,0.36,"No issues","No issues","No issues",-7.63e-09,0.494,0.108,4.58e-09,2.07e-11,31800,31800,31800,"No issues",FALSE,NA
7,2026-07-23 03:14:20,2026-07-23 03:18:40,2026-07-23 03:10:20,27,-4.89e-13,4.38e-11,-0.0407,0.509,0.497,0.0587,0.0761,0.0499,0.223,2.65e-13,2.13e-11,0.0326,1.19e-15,9.58e-14,0.000147,2.18,416,0.361,2.18,416,0.361,2.18,416,0.36,"No issues","No issues","No issues",-7.63e-09,0.494,0.108,4.58e-09,2.07e-11,31800,31800,31800,"No issues",FALSE,NA
10,2026-07-23 03:24:30,2026-07-23 03:28:50,2026-07-23 03:20:30,27,-4.89e-13,4.38e-11,-0.04,0.509,0.497,0.0478,0.0761,0.0499,0.273,2.65e-13,2.13e-11,0.0357,1.19e-15,9.58e-14,0.000161,2.18,416,0.361,2.18,416,0.361,2.18,416,0.361,"No issues","No issues","No issues",-7.63e-09,0.494,0.108,4.58e-09,2.07e-11,31800,31800,31800,"No issues",FALSE,NA
2,2026-07-23 03:34:40,2026-07-23 03:39:00,2026-07-23 03:30:40,27,-4.89e-13,4.38e-11,0.00684,0.509,0.497,0.00295,0.0761,0.0499,0.788,2.65e-13,2.13e-11,0.0252,1.19e-15,9.58e-14,0.000113,2.18,416,0.361,2.18,416,0.361,2.18,416,0.361,"No issues","No issues","No issues",-7.63e-09,0.494,0.108,4.58e-09,2.07e-11,31800,31800,31800,"No issues",FALSE,NA
11,2026-07-23 03:44:50,2026-07-23 03:49:10,2026-07-23 03:40:50,27,-4.89e-13,4.38e-11,-0.0404,0.509,0.497,0.0432,0.0761,0.0499,0.298,2.65e-13,2.13e-11,0.038,1.19e-15,9.58e-14,0.000171,2.18,416,0.361,2.18,416,0.361,2.18,416,0.361,"No issues","No issues","No issues",-7.63e-09,0.494,0.108,4.58e-09,2.07e-11,31800,31800,31800,"No issues",FALSE,NA
4,2026-07-23 03:55:00,2026-07-23 03:59:20,2026-07-23 03:51:00,27,-4.89e-13,4.38e-11,-0.0714,0.509,0.497,0.158,0.0761,0.0499,0.0398,2.65e-13,2.13e-11,0.0329,1.19e-15,9.58e-14,0.000148,2.18,416,0.36,2.18,416,0.361,2.18,416,0.36,"No issues","No issues","No issues",-7.63e-09,0.494,0.108,4.58e-09,2.07e-11,31800,31800,31800,"No issues",FALSE,NA
8,2026-07-23 04:05:10,2026-07-23 04:09:30,2026-07-23 04:01:10,27,-4.89e-13,4.38e-11,-0.0178,0.509,0.497,0.00696,0.0761,0.0499,0.679,2.65e-13,2.13e-11,0.0426,1.19e-15,9.58e-14,0.000192,2.18,416,0.361,2.18,416,0.361,2.18,416,0.36,"No issues","No issues","No issues",-7.63e-09,0.494,0.108,4.58e-09,2.07e-11,31800,31800,31800,"No issues",FALSE,NA
5,2026-07-23 04:15:20,2026-07-23 04:19:40,2026-07-23 04:11:20,27,-4.89e-13,4.38e-11,-0.0196,0.509,0.497,0.0102,0.0761,0.0499,0.617,2.65e-13,2.13e-11,0.0386,1.19e-15,9.58e-14,0.000174,2.18,416,0.36,2.18,416,0.36,2.18,416,0.36,"No issues","No issues","No issues",-7.63e-09,0.494,0.108,4.58e-09,2.07e-11,31800,31800,31800,"No issues",FALSE,NA
9,2026-07-23 04:25:30,2026-07-23 04:29:50,2026-07-23 04:21:30,27,-4.89e-13,4.38e-11,-0.0383,0.509,0.497,0.0577,0.0761,0.0499,0.227,2.65e-13,2.13e-11,0.031,1.19e-15,9.58e-14,0.00014,2.18,416,0.36,2.18,416,0.36,2.18,416,0.36,"No issues","No issues","No issues",-7.63e-09,0.494,0.108,4.58e-09,2.07e-11,31800,31800,31800,"No issues",FALSE,NA
12,2026-07-23 04:35:40,2026-07-23 04:40:00,2026-07-23 04:31:40,27,-4.89e-13,4.38e-11,-0.063,0.509,0.497,0.154,0.0761,0.0499,0.043,2.65e-13,2.13e-11,0.0296,1.19e-15,9.58e-14,0.000133,2.18,416,0.36,2.18,416,0.36,2.18,416,0.36,"No issues","No issues","No issues",-7.63e-09,0.494,0.108,4.58e-09,2.07e-11,31800,31800,31800,"No issues",FALSE,NA
3,2026-07-23 04:45:50,2026-07-23 04:50:10,2026-07-23 04:41:50,27,-4.89e-13,4.38e-11,-0.0759,0.509,0.497,0.279,0.0761,0.0499,0.00465,2.65e-13,2.13e-11,0.0244,1.19e-15,9.58e-14,0.00011,2.18,416,0.36,2.18,416,0.361,2.18,416,0.36,"No issues","No issues","No issues",-7.63e-09,0.494,0.108,4.58e-09,2.07e-11,31800,31800,31800,"No issues",FALSE,NA
6,2026-07-23 04:56:00,2026-07-23 05:00:20,2026-07-23 04:52:00,27,-4.89e-13,4.38e-11,-0.145,0.509,0.497,0.323,0.0761,0.0499,0.00197,2.65e-13,2.13e-11,0.0419,1.19e-15,9.58e-14,0.000189,2.18,416,0.361,2.18,416,0.361,2.18,416,0.36,"No issues","No issues","No issues",-7.63e-09,0.494,0.108,4.58e-09,2.07e-11,31800,31800,31800,"No issues",FALSE,NA
1,2026-07-23 05:06:10,2026-07-23 05:10:30,2026-07-23 05:02:10,27,-4.89e-13,4.38e-11,-0.0798,0.509,0.497,0.157,0.0761,0.0499,0.0411,2.65e-13,2.13e-11,0.037,1.19e-15,9.58e-14,0.000167,2.18,416,0.36,2.18,416,0.36,2.18,416,0.359,"No issues","No issues","No issues",-7.63e-09,0.494,0.108,4.58e-09,2.07e-11,31800,31800,31800,"No issues",FALSE,NA
7,2026-07-23 05:16:20,2026-07-23 05:20:40,2026-07-23 05:12:20,27,-4.89e-13,4.38e-11,-0.0269,0.509,0.497,0.0252,0.0761,0.0499,0.429,2.65e-13,2.13e-11,0.0334,1.19e-15,9.58e-14,0.000151,2.18,416,0.36,2.18,416,0.361,2.18,416,0.36,"No issues","No issues","No issues",-7.63e-09,0.494,0.108,4.58e-09,2.07e-11,31800,31800,31800,"No issues",FALSE,NA
10,2026-07-23 05:26:30,2026-07-23 05:30:50,2026-07-23 05:22:30,27,-4.89e-13,4.38e-11,-0.0467,0.509,0.497,0.0486,0.0761,0.0499,0.269,2.65e-13,2.13e-11,0.0413,1.19e-15,9.58e-14,0.000186,2.18,416,0.361,2.18,416,0.361,2.18,416,0.36,"No issues","No issues","No issues",-7.63e-09,0.494,0.108,4.58e-09,2.07e-11,31800,31800,31800,"No issues",FALSE,NA
2,2026-07-23 05:36:40,2026-07-23 05:41:00,2026-07-23 05:32:40,27,-4.89e-13,4.38e-11,0.00336,0.509,0.497,0.000429,0.0761,0.0499,0.918,2.65e-13,2.13e-11,0.0324,1.19e-15,9.58e-14,0.000146,2.18,416,0.361,2.18,416,0.361,2.18,416,0.36,"No issues","No issues","No issues",-7.63e-09,0.494,0.108,4.58e-09,2.07e-11,31800,31800,31800,"No issues",FALSE,NA
11,2026-07-23 05:46:50,2026-07-23 05:51:10,2026-07-23 05:42:50,27,-4.89e-13,4.38e-11,-0.117,0.509,0.497,0.225,0.0761,0.0499,0.0123,2.65e-13,2.13e-11,0.0433,1.19e-15,9.58e-14,0.000195,2.18,416,0.361,2.18,416,0.361,2.18,416,0.36,"No issues","No issues","No issues",-7.63e-09,0.494,0.108,4.58e-09,2.07e-11,31800,31800,31800,"No issues",FALSE,NA
4,2026-07-23 05:57:00,2026-07-23 06:01:20,2026-07-23 05:53:00,27,-4.89e-13,4.38e-11,NA,0.509,0.497,NA,0.0761,0.0499,NA,2.65e-13,2.13e-11,NA,1.19e-15,9.58e-14,NA,2.18,416,NA,2.18,416,NA,2.18,416,NA,"No issues","No issues","No issues",-7.63e-09,0.494,0.108,4.58e-09,2.07e-11,31800,31800,31800,"No issues",FALSE,NA
8,2026-07-23 06:07:10,2026-07-23 06:11:30,2026-07-23 06:03:10,27,-4.89e-13,4.38e-11,-0.034,0.509,0.497,0.0451,0.0761,0.0499,0.288,2.65e-13,2.13e-11,0.0312,1.19e-15,9.58e-14,0.000141,2.18,416,0.361,2.18,416,0.361,2.18,416,0.36,"No issues","No issues","No issues",-7.63e-09,0.494,0.108,4.58e-09,2.07e-11,31800,31800,31800,"No issues",FALSE,NA
5,2026-07-23 06:17:20,2026-07-23 06:21:40,2026-07-23 06:13:20,27,-4.89e-13,4.38e-11,-0.0388,0.509,0.497,0.101,0.0761,0.0499,0.107,2.65e-13,2.13e-11,0.0232,1.19e-15,9.58e-14,0.000105,2.18,416,0.36,2.18,416,0.36,2.18,416,0.36,"No issues","No issues","No issues",-7.63e-09,0.494,0.108,4.58e-09,2.07e-11,31800,31800,31800,"No issues",FALSE,NA
9,2026-07-23 06:27:30,2026-07-23 06:31:50,2026-07-23 06:23:30,27,-4.89e-13,4.38e-11,-0.0178,0.509,0.497,0.0115,0.0761,0.0499,0.595,2.65e-13,2.13e-11,0.033,1.19e-15,9.58e-14,0.000149,2.18,416,0.36,2.18,416,0.36,2.18,416,0.36,"No issues","No issues","No issues",-7.63e-09,0.494,0.108,4.58e-09,2.07e-11,31800,31800,31800,"No issues",FALSE,NA
12,2026-07-23 06:37:40,2026-07-23 06:42:00,2026-07-23 06:33:40,27,-4.89e-13,4.38e-11,0.0325,0.509,0.497,0.0372,0.0761,0.0499,0.335,2.65e-13,2.13e-11,0.033,1.19e-15,9.58e-14,0.000149,2.18,416,0.36,2.18,416,0.36,2.18,416,0.36,"No issues","No issues","No issues",-7.63e-09,0.494,0.108,4.58e-09,2.07e-11,31800,31800,31800,"No issues",FALSE,NA
3,2026-07-23 06:47:50,2026-07-23 06:52:10,2026-07-23 06:43:50,27,-4.89e-13,4.38e-11,-0.0114,0.509,0.497,0.00634,0.0761,0.0499,0.693,2.65e-13,2.13e-11,0.0285,1.19e-15,9.58e-14,0.000129,2.18,416,0.361,2.18,416,0.361,2.18,416,0.361,"No issues","No issues","No issues",-7.63e-09,0.494,0.108,4.58e-09,2.07e-11,31800,31800,31800,"No issues",FALSE,NA
6,2026-07-23 06:58:00,2026-07-23 07:02:20,2026-07-23 06:54:00,27,-4.89e-13,4.38e-11,-0.0943,0.509,0.497,0.258,0.0761,0.0499,0.00688,2.65e-13,2.13e-11,0.032,1.19e-15,9.58e-14,0.000144,2.18,416,0.362,2.18,416,0.362,2.18,416,0.361,"No issues","No issues","No issues",-7.63e-09,0.494,0.108,4.58e-09,2.07e-11,31800,31800,31800,"No issues",FALSE,NA
1,2026-07-23 07:08:10,2026-07-23 07:12:30,2026-07-23 07:04:10,27,-4.89e-13,4.38e-11,-0.126,0.509,0.497,0.386,0.0761,0.0499,0.000546,2.65e-13,2.13e-11,0.0319,1.19e-15,9.58e-14,0.000144,2.18,416,0.361,2.18,416,0.361,2.18,416,0.36,"No issues","No issues","No issues",-7.63e-09,0.494,0.108,4.58e-09,2.07e-11,31800,31800,31800,"No issues",FALSE,NA
7,2026-07-23 07:18:20,2026-07-23 07:22:40,2026-07-23 07:14:20,27,-4.89e-13,4.38e-11,-0.152,0.509,0.497,0.253,0.0761,0.0499,0.00748,2.65e-13,2.13e-11,0.0523,1.19e-15,9.58e-14,0.000236,2.18,416,0.361,2.18,416,0.362,2.18,416,0.361,"No issues","No issues","No issues",-7.63e-09,0.494,0.108,4.58e-09,2.07e-11,31800,31800,31800,"No issues",FALSE,NA
10,2026-07-23 07:28:30,2026-07-23 07:32:50,2026-07-23 07:24:30,27,-4.89e-13,4.38e-11,-0.164,0.509,0.497,0.437,0.0761,0.0499,0.000173,2.65e-13,2.13e-11,0.0371,1.19e-15,9.58e-14,0.000167,2.18,416,0.361,2.18,416,0.362,2.18,416,0.361,"No issues","No issues","No issues",-7.63e-09,0.494,0.108,4.58e-09,2.07e-11,31800,31800,31800,"No issues",FALSE,NA
2,2026-07-23 07:38:40,2026-07-23 07:43:00,2026-07-23 07:34:40,27,-4.89e-13,4.38e-11,0.159,0.509,0.497,0.374,0.0761,0.0499,0.000707,2.65e-13,2.13e-11,0.0412,1.19e-15,9.58e-14,0.000186,2.18,416,0.362,2.18,416,0.362,2.18,416,0.361,"No issues","No issues","No issues",-7.63e-09,0.494,0.108,4.58e-09,2.07e-11,31800,31800,31800,"No issues",FALSE,NA
11,2026-07-23 07:48:50,2026-07-23 07:53:10,2026-07-23 07:44:50,27,-4.89e-13,4.38e-11,-0.0942,0.509,0.497,0.176,0.0761,0.0499,0.0296,2.65e-13,2.13e-11,0.0408,1.19e-15,9.58e-14,0.000184,2.18,416,0.362,2.18,416,0.362,2.18,416,0.361,"No issues","No issues","No issues",-7.63e-09,0.494,0.108,4.58e-09,2.07e-11,31800,31800,31800,"No issues",FALSE,NA
4,2026-07-23 07:59:00,2026-07-23 08:03:20,2026-07-23 07:55:00,27,-4.89e-13,4.38e-11,-0.138,0.509,0.497,0.322,0.0761,0.0499,0.00201,2.65e-13,2.13e-11,0.0401,1.19e-15,9.58e-14,0.000181,2.18,416,0.361,2.18,416,0.361,2.18,416,0.36,"No issues","No issues","No issues",-7.63e-09,0.494,0.108,4.58e-09,2.07e-11,31800,31800,31800,"No issues",FALSE,NA
8,2026-07-23 08:09:10,2026-07-23 08:13:30,2026-07-23 08:05:10,27,-4.89e-13,4.38e-11,0.14,0.509,0.497,0.286,0.0761,0.0499,0.00403,2.65e-13,2.13e-11,0.0441,1.19e-15,9.58e-14,0.000199,2.18,416,0.362,2.18,416,0.362,2.18,416,0.361,"No issues","No issues","No issues",-7.63e-09,0.494,0.108,4.58e-09,2.07e-11,31800,31800,31800,"No issues",FALSE,NA
5,2026-07-23 08:19:20,2026-07-23 08:23:40,2026-07-23 08:15:20,27,-4.89e-13,4.38e-11,-0.187,0.509,0.497,0.393,0.0761,0.0499,0.000464,2.65e-13,2.13e-11,0.0464,1.19e-15,9.58e-14,0.000209,2.18,416,0.361,2.18,416,0.362,2.18,416,0.36,"No issues","No issues","No issues",-7.63e-09,0.494,0.108,4.58e-09,2.07e-11,31800,31800,31800,"No issues",FALSE,NA
9,2026-07-23 08:29:30,2026-07-23 08:33:50,2026-07-23 08:25:30,27,-4.89e-13,4.38e-11,-0.0977,0.509,0.497,0.162,0.0761,0.0499,0.0376,2.65e-13,2.13e-11,0.0445,1.19e-15,9.58e-14,2e-04,2.18,416,0.361,2.18,416,0.361,2.18,416,0.36,"No issues","No issues","No issues",-7.63e-09,0.494,0.108,4.58e-09,2.07e-11,31800,31800,31800,"No issues",FALSE,NA
12,2026-07-23 08:39:40,2026-07-23 08:44:00,2026-07-23 08:35:40,27,-4.89e-13,4.38e-11,0.0809,0.509,0.497,0.0614,0.0761,0.0499,0.213,2.65e-13,2.13e-11,0.0633,1.19e-15,9.58e-14,0.000285,2.18,416,0.36,2.18,416,0.361,2.18,416,0.36,"No issues","No issues","No issues",-7.63e-09,0.494,0.108,4.58e-09,2.07e-11,31800,31800,31800,"No issues",FALSE,NA
3,2026-07-23 08:49:50,2026-07-23 08:54:10,2026-07-23 08:45:50,27,-4.89e-13,4.38e-11,-0.0913,0.509,0.497,0.108,0.0761,0.0499,0.0944,2.65e-13,2.13e-11,0.0525,1.19e-15,9.58e-14,0.000237,2.18,416,0.363,2.18,416,0.363,2.18,416,0.362,"No issues","No issues","No issues",-7.63e-09,0.494,0.108,4.58e-09,2.07e-11,31800,31800,31800,"No issues",FALSE,NA
6,2026-07-23 09:00:00,2026-07-23 09:04:20,2026-07-23 08:56:00,27,-4.89e-13,4.38e-11,-0.363,0.509,0.497,0.639,0.0761,0.0499,5.67e-07,2.65e-13,2.13e-11,0.0545,1.19e-15,9.58e-14,0.000246,2.18,416,0.364,2.18,416,0.364,2.18,416,0.362,"No issues","No issues","No issues",-7.63e-09,0.494,0.108,4.58e-09,2.07e-11,31800,31800,31800,"No issues",FALSE,NA
1,2026-07-23 09:10:10,2026-07-23 09:14:30,2026-07-23 09:06:10,27,-4.89e-13,4.38e-11,-0.205,0.509,0.497,0.495,0.0761,0.0499,4.21e-05,2.65e-13,2.13e-11,0.0414,1.19e-15,9.58e-14,0.000187,2.18,416,0.362,2.18,416,0.362,2.18,416,0.361,"No issues","No issues","No issues",-7.63e-09,0.494,0.108,4.58e-09,2.07e-11,31800,31800,31800,"No issues",FALSE,NA
7,2026-07-23 09:20:20,2026-07-23 09:24:40,2026-07-23 09:16:20,27,-4.89e-13,4.38e-11,-0.191,0.509,0.497,0.323,0.0761,0.0499,0.00199,2.65e-13,2.13e-11,0.0553,1.19e-15,9.58e-14,0.000249,2.18,416,0.362,2.18,416,0.363,2.18,416,0.361,"No issues","No issues","No issues",-7.63e-09,0.494,0.108,4.58e-09,2.07e-11,31800,31800,31800,"No issues",FALSE,NA
10,2026-07-23 09:30:30,2026-07-23 09:34:50,2026-07-23 09:26:30,27,-4.89e-13,4.38e-11,-0.432,0.509,0.497,0.659,0.0761,0.0499,2.76e-07,2.65e-13,2.13e-11,0.0622,1.19e-15,9.58e-14,0.00028,2.18,416,0.364,2.18,416,0.364,2.18,416,0.362,"No issues","No issues","No issues",-7.63e-09,0.494,0.108,4.58e-09,2.07e-11,31800,31800,31800,"No issues",FALSE,NA
2,2026-07-23 09:40:40,2026-07-23 09:45:00,2026-07-23 09:36:40,27,-4.89e-13,4.38e-11,0.0364,0.509,0.497,0.0121,0.0761,0.0499,0.586,2.65e-13,2.13e-11,0.0659,1.19e-15,9.58e-14,0.000297,2.18,416,0.362,2.18,416,0.363,2.18,416,0.362,"No issues","No issues","No issues",-7.63e-09,0.494,0.108,4.58e-09,2.07e-11,31800,31800,31800,"No issues",FALSE,NA
11,2026-07-23 09:50:50,2026-07-23 09:55:10,2026-07-23 09:46:50,27,-4.89e-13,4.38e-11,-0.199,0.509,0.497,0.464,0.0761,0.0499,9.23e-05,2.65e-13,2.13e-11,0.0427,1.19e-15,9.58e-14,0.000193,2.18,416,0.362,2.18,416,0.362,2.18,416,0.361,"No issues","No issues","No issues",-7.63e-09,0.494,0.108,4.58e-09,2.07e-11,31800,31800,31800,"No issues",FALSE,NA
4,2026-07-23 10:01:00,2026-07-23 10:05:20,2026-07-23 09:57:00,27,-4.89e-13,4.38e-11,-0.166,0.509,0.497,0.159,0.0761,0.0499,0.0395,2.65e-13,2.13e-11,0.0763,1.19e-15,9.58e-14,0.000344,2.18,416,0.361,2.18,416,0.361,2.18,416,0.359,"No issues","No issues","No issues",-7.63e-09,0.494,0.108,4.58e-09,2.07e-11,31800,31800,31800,"No issues",FALSE,NA
8,2026-07-23 10:11:10,2026-07-23 10:15:30,2026-07-23 10:07:10,27,-4.89e-13,4.38e-11,0.269,0.509,0.497,0.337,0.0761,0.0499,0.00152,2.65e-13,2.13e-11,0.0755,1.19e-15,9.58e-14,0.00034,2.18,416,0.362,2.18,416,0.363,2.18,416,0.362,"No issues","No issues","No issues",-7.63e-09,0.494,0.108,4.58e-09,2.07e-11,31800,31800,31800,"No issues",FALSE,NA
5,2026-07-23 10:21:20,2026-07-23 10:25:40,2026-07-23 10:17:20,27,-4.89e-13,4.38e-11,-0.402,0.509,0.497,0.617,0.0761,0.0499,1.21e-06,2.65e-13,2.13e-11,0.0634,1.19e-15,9.58e-14,0.000286,2.18,416,0.361,2.18,416,0.361,2.18,416,0.36,"No issues","No issues","No issues",-7.63e-09,0.494,0.108,4.58e-09,2.07e-11,31800,31800,31800,"No issues",FALSE,NA
9,2026-07-23 10:31:30,2026-07-23 10:35:50,2026-07-23 10:27:30,27,-4.89e-13,4.38e-11,-0.00662,0.509,0.497,0.000418,0.0761,0.0499,0.919,2.65e-13,2.13e-11,0.0647,1.19e-15,9.58e-14,0.000292,2.18,416,0.359,2.18,416,0.36,2.18,416,0.359,"No issues","No issues","No issues",-7.63e-09,0.494,0.108,4.58e-09,2.07e-11,31800,31800,31800,"No issues",FALSE,NA
12,2026-07-23 10:41:40,2026-07-23 10:46:00,2026-07-23 10:37:40,27,-4.89e-13,4.38e-11,0.197,0.509,0.497,0.339,0.0761,0.0499,0.00143,2.65e-13,2.13e-11,0.055,1.19e-15,9.58e-14,0.000248,2.18,416,0.36,2.18,416,0.361,2.18,416,0.36,"No issues","No issues","No issues",-7.63e-09,0.494,0.108,4.58e-09,2.07e-11,31800,31800,31800,"No issues",FALSE,NA
3,2026-07-23 10:51:50,2026-07-23 10:56:10,2026-07-23 10:47:50,27,-4.89e-13,4.38e-11,-0.276,0.509,0.497,0.354,0.0761,0.0499,0.00106,2.65e-13,2.13e-11,0.0746,1.19e-15,9.58e-14,0.000336,2.18,416,0.362,2.18,416,0.362,2.18,416,0.361,"No issues","No issues","No issues",-7.63e-09,0.494,0.108,4.58e-09,2.07e-11,31800,31800,31800,"No issues",FALSE,NA
6,2026-07-23 11:02:00,2026-07-23 11:06:20,2026-07-23 10:58:00,27,-4.89e-13,4.38e-11,-0.439,0.509,0.497,0.711,0.0761,0.0499,3.35e-08,2.65e-13,2.13e-11,0.056,1.19e-15,9.58e-14,0.000252,2.18,416,0.361,2.18,416,0.361,2.18,416,0.36,"No issues","No issues","No issues",-7.63e-09,0.494,0.108,4.58e-09,2.07e-11,31800,31800,31800,"No issues",FALSE,NA
1,2026-07-23 11:12:10,2026-07-23 11:16:30,2026-07-23 11:08:10,27,-4.89e-13,4.38e-11,0.0486,0.509,0.497,0.0206,0.0761,0.0499,0.475,2.65e-13,2.13e-11,0.067,1.19e-15,9.58e-14,0.000302,2.18,416,0.358,2.18,416,0.359,2.18,416,0.358,"No issues","No issues","No issues",-7.63e-09,0.494,0.108,4.58e-09,2.07e-11,31800,31800,31800,"No issues",FALSE,NA
7,2026-07-23 11:22:20,2026-07-23 11:26:40,2026-07-23 11:18:20,27,-4.89e-13,4.38e-11,-0.198,0.509,0.497,0.325,0.0761,0.0499,0.00191,2.65e-13,2.13e-11,0.0571,1.19e-15,9.58e-14,0.000257,2.18,416,0.361,2.18,416,0.361,2.18,416,0.359,"No issues","No issues","No issues",-7.63e-09,0.494,0.108,4.58e-09,2.07e-11,31800,31800,31800,"No issues",FALSE,NA
10,2026-07-23 11:32:30,2026-07-23 11:36:50,2026-07-23 11:28:30,27,-4.89e-13,4.38e-11,-0.365,0.509,0.497,0.427,0.0761,0.0499,0.000221,2.65e-13,2.13e-11,0.0847,1.19e-15,9.58e-14,0.000382,2.18,416,0.36,2.18,416,0.361,2.18,416,0.359,"No issues","No issues","No issues",-7.63e-09,0.494,0.108,4.58e-09,2.07e-11,31800,31800,31800,"No issues",FALSE,NA
2,2026-07-23 11:42:40,2026-07-23 11:47:00,2026-07-23 11:38:40,27,-4.89e-13,4.38e-11,0.333,0.509,0.497,0.602,0.0761,0.0499,1.95e-06,2.65e-13,2.13e-11,0.0541,1.19e-15,9.58e-14,0.000244,2.18,416,0.36,2.18,416,0.361,2.18,416,0.36,"No issues","No issues","No issues",-7.63e-09,0.494,0.108,4.58e-09,2.07e-11,31800,31800,31800,"No issues",FALSE,NA
11,2026-07-23 11:52:50,2026-07-23 11:57:10,2026-07-23 11:48:50,27,-4.89e-13,4.38e-11,-0.238,0.509,0.497,0.366,0.0761,0.0499,0.00082,2.65e-13,2.13e-11,0.0626,1.19e-15,9.58e-14,0.000282,2.18,416,0.359,2.18,416,0.359,2.18,416,0.357,"No issues","No issues","No issues",-7.63e-09,0.494,0.108,4.58e-09,2.07e-11,31800,31800,31800,"No issues",FALSE,NA
4,2026-07-23 12:03:00,2026-07-23 12:07:20,2026-07-23 11:59:00,27,-4.89e-13,4.38e-11,-0.0436,0.509,0.497,0.0285,0.0761,0.0499,0.4,2.65e-13,2.13e-11,0.0509,1.19e-15,9.58e-14,0.000229,2.18,416,0.357,2.18,416,0.357,2.18,416,0.356,"No issues","No issues","No issues",-7.63e-09,0.494,0.108,4.58e-09,2.07e-11,31800,31800,31800,"No issues",FALSE,NA
8,2026-07-23 12:13:10,2026-07-23 12:17:30,2026-07-23 12:09:10,27,-4.89e-13,4.38e-11,0.369,0.509,0.497,0.597,0.0761,0.0499,2.35e-06,2.65e-13,2.13e-11,0.0606,1.19e-15,9.58e-14,0.000273,2.18,416,0.36,2.18,416,0.361,2.18,416,0.359,"No issues","No issues","No issues",-7.63e-09,0.494,0.108,4.58e-09,2.07e-11,31800,31800,31800,"No issues",FALSE,NA
5,2026-07-23 12:23:20,2026-07-23 12:27:40,2026-07-23 12:19:20,27,-4.89e-13,4.38e-11,-0.149,0.509,0.497,0.302,0.0761,0.0499,0.003,2.65e-13,2.13e-11,0.0453,1.19e-15,9.58e-14,0.000204,2.18,416,0.356,2.18,416,0.356,2.18,416,0.356,"No issues","No issues","No issues",-7.63e-09,0.494,0.108,4.58e-09,2.07e-11,31800,31800,31800,"No issues",FALSE,NA
9,2026-07-23 12:33:30,2026-07-23 12:37:50,2026-07-23 12:29:30,27,-4.89e-13,4.38e-11,-0.13,0.509,0.497,0.155,0.0761,0.0499,0.0421,2.65e-13,2.13e-11,0.0605,1.19e-15,9.58e-14,0.000273,2.18,416,0.356,2.18,416,0.356,2.18,416,0.355,"No issues","No issues","No issues",-7.63e-09,0.494,0.108,4.58e-09,2.07e-11,31800,31800,31800,"No issues",FALSE,NA
12,2026-07-23 12:43:40,2026-07-23 12:48:00,2026-07-23 12:39:40,27,-4.89e-13,4.38e-11,0.0327,0.509,0.497,0.0182,0.0761,0.0499,0.503,2.65e-13,2.13e-11,0.0481,1.19e-15,9.58e-14,0.000217,2.18,416,0.355,2.18,416,0.356,2.18,416,0.355,"No issues","No issues","No issues",-7.63e-09,0.494,0.108,4.58e-09,2.07e-11,31800,31800,31800,"No issues",FALSE,NA
3,2026-07-23 12:53:50,2026-07-23 12:58:10,2026-07-23 12:49:50,27,-4.89e-13,4.38e-11,-0.162,0.509,0.497,0.465,0.0761,0.0499,8.87e-05,2.65e-13,2.13e-11,0.0348,1.19e-15,9.58e-14,0.000157,2.18,416,0.357,2.18,416,0.357,2.18,416,0.356,"No issues","No issues","No issues",-7.63e-09,0.494,0.108,4.58e-09,2.07e-11,31800,31800,31800,"No issues",FALSE,NA
6,2026-07-23 13:04:00,2026-07-23 13:08:20,2026-07-23 13:00:00,27,-4.89e-13,4.38e-11,-0.369,0.509,0.497,0.738,0.0761,0.0499,9.81e-09,2.65e-13,2.13e-11,0.044,1.19e-15,9.58e-14,0.000198,2.18,416,0.358,2.18,416,0.358,2.18,416,0.356,"No issues","No issues","No issues",-7.63e-09,0.494,0.108,4.58e-09,2.07e-11,31800,31800,31800,"No issues",FALSE,NA
1,2026-07-23 13:14:10,2026-07-23 13:18:30,2026-07-23 13:10:10,27,-4.89e-13,4.38e-11,0.022,0.509,0.497,0.0101,0.0761,0.0499,0.618,2.65e-13,2.13e-11,0.0436,1.19e-15,9.58e-14,0.000196,2.18,416,0.355,2.18,416,0.356,2.18,416,0.355,"No issues","No issues","No issues",-7.63e-09,0.494,0.108,4.58e-09,2.07e-11,31800,31800,31800,"No issues",FALSE,NA
7,2026-07-23 13:24:20,2026-07-23 13:28:40,2026-07-23 13:20:20,27,-4.89e-13,4.38e-11,-0.289,0.509,0.497,0.538,0.0761,0.0499,1.33e-05,2.65e-13,2.13e-11,0.0535,1.19e-15,9.58e-14,0.000241,2.18,416,0.358,2.18,416,0.358,2.18,416,0.357,"No issues","No issues","No issues",-7.63e-09,0.494,0.108,4.58e-09,2.07e-11,31800,31800,31800,"No issues",FALSE,NA
10,2026-07-23 13:34:30,2026-07-23 13:38:50,2026-07-23 13:30:30,27,-4.89e-13,4.38e-11,-0.316,0.509,0.497,0.759,0.0761,0.0499,3.38e-09,2.65e-13,2.13e-11,0.0356,1.19e-15,9.58e-14,0.00016,2.18,416,0.358,2.18,416,0.358,2.18,416,0.356,"No issues","No issues","No issues",-7.63e-09,0.494,0.108,4.58e-09,2.07e-11,31800,31800,31800,"No issues",FALSE,NA
2,2026-07-23 13:44:40,2026-07-23 13:49:00,2026-07-23 13:40:40,27,-4.89e-13,4.38e-11,0.129,0.509,0.497,0.339,0.0761,0.0499,0.00144,2.65e-13,2.13e-11,0.0359,1.19e-15,9.58e-14,0.000162,2.18,416,0.356,2.18,416,0.357,2.18,416,0.356,"No issues","No issues","No issues",-7.63e-09,0.494,0.108,4.58e-09,2.07e-11,31800,31800,31800,"No issues",FALSE,NA
11,2026-07-23 13:54:50,2026-07-23 13:59:10,2026-07-23 13:50:50,27,-4.89e-13,4.38e-11,0.0172,0.509,0.497,0.00902,0.0761,0.0499,0.638,2.65e-13,2.13e-11,0.036,1.19e-15,9.58e-14,0.000162,2.18,416,0.354,2.18,416,0.355,2.18,416,0.354,"No issues","No issues","No issues",-7.63e-09,0.494,0.108,4.58e-09,2.07e-11,31800,31800,31800,"No issues",FALSE,NA
4,2026-07-23 14:05:00,2026-07-23 14:09:20,2026-07-23 14:01:00,27,-4.89e-13,4.38e-11,-0.0112,0.509,0.497,0.00416,0.0761,0.0499,0.749,2.65e-13,2.13e-11,0.0346,1.19e-15,9.58e-14,0.000156,2.18,416,0.354,2.18,416,0.354,2.18,416,0.354,"No issues","No issues","No issues",-7.63e-09,0.494,0.108,4.58e-09,2.07e-11,31800,31800,31800,"No issues",FALSE,NA
8,2026-07-23 14:15:10,2026-07-23 14:19:30,2026-07-23 14:11:10,27,-4.89e-13,4.38e-11,0.603,0.509,0.497,0.731,0.0761,0.0499,1.35e-08,2.65e-13,2.13e-11,0.0732,1.19e-15,9.58e-14,0.00033,2.18,416,0.357,2.18,416,0.359,2.18,416,0.357,"No issues","No issues","No issues",-7.63e-09,0.494,0.108,4.58e-09,2.07e-11,31800,31800,31800,"No issues",FALSE,NA
5,2026-07-23 14:25:20,2026-07-23 14:29:40,2026-07-23 14:21:20,27,-4.89e-13,4.38e-11,-0.143,0.509,0.497,0.326,0.0761,0.0499,0.00187,2.65e-13,2.13e-11,0.0412,1.19e-15,9.58e-14,0.000186,2.18,416,0.353,2.18,416,0.354,2.18,416,0.353,"No issues","No issues","No issues",-7.63e-09,0.494,0.108,4.58e-09,2.07e-11,31800,31800,31800,"No issues",FALSE,NA
9,2026-07-23 14:35:30,2026-07-23 14:39:50,2026-07-23 14:31:30,27,-4.89e-13,4.38e-11,-0.222,0.509,0.497,0.245,0.0761,0.0499,0.00872,2.65e-13,2.13e-11,0.0781,1.19e-15,9.58e-14,0.000352,2.18,416,0.352,2.18,416,0.353,2.18,416,0.351,"No issues","No issues","No issues",-7.63e-09,0.494,0.108,4.58e-09,2.07e-11,31800,31800,31800,"No issues",FALSE,NA
12,2026-07-23 14:45:40,2026-07-23 14:50:00,2026-07-23 14:41:40,27,-4.89e-13,4.38e-11,0.214,0.509,0.497,0.463,0.0761,0.0499,9.34e-05,2.65e-13,2.13e-11,0.0461,1.19e-15,9.58e-14,0.000208,2.18,416,0.352,2.18,416,0.353,2.18,416,0.352,"No issues","No issues","No issues",-7.63e-09,0.494,0.108,4.58e-09,2.07e-11,31800,31800,31800,"No issues",FALSE,NA
3,2026-07-23 14:55:50,2026-07-23 15:00:10,2026-07-23 14:51:50,27,-4.89e-13,4.38e-11,-0.0428,0.509,0.497,0.0808,0.0761,0.0499,0.151,2.65e-13,2.13e-11,0.0289,1.19e-15,9.58e-14,0.00013,2.18,416,0.354,2.18,416,0.354,2.18,416,0.353,"No issues","No issues","No issues",-7.63e-09,0.494,0.108,4.58e-09,2.07e-11,31800,31800,31800,"No issues",FALSE,NA
6,2026-07-23 15:06:00,2026-07-23 15:10:20,2026-07-23 15:02:00,27,-4.89e-13,4.38e-11,-0.353,0.509,0.497,0.836,0.0761,0.0499,2.63e-11,2.65e-13,2.13e-11,0.0313,1.19e-15,9.58e-14,0.000141,2.18,416,0.355,2.18,416,0.355,2.18,416,0.354,"No issues","No issues","No issues",-7.63e-09,0.494,0.108,4.58e-09,2.07e-11,31800,31800,31800,"No issues",FALSE,NA
1,2026-07-23 15:16:10,2026-07-23 15:20:30,2026-07-23 15:12:10,27,-4.89e-13,4.38e-11,-0.0125,0.509,0.497,0.00165,0.0761,0.0499,0.841,2.65e-13,2.13e-11,0.0617,1.19e-15,9.58e-14,0.000278,2.18,416,0.353,2.18,416,0.354,2.18,416,0.352,"No issues","No issues","No issues",-7.63e-09,0.494,0.108,4.58e-09,2.07e-11,31800,31800,31800,"No issues",FALSE,NA
7,2026-07-23 15:26:20,2026-07-23 15:30:40,2026-07-23 15:22:20,27,-4.89e-13,4.38e-11,-0.00628,0.509,0.497,0.000905,0.0761,0.0499,0.882,2.65e-13,2.13e-11,0.0417,1.19e-15,9.58e-14,0.000188,2.18,416,0.354,2.18,416,0.354,2.18,416,0.353,"No issues","No issues","No issues",-7.63e-09,0.494,0.108,4.58e-09,2.07e-11,31800,31800,31800,"No issues",FALSE,NA
10,2026-07-23 15:36:30,2026-07-23 15:40:50,2026-07-23 15:32:30,27,-4.89e-13,4.38e-11,-0.307,0.509,0.497,0.793,0.0761,0.0499,4.93e-10,2.65e-13,2.13e-11,0.0314,1.19e-15,9.58e-14,0.000142,2.18,416,0.356,2.18,416,0.356,2.18,416,0.355,"No issues","No issues","No issues",-7.63e-09,0.494,0.108,4.58e-09,2.07e-11,31800,31800,31800,"No issues",FALSE,NA
2,2026-07-23 15:46:40,2026-07-23 15:51:00,2026-07-23 15:42:40,27,-4.89e-13,4.38e-11,0.258,0.509,0.497,0.621,0.0761,0.0499,1.07e-06,2.65e-13,2.13e-11,0.0403,1.19e-15,9.58e-14,0.000182,2.18,416,0.355,2.18,416,0.356,2.18,416,0.354,"No issues","No issues","No issues",-7.63e-09,0.494,0.108,4.58e-09,2.07e-11,31800,31800,31800,"No issues",FALSE,NA
11,2026-07-23 15:56:50,2026-07-23 16:01:10,2026-07-23 15:52:50,27,-4.89e-13,4.38e-11,0.00393,0.509,0.497,0.000542,0.0761,0.0499,0.908,2.65e-13,2.13e-11,0.0338,1.19e-15,9.58e-14,0.000152,2.18,416,0.353,2.18,416,0.353,2.18,416,0.352,"No issues","No issues","No issues",-7.63e-09,0.494,0.108,4.58e-09,2.07e-11,31800,31800,31800,"No issues",FALSE,NA
4,2026-07-23 16:07:00,2026-07-23 16:11:20,2026-07-23 16:03:00,27,-4.89e-13,4.38e-11,-0.0355,0.509,0.497,0.0151,0.0761,0.0499,0.542,2.65e-13,2.13e-11,0.0574,1.19e-15,9.58e-14,0.000259,2.18,416,0.353,2.18,416,0.353,2.18,416,0.352,"No issues","No issues","No issues",-7.63e-09,0.494,0.108,4.58e-09,2.07e-11,31800,31800,31800,"No issues",FALSE,NA
8,2026-07-23 16:17:10,2026-07-23 16:21:30,2026-07-23 16:13:10,27,-4.89e-13,4.38e-11,0.34,0.509,0.497,0.615,0.0761,0.0499,1.29e-06,2.65e-13,2.13e-11,0.0539,1.19e-15,9.58e-14,0.000243,2.18,416,0.358,2.18,416,0.359,2.18,416,0.357,"No issues","No issues","No issues",-7.63e-09,0.494,0.108,4.58e-09,2.07e-11,31800,31800,31800,"No issues",FALSE,NA
5,2026-07-23 16:27:20,2026-07-23 16:31:40,2026-07-23 16:23:20,27,-4.89e-13,4.38e-11,-0.057,0.509,0.497,0.0323,0.0761,0.0499,0.37,2.65e-13,2.13e-11,0.0624,1.19e-15,9.58e-14,0.000281,2.18,416,0.353,2.18,416,0.353,2.18,416,0.352,"No issues","No issues","No issues",-7.63e-09,0.494,0.108,4.58e-09,2.07e-11,31800,31800,31800,"No issues",FALSE,NA
9,2026-07-23 16:37:30,2026-07-23 16:41:50,2026-07-23 16:33:30,27,-4.89e-13,4.38e-11,-0.0538,0.509,0.497,0.0883,0.0761,0.0499,0.132,2.65e-13,2.13e-11,0.0346,1.19e-15,9.58e-14,0.000156,2.18,416,0.353,2.18,416,0.353,2.18,416,0.352,"No issues","No issues","No issues",-7.63e-09,0.494,0.108,4.58e-09,2.07e-11,31800,31800,31800,"No issues",FALSE,NA
12,2026-07-23 16:47:40,2026-07-23 16:52:00,2026-07-23 16:43:40,27,-4.89e-13,4.38e-11,0.0203,0.509,0.497,0.00954,0.0761,0.0499,0.628,2.65e-13,2.13e-11,0.0414,1.19e-15,9.58e-14,0.000187,2.18,416,0.353,2.18,416,0.354,2.18,416,0.353,"No issues","No issues","No issues",-7.63e-09,0.494,0.108,4.58e-09,2.07e-11,31800,31800,31800,"No issues",FALSE,NA
3,2026-07-23 16:57:50,2026-07-23 17:02:10,2026-07-23 16:53:50,27,-4.89e-13,4.38e-11,-0.135,0.509,0.497,0.138,0.0761,0.0499,0.0559,2.65e-13,2.13e-11,0.0676,1.19e-15,9.58e-14,0.000305,2.18,416,0.355,2.18,416,0.355,2.18,416,0.354,"No issues","No issues","No issues",-7.63e-09,0.494,0.108,4.58e-09,2.07e-11,31800,31800,31800,"No issues",FALSE,NA
6,2026-07-23 17:08:00,2026-07-23 17:12:20,2026-07-23 17:04:00,27,-4.89e-13,4.38e-11,-0.314,0.509,0.497,0.545,0.0761,0.0499,1.1e-05,2.65e-13,2.13e-11,0.0575,1.19e-15,9.58e-14,0.000259,2.18,416,0.356,2.18,416,0.356,2.18,416,0.355,"No issues","No issues","No issues",-7.63e-09,0.494,0.108,4.58e-09,2.07e-11,31800,31800,31800,"No issues",FALSE,NA
1,2026-07-23 17:18:10,2026-07-23 17:22:30,2026-07-23 17:14:10,27,-4.89e-13,4.38e-11,-0.183,0.509,0.497,0.208,0.0761,0.0499,0.0168,2.65e-13,2.13e-11,0.0713,1.19e-15,9.58e-14,0.000321,2.18,416,0.355,2.18,416,0.355,2.18,416,0.353,"No issues","No issues","No issues",-7.63e-09,0.494,0.108,4.58e-09,2.07e-11,31800,31800,31800,"No issues",FALSE,NA
7,2026-07-23 17:28:20,2026-07-23 17:32:40,2026-07-23 17:24:20,27,-4.89e-13,4.38e-11,-0.0495,0.509,0.497,0.0204,0.0761,0.0499,0.477,2.65e-13,2.13e-11,0.0686,1.19e-15,9.58e-14,0.000309,2.18,416,0.355,2.18,416,0.355,2.18,416,0.354,"No issues","No issues","No issues",-7.63e-09,0.494,0.108,4.58e-09,2.07e-11,31800,31800,31800,"No issues",FALSE,NA
10,2026-07-23 17:38:30,2026-07-23 17:42:50,2026-07-23 17:34:30,27,-4.89e-13,4.38e-11,-0.311,0.509,0.497,0.366,0.0761,0.0499,0.000826,2.65e-13,2.13e-11,0.0818,1.19e-15,9.58e-14,0.000368,2.18,416,0.357,2.18,416,0.357,2.18,416,0.355,"No issues","No issues","No issues",-7.63e-09,0.494,0.108,4.58e-09,2.07e-11,31800,31800,31800,"No issues",FALSE,NA
2,2026-07-23 17:48:40,2026-07-23 17:53:00,2026-07-23 17:44:40,27,-4.89e-13,4.38e-11,0.086,0.509,0.497,0.0698,0.0761,0.0499,0.183,2.65e-13,2.13e-11,0.0628,1.19e-15,9.58e-14,0.000283,2.18,416,0.356,2.18,416,0.356,2.18,416,0.355,"No issues","No issues","No issues",-7.63e-09,0.494,0.108,4.58e-09,2.07e-11,31800,31800,31800,"No issues",FALSE,NA
11,2026-07-23 17:58:50,2026-07-23 18:03:10,2026-07-23 17:54:50,27,-4.89e-13,4.38e-11,-0.0475,0.509,0.497,0.0156,0.0761,0.0499,0.535,2.65e-13,2.13e-11,0.0755,1.19e-15,9.58e-14,0.00034,2.18,416,0.354,2.18,416,0.355,2.18,416,0.354,"No issues","No issues","No issues",-7.63e-09,0.494,0.108,4.58e-09,2.07e-11,31800,31800,31800,"No issues",FALSE,NA
4,2026-07-23 18:09:00,2026-07-23 18:13:20,2026-07-23 18:05:00,27,-4.89e-13,4.38e-11,0.0222,0.509,0.497,0.00482,0.0761,0.0499,0.731,2.65e-13,2.13e-11,0.0639,1.19e-15,9.58e-14,0.000288,2.18,416,0.355,2.18,416,0.355,2.18,416,0.354,"No issues","No issues","No issues",-7.63e-09,0.494,0.108,4.58e-09,2.07e-11,31800,31800,31800,"No issues",FALSE,NA
8,2026-07-23 18:19:10,2026-07-23 18:23:30,2026-07-23 18:15:10,27,-4.89e-13,4.38e-11,-0.148,0.509,0.497,0.192,0.0761,0.0499,0.0221,2.65e-13,2.13e-11,0.0608,1.19e-15,9.58e-14,0.000274,2.18,416,0.357,2.18,416,0.358,2.18,416,0.356,"No issues","No issues","No issues",-7.63e-09,0.494,0.108,4.58e-09,2.07e-11,31800,31800,31800,"No issues",FALSE,NA
5,2026-07-23 18:29:20,2026-07-23 18:33:40,2026-07-23 18:25:20,27,-4.89e-13,4.38e-11,-0.078,0.509,0.497,0.109,0.0761,0.0499,0.0922,2.65e-13,2.13e-11,0.0445,1.19e-15,9.58e-14,0.000201,2.18,416,0.355,2.18,416,0.355,2.18,416,0.354,"No issues","No issues","No issues",-7.63e-09,0.494,0.108,4.58e-09,2.07e-11,31800,31800,31800,"No issues",FALSE,NA
9,2026-07-23 18:39:30,2026-07-23 18:43:50,2026-07-23 18:35:30,27,-4.89e-13,4.38e-11,0.0249,0.509,0.497,0.0295,0.0761,0.0499,0.391,2.65e-13,2.13e-11,0.0285,1.19e-15,9.58e-14,0.000129,2.18,416,0.355,2.18,416,0.356,2.18,416,0.355,"No issues","No issues","No issues",-7.63e-09,0.494,0.108,4.58e-09,2.07e-11,31800,31800,31800,"No issues",FALSE,NA
12,2026-07-23 18:49:40,2026-07-23 18:54:00,2026-07-23 18:45:40,27,-4.89e-13,4.38e-11,0.0534,0.509,0.497,0.123,0.0761,0.0499,0.0734,2.65e-13,2.13e-11,0.0286,1.19e-15,9.58e-14,0.000129,2.18,416,0.356,2.18,416,0.356,2.18,416,0.356,"No issues","No issues","No issues",-7.63e-09,0.494,0.108,4.58e-09,2.07e-11,31800,31800,31800,"No issues",FALSE,NA
3,2026-07-23 18:59:50,2026-07-23 19:04:10,2026-07-23 18:55:50,27,-4.89e-13,4.38e-11,0.0198,0.509,0.497,0.00535,0.0761,0.0499,0.717,2.65e-13,2.13e-11,0.0541,1.19e-15,9.58e-14,0.000244,2.18,416,0.358,2.18,416,0.358,2.18,416,0.357,"No issues","No issues","No issues",-7.63e-09,0.494,0.108,4.58e-09,2.07e-11,31800,31800,31800,"No issues",FALSE,NA
6,2026-07-23 19:10:00,2026-07-23 19:14:20,2026-07-23 19:06:00,27,-4.89e-13,4.38e-11,-0.175,0.509,0.497,0.585,0.0761,0.0499,3.37e-06,2.65e-13,2.13e-11,0.0294,1.19e-15,9.58e-14,0.000133,2.18,416,0.358,2.18,416,0.358,2.18,416,0.358,"No issues","No issues","No issues",-7.63e-09,0.494,0.108,4.58e-09,2.07e-11,31800,31800,31800,"No issues",FALSE,NA
1,2026-07-23 19:20:10,2026-07-23 19:24:30,2026-07-23 19:16:10,27,-4.89e-13,4.38e-11,-0.0286,0.509,0.497,0.0347,0.0761,0.0499,0.352,2.65e-13,2.13e-11,0.0302,1.19e-15,9.58e-14,0.000136,2.18,416,0.357,2.18,416,0.357,2.18,416,0.356,"No issues","No issues","No issues",-7.63e-09,0.494,0.108,4.58e-09,2.07e-11,31800,31800,31800,"No issues",FALSE,NA
7,2026-07-23 19:30:20,2026-07-23 19:34:40,2026-07-23 19:26:20,27,-4.89e-13,4.38e-11,-0.0974,0.509,0.497,0.195,0.0761,0.0499,0.0209,2.65e-13,2.13e-11,0.0395,1.19e-15,9.58e-14,0.000178,2.18,416,0.358,2.18,416,0.358,2.18,416,0.357,"No issues","No issues","No issues",-7.63e-09,0.494,0.108,4.58e-09,2.07e-11,31800,31800,31800,"No issues",FALSE,NA
10,2026-07-23 19:40:30,2026-07-23 19:44:50,2026-07-23 19:36:30,27,-4.89e-13,4.38e-11,-0.327,0.509,0.497,0.738,0.0761,0.0499,9.6e-09,2.65e-13,2.13e-11,0.0389,1.19e-15,9.58e-14,0.000175,2.18,416,0.359,2.18,416,0.359,2.18,416,0.357,"No issues","No issues","No issues",-7.63e-09,0.494,0.108,4.58e-09,2.07e-11,31800,31800,31800,"No issues",FALSE,NA
2,2026-07-23 19:50:40,2026-07-23 19:55:00,2026-07-23 19:46:40,27,-4.89e-13,4.38e-11,0.0779,0.509,0.497,0.154,0.0761,0.0499,0.0426,2.65e-13,2.13e-11,0.0365,1.19e-15,9.58e-14,0.000164,2.18,416,0.358,2.18,416,0.358,2.18,416,0.358,"No issues","No issues","No issues",-7.63e-09,0.494,0.108,4.58e-09,2.07e-11,31800,31800,31800,"No issues",FALSE,NA
11,2026-07-23 20:00:50,2026-07-23 20:05:10,2026-07-23 19:56:50,27,-4.89e-13,4.38e-11,-0.0252,0.509,0.497,0.0266,0.0761,0.0499,0.417,2.65e-13,2.13e-11,0.0305,1.19e-15,9.58e-14,0.000137,2.18,416,0.357,2.18,416,0.358,2.18,416,0.357,"No issues","No issues","No issues",-7.63e-09,0.494,0.108,4.58e-09,2.07e-11,31800,31800,31800,"No issues",FALSE,NA
4,2026-07-23 20:11:00,2026-07-23 20:15:20,2026-07-23 20:07:00,27,-4.89e-13,4.38e-11,-0.104,0.509,0.497,0.252,0.0761,0.0499,0.00757,2.65e-13,2.13e-11,0.0359,1.19e-15,9.58e-14,0.000162,2.18,416,0.357,2.18,416,0.358,2.18,416,0.357,"No issues","No issues","No issues",-7.63e-09,0.494,0.108,4.58e-09,2.07e-11,31800,31800,31800,"No issues",FALSE,NA
8,2026-07-23 20:21:10,2026-07-23 20:25:30,2026-07-23 20:17:10,27,-4.89e-13,4.38e-11,-0.0912,0.509,0.497,0.159,0.0761,0.0499,0.0396,2.65e-13,2.13e-11,0.042,1.19e-15,9.58e-14,0.000189,2.18,416,0.358,2.18,416,0.358,2.18,416,0.357,"No issues","No issues","No issues",-7.63e-09,0.494,0.108,4.58e-09,2.07e-11,31800,31800,31800,"No issues",FALSE,NA
5,2026-07-23 20:31:20,2026-07-23 20:35:40,2026-07-23 20:27:20,27,-4.89e-13,4.38e-11,-0.00405,0.509,0.497,0.000395,0.0761,0.0499,0.922,2.65e-13,2.13e-11,0.0408,1.19e-15,9.58e-14,0.000184,2.18,416,0.357,2.18,416,0.358,2.18,416,0.357,"No issues","No issues","No issues",-7.63e-09,0.494,0.108,4.58e-09,2.07e-11,31800,31800,31800,"No issues",FALSE,NA
9,2026-07-23 20:41:30,2026-07-23 20:45:50,2026-07-23 20:37:30,27,-4.89e-13,4.38e-11,-0.0591,0.509,0.497,0.126,0.0761,0.0499,0.0694,2.65e-13,2.13e-11,0.0311,1.19e-15,9.58e-14,0.00014,2.18,416,0.358,2.18,416,0.358,2.18,416,0.357,"No issues","No issues","No issues",-7.63e-09,0.494,0.108,4.58e-09,2.07e-11,31800,31800,31800,"No issues",FALSE,NA
12,2026-07-23 20:51:40,2026-07-23 20:56:00,2026-07-23 20:47:40,27,-4.89e-13,4.38e-11,-0.0268,0.509,0.497,0.0257,0.0761,0.0499,0.425,2.65e-13,2.13e-11,0.033,1.19e-15,9.58e-14,0.000149,2.18,416,0.357,2.18,416,0.358,2.18,416,0.357,"No issues","No issues","No issues",-7.63e-09,0.494,0.108,4.58e-09,2.07e-11,31800,31800,31800,"No issues",FALSE,NA
3,2026-07-23 21:01:50,2026-07-23 21:06:10,2026-07-23 20:57:50,27,-4.89e-13,4.38e-11,-0.0871,0.509,0.497,0.249,0.0761,0.0499,0.00813,2.65e-13,2.13e-11,0.0303,1.19e-15,9.58e-14,0.000137,2.18,416,0.358,2.18,416,0.359,2.18,416,0.358,"No issues","No issues","No issues",-7.63e-09,0.494,0.108,4.58e-09,2.07e-11,31800,31800,31800,"No issues",FALSE,NA
6,2026-07-23 21:12:00,2026-07-23 21:16:20,2026-07-23 21:08:00,27,-4.89e-13,4.38e-11,-0.131,0.509,0.497,0.45,0.0761,0.0499,0.000129,2.65e-13,2.13e-11,0.029,1.19e-15,9.58e-14,0.000131,2.18,416,0.359,2.18,416,0.359,2.18,416,0.358,"No issues","No issues","No issues",-7.63e-09,0.494,0.108,4.58e-09,2.07e-11,31800,31800,31800,"No issues",FALSE,NA
1,2026-07-23 21:22:10,2026-07-23 21:26:30,2026-07-23 21:18:10,27,-4.89e-13,4.38e-11,-0.0771,0.509,0.497,0.209,0.0761,0.0499,0.0164,2.65e-13,2.13e-11,0.03,1.19e-15,9.58e-14,0.000135,2.18,416,0.358,2.18,416,0.358,2.18,416,0.358,"No issues","No issues","No issues",-7.63e-09,0.494,0.108,4.58e-09,2.07e-11,31800,31800,31800,"No issues",FALSE,NA
7,2026-07-23 21:32:20,2026-07-23 21:36:40,2026-07-23 21:28:20,27,-4.89e-13,4.38e-11,-0.0147,0.509,0.497,0.0161,0.0761,0.0499,0.528,2.65e-13,2.13e-11,0.023,1.19e-15,9.58e-14,0.000104,2.18,416,0.358,2.18,416,0.358,2.18,416,0.358,"No issues","No issues","No issues",-7.63e-09,0.494,0.108,4.58e-09,2.07e-11,31800,31800,31800,"No issues",FALSE,NA
10,2026-07-23 21:42:30,2026-07-23 21:46:50,2026-07-23 21:38:30,27,-4.89e-13,4.38e-11,-0.183,0.509,0.497,0.63,0.0761,0.0499,7.92e-07,2.65e-13,2.13e-11,0.0281,1.19e-15,9.58e-14,0.000127,2.18,416,0.358,2.18,416,0.358,2.18,416,0.358,"No issues","No issues","No issues",-7.63e-09,0.494,0.108,4.58e-09,2.07e-11,31800,31800,31800,"No issues",FALSE,NA
2,2026-07-23 21:52:40,2026-07-23 21:57:00,2026-07-23 21:48:40,27,-4.89e-13,4.38e-11,-0.0485,0.509,0.497,0.0847,0.0761,0.0499,0.141,2.65e-13,2.13e-11,0.0319,1.19e-15,9.58e-14,0.000144,2.18,416,0.359,2.18,416,0.359,2.18,416,0.359,"No issues","No issues","No issues",-7.63e-09,0.494,0.108,4.58e-09,2.07e-11,31800,31800,31800,"No issues",FALSE,NA
11,2026-07-23 22:02:50,2026-07-23 22:07:10,2026-07-23 21:58:50,27,-4.89e-13,4.38e-11,-0.0857,0.509,0.497,0.25,0.0761,0.0499,0.00786,2.65e-13,2.13e-11,0.0296,1.19e-15,9.58e-14,0.000134,2.18,416,0.359,2.18,416,0.359,2.18,416,0.358,"No issues","No issues","No issues",-7.63e-09,0.494,0.108,4.58e-09,2.07e-11,31800,31800,31800,"No issues",FALSE,NA
4,2026-07-23 22:13:00,2026-07-23 22:17:20,2026-07-23 22:09:00,27,-4.89e-13,4.38e-11,-0.0871,0.509,0.497,0.188,0.0761,0.0499,0.024,2.65e-13,2.13e-11,0.0362,1.19e-15,9.58e-14,0.000163,2.18,416,0.358,2.18,416,0.359,2.18,416,0.358,"No issues","No issues","No issues",-7.63e-09,0.494,0.108,4.58e-09,2.07e-11,31800,31800,31800,"No issues",FALSE,NA
8,2026-07-23 22:23:10,2026-07-23 22:27:30,2026-07-23 22:19:10,27,-4.89e-13,4.38e-11,-0.0333,0.509,0.497,0.0542,0.0761,0.0499,0.243,2.65e-13,2.13e-11,0.0278,1.19e-15,9.58e-14,0.000125,2.18,416,0.359,2.18,416,0.359,2.18,416,0.359,"No issues","No issues","No issues",-7.63e-09,0.494,0.108,4.58e-09,2.07e-11,31800,31800,31800,"No issues",FALSE,NA
5,2026-07-23 22:33:20,2026-07-23 22:37:40,2026-07-23 22:29:20,27,-4.89e-13,4.38e-11,-0.081,0.509,0.497,0.147,0.0761,0.0499,0.0481,2.65e-13,2.13e-11,0.039,1.19e-15,9.58e-14,0.000176,2.18,416,0.359,2.18,416,0.359,2.18,416,0.358,"No issues","No issues","No issues",-7.63e-09,0.494,0.108,4.58e-09,2.07e-11,31800,31800,31800,"No issues",FALSE,NA
9,2026-07-23 22:43:30,2026-07-23 22:47:50,2026-07-23 22:39:30,27,-4.89e-13,4.38e-11,-0.0489,0.509,0.497,0.164,0.0761,0.0499,0.0359,2.65e-13,2.13e-11,0.0221,1.19e-15,9.58e-14,9.94e-05,2.18,416,0.358,2.18,416,0.359,2.18,416,0.358,"No issues","No issues","No issues",-7.63e-09,0.494,0.108,4.58e-09,2.07e-11,31800,31800,31800,"No issues",FALSE,NA
12,2026-07-23 22:53:40,2026-07-23 22:58:00,2026-07-23 22:49:40,27,-4.89e-13,4.38e-11,-0.105,0.509,0.497,0.333,0.0761,0.0499,0.00161,2.65e-13,2.13e-11,0.0298,1.19e-15,9.58e-14,0.000134,2.18,416,0.359,2.18,416,0.359,2.18,416,0.358,"No issues","No issues","No issues",-7.63e-09,0.494,0.108,4.58e-09,2.07e-11,31800,31800,31800,"No issues",FALSE,NA
3,2026-07-23 23:03:50,2026-07-23 23:08:10,2026-07-23 22:59:50,27,-4.89e-13,4.38e-11,-0.0367,0.509,0.497,0.0301,0.0761,0.0499,0.387,2.65e-13,2.13e-11,0.0417,1.19e-15,9.58e-14,0.000188,2.18,416,0.36,2.18,416,0.36,2.18,416,0.36,"No issues","No issues","No issues",-7.63e-09,0.494,0.108,4.58e-09,2.07e-11,31800,31800,31800,"No issues",FALSE,NA
6,2026-07-23 23:14:00,2026-07-23 23:18:20,2026-07-23 23:10:00,27,-4.89e-13,4.38e-11,-0.112,0.509,0.497,0.317,0.0761,0.0499,0.00222,2.65e-13,2.13e-11,0.0328,1.19e-15,9.58e-14,0.000148,2.18,416,0.36,2.18,416,0.36,2.18,416,0.36,"No issues","No issues","No issues",-7.63e-09,0.494,0.108,4.58e-09,2.07e-11,31800,31800,31800,"No issues",FALSE,NA
1,2026-07-23 23:24:10,2026-07-23 23:28:30,2026-07-23 23:20:10,27,-4.89e-13,4.38e-11,-0.0862,0.509,0.497,0.143,0.0761,0.0499,0.0517,2.65e-13,2.13e-11,0.0422,1.19e-15,9.58e-14,0.00019,2.18,416,0.36,2.18,416,0.36,2.18,416,0.359,"No issues","No issues","No issues",-7.63e-09,0.494,0.108,4.58e-09,2.07e-11,31800,31800,31800,"No issues",FALSE,NA
7,2026-07-23 23:34:20,2026-07-23 23:38:40,2026-07-23 23:30:20,27,-4.89e-13,4.38e-11,-0.0911,0.509,0.497,0.259,0.0761,0.0499,0.00675,2.65e-13,2.13e-11,0.0308,1.19e-15,9.58e-14,0.000139,2.18,416,0.359,2.18,416,0.359,2.18,416,0.359,"No issues","No issues","No issues",-7.63e-09,0.494,0.108,4.58e-09,2.07e-11,31800,31800,31800,"No issues",FALSE,NA
10,2026-07-23 23:44:30,2026-07-23 23:48:50,2026-07-23 23:40:30,27,-4.89e-13,4.38e-11,-0.149,0.509,0.497,0.596,0.0761,0.0499,2.37e-06,2.65e-13,2.13e-11,0.0245,1.19e-15,9.58e-14,0.00011,2.18,416,0.359,2.18,416,0.359,2.18,416,0.359,"No issues","No issues","No issues",-7.63e-09,0.494,0.108,4.58e-09,2.07e-11,31800,31800,31800,"No issues",FALSE,NA
2,2026-07-23 23:54:40,2026-07-23 23:59:00,2026-07-23 23:50:40,27,-4.89e-13,4.38e-11,-0.03,0.509,0.497,0.0328,0.0761,0.0499,0.366,2.65e-13,2.13e-11,0.0326,1.19e-15,9.58e-14,0.000147,2.18,416,0.36,2.18,416,0.36,2.18,416,0.359,"No issues","No issues","No issues",-7.63e-09,0.494,0.108,4.58e-09,2.07e-11,31800,31800,31800,"No issues",FALSE,NA
11,2026-07-24 00:04:50,2026-07-24 00:09:10,2026-07-24 00:00:50,27,-4.89e-13,4.38e-11,-0.105,0.509,0.497,0.44,0.0761,0.0499,0.000164,2.65e-13,2.13e-11,0.0236,1.19e-15,9.58e-14,0.000107,2.18,416,0.359,2.18,416,0.359,2.18,416,0.359,"No issues","No issues","No issues",-7.63e-09,0.494,0.108,4.58e-09,2.07e-11,31800,31800,31800,"No issues",FALSE,NA
4,2026-07-24 00:15:00,2026-07-24 00:19:20,2026-07-24 00:11:00,27,-4.89e-13,4.38e-11,0.028,0.509,0.497,0.0238,0.0761,0.0499,0.442,2.65e-13,2.13e-11,0.0358,1.19e-15,9.58e-14,0.000161,2.18,416,0.359,2.18,416,0.359,2.18,416,0.359,"No issues","No issues","No issues",-7.63e-09,0.494,0.108,4.58e-09,2.07e-11,31800,31800,31800,"No issues",FALSE,NA
8,2026-07-24 00:25:10,2026-07-24 00:29:30,2026-07-24 00:21:10,27,-4.89e-13,4.38e-11,-0.0904,0.509,0.497,0.179,0.0761,0.0499,0.0278,2.65e-13,2.13e-11,0.0387,1.19e-15,9.58e-14,0.000174,2.18,416,0.359,2.18,416,0.359,2.18,416,0.359,"No issues","No issues","No issues",-7.63e-09,0.494,0.108,4.58e-09,2.07e-11,31800,31800,31800,"No issues",FALSE,NA
5,2026-07-24 00:35:20,2026-07-24 00:39:40,2026-07-24 00:31:20,27,-4.89e-13,4.38e-11,-0.0513,0.509,0.497,0.0629,0.0761,0.0499,0.207,2.65e-13,2.13e-11,0.0396,1.19e-15,9.58e-14,0.000178,2.18,416,0.359,2.18,416,0.359,2.18,416,0.359,"No issues","No issues","No issues",-7.63e-09,0.494,0.108,4.58e-09,2.07e-11,31800,31800,31800,"No issues",FALSE,NA
9,2026-07-24 00:45:30,2026-07-24 00:49:50,2026-07-24 00:41:30,27,-4.89e-13,4.38e-11,-0.092,0.509,0.497,0.206,0.0761,0.0499,0.0174,2.65e-13,2.13e-11,0.0361,1.19e-15,9.58e-14,0.000163,2.18,416,0.359,2.18,416,0.359,2.18,416,0.359,"No issues","No issues","No issues",-7.63e-09,0.494,0.108,4.58e-09,2.07e-11,31800,31800,31800,"No issues",FALSE,NA
12,2026-07-24 00:55:40,2026-07-24 01:00:00,2026-07-24 00:51:40,27,-4.89e-13,4.38e-11,-0.0768,0.509,0.497,0.158,0.0761,0.0499,0.0401,2.65e-13,2.13e-11,0.0355,1.19e-15,9.58e-14,0.00016,2.18,416,0.359,2.18,416,0.359,2.18,416,0.359,"No issues","No issues","No issues",-7.63e-09,0.494,0.108,4.58e-09,2.07e-11,31800,31800,31800,"No issues",FALSE,NA
3,2026-07-24 01:05:50,2026-07-24 01:10:10,2026-07-24 01:01:50,27,-4.89e-13,4.38e-11,0.0106,0.509,0.497,0.00189,0.0761,0.0499,0.829,2.65e-13,2.13e-11,0.0487,1.19e-15,9.58e-14,0.00022,2.18,416,0.36,2.18,416,0.361,2.18,416,0.36,"No issues","No issues","No issues",-7.63e-09,0.494,0.108,4.58e-09,2.07e-11,31800,31800,31800,"No issues",FALSE,NA
6,2026-07-24 01:16:00,2026-07-24 01:20:20,2026-07-24 01:12:00,27,-4.89e-13,4.38e-11,-0.152,0.509,0.497,0.292,0.0761,0.0499,0.00359,2.65e-13,2.13e-11,0.0474,1.19e-15,9.58e-14,0.000214,2.18,416,0.361,2.18,416,0.361,2.18,416,0.36,"No issues","No issues","No issues",-7.63e-09,0.494,0.108,4.58e-09,2.07e-11,31800,31800,31800,"No issues",FALSE,NA
1,2026-07-24 01:26:10,2026-07-24 01:30:30,2026-07-24 01:22:10,27,-4.89e-13,4.38e-11,0.0685,0.509,0.497,0.126,0.0761,0.0499,0.0687,2.65e-13,2.13e-11,0.036,1.19e-15,9.58e-14,0.000162,2.18,416,0.359,2.18,416,0.36,2.18,416,0.359,"No issues","No issues","No issues",-7.63e-09,0.494,0.108,4.58e-09,2.07e-11,31800,31800,31800,"No issues",FALSE,NA
7,2026-07-24 01:36:20,2026-07-24 01:40:40,2026-07-24 01:32:20,27,-4.89e-13,4.38e-11,-0.0755,0.509,0.497,0.0729,0.0761,0.0499,0.173,2.65e-13,2.13e-11,0.0538,1.19e-15,9.58e-14,0.000243,2.18,416,0.36,2.18,416,0.36,2.18,416,0.359,"No issues","No issues","No issues",-7.63e-09,0.494,0.108,4.58e-09,2.07e-11,31800,31800,31800,"No issues",FALSE,NA
10,2026-07-24 01:46:30,2026-07-24 01:50:50,2026-07-24 01:42:30,27,-4.89e-13,4.38e-11,-0.0374,0.509,0.497,0.0251,0.0761,0.0499,0.43,2.65e-13,2.13e-11,0.0467,1.19e-15,9.58e-14,0.00021,2.18,416,0.36,2.18,416,0.36,2.18,416,0.359,"No issues","No issues","No issues",-7.63e-09,0.494,0.108,4.58e-09,2.07e-11,31800,31800,31800,"No issues",FALSE,NA
2,2026-07-24 01:56:40,2026-07-24 02:01:00,2026-07-24 01:52:40,27,-4.89e-13,4.38e-11,-0.0413,0.509,0.497,0.0508,0.0761,0.0499,0.258,2.65e-13,2.13e-11,0.0357,1.19e-15,9.58e-14,0.000161,2.18,416,0.36,2.18,416,0.361,2.18,416,0.36,"No issues","No issues","No issues",-7.63e-09,0.494,0.108,4.58e-09,2.07e-11,31800,31800,31800,"No issues",FALSE,NA
11,2026-07-24 02:06:50,2026-07-24 02:11:10,2026-07-24 02:02:50,27,-4.89e-13,4.38e-11,-0.000237,0.509,0.497,1.98e-06,0.0761,0.0499,0.994,2.65e-13,2.13e-11,0.0338,1.19e-15,9.58e-14,0.000152,2.18,416,0.36,2.18,416,0.36,2.18,416,0.359,"No issues","No issues","No issues",-7.63e-09,0.494,0.108,4.58e-09,2.07e-11,31800,31800,31800,"No issues",FALSE,NA
4,2026-07-24 02:17:00,2026-07-24 02:21:20,2026-07-24 02:13:00,27,-4.89e-13,4.38e-11,-0.0202,0.509,0.497,0.00892,0.0761,0.0499,0.639,2.65e-13,2.13e-11,0.0427,1.19e-15,9.58e-14,0.000192,2.18,416,0.359,2.18,416,0.36,2.18,416,0.359,"No issues","No issues","No issues",-7.63e-09,0.494,0.108,4.58e-09,2.07e-11,31800,31800,31800,"No issues",FALSE,NA
8,2026-07-24 02:27:10,2026-07-24 02:31:30,2026-07-24 02:23:10,27,-4.89e-13,4.38e-11,-0.0391,0.509,0.497,0.0337,0.0761,0.0499,0.359,2.65e-13,2.13e-11,0.0418,1.19e-15,9.58e-14,0.000188,2.18,416,0.36,2.18,416,0.36,2.18,416,0.359,"No issues","No issues","No issues",-7.63e-09,0.494,0.108,4.58e-09,2.07e-11,31800,31800,31800,"No issues",FALSE,NA
5,2026-07-24 02:37:20,2026-07-24 02:41:40,2026-07-24 02:33:20,27,-4.89e-13,4.38e-11,0.0412,0.509,0.497,0.0263,0.0761,0.0499,0.419,2.65e-13,2.13e-11,0.0501,1.19e-15,9.58e-14,0.000226,2.18,416,0.359,2.18,416,0.36,2.18,416,0.359,"No issues","No issues","No issues",-7.63e-09,0.494,0.108,4.58e-09,2.07e-11,31800,31800,31800,"No issues",FALSE,NA
9,2026-07-24 02:47:30,2026-07-24 02:51:50,2026-07-24 02:43:30,27,-4.89e-13,4.38e-11,0.0497,0.509,0.497,0.0575,0.0761,0.0499,0.228,2.65e-13,2.13e-11,0.0403,1.19e-15,9.58e-14,0.000182,2.18,416,0.359,2.18,416,0.36,2.18,416,0.359,"No issues","No issues","No issues",-7.63e-09,0.494,0.108,4.58e-09,2.07e-11,31800,31800,31800,"No issues",FALSE,NA
12,2026-07-24 02:57:40,2026-07-24 03:02:00,2026-07-24 02:53:40,27,-4.89e-13,4.38e-11,-0.0337,0.509,0.497,0.0398,0.0761,0.0499,0.318,2.65e-13,2.13e-11,0.0331,1.19e-15,9.58e-14,0.000149,2.18,416,0.359,2.18,416,0.36,2.18,416,0.359,"No issues","No issues","No issues",-7.63e-09,0.494,0.108,4.58e-09,2.07e-11,31800,31800,31800,"No issues",FALSE,NA
3,2026-07-24 03:07:50,2026-07-24 03:12:10,2026-07-24 03:03:50,27,-4.89e-13,4.38e-11,-0.115,0.509,0.497,0.25,0.0761,0.0499,0.00796,2.65e-13,2.13e-11,0.04,1.19e-15,9.58e-14,0.00018,2.18,416,0.361,2.18,416,0.361,2.18,416,0.36,"No issues","No issues","No issues",-7.63e-09,0.494,0.108,4.58e-09,2.07e-11,31800,31800,31800,"No issues",FALSE,NA
6,2026-07-24 03:18:00,2026-07-24 03:22:20,2026-07-24 03:14:00,27,-4.89e-13,4.38e-11,-0.0815,0.509,0.497,0.151,0.0761,0.0499,0.0453,2.65e-13,2.13e-11,0.0387,1.19e-15,9.58e-14,0.000174,2.18,416,0.361,2.18,416,0.361,2.18,416,0.36,"No issues","No issues","No issues",-7.63e-09,0.494,0.108,4.58e-09,2.07e-11,31800,31800,31800,"No issues",FALSE,NA
1,2026-07-24 03:28:10,2026-07-24 03:32:30,2026-07-24 03:24:10,27,-4.89e-13,4.38e-11,0.0319,0.509,0.497,0.0364,0.0761,0.0499,0.34,2.65e-13,2.13e-11,0.0328,1.19e-15,9.58e-14,0.000148,2.18,416,0.36,2.18,416,0.361,2.18,416,0.36,"No issues","No issues","No issues",-7.63e-09,0.494,0.108,4.58e-09,2.07e-11,31800,31800,31800,"No issues",FALSE,NA
7,2026-07-24 03:38:20,2026-07-24 03:42:40,2026-07-24 03:34:20,27,-4.89e-13,4.38e-11,-0.0741,0.509,0.497,0.258,0.0761,0.0499,0.00687,2.65e-13,2.13e-11,0.0251,1.19e-15,9.58e-14,0.000113,2.18,416,0.36,2.18,416,0.36,2.18,416,0.36,"No issues","No issues","No issues",-7.63e-09,0.494,0.108,4.58e-09,2.07e-11,31800,31800,31800,"No issues",FALSE,NA
10,2026-07-24 03:48:30,2026-07-24 03:52:50,2026-07-24 03:44:30,27,-4.89e-13,4.38e-11,-0.0917,0.509,0.497,0.209,0.0761,0.0499,0.0164,2.65e-13,2.13e-11,0.0356,1.19e-15,9.58e-14,0.000161,2.18,416,0.36,2.18,416,0.361,2.18,416,0.36,"No issues","No issues","No issues",-7.63e-09,0.494,0.108,4.58e-09,2.07e-11,31800,31800,31800,"No issues",FALSE,NA
2,2026-07-24 03:58:40,2026-07-24 04:03:00,2026-07-24 03:54:40,27,-4.89e-13,4.38e-11,-0.0357,0.509,0.497,0.0355,0.0761,0.0499,0.347,2.65e-13,2.13e-11,0.0372,1.19e-15,9.58e-14,0.000168,2.18,416,0.36,2.18,416,0.361,2.18,416,0.36,"No issues","No issues","No issues",-7.63e-09,0.494,0.108,4.58e-09,2.07e-11,31800,31800,31800,"No issues",FALSE,NA
11,2026-07-24 04:08:50,2026-07-24 04:13:10,2026-07-24 04:04:50,27,-4.89e-13,4.38e-11,-0.0136,0.509,0.497,0.00375,0.0761,0.0499,0.762,2.65e-13,2.13e-11,0.0442,1.19e-15,9.58e-14,0.000199,2.18,416,0.36,2.18,416,0.36,2.18,416,0.36,"No issues","No issues","No issues",-7.63e-09,0.494,0.108,4.58e-09,2.07e-11,31800,31800,31800,"No issues",FALSE,NA
4,2026-07-24 04:19:00,2026-07-24 04:23:20,2026-07-24 04:15:00,27,-4.89e-13,4.38e-11,-0.0163,0.509,0.497,0.00576,0.0761,0.0499,0.707,2.65e-13,2.13e-11,0.0429,1.19e-15,9.58e-14,0.000193,2.18,416,0.359,2.18,416,0.36,2.18,416,0.359,"No issues","No issues","No issues",-7.63e-09,0.494,0.108,4.58e-09,2.07e-11,31800,31800,31800,"No issues",FALSE,NA
8,2026-07-24 04:29:10,2026-07-24 04:33:30,2026-07-24 04:25:10,27,-4.89e-13,4.38e-11,0.0497,0.509,0.497,0.0556,0.0761,0.0499,0.236,2.65e-13,2.13e-11,0.041,1.19e-15,9.58e-14,0.000185,2.18,416,0.36,2.18,416,0.36,2.18,416,0.359,"No issues","No issues","No issues",-7.63e-09,0.494,0.108,4.58e-09,2.07e-11,31800,31800,31800,"No issues",FALSE,NA
5,2026-07-24 04:39:20,2026-07-24 04:43:40,2026-07-24 04:35:20,27,-4.89e-13,4.38e-11,0.0477,0.509,0.497,0.0632,0.0761,0.0499,0.206,2.65e-13,2.13e-11,0.0367,1.19e-15,9.58e-14,0.000166,2.18,416,0.36,2.18,416,0.36,2.18,416,0.359,"No issues","No issues","No issues",-7.63e-09,0.494,0.108,4.58e-09,2.07e-11,31800,31800,31800,"No issues",FALSE,NA
9,2026-07-24 04:49:30,2026-07-24 04:53:50,2026-07-24 04:45:30,27,-4.89e-13,4.38e-11,0.0107,0.509,0.497,0.00273,0.0761,0.0499,0.796,2.65e-13,2.13e-11,0.0409,1.19e-15,9.58e-14,0.000184,2.18,416,0.36,2.18,416,0.36,2.18,416,0.359,"No issues","No issues","No issues",-7.63e-09,0.494,0.108,4.58e-09,2.07e-11,31800,31800,31800,"No issues",FALSE,NA
12,2026-07-24 04:59:40,2026-07-24 05:04:00,2026-07-24 04:55:40,27,-4.89e-13,4.38e-11,-0.0608,0.509,0.497,0.0431,0.0761,0.0499,0.299,2.65e-13,2.13e-11,0.0573,1.19e-15,9.58e-14,0.000258,2.18,416,0.36,2.18,416,0.36,2.18,416,0.359,"No issues","No issues","No issues",-7.63e-09,0.494,0.108,4.58e-09,2.07e-11,31800,31800,31800,"No issues",FALSE,NA
3,2026-07-24 05:09:50,2026-07-24 05:14:10,2026-07-24 05:05:50,27,-4.89e-13,4.38e-11,-0.0358,0.509,0.497,0.0243,0.0761,0.0499,0.438,2.65e-13,2.13e-11,0.0453,1.19e-15,9.58e-14,0.000204,2.18,416,0.36,2.18,416,0.361,2.18,416,0.36,"No issues","No issues","No issues",-7.63e-09,0.494,0.108,4.58e-09,2.07e-11,31800,31800,31800,"No issues",FALSE,NA
6,2026-07-24 05:20:00,2026-07-24 05:24:20,2026-07-24 05:16:00,27,-4.89e-13,4.38e-11,0.00227,0.509,0.497,8.67e-05,0.0761,0.0499,0.963,2.65e-13,2.13e-11,0.0488,1.19e-15,9.58e-14,0.00022,2.18,416,0.36,2.18,416,0.36,2.18,416,0.36,"No issues","No issues","No issues",-7.63e-09,0.494,0.108,4.58e-09,2.07e-11,31800,31800,31800,"No issues",FALSE,NA
1,2026-07-24 05:30:10,2026-07-24 05:34:30,2026-07-24 05:26:10,27,-4.89e-13,4.38e-11,-0.0748,0.509,0.497,0.0754,0.0761,0.0499,0.166,2.65e-13,2.13e-11,0.0524,1.19e-15,9.58e-14,0.000236,2.18,416,0.36,2.18,416,0.36,2.18,416,0.359,"No issues","No issues","No issues",-7.63e-09,0.494,0.108,4.58e-09,2.07e-11,31800,31800,31800,"No issues",FALSE,NA
7,2026-07-24 05:40:20,2026-07-24 05:44:40,2026-07-24 05:36:20,27,-4.89e-13,4.38e-11,-0.103,0.509,0.497,0.179,0.0761,0.0499,0.0278,2.65e-13,2.13e-11,0.0439,1.19e-15,9.58e-14,0.000198,2.18,416,0.36,2.18,416,0.36,2.18,416,0.359,"No issues","No issues","No issues",-7.63e-09,0.494,0.108,4.58e-09,2.07e-11,31800,31800,31800,"No issues",FALSE,NA
10,2026-07-24 05:50:30,2026-07-24 05:54:50,2026-07-24 05:46:30,27,-4.89e-13,4.38e-11,-0.0787,0.509,0.497,0.123,0.0761,0.0499,0.0729,2.65e-13,2.13e-11,0.042,1.19e-15,9.58e-14,0.000189,2.18,416,0.36,2.18,416,0.36,2.18,416,0.359,"No issues","No issues","No issues",-7.63e-09,0.494,0.108,4.58e-09,2.07e-11,31800,31800,31800,"No issues",FALSE,NA
2,2026-07-24 06:00:40,2026-07-24 06:05:00,2026-07-24 05:56:40,27,-4.89e-13,4.38e-11,0.116,0.509,0.497,0.2,0.0761,0.0499,0.0194,2.65e-13,2.13e-11,0.0464,1.19e-15,9.58e-14,0.000209,2.18,416,0.36,2.18,416,0.361,2.18,416,0.36,"No issues","No issues","No issues",-7.63e-09,0.494,0.108,4.58e-09,2.07e-11,31800,31800,31800,"No issues",FALSE,NA
11,2026-07-24 06:10:50,2026-07-24 06:15:10,2026-07-24 06:06:50,27,-4.89e-13,4.38e-11,-0.0774,0.509,0.497,0.226,0.0761,0.0499,0.0122,2.65e-13,2.13e-11,0.0286,1.19e-15,9.58e-14,0.000129,2.18,416,0.36,2.18,416,0.36,2.18,416,0.36,"No issues","No issues","No issues",-7.63e-09,0.494,0.108,4.58e-09,2.07e-11,31800,31800,31800,"No issues",FALSE,NA
4,2026-07-24 06:21:00,2026-07-24 06:25:20,2026-07-24 06:17:00,27,-4.89e-13,4.38e-11,0.01,0.509,0.497,0.00222,0.0761,0.0499,0.816,2.65e-13,2.13e-11,0.0425,1.19e-15,9.58e-14,0.000192,2.18,416,0.36,2.18,416,0.36,2.18,416,0.359,"No issues","No issues","No issues",-7.63e-09,0.494,0.108,4.58e-09,2.07e-11,31800,31800,31800,"No issues",FALSE,NA
8,2026-07-24 06:31:10,2026-07-24 06:35:30,2026-07-24 06:27:10,27,-4.89e-13,4.38e-11,-0.119,0.509,0.497,0.276,0.0761,0.0499,0.00494,2.65e-13,2.13e-11,0.0384,1.19e-15,9.58e-14,0.000173,2.18,416,0.362,2.18,416,0.362,2.18,416,0.361,"No issues","No issues","No issues",-7.63e-09,0.494,0.108,4.58e-09,2.07e-11,31800,31800,31800,"No issues",FALSE,NA
5,2026-07-24 06:41:20,2026-07-24 06:45:40,2026-07-24 06:37:20,27,-4.89e-13,4.38e-11,-0.0565,0.509,0.497,0.141,0.0761,0.0499,0.0531,2.65e-13,2.13e-11,0.0278,1.19e-15,9.58e-14,0.000125,2.18,416,0.361,2.18,416,0.361,2.18,416,0.36,"No issues","No issues","No issues",-7.63e-09,0.494,0.108,4.58e-09,2.07e-11,31800,31800,31800,"No issues",FALSE,NA
9,2026-07-24 06:51:30,2026-07-24 06:55:50,2026-07-24 06:47:30,27,-4.89e-13,4.38e-11,-0.124,0.509,0.497,0.505,0.0761,0.0499,3.27e-05,2.65e-13,2.13e-11,0.0246,1.19e-15,9.58e-14,0.000111,2.18,416,0.36,2.18,416,0.36,2.18,416,0.36,"No issues","No issues","No issues",-7.63e-09,0.494,0.108,4.58e-09,2.07e-11,31800,31800,31800,"No issues",FALSE,NA
12,2026-07-24 07:01:40,2026-07-24 07:06:00,2026-07-24 06:57:40,27,-4.89e-13,4.38e-11,0.00252,0.509,0.497,0.000387,0.0761,0.0499,0.922,2.65e-13,2.13e-11,0.0256,1.19e-15,9.58e-14,0.000115,2.18,416,0.36,2.18,416,0.36,2.18,416,0.36,"No issues","No issues","No issues",-7.63e-09,0.494,0.108,4.58e-09,2.07e-11,31800,31800,31800,"No issues",FALSE,NA
3,2026-07-24 07:11:50,2026-07-24 07:16:10,2026-07-24 07:07:50,27,-4.89e-13,4.38e-11,-0.186,0.509,0.497,0.33,0.0761,0.0499,0.00174,2.65e-13,2.13e-11,0.0531,1.19e-15,9.58e-14,0.000239,2.18,416,0.362,2.18,416,0.362,2.18,416,0.361,"No issues","No issues","No issues",-7.63e-09,0.494,0.108,4.58e-09,2.07e-11,31800,31800,31800,"No issues",FALSE,NA
6,2026-07-24 07:22:00,2026-07-24 07:26:20,2026-07-24 07:18:00,27,-4.89e-13,4.38e-11,-0.264,0.509,0.497,0.59,0.0761,0.0499,2.93e-06,2.65e-13,2.13e-11,0.0441,1.19e-15,9.58e-14,0.000199,2.18,416,0.36,2.18,416,0.36,2.18,416,0.359,"No issues","No issues","No issues",-7.63e-09,0.494,0.108,4.58e-09,2.07e-11,31800,31800,31800,"No issues",FALSE,NA
1,2026-07-24 07:32:10,2026-07-24 07:36:30,2026-07-24 07:28:10,27,-4.89e-13,4.38e-11,-0.0694,0.509,0.497,0.0869,0.0761,0.0499,0.136,2.65e-13,2.13e-11,0.045,1.19e-15,9.58e-14,0.000203,2.18,416,0.359,2.18,416,0.359,2.18,416,0.358,"No issues","No issues","No issues",-7.63e-09,0.494,0.108,4.58e-09,2.07e-11,31800,31800,31800,"No issues",FALSE,NA
7,2026-07-24 07:42:20,2026-07-24 07:46:40,2026-07-24 07:38:20,27,-4.89e-13,4.38e-11,-0.0456,0.509,0.497,0.059,0.0761,0.0499,0.222,2.65e-13,2.13e-11,0.0365,1.19e-15,9.58e-14,0.000164,2.18,416,0.357,2.18,416,0.358,2.18,416,0.357,"No issues","No issues","No issues",-7.63e-09,0.494,0.108,4.58e-09,2.07e-11,31800,31800,31800,"No issues",FALSE,NA
10,2026-07-24 07:52:30,2026-07-24 07:56:50,2026-07-24 07:48:30,27,-4.89e-13,4.38e-11,-0.449,0.509,0.497,0.868,0.0761,0.0499,1.7e-12,2.65e-13,2.13e-11,0.035,1.19e-15,9.58e-14,0.000158,2.18,416,0.358,2.18,416,0.359,2.18,416,0.357,"No issues","No issues","No issues",-7.63e-09,0.494,0.108,4.58e-09,2.07e-11,31800,31800,31800,"No issues",FALSE,NA
2,2026-07-24 08:02:40,2026-07-24 08:07:00,2026-07-24 07:58:40,27,-4.89e-13,4.38e-11,-0.0858,0.509,0.497,0.146,0.0761,0.0499,0.0491,2.65e-13,2.13e-11,0.0415,1.19e-15,9.58e-14,0.000187,2.18,416,0.358,2.18,416,0.359,2.18,416,0.358,"No issues","No issues","No issues",-7.63e-09,0.494,0.108,4.58e-09,2.07e-11,31800,31800,31800,"No issues",FALSE,NA
11,2026-07-24 08:12:50,2026-07-24 08:17:10,2026-07-24 08:08:50,27,-4.89e-13,4.38e-11,-0.195,0.509,0.497,0.393,0.0761,0.0499,0.000467,2.65e-13,2.13e-11,0.0485,1.19e-15,9.58e-14,0.000219,2.18,416,0.357,2.18,416,0.357,2.18,416,0.356,"No issues","No issues","No issues",-7.63e-09,0.494,0.108,4.58e-09,2.07e-11,31800,31800,31800,"No issues",FALSE,NA
4,2026-07-24 08:23:00,2026-07-24 08:27:20,2026-07-24 08:19:00,27,-4.89e-13,4.38e-11,-0.17,0.509,0.497,0.376,0.0761,0.0499,0.000667,2.65e-13,2.13e-11,0.0439,1.19e-15,9.58e-14,0.000198,2.18,416,0.356,2.18,416,0.356,2.18,416,0.355,"No issues","No issues","No issues",-7.63e-09,0.494,0.108,4.58e-09,2.07e-11,31800,31800,31800,"No issues",FALSE,NA
8,2026-07-24 08:33:10,2026-07-24 08:37:30,2026-07-24 08:29:10,27,-4.89e-13,4.38e-11,-0.144,0.509,0.497,0.201,0.0761,0.0499,0.0192,2.65e-13,2.13e-11,0.0577,1.19e-15,9.58e-14,0.00026,2.18,416,0.359,2.18,416,0.359,2.18,416,0.358,"No issues","No issues","No issues",-7.63e-09,0.494,0.108,4.58e-09,2.07e-11,31800,31800,31800,"No issues",FALSE,NA
5,2026-07-24 08:43:20,2026-07-24 08:47:40,2026-07-24 08:39:20,27,-4.89e-13,4.38e-11,-0.45,0.509,0.497,0.599,0.0761,0.0499,2.19e-06,2.65e-13,2.13e-11,0.0737,1.19e-15,9.58e-14,0.000332,2.18,416,0.357,2.18,416,0.357,2.18,416,0.355,"No issues","No issues","No issues",-7.63e-09,0.494,0.108,4.58e-09,2.07e-11,31800,31800,31800,"No issues",FALSE,NA
9,2026-07-24 08:53:30,2026-07-24 08:57:50,2026-07-24 08:49:30,27,-4.89e-13,4.38e-11,-0.187,0.509,0.497,0.25,0.0761,0.0499,0.00798,2.65e-13,2.13e-11,0.0649,1.19e-15,9.58e-14,0.000293,2.18,416,0.355,2.18,416,0.355,2.18,416,0.354,"No issues","No issues","No issues",-7.63e-09,0.494,0.108,4.58e-09,2.07e-11,31800,31800,31800,"No issues",FALSE,NA
12,2026-07-24 09:03:40,2026-07-24 09:08:00,2026-07-24 08:59:40,27,-35.3,382000,0.162,0.441,0.457,0.321,0.000159,0.000108,0.00208,7.95,83200,0.0471,0.0358,375,0.000212,2.18,416,0.357,2.18,2020,0.357,2.01,416,0.356,"No issues","No issues","No issues",-1640000,0.459,0.000104,356000,1610,31800,31800,25600,"No issues",FALSE,NA
3,2026-07-24 09:13:40,2026-07-24 09:18:10,2026-07-24 09:09:40,28,3.14,-13000,-0.0864,0.956,0.979,0.0802,4.07e-19,2.72e-23,0.144,0.133,376,0.0573,0.000633,1.79,0.000273,2.06,369,0.358,2.07,369,0.358,2.06,327,0.357,"No issues","No issues","No issues",-84900,0.839,8.13e-12,7290,34.7,25200,25200,24900,"No issues",FALSE,NA
6,2026-07-24 09:23:50,2026-07-24 09:28:20,2026-07-24 09:19:50,28,5.27,-16400,-0.338,0.999,0.997,0.556,8.42e-42,1.04e-33,5.35e-06,0.0292,187,0.0592,0.000139,0.889,0.000282,2.06,381,0.358,2.07,381,0.358,2.06,329,0.357,"No issues","No issues","No issues",192000,0.991,4.78e-28,3610,17.2,25900,26500,25900,"No issues",FALSE,NA
1,2026-07-24 09:34:00,2026-07-24 09:38:30,2026-07-24 09:30:00,28,4.22,-13200,-0.00711,0.95,0.992,0.000749,2.09e-18,5.22e-29,0.89,0.19,228,0.051,0.000907,1.09,0.000243,2.05,394,0.356,2.07,394,0.356,2.05,353,0.355,"No issues","No issues","No issues",12400,0.374,0.000542,3150,15,26000,26000,26000,"No issues",FALSE,NA
7,2026-07-24 09:44:10,2026-07-24 09:48:40,2026-07-24 09:40:10,28,7.77,-17200,-0.0421,0.999,0.995,0.017,1.03e-38,1.13e-31,0.509,0.0567,234,0.0628,0.00027,1.12,0.000299,2.05,390,0.357,2.08,390,0.357,2.05,337,0.356,"No issues","No issues","No issues",92200,0.965,1.62e-20,3430,16.3,26400,26700,26400,"No issues",FALSE,NA
10,2026-07-24 09:54:20,2026-07-24 09:58:50,2026-07-24 09:50:20,28,10.8,-10800,-0.304,0.996,0.99,0.452,2.12e-32,2.12e-27,8.97e-05,0.138,215,0.0656,0.000656,1.02,0.000313,2.05,397,0.358,2.09,397,0.358,2.05,365,0.356,"No issues","No issues","No issues",126000,0.986,8e-26,2900,13.8,26200,26500,26200,"No issues",FALSE,NA
2,2026-07-24 10:04:30,2026-07-24 10:09:00,2026-07-24 10:00:30,28,2.35,-14200,0.0417,0.981,0.99,0.0184,6.53e-24,1.77e-27,0.491,0.0642,281,0.0597,0.000306,1.34,0.000284,2.05,390,0.357,2.05,390,0.358,2.05,346,0.357,"No issues","No issues","No issues",82100,0.98,1.3e-23,2300,11,26600,26900,26600,"No issues",FALSE,NA
11,2026-07-24 10:14:40,2026-07-24 10:19:10,2026-07-24 10:10:40,28,7.37,-14500,-0.142,0.96,0.974,0.192,1.04e-19,3.16e-22,0.0198,0.295,462,0.0571,0.00141,2.2,0.000272,2.05,386,0.356,2.08,386,0.356,2.05,342,0.355,"No issues","No issues","No issues",85100,0.988,1.26e-26,1820,8.67,26700,27000,26700,"No issues",FALSE,NA
4,2026-07-24 10:24:50,2026-07-24 10:29:20,2026-07-24 10:20:50,28,6.06,-14000,-0.0334,0.999,0.998,0.0171,1.48e-38,4.76e-36,0.507,0.0448,130,0.0498,0.000214,0.618,0.000237,2.05,391,0.355,2.07,391,0.355,2.05,348,0.354,"No issues","No issues","No issues",-44000,0.678,7.49e-08,5960,28.4,26500,26500,26300,"No issues",FALSE,NA
8,2026-07-24 10:35:00,2026-07-24 10:39:30,2026-07-24 10:31:00,28,10.1,-15300,0.609,0.999,0.989,0.811,1.21e-38,4.37e-27,6.53e-11,0.0741,314,0.0576,0.000353,1.5,0.000274,2.06,393,0.359,2.09,393,0.36,2.06,345,0.358,"No issues","No issues","No issues",1320000,0.998,8.06e-36,12400,59.2,25800,29700,25800,"No issues",FALSE,NA
5,2026-07-24 10:45:10,2026-07-24 10:49:40,2026-07-24 10:41:10,28,4.79,-13900,-0.102,0.975,0.988,0.172,2.29e-22,2.37e-26,0.0283,0.15,304,0.0441,0.000716,1.45,0.00021,2.05,400,0.355,2.07,400,0.355,2.05,356,0.354,"No issues","No issues","No issues",115000,0.993,1.61e-29,1890,9.03,27800,28200,27800,"No issues",FALSE,NA
9,2026-07-24 10:55:20,2026-07-24 10:59:50,2026-07-24 10:51:20,28,4.83,-13100,-0.133,0.997,0.982,0.234,4.93e-34,3.31e-24,0.00917,0.0534,347,0.0473,0.000254,1.66,0.000225,2.05,392,0.355,2.07,392,0.356,2.05,350,0.354,"No issues","No issues","No issues",485000,0.933,7.98e-17,25400,121,28900,30000,28700,"No issues",FALSE,NA
12,2026-07-24 11:05:30,2026-07-24 11:10:00,2026-07-24 11:01:30,28,21.6,-11100,0.344,1,0.991,0.678,3.71e-48,2.1e-28,7.42e-08,0.0681,203,0.0465,0.000325,0.967,0.000222,2.06,397,0.356,2.13,397,0.357,2.06,362,0.356,"No issues","No issues","No issues",641000,0.989,4.04e-27,13100,62.5,30000,31800,30000,"No issues",FALSE,NA
3,2026-07-24 11:15:40,2026-07-24 11:20:10,2026-07-24 11:11:40,28,3.62,-16000,-0.156,0.999,0.994,0.278,2.37e-40,9.32e-31,0.00391,0.0228,237,0.0492,0.000109,1.13,0.000235,2.05,389,0.358,2.06,389,0.358,2.05,339,0.357,"No issues","No issues","No issues",-67000,0.945,6.36e-18,3160,15.1,28700,28700,28500,"No issues",FALSE,NA
6,2026-07-24 11:25:50,2026-07-24 11:30:20,2026-07-24 11:21:50,28,4.26,-18600,-0.471,0.996,0.993,0.731,4.33e-33,1.44e-29,7e-09,0.0512,306,0.056,0.000244,1.46,0.000267,2.05,386,0.358,2.06,386,0.358,2.05,328,0.356,"No issues","No issues","No issues",179000,0.992,9.64e-29,3160,15.1,29800,30300,29800,"No issues",FALSE,NA
1,2026-07-24 11:36:00,2026-07-24 11:40:30,2026-07-24 11:32:00,28,4.64,-10800,-0.0566,0.989,0.983,0.0766,3.1e-27,1.65e-24,0.154,0.094,280,0.0386,0.000448,1.33,0.000184,2.05,396,0.355,2.06,396,0.356,2.05,361,0.355,"No issues","No issues","No issues",-83400,0.98,1.63e-23,2360,11.2,29600,29600,29300,"No issues",FALSE,NA
7,2026-07-24 11:46:10,2026-07-24 11:50:40,2026-07-24 11:42:10,28,7.98,-18100,-0.131,0.998,0.994,0.347,1.68e-37,5.59e-30,0.000976,0.0648,287,0.0351,0.000309,1.37,0.000168,2.06,389,0.357,2.08,389,0.357,2.06,333,0.356,"No issues","No issues","No issues",536000,0.958,2.02e-19,22000,105,28000,29300,28000,"No issues",FALSE,NA
10,2026-07-24 11:56:20,2026-07-24 12:00:50,2026-07-24 11:52:20,28,13,-11000,-0.453,0.989,0.987,0.751,8.91e-27,3.82e-26,2.46e-09,0.273,245,0.0511,0.0013,1.17,0.000243,2.07,395,0.356,2.11,395,0.357,2.07,359,0.354,"No issues","No issues","No issues",231000,0.99,9.18e-28,4470,21.3,27700,28400,27700,"No issues",FALSE,NA
2,2026-07-24 12:06:30,2026-07-24 12:11:00,2026-07-24 12:02:30,28,2.31,-15400,0.135,0.995,0.996,0.354,1.05e-31,4.39e-33,0.00084,0.0314,185,0.0357,0.00015,0.881,0.00017,2.06,391,0.356,2.06,391,0.356,2.06,341,0.356,"No issues","No issues","No issues",-144000,0.988,2.01e-26,3140,15,28400,28400,28000,"No issues",FALSE,NA
11,2026-07-24 12:16:40,2026-07-24 12:21:10,2026-07-24 12:12:40,28,10.3,-13900,NA,0.967,0.984,NA,1e-20,8.63e-25,NA,0.376,351,NA,0.00179,1.67,NA,2.07,391,NA,2.1,391,NA,2.07,348,NA,"No issues","No issues","No issues",29100,0.536,9.39e-06,5310,25.3,27200,27200,27100,"No issues",FALSE,NA
4,2026-07-24 12:26:50,2026-07-24 12:31:20,2026-07-24 12:22:50,28,4.86,-15200,NA,0.994,0.995,NA,5.54e-30,1.76e-31,NA,0.077,210,NA,0.000367,1,NA,2.06,390,NA,2.08,390,NA,2.06,343,NA,"No issues","No issues","No issues",22300,0.342,0.00109,6070,28.9,26600,26700,26500,"No issues",FALSE,NA
8,2026-07-24 12:37:00,2026-07-24 12:41:30,2026-07-24 12:33:00,28,11.4,-18000,0.329,0.999,0.995,0.731,2.01e-40,8.36e-32,6.78e-09,0.0715,242,0.0391,0.000341,1.16,0.000187,2.08,382,0.357,2.12,382,0.358,2.08,325,0.357,"No issues","No issues","No issues",1020000,0.98,9.64e-24,28200,135,24800,27900,24800,"No issues",FALSE,NA
5,2026-07-24 12:47:10,2026-07-24 12:51:40,2026-07-24 12:43:10,28,4.18,-18100,-0.0887,0.998,0.997,0.159,6.65e-38,7.2e-34,0.0353,0.0327,203,0.0399,0.000156,0.967,0.00019,2.07,386,0.354,2.08,386,0.354,2.07,330,0.353,"No issues","No issues","No issues",-33100,0.728,8.09e-09,3970,18.9,27000,27000,26900,"No issues",FALSE,NA
9,2026-07-24 12:57:20,2026-07-24 13:01:50,2026-07-24 12:53:20,28,3.85,-15100,-0.15,0.987,0.994,0.306,4.4e-26,4.03e-30,0.00224,0.0863,237,0.0441,0.000412,1.13,0.00021,2.07,384,0.354,2.08,384,0.354,2.07,337,0.353,"No issues","No issues","No issues",545000,0.977,6.29e-23,16300,77.5,24900,26600,24900,"No issues",FALSE,NA
12,2026-07-24 13:07:30,2026-07-24 13:12:00,2026-07-24 13:03:30,28,18.5,-12100,0.102,0.999,0.996,0.129,3.24e-39,2.88e-32,0.0608,0.129,156,0.0519,0.000614,0.745,0.000248,2.07,388,0.354,2.13,388,0.355,2.07,349,0.354,"No issues","No issues","No issues",720000,0.999,2.16e-38,5400,25.7,24400,26600,24400,"No issues",FALSE,NA
3,2026-07-24 13:17:40,2026-07-24 13:22:10,2026-07-24 13:13:40,28,2.82,-18600,-0.168,0.984,0.989,0.366,5.55e-25,9.55e-27,0.000652,0.0699,392,0.0433,0.000333,1.87,0.000207,2.05,381,0.355,2.05,381,0.356,2.05,322,0.354,"No issues","No issues","No issues",-6770,0.0794,0.146,4520,21.5,25900,25900,25800,"No issues",FALSE,NA
6,2026-07-24 13:27:50,2026-07-24 13:32:20,2026-07-24 13:23:50,28,3.51,-20200,-0.34,0.992,0.994,0.647,1.13e-28,3.72e-30,2.53e-07,0.0626,315,0.0493,0.000298,1.5,0.000235,2.04,375,0.355,2.05,375,0.356,2.04,311,0.354,"No issues","No issues","No issues",362000,0.993,1.34e-29,5940,28.3,25200,26200,25200,"No issues",FALSE,NA
1,2026-07-24 13:38:00,2026-07-24 13:42:30,2026-07-24 13:34:00,28,3.95,-12000,NA,0.995,0.987,NA,9.54e-32,3.9e-26,NA,0.0535,269,NA,0.000255,1.28,NA,2.04,380,NA,2.05,380,NA,2.04,341,NA,"No issues","No issues","No issues",183000,0.991,6.43e-28,3480,16.6,26300,26800,26300,"No issues",FALSE,NA
7,2026-07-24 13:48:10,2026-07-24 13:52:40,2026-07-24 13:44:10,28,7.53,-16900,-0.185,0.999,0.995,0.324,1.8e-41,9.21e-32,0.00158,0.043,228,0.0525,0.000205,1.09,0.00025,2.04,374,0.354,2.07,374,0.354,2.04,321,0.353,"No issues","No issues","No issues",812000,0.972,1.02e-21,27000,129,24800,27200,24800,"No issues",FALSE,NA
10,2026-07-24 13:58:20,2026-07-24 14:02:50,2026-07-24 13:54:20,28,12.4,-10200,-0.409,0.934,0.986,0.722,7.23e-17,1.71e-25,1.09e-08,0.648,242,0.0498,0.00309,1.15,0.000237,2.04,387,0.354,2.08,387,0.354,2.04,353,0.352,"No issues","No issues","No issues",372000,0.972,1.2e-21,12500,59.4,24700,25700,24700,"No issues",FALSE,NA
2,2026-07-24 14:08:40,2026-07-24 14:13:00,2026-07-24 14:04:30,27,2.35,-16300,0.052,0.995,0.997,0.0449,8.97e-30,1.09e-32,0.288,0.0349,185,0.0479,0.000157,0.833,0.000216,2.03,376,0.354,2.04,376,0.355,2.03,326,0.354,"No issues","No issues","No issues",9010,0.216,0.0145,3430,15.5,25500,25500,25400,"No issues",FALSE,NA
11,2026-07-24 14:18:40,2026-07-24 14:23:10,2026-07-24 14:14:40,28,8.05,-14400,-0.0634,0.929,0.972,0.0614,1.99e-16,8.33e-22,0.204,0.437,476,0.0487,0.00209,2.27,0.000232,2.04,383,0.352,2.07,383,0.353,2.04,338,0.352,"No issues","No issues","No issues",462000,0.979,2.62e-23,13300,63.5,24800,26100,24800,"No issues",FALSE,NA
4,2026-07-24 14:29:00,2026-07-24 14:33:20,2026-07-24 14:24:50,27,3.96,-13600,NA,0.927,0.99,NA,1.04e-15,2.48e-26,NA,0.222,278,NA,0.001,1.25,NA,2.04,380,NA,2.05,380,NA,2.04,340,NA,"No issues","No issues","No issues",372000,0.999,4.35e-38,2570,11.6,25300,26400,25300,"No issues",FALSE,NA
8,2026-07-24 14:39:00,2026-07-24 14:43:30,2026-07-24 14:35:00,28,11.4,-16800,NA,1,0.996,NA,4.88e-45,2.02e-33,NA,0.0476,196,NA,0.000227,0.933,NA,2.04,377,NA,2.08,377,NA,2.04,323,NA,"No issues","No issues","No issues",1130000,0.975,2.3e-22,35300,168,23400,26800,23400,"No issues",FALSE,NA
5,2026-07-24 14:49:20,2026-07-24 14:53:40,2026-07-24 14:45:10,27,4.54,-17000,0.0171,0.997,0.998,0.0092,1.45e-32,2.53e-35,0.634,0.0521,151,0.0355,0.000235,0.682,0.00016,2.03,381,0.352,2.04,381,0.352,2.03,329,0.351,"No issues","No issues","No issues",-203000,0.61,1.53e-06,32500,147,25400,25400,24600,"No issues",FALSE,NA
9,2026-07-24 14:59:20,2026-07-24 15:03:50,2026-07-24 14:55:20,28,4.52,-14100,-0.0984,0.998,0.995,0.201,9.58e-37,2.45e-31,0.0168,0.0393,198,0.0385,0.000187,0.946,0.000183,2.04,378,0.352,2.05,378,0.352,2.04,331,0.351,"No issues","No issues","No issues",727000,0.981,6.89e-24,19900,94.7,23500,25800,23500,"No issues",FALSE,NA
12,2026-07-24 15:09:30,2026-07-24 15:14:00,2026-07-24 15:05:30,28,16.6,-10500,0.0429,0.998,0.99,0.041,1.92e-37,1.54e-27,0.301,0.136,207,0.0407,0.000646,0.986,0.000194,2.05,387,0.352,2.1,387,0.353,2.05,354,0.352,"No issues","No issues","No issues",858000,0.985,3.19e-25,20800,99.1,23000,25500,23000,"No issues",FALSE,NA
3,2026-07-24 15:19:40,2026-07-24 15:24:10,2026-07-24 15:15:40,28,3.04,-14200,-0.0906,0.994,0.992,0.171,1.79e-30,7.19e-29,0.0289,0.0461,248,0.0392,0.00022,1.18,0.000187,2.04,379,0.354,2.05,379,0.354,2.04,334,0.353,"No issues","No issues","No issues",-50100,0.804,1.09e-10,4860,23.2,24700,24700,24500,"No issues",FALSE,NA
6,2026-07-24 15:29:50,2026-07-24 15:34:20,2026-07-24 15:25:50,28,3.54,-17300,-0.435,0.998,0.997,0.758,7.77e-36,1e-34,1.75e-09,0.0333,180,0.0483,0.000159,0.858,0.00023,2.04,381,0.354,2.05,381,0.354,2.04,328,0.353,"No issues","No issues","No issues",330000,0.996,1.57e-32,4170,19.9,23400,24400,23400,"No issues",FALSE,NA
1,2026-07-24 15:40:00,2026-07-24 15:44:30,2026-07-24 15:36:00,28,3.69,-9560,-0.114,0.992,0.987,0.159,4.67e-29,5.51e-26,0.0359,0.0635,217,0.0514,0.000303,1.03,0.000245,2.03,386,0.352,2.05,386,0.353,2.03,355,0.352,"No issues","No issues","No issues",274000,0.988,2.38e-26,6010,28.6,23200,24000,23200,"No issues",FALSE,NA
7,2026-07-24 15:50:10,2026-07-24 15:54:40,2026-07-24 15:46:10,28,7.36,-16900,-0.108,0.996,0.994,0.146,1.98e-32,2.53e-30,0.0448,0.0937,259,0.0513,0.000447,1.23,0.000245,2.04,379,0.353,2.06,379,0.353,2.04,326,0.352,"No issues","No issues","No issues",652000,0.959,1.62e-19,26600,127,22200,24200,22200,"No issues",FALSE,NA
10,2026-07-24 16:00:20,2026-07-24 16:04:50,2026-07-24 15:56:20,28,11.6,-11600,-0.259,0.995,0.996,0.516,6.89e-32,2.97e-32,1.69e-05,0.155,151,0.0492,0.000737,0.718,0.000235,2.04,388,0.354,2.08,388,0.354,2.04,351,0.352,"No issues","No issues","No issues",659000,0.982,4.12e-24,17700,84.2,21800,23700,21800,"No issues",FALSE,NA
2,2026-07-24 16:10:30,2026-07-24 16:15:00,2026-07-24 16:06:30,28,2.41,-10100,0.0598,0.998,0.99,0.0533,1.53e-35,2.56e-27,0.237,0.0233,203,0.0494,0.000111,0.97,0.000235,2.03,393,0.354,2.04,393,0.354,2.03,360,0.353,"No issues","No issues","No issues",-28100,0.378,0.000498,7070,33.7,23800,23800,23600,"No issues",FALSE,NA
11,2026-07-24 16:20:40,2026-07-24 16:25:10,2026-07-24 16:16:40,28,11,-8130,-0.0562,0.974,0.949,0.0423,3.44e-22,2.41e-18,0.294,0.351,369,0.0525,0.00167,1.76,0.00025,2.03,393,0.353,2.07,393,0.353,2.03,367,0.352,"No issues","No issues","No issues",277000,0.983,1.79e-24,7190,34.3,21400,22200,21400,"No issues",FALSE,NA
4,2026-07-24 16:30:50,2026-07-24 16:35:20,2026-07-24 16:26:50,28,4.55,-10700,-0.0242,0.955,0.989,0.00631,4.27e-19,4.16e-27,0.688,0.193,218,0.0595,0.000919,1.04,0.000283,2.03,392,0.353,2.05,392,0.353,2.03,358,0.352,"No issues","No issues","No issues",305000,0.995,1.39e-31,4190,20,20800,21700,20800,"No issues",FALSE,NA
8,2026-07-24 16:41:00,2026-07-24 16:45:30,2026-07-24 16:37:00,28,11.6,-10900,0.00279,1,0.995,4.7e-05,5.68e-46,3.08e-31,0.972,0.0444,154,0.0799,0.000212,0.734,0.000381,2.04,388,0.355,2.07,388,0.355,2.04,354,0.354,"No issues","No issues","No issues",609000,0.999,4.59e-40,3940,18.8,19700,21600,19700,"No issues",FALSE,NA
5,2026-07-24 16:51:10,2026-07-24 16:55:40,2026-07-24 16:47:10,28,4.42,-9860,0.0394,0.997,0.998,0.0203,3.77e-35,3.8e-38,0.469,0.0442,75.6,0.0537,0.000211,0.36,0.000256,2.03,389,0.353,2.04,389,0.353,2.03,358,0.353,"No issues","No issues","No issues",-42000,0.354,0.000845,11100,53.1,20900,20900,20600,"No issues",FALSE,NA
9,2026-07-24 17:01:20,2026-07-24 17:05:50,2026-07-24 16:57:20,28,4.21,-7330,-0.0889,0.902,0.975,0.0975,1.24e-14,2.43e-22,0.106,0.272,231,0.0531,0.0013,1.1,0.000253,2.03,392,0.353,2.05,392,0.353,2.03,370,0.352,"No issues","No issues","No issues",304000,0.992,7.63e-29,5340,25.4,20000,20900,20000,"No issues",FALSE,NA
12,2026-07-24 17:11:30,2026-07-24 17:16:00,2026-07-24 17:07:30,28,17.5,-4130,-0.0286,0.998,0.986,0.00611,3.25e-38,1.42e-25,0.692,0.133,97,0.0714,0.000635,0.463,0.00034,2.05,399,0.354,2.1,399,0.354,2.05,385,0.352,"No issues","No issues","No issues",257000,1,5.74e-48,824,3.93,19000,19800,19000,"No issues",FALSE,NA
3,2026-07-24 17:21:40,2026-07-24 17:26:10,2026-07-24 17:17:40,28,3.3,-7350,-0.12,0.997,0.994,0.159,5.52e-35,8.83e-31,0.0355,0.0335,108,0.054,0.00016,0.517,0.000257,2.03,392,0.355,2.04,392,0.355,2.03,370,0.354,"No issues","No issues","No issues",74500,0.963,4.12e-20,2870,13.7,21100,21300,21100,"No issues",FALSE,NA
6,2026-07-24 17:32:00,2026-07-24 17:36:20,2026-07-24 17:27:50,27,3.88,-6670,-0.208,0.999,0.993,0.31,1.59e-37,8.86e-29,0.00257,0.0282,109,0.0622,0.000127,0.49,0.000281,2.03,391,0.355,2.05,391,0.355,2.03,371,0.354,"No issues","No issues","No issues",118000,0.994,1.68e-29,1800,8.12,19800,20200,19800,"No issues",FALSE,NA
1,2026-07-24 17:42:00,2026-07-24 17:46:30,2026-07-24 17:38:00,28,3.72,-4760,-0.122,0.993,0.986,0.179,8.96e-30,1.66e-25,0.025,0.06,113,0.0514,0.000286,0.537,0.000245,2.03,397,0.354,2.04,397,0.354,2.03,382,0.353,"No issues","No issues","No issues",187000,0.999,1.91e-38,1400,6.67,18900,19400,18900,"No issues",FALSE,NA
7,2026-07-24 17:52:10,2026-07-24 17:56:40,2026-07-24 17:48:10,28,7.8,-7670,-0.169,0.999,0.995,0.302,1.13e-40,2.7e-31,0.00248,0.0478,108,0.0506,0.000228,0.515,0.000241,2.04,392,0.355,2.06,392,0.355,2.04,366,0.353,"No issues","No issues","No issues",211000,0.98,1.29e-23,5920,28.2,19400,20100,19400,"No issues",FALSE,NA
10,2026-07-24 18:02:20,2026-07-24 18:06:50,2026-07-24 17:58:20,28,10.9,-5340,-0.156,0.987,0.981,0.449,4.94e-26,5.94e-24,9.65e-05,0.246,145,0.0339,0.00117,0.693,0.000162,2.04,396,0.355,2.08,396,0.355,2.04,379,0.354,"No issues","No issues","No issues",286000,0.99,1.62e-27,5650,26.9,19000,19800,19000,"No issues",FALSE,NA
2,2026-07-24 18:12:30,2026-07-24 18:17:00,2026-07-24 18:08:30,28,2.16,-4020,-0.048,0.994,0.902,0.183,5.47e-30,1.33e-14,0.0233,0.0342,261,0.0199,0.000163,1.24,9.49e-05,2.03,396,0.355,2.03,396,0.355,2.03,382,0.355,"No issues","No issues","No issues",173000,0.975,1.81e-22,5370,25.6,19700,20100,19700,"No issues",FALSE,NA
11,2026-07-24 18:22:40,2026-07-24 18:27:10,2026-07-24 18:18:40,28,9.26,-716,-0.116,0.99,0.35,0.263,2.61e-27,0.000919,0.00529,0.186,192,0.0381,0.000888,0.913,0.000182,2.04,402,0.355,2.06,402,0.355,2.04,398,0.354,"No issues","No issues","No issues",45900,0.993,8.09e-30,738,3.52,18700,18800,18700,"No issues",FALSE,NA
4,2026-07-24 18:33:00,2026-07-24 18:37:20,2026-07-24 18:28:50,27,5.92,-308,-0.0412,0.978,0.199,0.0454,3.36e-22,0.0197,0.286,0.178,123,0.0378,0.000804,0.557,0.00017,2.03,405,0.354,2.05,406,0.355,2.03,403,0.354,"No issues","No issues","No issues",58400,0.977,4.4e-22,1780,8.01,17900,18100,17900,"No issues",FALSE,NA
8,2026-07-24 18:43:00,2026-07-24 18:47:30,2026-07-24 18:39:00,28,11.5,1210,-0.0722,0.999,0.916,0.0475,2.16e-41,1.64e-15,0.265,0.0663,71.8,0.0634,0.000316,0.342,0.000302,2.05,411,0.356,2.08,414,0.356,2.05,411,0.355,"No issues","No issues","No issues",89100,0.994,2.34e-30,1360,6.51,17700,18000,17700,"No issues",FALSE,NA
5,2026-07-24 18:53:10,2026-07-24 18:57:40,2026-07-24 18:49:10,28,3.92,4050,0.062,0.978,0.932,0.0522,4.33e-23,1e-16,0.242,0.115,214,0.0518,0.00055,1.02,0.000247,2.04,422,0.354,2.05,434,0.354,2.04,419,0.353,"No issues","No issues","No issues",-6820,0.159,0.0356,3080,14.7,17900,17900,17800,"No issues",FALSE,NA
9,2026-07-24 19:03:20,2026-07-24 19:07:50,2026-07-24 18:59:20,28,5.33,2350,-0.147,0.928,0.824,0.452,2.32e-16,2.71e-11,8.9e-05,0.291,213,0.0318,0.00139,1.02,0.000151,2.04,415,0.354,2.06,423,0.355,2.04,415,0.354,"No issues","No issues","No issues",115000,0.981,7.54e-24,3160,15.1,17500,17800,17500,"No issues",FALSE,NA
12,2026-07-24 19:13:30,2026-07-24 19:18:00,2026-07-24 19:09:30,28,15.9,4300,-0.0508,0.999,0.986,0.134,2.72e-44,9.74e-26,0.0551,0.0706,99.6,0.0253,0.000336,0.475,0.000121,2.06,422,0.355,2.11,435,0.355,2.06,422,0.354,"No issues","No issues","No issues",22900,0.928,2.37e-16,1260,5.99,16900,17000,16900,"No issues",FALSE,NA
3,2026-07-24 19:23:40,2026-07-24 19:28:10,2026-07-24 19:19:40,28,3.37,4740,-0.0768,0.996,0.992,0.132,4.35e-33,4.32e-29,0.0578,0.0405,81.3,0.0387,0.000193,0.388,0.000185,2.04,424,0.356,2.05,439,0.356,2.04,424,0.355,"No issues","No issues","No issues",7740,0.388,0.000399,1910,9.08,18600,18700,18600,"No issues",FALSE,NA
6,2026-07-24 19:33:50,2026-07-24 19:38:20,2026-07-24 19:29:50,28,4.5,5310,-0.322,0.996,0.994,0.886,7.9e-33,2.1e-30,9.17e-14,0.0553,81,0.0227,0.000264,0.386,0.000108,2.04,426,0.356,2.05,443,0.356,2.04,426,0.355,"No issues","No issues","No issues",-70800,0.996,2.36e-32,908,4.33,17000,17000,16700,"No issues",FALSE,NA
1,2026-07-24 19:44:00,2026-07-24 19:48:30,2026-07-24 19:40:00,28,2.53,3030,-0.0754,0.93,0.965,0.116,1.67e-16,2.23e-20,0.0755,0.137,114,0.0407,0.000651,0.543,0.000194,2.08,456,0.356,2.09,465,0.356,2.08,456,0.355,"No issues","No issues","No issues",-9720,0.205,0.0156,3760,17.9,16600,16600,16500,"No issues",FALSE,NA
7,2026-07-24 19:54:10,2026-07-24 19:58:40,2026-07-24 19:50:10,28,7.78,4310,-0.00143,0.997,0.99,0.000116,7.95e-35,8.69e-28,0.957,0.0801,83.1,0.0261,0.000382,0.396,0.000124,2.05,432,0.355,2.07,445,0.355,2.05,432,0.355,"No issues","No issues","No issues",6090,0.391,0.000378,1490,7.11,16300,16300,16300,"No issues",FALSE,NA
10,2026-07-24 20:04:20,2026-07-24 20:08:50,2026-07-24 20:00:20,28,10.8,4310,-0.175,0.969,0.968,0.453,4.27e-21,6.39e-21,8.77e-05,0.38,154,0.0378,0.00181,0.736,0.00018,2.08,454,0.356,2.11,466,0.356,2.07,453,0.355,"No issues","No issues","No issues",-33700,0.974,3.55e-22,1080,5.13,16000,16000,15900,"No issues",FALSE,NA
2,2026-07-24 20:14:40,2026-07-24 20:19:00,2026-07-24 20:10:30,27,3.44,5690,0.0444,0.997,0.988,0.0659,1.56e-33,1.3e-25,0.196,0.0362,125,0.0334,0.000163,0.561,0.000151,2.09,472,0.356,2.1,489,0.356,2.09,472,0.356,"No issues","No issues","No issues",-80000,0.998,3.75e-34,794,3.58,15900,15900,15700,"No issues",FALSE,NA
11,2026-07-24 20:24:40,2026-07-24 20:29:10,2026-07-24 20:20:40,28,7.36,4760,-0.0223,0.891,0.987,0.0129,5.24e-14,5.48e-26,0.566,0.506,108,0.0383,0.00241,0.514,0.000182,2.09,482,0.356,2.12,497,0.356,2.09,482,0.356,"No issues","No issues","No issues",-32700,0.917,1.5e-15,1930,9.21,15500,15500,15400,"No issues",FALSE,NA
4,2026-07-24 20:34:50,2026-07-24 20:39:20,2026-07-24 20:30:50,28,4.82,2830,-0.135,0.991,0.957,0.219,6.94e-28,2.79e-19,0.012,0.092,118,0.0501,0.000439,0.561,0.000239,2.05,466,0.356,2.06,475,0.357,2.05,466,0.355,"No issues","No issues","No issues",30400,0.982,3.42e-24,809,3.86,15600,15700,15600,"No issues",FALSE,NA
8,2026-07-24 20:45:00,2026-07-24 20:49:30,2026-07-24 20:41:00,28,10.4,5960,-0.0919,0.999,0.995,0.25,4.08e-41,7.73e-32,0.00677,0.0615,80.1,0.0312,0.000293,0.382,0.000149,2.06,446,0.356,2.1,464,0.357,2.06,446,0.356,"No issues","No issues","No issues",46000,0.987,4.87e-26,1040,4.94,15600,15800,15600,"No issues",FALSE,NA
5,2026-07-24 20:55:10,2026-07-24 20:59:40,2026-07-24 20:51:10,28,3.43,4590,-0.112,0.987,0.985,0.178,4.55e-26,2.95e-25,0.0253,0.0771,111,0.0472,0.000367,0.529,0.000225,2.05,438,0.355,2.06,453,0.356,2.05,438,0.355,"No issues","No issues","No issues",81500,0.992,9.06e-29,1440,6.86,15800,16100,15800,"No issues",FALSE,NA
9,2026-07-24 21:05:20,2026-07-24 21:09:50,2026-07-24 21:01:20,28,5.52,4170,-0.0258,0.972,0.976,0.0253,9.24e-22,1.17e-22,0.418,0.183,127,0.0314,0.000873,0.607,0.00015,2.05,434,0.355,2.07,447,0.356,2.05,434,0.355,"No issues","No issues","No issues",26800,0.916,1.73e-15,1590,7.6,16000,16100,16000,"No issues",FALSE,NA
12,2026-07-24 21:15:30,2026-07-24 21:20:00,2026-07-24 21:11:30,28,14.4,4640,-0.038,0.999,0.989,0.0949,9.99e-41,6.89e-27,0.111,0.0879,96.9,0.023,0.000419,0.462,0.00011,2.07,444,0.356,2.11,459,0.356,2.07,444,0.356,"No issues","No issues","No issues",14400,0.915,2.09e-15,862,4.11,15900,15900,15900,"No issues",FALSE,NA
3,2026-07-24 21:25:40,2026-07-24 21:30:10,2026-07-24 21:21:40,28,2.01,4130,-0.106,0.988,0.982,0.334,1.1e-26,2.27e-24,0.00127,0.0427,108,0.0294,0.000204,0.515,0.00014,2.06,441,0.357,2.06,455,0.357,2.06,441,0.356,"No issues","No issues","No issues",28900,0.594,1.62e-06,4690,22.4,17100,17200,17100,"No issues",FALSE,NA
6,2026-07-24 21:35:50,2026-07-24 21:40:20,2026-07-24 21:31:50,28,3.58,4770,-0.14,0.995,0.989,0.482,3.59e-31,8.69e-27,4.16e-05,0.051,101,0.0285,0.000243,0.479,0.000136,2.04,423,0.356,2.05,439,0.357,2.04,423,0.356,"No issues","No issues","No issues",2420,0.0371,0.326,2420,11.5,16500,16500,16400,"No issues",FALSE,NA
1,2026-07-24 21:46:00,2026-07-24 21:50:30,2026-07-24 21:42:00,28,4.13,4040,-0.0629,0.993,0.986,0.143,3.65e-29,1.72e-25,0.0474,0.0703,95.5,0.0302,0.000335,0.455,0.000144,2.04,424,0.356,2.05,437,0.356,2.04,424,0.356,"No issues","No issues","No issues",26200,0.985,2.48e-25,630,3,16400,16500,16400,"No issues",FALSE,NA
7,2026-07-24 21:56:10,2026-07-24 22:00:40,2026-07-24 21:52:10,28,7.63,4020,-0.0785,1,0.989,0.259,5.09e-45,3.28e-27,0.00565,0.0318,81.5,0.026,0.000152,0.388,0.000124,2.04,423,0.356,2.06,436,0.356,2.04,423,0.355,"No issues","No issues","No issues",64900,0.998,3.97e-37,545,2.6,16500,16700,16500,"No issues",FALSE,NA
10,2026-07-24 22:06:20,2026-07-24 22:10:50,2026-07-24 22:02:20,28,11.1,4740,-0.138,0.898,0.936,0.471,1.98e-14,4.84e-17,5.48e-05,0.729,243,0.0287,0.00348,1.16,0.000137,2.05,428,0.356,2.09,445,0.357,2.05,428,0.356,"No issues","No issues","No issues",48200,0.993,3.6e-29,821,3.91,16500,16600,16500,"No issues",FALSE,NA
2,2026-07-24 22:16:30,2026-07-24 22:21:00,2026-07-24 22:12:30,28,1.84,4610,-0.118,0.978,0.99,0.408,5.47e-23,8.08e-28,0.000254,0.0547,88.5,0.0279,0.000261,0.422,0.000133,2.04,433,0.357,2.05,447,0.357,2.04,433,0.356,"No issues","No issues","No issues",68600,0.998,1.35e-36,603,2.88,16600,16800,16600,"No issues",FALSE,NA
11,2026-07-24 22:26:40,2026-07-24 22:31:10,2026-07-24 22:22:40,28,5.6,4590,-0.0576,0.792,0.861,0.094,2.38e-10,1.23e-12,0.113,0.563,362,0.0351,0.00268,1.73,0.000167,2.06,439,0.356,2.07,450,0.356,2.05,434,0.356,"No issues","No issues","No issues",62000,0.991,6.43e-28,1180,5.63,16700,16900,16700,"No issues",FALSE,NA
4,2026-07-24 22:36:50,2026-07-24 22:41:20,2026-07-24 22:32:50,28,4.92,3560,-0.0729,0.996,0.985,0.227,3.14e-32,4.2e-25,0.0105,0.0638,87.3,0.0264,0.000304,0.416,0.000126,2.05,435,0.356,2.07,447,0.356,2.05,435,0.356,"No issues","No issues","No issues",68900,0.996,4.01e-32,902,4.3,16700,16900,16700,"No issues",FALSE,NA
8,2026-07-24 22:47:00,2026-07-24 22:51:30,2026-07-24 22:43:00,28,9.88,5990,-0.167,0.999,0.996,0.494,1.94e-43,2.68e-33,3.07e-05,0.0474,70.7,0.0333,0.000226,0.337,0.000159,2.05,433,0.357,2.08,452,0.357,2.05,433,0.356,"No issues","No issues","No issues",68700,0.992,8.26e-29,1210,5.76,16900,17100,16900,"No issues",FALSE,NA
5,2026-07-24 22:57:10,2026-07-24 23:01:40,2026-07-24 22:53:10,28,1.32,2490,-0.102,0.531,0.631,0.306,1.09e-05,4.51e-07,0.00226,0.244,373,0.0302,0.00116,1.78,0.000144,2.05,444,0.356,2.05,448,0.356,2.05,438,0.355,"No issues","No issues","No issues",42900,0.942,1.39e-17,2090,9.97,16900,17000,16900,"No issues",FALSE,NA
9,2026-07-24 23:07:20,2026-07-24 23:11:50,2026-07-24 23:03:20,28,6.26,4950,-0.106,0.962,0.971,0.238,5.45e-20,1.42e-21,0.00849,0.244,167,0.0371,0.00116,0.796,0.000177,2.04,427,0.355,2.06,443,0.356,2.04,427,0.355,"No issues","No issues","No issues",58200,0.961,8.24e-20,2310,11,16900,17100,16900,"No issues",FALSE,NA
12,2026-07-24 23:17:30,2026-07-24 23:22:00,2026-07-24 23:13:30,28,13.2,4500,-0.0415,0.999,0.988,0.0898,9.81e-44,1.65e-26,0.121,0.0618,97.2,0.0259,0.000294,0.463,0.000124,2.05,431,0.356,2.09,444,0.356,2.05,431,0.355,"No issues","No issues","No issues",62200,0.994,4.97e-30,981,4.68,16800,17000,16800,"No issues",FALSE,NA
3,2026-07-24 23:27:40,2026-07-24 23:32:10,2026-07-24 23:23:40,28,3.09,5200,-0.206,0.997,0.995,0.699,6.72e-34,2.72e-31,2.99e-08,0.0346,73.3,0.0265,0.000165,0.35,0.000126,2.04,429,0.356,2.05,444,0.356,2.04,429,0.356,"No issues","No issues","No issues",10500,0.816,4.67e-11,980,4.67,17200,17200,17200,"No issues",FALSE,NA
6,2026-07-24 23:37:50,2026-07-24 23:42:20,2026-07-24 23:33:50,28,3.2,4650,-0.191,0.996,0.991,0.622,1.41e-32,6.66e-28,6.24e-07,0.0403,88.6,0.0293,0.000192,0.422,0.00014,2.04,428,0.357,2.05,442,0.357,2.04,428,0.356,"No issues","No issues","No issues",61300,0.986,1.57e-25,1450,6.9,16900,17100,16900,"No issues",FALSE,NA
1,2026-07-24 23:48:00,2026-07-24 23:52:30,2026-07-24 23:44:00,28,4.91,4670,-0.0414,0.995,0.992,0.0381,5.36e-32,1.18e-28,0.32,0.065,83.3,0.0408,0.00031,0.397,0.000195,2.04,426,0.356,2.05,440,0.356,2.04,426,0.355,"No issues","No issues","No issues",-3610,0.314,0.00192,1040,4.98,16900,16900,16900,"No issues",FALSE,NA
7,2026-07-24 23:58:10,2026-07-25 00:02:40,2026-07-24 23:54:10,28,7.32,3830,-0.0361,0.994,0.982,0.0332,5.74e-30,3.26e-24,0.353,0.116,102,0.0382,0.000553,0.484,0.000182,2.07,457,0.356,2.1,470,0.356,2.07,457,0.356,"No issues","No issues","No issues",52400,0.996,1.15e-32,654,3.12,16900,17100,16900,"No issues",FALSE,NA
10,2026-07-25 00:08:20,2026-07-25 00:12:50,2026-07-25 00:04:20,28,9.25,4450,-0.116,0.94,0.979,0.605,1.95e-17,2.88e-23,1.1e-06,0.457,129,0.0184,0.00218,0.614,8.75e-05,2.1,479,0.357,2.13,493,0.357,2.1,479,0.357,"No issues","No issues","No issues",12200,0.912,3.01e-15,745,3.55,17000,17100,17000,"No issues",FALSE,NA
2,2026-07-25 00:18:30,2026-07-25 00:23:00,2026-07-25 00:14:30,28,1.63,5110,-0.0555,0.95,0.992,0.128,2.14e-18,1.59e-28,0.0619,0.0738,92.2,0.0284,0.000352,0.44,0.000136,2.07,472,0.357,2.07,488,0.357,2.07,472,0.356,"No issues","No issues","No issues",16600,0.989,4.42e-27,341,1.63,16900,16900,16900,"No issues",FALSE,NA
11,2026-07-25 00:28:40,2026-07-25 00:33:10,2026-07-25 00:24:40,28,5.93,5360,-0.068,0.983,0.991,0.139,1.4e-24,6.42e-28,0.0511,0.152,102,0.0333,0.000726,0.486,0.000159,2.08,487,0.357,2.1,504,0.357,2.08,487,0.357,"No issues","No issues","No issues",-23600,0.988,1.38e-26,507,2.42,16900,16900,16800,"No issues",FALSE,NA
4,2026-07-25 00:38:50,2026-07-25 00:43:20,2026-07-25 00:34:50,28,4.81,3740,0.0149,0.984,0.983,0.0105,8.36e-25,1.52e-24,0.604,0.121,96.5,0.0284,0.000577,0.46,0.000135,2.07,484,0.357,2.09,495,0.357,2.07,484,0.356,"No issues","No issues","No issues",42100,0.946,5.28e-18,1970,9.39,16900,17100,16900,"No issues",FALSE,NA
8,2026-07-25 00:49:00,2026-07-25 00:53:30,2026-07-25 00:45:00,28,8.76,5950,-0.117,0.998,0.991,0.461,2.68e-37,4.85e-28,7.04e-05,0.0724,112,0.0247,0.000345,0.535,0.000118,2.1,516,0.357,2.13,535,0.358,2.1,516,0.357,"No issues","No issues","No issues",51000,0.996,2.66e-33,601,2.87,17200,17400,17200,"No issues",FALSE,NA
5,2026-07-25 00:59:10,2026-07-25 01:03:40,2026-07-25 00:55:10,28,2.46,3500,-0.103,0.978,0.941,0.343,4.69e-23,1.78e-17,0.00105,0.0725,172,0.028,0.000346,0.822,0.000134,2.06,515,0.357,2.07,527,0.357,2.06,514,0.357,"No issues","No issues","No issues",37400,0.993,1e-29,606,2.89,17000,17200,17000,"No issues",FALSE,NA
9,2026-07-25 01:09:20,2026-07-25 01:13:50,2026-07-25 01:05:20,28,5.12,4740,-0.104,0.945,0.966,0.466,6.93e-18,1.37e-20,6.33e-05,0.243,175,0.0218,0.00116,0.834,0.000104,2.05,445,0.356,2.06,459,0.356,2.05,445,0.356,"No issues","No issues","No issues",64600,0.988,1.65e-26,1400,6.66,17100,17300,17100,"No issues",FALSE,NA
12,2026-07-25 01:19:30,2026-07-25 01:24:00,2026-07-25 01:15:30,28,13.3,4740,-0.018,0.999,0.991,0.0244,2.76e-43,5.49e-28,0.427,0.0649,89.7,0.0223,0.000309,0.428,0.000106,2.06,475,0.356,2.11,489,0.356,2.06,475,0.356,"No issues","No issues","No issues",77800,0.993,3.1e-29,1320,6.28,17200,17500,17200,"No issues",FALSE,NA
3,2026-07-25 01:29:40,2026-07-25 01:34:10,2026-07-25 01:25:40,28,2.93,4840,-0.147,0.98,0.994,0.654,9.34e-24,7.33e-31,1.95e-07,0.0811,70.8,0.021,0.000386,0.338,1e-04,2.05,450,0.357,2.06,465,0.357,2.05,450,0.356,"No issues","No issues","No issues",58400,0.988,1.6e-26,1260,6.01,17100,17300,17100,"No issues",FALSE,NA
6,2026-07-25 01:39:50,2026-07-25 01:44:20,2026-07-25 01:35:50,28,4.1,4670,-0.18,0.994,0.991,0.607,8.38e-31,2.74e-28,1.04e-06,0.0604,86.1,0.0284,0.000288,0.41,0.000135,2.05,451,0.357,2.06,466,0.357,2.05,451,0.356,"No issues","No issues","No issues",53800,0.997,1.13e-33,614,2.93,17000,17200,17000,"No issues",FALSE,NA
1,2026-07-25 01:50:00,2026-07-25 01:54:30,2026-07-25 01:46:00,28,5.08,4170,-0.0205,0.996,0.988,0.0249,2.47e-32,2.35e-26,0.423,0.0653,91.3,0.0251,0.000311,0.435,0.00012,2.05,437,0.356,2.07,449,0.356,2.05,436,0.356,"No issues","No issues","No issues",32000,0.986,8.02e-26,735,3.51,17000,17100,17000,"No issues",FALSE,NA
7,2026-07-25 02:00:10,2026-07-25 02:04:40,2026-07-25 01:56:10,28,8.71,4310,-0.0588,0.992,0.987,0.148,1.19e-28,6.38e-26,0.0431,0.155,98.1,0.0276,0.000741,0.468,0.000132,2.07,445,0.357,2.1,459,0.357,2.07,445,0.356,"No issues","No issues","No issues",62100,0.989,6.01e-27,1290,6.15,17100,17300,17100,"No issues",FALSE,NA
10,2026-07-25 02:10:20,2026-07-25 02:14:50,2026-07-25 02:06:20,28,13.8,4480,-0.081,0.923,0.96,0.27,5.69e-16,1.15e-19,0.00461,0.781,180,0.0261,0.00373,0.858,0.000125,2.07,462,0.357,2.12,477,0.357,2.07,462,0.357,"No issues","No issues","No issues",24400,0.982,4.38e-24,656,3.12,17200,17300,17200,"No issues",FALSE,NA
2,2026-07-25 02:20:30,2026-07-25 02:25:00,2026-07-25 02:16:30,28,5.81,6900,-0.112,0.965,0.993,0.379,2.15e-20,2.84e-29,0.00049,0.218,116,0.028,0.00104,0.555,0.000134,2.11,486,0.357,2.12,508,0.358,2.11,486,0.357,"No issues","No issues","No issues",25600,0.968,6.33e-21,916,4.37,17100,17100,17100,"No issues",FALSE,NA
11,2026-07-25 02:30:40,2026-07-25 02:35:10,2026-07-25 02:26:40,28,29.4,7190,-0.043,0.977,0.972,0.183,1.02e-22,1.19e-21,0.023,0.894,241,0.0178,0.00426,1.15,8.49e-05,2.14,493,0.357,2.23,515,0.357,2.14,493,0.357,"No issues","No issues","No issues",13000,0.9,1.68e-14,849,4.05,17100,17100,17100,"No issues",FALSE,NA
4,2026-07-25 02:40:50,2026-07-25 02:45:20,2026-07-25 02:36:50,28,6.2,2500,-0.0435,0.997,0.96,0.0732,1.06e-34,9.55e-20,0.164,0.0645,99.7,0.0304,0.000308,0.475,0.000145,2.07,456,0.356,2.09,464,0.357,2.07,456,0.356,"No issues","No issues","No issues",64400,0.992,4.32e-29,1100,5.27,17100,17300,17100,"No issues",FALSE,NA
8,2026-07-25 02:51:00,2026-07-25 02:55:30,2026-07-25 02:47:00,28,24.6,7370,-0.142,0.999,0.997,0.408,1.71e-39,1.67e-34,0.000257,0.167,78.1,0.0335,0.000798,0.373,0.00016,2.07,441,0.357,2.15,464,0.357,2.07,441,0.356,"No issues","No issues","No issues",72100,0.97,3.02e-21,2510,11.9,17200,17400,17200,"No issues",FALSE,NA
5,2026-07-25 03:01:10,2026-07-25 03:05:40,2026-07-25 02:57:10,28,7.83,6840,-0.0186,0.992,0.956,0.0198,7.35e-29,3.4e-19,0.475,0.137,287,0.0256,0.000653,1.37,0.000122,2.06,475,0.356,2.09,495,0.357,2.06,474,0.356,"No issues","No issues","No issues",-9470,0.668,1.11e-07,1310,6.24,17100,17100,17100,"No issues",FALSE,NA
9,2026-07-25 03:11:20,2026-07-25 03:15:50,2026-07-25 03:07:20,28,8.71,3390,-0.0807,0.946,0.958,0.327,4.99e-18,2.22e-19,0.00146,0.407,140,0.0227,0.00194,0.667,0.000108,2.05,458,0.356,2.08,469,0.356,2.05,458,0.356,"No issues","No issues","No issues",59300,0.989,9.52e-27,1250,5.98,17200,17400,17200,"No issues",FALSE,NA
12,2026-07-25 03:21:30,2026-07-25 03:26:00,2026-07-25 03:17:30,28,35,3970,-0.0071,0.999,0.989,0.00448,1.53e-42,4.79e-27,0.735,0.182,81.8,0.0208,0.000868,0.39,9.9e-05,2.09,446,0.356,2.2,458,0.356,2.09,446,0.356,"No issues","No issues","No issues",21900,0.991,4.84e-28,413,1.97,17100,17200,17100,"No issues",FALSE,NA
3,2026-07-25 03:31:40,2026-07-25 03:36:10,2026-07-25 03:27:40,28,4.48,4110,-0.054,0.998,0.986,0.166,3.52e-37,8.86e-26,0.0316,0.0375,94.8,0.0237,0.000179,0.452,0.000113,2.06,466,0.357,2.07,479,0.357,2.06,466,0.356,"No issues","No issues","No issues",52200,0.992,3.91e-29,893,4.26,17100,17300,17100,"No issues",FALSE,NA
6,2026-07-25 03:42:00,2026-07-25 03:46:20,2026-07-25 03:37:50,27,6.29,4280,-0.126,0.998,0.994,0.447,6.31e-35,5.14e-29,0.000139,0.0581,68.2,0.0281,0.000262,0.308,0.000127,2.04,453,0.357,2.06,466,0.357,2.04,453,0.356,"No issues","No issues","No issues",25700,0.995,8.28e-31,347,1.56,17300,17300,17300,"No issues",FALSE,NA
1,2026-07-25 03:52:00,2026-07-25 03:56:30,2026-07-25 03:48:00,28,5.63,3170,-0.0136,0.994,0.982,0.00591,1.34e-30,4.55e-24,0.697,0.0844,85.3,0.0346,0.000402,0.407,0.000165,2.06,468,0.357,2.08,478,0.357,2.06,468,0.356,"No issues","No issues","No issues",16100,0.972,1.06e-21,535,2.55,17300,17400,17300,"No issues",FALSE,NA
7,2026-07-25 04:02:10,2026-07-25 04:06:40,2026-07-25 03:58:10,28,11.4,4680,-0.0594,1,0.993,0.155,2.07e-46,1.85e-29,0.0382,0.0419,77.6,0.0272,2e-04,0.37,0.00013,2.05,442,0.357,2.09,457,0.357,2.05,442,0.356,"No issues","No issues","No issues",54900,0.993,1.19e-29,895,4.27,17300,17500,17300,"No issues",FALSE,NA
10,2026-07-25 04:12:20,2026-07-25 04:16:50,2026-07-25 04:08:20,28,13.2,4510,-0.142,0.922,0.958,0.398,6.3e-16,1.72e-19,0.000321,0.751,184,0.0344,0.00358,0.878,0.000164,2.07,459,0.358,2.11,473,0.358,2.07,459,0.357,"No issues","No issues","No issues",31200,0.989,3.53e-27,634,3.02,17200,17300,17200,"No issues",FALSE,NA
2,2026-07-25 04:22:30,2026-07-25 04:27:00,2026-07-25 04:18:30,28,3.39,5220,-0.0277,0.999,0.994,0.0204,1.29e-38,4.51e-30,0.469,0.025,82,0.0377,0.000119,0.391,0.00018,2.05,463,0.357,2.06,479,0.358,2.05,463,0.357,"No issues","No issues","No issues",-9020,0.685,5.48e-08,1200,5.71,17000,17000,17000,"No issues",FALSE,NA
11,2026-07-25 04:32:40,2026-07-25 04:37:10,2026-07-25 04:28:40,28,17,6200,-0.0524,0.998,0.998,0.204,7.57e-37,2.25e-35,0.0159,0.146,60.8,0.0203,0.000698,0.29,9.68e-05,2.09,471,0.357,2.14,490,0.357,2.09,471,0.357,"No issues","No issues","No issues",-25500,0.925,3.63e-16,1420,6.76,16900,16900,16900,"No issues",FALSE,NA
4,2026-07-25 04:42:50,2026-07-25 04:47:20,2026-07-25 04:38:50,28,6.28,3390,-0.0286,0.977,0.974,0.0272,7.51e-23,4.71e-22,0.402,0.189,109,0.0336,0.000899,0.522,0.00016,2.07,465,0.357,2.09,476,0.357,2.07,465,0.357,"No issues","No issues","No issues",34700,0.927,2.87e-16,1920,9.14,17000,17100,17000,"No issues",FALSE,NA
8,2026-07-25 04:53:00,2026-07-25 04:57:30,2026-07-25 04:49:00,28,17.2,6720,-0.0778,1,0.996,0.178,3.05e-45,1.24e-32,0.0254,0.0705,84.1,0.0328,0.000336,0.401,0.000156,2.07,466,0.358,2.13,488,0.358,2.07,466,0.357,"No issues","No issues","No issues",32400,0.98,1.38e-23,911,4.34,17100,17200,17100,"No issues",FALSE,NA
5,2026-07-25 05:03:10,2026-07-25 05:07:40,2026-07-25 04:59:10,28,6.22,5060,NA,0.998,0.993,NA,2.23e-36,2.58e-29,NA,0.0558,85.1,NA,0.000266,0.406,NA,2.07,468,NA,2.09,484,NA,2.07,468,NA,"No issues","No issues","No issues",1860,0.0811,0.142,1230,5.85,16600,16600,16600,"No issues",FALSE,NA
9,2026-07-25 05:13:20,2026-07-25 05:17:50,2026-07-25 05:09:20,28,6.85,4250,-0.0521,0.966,0.975,0.113,1.29e-20,2.67e-22,0.0802,0.252,134,0.0286,0.0012,0.639,0.000136,2.08,471,0.357,2.1,485,0.357,2.08,471,0.357,"No issues","No issues","No issues",81300,0.983,2.24e-24,2130,10.1,16900,17100,16900,"No issues",FALSE,NA
12,2026-07-25 05:23:30,2026-07-25 05:28:00,2026-07-25 05:19:30,28,31.4,4730,-0.0186,1,0.993,0.0284,3.83e-48,1.29e-29,0.392,0.0994,77.4,0.0213,0.000474,0.369,0.000102,2.11,481,0.357,2.21,495,0.357,2.11,480,0.357,"No issues","No issues","No issues",54900,0.979,2.54e-23,1580,7.53,17000,17200,17000,"No issues",FALSE,NA
3,2026-07-25 05:33:40,2026-07-25 05:38:10,2026-07-25 05:29:40,28,3.91,4220,0.00222,0.999,0.994,0.000291,2.13e-40,5.3e-30,0.931,0.0245,66.8,0.0255,0.000117,0.318,0.000121,2.08,480,0.357,2.1,492,0.358,2.08,480,0.357,"No issues","No issues","No issues",55500,0.99,1.25e-27,1080,5.17,17200,17300,17200,"No issues",FALSE,NA
6,2026-07-25 05:43:50,2026-07-25 05:48:20,2026-07-25 05:39:50,28,5.21,4210,-0.0865,0.999,0.988,0.325,1.89e-42,2.06e-26,0.00153,0.0273,91.6,0.0244,0.00013,0.437,0.000116,2.07,476,0.358,2.09,489,0.358,2.07,476,0.357,"No issues","No issues","No issues",52400,0.986,1.31e-25,1230,5.85,17400,17600,17400,"No issues",FALSE,NA
1,2026-07-25 05:54:00,2026-07-25 05:58:30,2026-07-25 05:50:00,28,5.18,2430,-0.0481,0.992,0.954,0.111,5.03e-29,6.73e-19,0.0828,0.0893,105,0.0267,0.000426,0.499,0.000127,2.07,473,0.358,2.09,481,0.358,2.07,473,0.357,"No issues","No issues","No issues",65000,0.995,6.5e-32,867,4.13,17400,17600,17400,"No issues",FALSE,NA
7,2026-07-25 06:04:10,2026-07-25 06:08:40,2026-07-25 06:00:10,28,9.84,2250,0.0193,0.999,0.978,0.026,1.05e-41,5.89e-23,0.413,0.0551,67,0.0232,0.000263,0.319,0.00011,2.1,480,0.358,2.13,488,0.358,2.1,480,0.358,"No issues","No issues","No issues",75500,0.988,1.33e-26,1620,7.71,17700,17900,17700,"No issues",FALSE,NA
10,2026-07-25 06:14:20,2026-07-25 06:18:50,2026-07-25 06:10:20,28,11.6,2100,NA,0.943,0.858,NA,1.08e-17,1.59e-12,NA,0.561,168,NA,0.00267,0.801,NA,2.11,478,NA,2.15,486,NA,2.11,478,NA,"No issues","No issues","No issues",74000,0.996,1.53e-32,934,4.45,17700,17900,17700,"No issues",FALSE,NA
2,2026-07-25 06:24:30,2026-07-25 06:29:00,2026-07-25 06:20:30,28,3.04,1990,-0.019,0.998,0.963,0.0223,7.74e-37,3.41e-20,0.448,0.0262,76,0.0246,0.000125,0.362,0.000118,2.09,471,0.358,2.1,477,0.359,2.09,471,0.358,"No issues","No issues","No issues",76700,0.989,8.66e-27,1620,7.71,17700,17900,17700,"No issues",FALSE,NA
11,2026-07-25 06:34:40,2026-07-25 06:39:10,2026-07-25 06:30:40,28,13.2,1610,-0.0191,0.998,0.933,0.012,3.26e-37,8.83e-17,0.579,0.11,84.6,0.034,0.000524,0.403,0.000162,2.12,478,0.358,2.16,482,0.359,2.12,477,0.358,"No issues","No issues","No issues",91900,0.994,8.85e-31,1360,6.46,17800,18100,17800,"No issues",FALSE,NA
4,2026-07-25 06:44:50,2026-07-25 06:49:20,2026-07-25 06:40:50,28,5.31,145,-0.0427,0.985,0.103,0.0938,3.27e-25,0.0959,0.113,0.129,83.8,0.026,0.000615,0.399,0.000124,2.11,470,0.358,2.12,471,0.358,2.11,469,0.358,"No issues","No issues","No issues",36900,0.972,9.81e-22,1230,5.85,18000,18100,18000,"No issues",FALSE,NA
8,2026-07-25 06:55:00,2026-07-25 06:59:30,2026-07-25 06:51:00,28,13.7,294,-0.0164,1,0.229,0.0316,6.79e-46,0.0099,0.366,0.0527,106,0.0178,0.000251,0.503,8.49e-05,2.12,467,0.358,2.17,470,0.358,2.12,467,0.358,"No issues","No issues","No issues",121000,0.993,1.68e-29,2010,9.58,18100,18500,18100,"No issues",FALSE,NA
5,2026-07-25 07:05:10,2026-07-25 07:09:40,2026-07-25 07:01:10,28,5.39,-3110,-0.0696,0.984,0.728,0.348,8.22e-25,8.16e-09,0.000951,0.136,373,0.0187,0.000647,1.78,8.91e-05,2.13,469,0.358,2.14,470,0.358,2.13,460,0.357,"No issues","No issues","No issues",75400,0.987,3.08e-26,1670,7.96,18000,18200,18000,"No issues",FALSE,NA
9,2026-07-25 07:15:20,2026-07-25 07:19:50,2026-07-25 07:11:20,28,6.28,-2130,-0.0349,0.873,0.725,0.0491,3.58e-13,9.13e-09,0.257,0.469,257,0.0302,0.00224,1.23,0.000144,2.14,456,0.357,2.16,457,0.358,2.14,449,0.357,"No issues","No issues","No issues",117000,0.991,1.92e-28,2120,10.1,18400,18800,18400,"No issues",FALSE,NA
12,2026-07-25 07:25:30,2026-07-25 07:30:00,2026-07-25 07:21:30,28,27.6,-1460,-0.0212,1,0.935,0.0213,2.58e-46,5.96e-17,0.459,0.103,75.6,0.0282,0.000489,0.36,0.000134,2.16,451,0.357,2.25,452,0.358,2.16,447,0.357,"No issues","No issues","No issues",95400,0.979,3.01e-23,2760,13.2,18600,18900,18600,"No issues",FALSE,NA
3,2026-07-25 07:35:40,2026-07-25 07:40:10,2026-07-25 07:31:40,28,3.29,-3260,-0.126,0.999,0.977,0.364,2.85e-38,8.93e-23,0.000679,0.0249,98.7,0.0326,0.000119,0.47,0.000155,2.12,446,0.358,2.13,446,0.358,2.12,436,0.357,"No issues","No issues","No issues",136000,0.993,2.19e-29,2270,10.8,18800,19200,18800,"No issues",FALSE,NA
6,2026-07-25 07:45:50,2026-07-25 07:50:20,2026-07-25 07:41:50,28,4.34,-4900,-0.147,0.998,0.993,0.367,4.11e-38,9.04e-30,0.000631,0.0334,79,0.0379,0.000159,0.377,0.000181,2.11,442,0.358,2.12,442,0.358,2.11,427,0.357,"No issues","No issues","No issues",142000,0.999,3.03e-40,903,4.31,19000,19400,19000,"No issues",FALSE,NA
1,2026-07-25 07:56:00,2026-07-25 08:00:30,2026-07-25 07:52:00,28,4.35,-6590,-0.0952,0.995,0.993,0.201,9.61e-32,3.28e-29,0.0167,0.0589,112,0.0372,0.000281,0.533,0.000178,2.11,435,0.358,2.12,437,0.358,2.11,416,0.357,"No issues","No issues","No issues",137000,0.999,7.03e-43,691,3.3,19300,19700,19300,"No issues",FALSE,NA
7,2026-07-25 08:06:10,2026-07-25 08:10:40,2026-07-25 08:02:10,28,9.01,-7840,-0.0536,0.999,0.998,0.0934,1.08e-39,8.76e-36,0.114,0.0602,74.2,0.0327,0.000287,0.354,0.000156,2.08,424,0.358,2.11,424,0.358,2.08,400,0.357,"No issues","No issues","No issues",104000,0.994,2.79e-30,1600,7.63,19300,19700,19300,"No issues",FALSE,NA
10,2026-07-25 08:16:20,2026-07-25 08:20:50,2026-07-25 08:12:20,28,11.6,-6260,-0.0636,0.973,0.988,0.222,6.55e-22,1.59e-26,0.0114,0.379,135,0.0234,0.0018,0.644,0.000111,2.08,422,0.358,2.11,422,0.358,2.08,401,0.357,"No issues","No issues","No issues",152000,0.994,2.64e-30,2340,11.1,19100,19600,19100,"No issues",FALSE,NA
2,2026-07-25 08:26:40,2026-07-25 08:31:00,2026-07-25 08:22:30,27,2.1,-11100,-0.0119,0.99,0.996,0.00458,9.16e-27,1.35e-31,0.737,0.0413,140,0.0351,0.000186,0.629,0.000158,2.06,411,0.358,2.07,411,0.358,2.06,377,0.357,"No issues","No issues","No issues",253000,1,3.62e-43,1090,4.93,19300,20000,19300,"No issues",FALSE,NA
11,2026-07-25 08:36:40,2026-07-25 08:41:10,2026-07-25 08:32:40,28,13.8,-12200,-0.112,0.952,0.958,0.321,1.26e-18,2.11e-19,0.00166,0.612,503,0.0318,0.00292,2.4,0.000152,2.08,402,0.358,2.12,402,0.358,2.08,362,0.357,"No issues","No issues","No issues",288000,0.999,2.48e-38,2170,10.3,20200,21000,20200,"No issues",FALSE,NA
4,2026-07-25 08:47:00,2026-07-25 08:51:20,2026-07-25 08:42:50,27,3.97,-19200,-0.0242,0.996,0.999,0.0268,3.19e-32,3.54e-40,0.414,0.047,109,0.0291,0.000212,0.491,0.000131,2.06,393,0.357,2.07,393,0.357,2.06,335,0.357,"No issues","No issues","No issues",168000,0.995,2.15e-30,2360,10.6,20700,21200,20700,"No issues",FALSE,NA
8,2026-07-25 08:57:00,2026-07-25 09:01:30,2026-07-25 08:53:00,28,11.9,-17700,-0.0372,0.999,0.998,0.0666,3.26e-41,6.58e-38,0.185,0.0693,139,0.0273,0.00033,0.661,0.00013,2.06,392,0.358,2.1,392,0.358,2.06,337,0.358,"No issues","No issues","No issues",486000,0.961,7.08e-20,19100,91.3,21100,22500,21100,"No issues",FALSE,NA
5,2026-07-25 09:07:10,2026-07-25 09:11:40,2026-07-25 09:03:10,28,-0.885,-25300,-0.0972,0.014,0.876,0.231,0.548,2.76e-13,0.0097,1.45,1870,0.0348,0.00694,8.9,0.000166,2.08,418,0.357,2.08,418,0.357,2.05,335,0.356,"No issues","No issues","No issues",157000,0.984,9.94e-25,3980,19,22000,22500,22000,"No issues",FALSE,NA
9,2026-07-25 09:17:20,2026-07-25 09:21:50,2026-07-25 09:13:20,28,3.65,-19400,-0.135,0.975,0.992,0.315,2.01e-22,6.95e-29,0.00189,0.114,339,0.0392,0.000544,1.62,0.000187,2.05,376,0.356,2.06,377,0.357,2.05,318,0.356,"No issues","No issues","No issues",268000,0.999,2.72e-43,1300,6.21,21900,22700,21900,"No issues",FALSE,NA
12,2026-07-25 09:27:30,2026-07-25 09:32:00,2026-07-25 09:23:30,28,25.1,-11000,0.014,1,0.996,0.00832,1.13e-45,1.31e-32,0.644,0.0988,137,0.03,0.000471,0.655,0.000143,2.07,392,0.356,2.14,392,0.357,2.07,356,0.356,"No issues","No issues","No issues",252000,0.952,1.05e-18,11100,52.8,22100,22900,22100,"No issues",FALSE,NA
3,2026-07-25 09:37:40,2026-07-25 09:42:10,2026-07-25 09:33:40,28,3.15,-17000,0.0515,0.998,0.998,0.0456,1.44e-35,5.61e-36,0.275,0.0303,158,0.0462,0.000145,0.752,0.00022,2.04,383,0.357,2.05,383,0.357,2.04,330,0.356,"No issues","No issues","No issues",341000,0.976,1.25e-22,10400,49.7,21900,22900,21900,"No issues",FALSE,NA
6,2026-07-25 09:47:50,2026-07-25 09:52:20,2026-07-25 09:43:50,28,3.43,-20900,-0.192,0.995,0.996,0.544,7.42e-32,2.21e-32,7.52e-06,0.046,267,0.0345,0.000219,1.27,0.000165,2.04,378,0.357,2.05,378,0.357,2.04,313,0.356,"No issues","No issues","No issues",134000,0.819,3.74e-11,12400,58.9,21700,22200,21700,"No issues",FALSE,NA
1,2026-07-25 09:58:00,2026-07-25 10:02:30,2026-07-25 09:54:00,28,4.32,-16100,0.025,0.956,0.996,0.0175,4.02e-19,1.9e-32,0.502,0.183,205,0.0366,0.00087,0.976,0.000175,2.04,386,0.357,2.06,386,0.357,2.04,336,0.356,"No issues","No issues","No issues",288000,0.977,7.05e-23,8640,41.2,21700,22700,21700,"No issues",FALSE,NA
7,2026-07-25 10:08:10,2026-07-25 10:12:40,2026-07-25 10:04:10,28,7.09,-22300,-0.00735,1,0.999,0.000575,5.1e-45,7.72e-40,0.904,0.0296,147,0.06,0.000141,0.702,0.000286,2.05,381,0.357,2.07,381,0.357,2.05,312,0.356,"No issues","No issues","No issues",428000,0.962,5.94e-20,16800,79.9,21900,23300,21900,"No issues",FALSE,NA
10,2026-07-25 10:18:20,2026-07-25 10:22:50,2026-07-25 10:14:20,28,9.75,-13000,-0.277,0.987,0.997,0.611,3.85e-26,4.08e-34,8.93e-07,0.218,142,0.0434,0.00104,0.679,0.000207,2.06,392,0.358,2.09,392,0.358,2.06,350,0.356,"No issues","No issues","No issues",286000,0.932,1.15e-16,15200,72.5,22300,23300,22300,"No issues",FALSE,NA
2,2026-07-25 10:28:30,2026-07-25 10:33:00,2026-07-25 10:24:30,28,3,-16300,0.262,0.997,0.987,0.508,1.63e-34,5.8e-26,2.09e-05,0.0318,371,0.0506,0.000151,1.77,0.000241,2.04,387,0.358,2.05,387,0.359,2.04,336,0.358,"No issues","No issues","No issues",524000,0.991,2.62e-28,9640,46,23400,25100,23400,"No issues",FALSE,NA
11,2026-07-25 10:38:50,2026-07-25 10:43:10,2026-07-25 10:34:40,27,9.88,-15100,-0.298,0.994,0.976,0.61,9.02e-30,1.07e-21,1.53e-06,0.147,475,0.0476,0.000663,2.14,0.000215,2.05,377,0.357,2.07,377,0.357,2.04,328,0.356,"No issues","No issues","No issues",140000,0.906,2.47e-14,9010,40.6,25300,25800,25300,"No issues",FALSE,NA
4,2026-07-25 10:48:50,2026-07-25 10:53:20,2026-07-25 10:44:50,28,5.43,-15900,-0.161,0.999,0.997,0.305,2.77e-38,5.43e-34,0.00232,0.0411,176,0.0477,0.000196,0.839,0.000227,2.04,389,0.356,2.06,389,0.356,2.04,340,0.355,"No issues","No issues","No issues",130000,0.981,8.77e-24,3590,17.1,25500,25900,25500,"No issues",FALSE,NA
8,2026-07-25 10:59:00,2026-07-25 11:03:30,2026-07-25 10:55:00,28,11.1,-16500,0.283,0.999,0.993,0.597,1.1e-43,1.01e-29,1.46e-06,0.052,267,0.0456,0.000248,1.27,0.000217,2.05,389,0.358,2.09,389,0.36,2.05,337,0.358,"No issues","No issues","No issues",1170000,0.972,1.25e-21,39200,187,25400,28900,25400,"No issues",FALSE,NA
5,2026-07-25 11:09:10,2026-07-25 11:13:40,2026-07-25 11:05:10,28,4.82,-14700,-0.187,0.991,0.977,0.362,7.75e-28,6.74e-23,0.000713,0.0924,439,0.0488,0.00044,2.09,0.000232,2.04,396,0.356,2.06,396,0.356,2.04,345,0.355,"No issues","No issues","No issues",134000,0.997,9.84e-34,1520,7.23,27900,28300,27900,"No issues",FALSE,NA
9,2026-07-25 11:19:20,2026-07-25 11:23:50,2026-07-25 11:15:20,28,5.44,-13200,-0.064,0.992,0.986,0.0609,1.2e-28,1.23e-25,0.205,0.0971,308,0.0493,0.000463,1.47,0.000235,2.05,388,0.355,2.06,388,0.356,2.05,348,0.355,"No issues","No issues","No issues",416000,0.961,7.56e-20,16400,78.2,29400,30500,29300,"No issues",FALSE,NA
12,2026-07-25 11:29:30,2026-07-25 11:34:00,2026-07-25 11:25:30,28,23.6,-11500,0.215,1,0.996,0.484,5.92e-49,8.24e-33,3.91e-05,0.0695,142,0.0435,0.000331,0.676,0.000207,2.07,398,0.355,2.15,398,0.357,2.07,361,0.355,"No issues","No issues","No issues",802000,0.993,1.52e-29,13200,63,28300,30700,28300,"No issues",FALSE,NA
3,2026-07-25 11:39:40,2026-07-25 11:44:10,2026-07-25 11:35:40,28,4.08,-15900,-0.289,0.999,0.998,0.516,1.36e-39,1.31e-37,1.67e-05,0.0275,128,0.0549,0.000131,0.611,0.000262,2.05,389,0.357,2.06,389,0.357,2.05,340,0.356,"No issues","No issues","No issues",18500,0.608,1.02e-06,2920,13.9,28200,28300,28200,"No issues",FALSE,NA
6,2026-07-25 11:49:50,2026-07-25 11:54:20,2026-07-25 11:45:50,28,4.25,-18000,-0.437,0.996,0.996,0.708,2.81e-32,6.5e-33,2.03e-08,0.0548,220,0.055,0.000261,1.05,0.000262,2.05,390,0.357,2.06,390,0.357,2.05,334,0.355,"No issues","No issues","No issues",209000,0.956,3.37e-19,8760,41.7,27900,28500,27900,"No issues",FALSE,NA
1,2026-07-25 12:00:00,2026-07-25 12:04:30,2026-07-25 11:56:00,28,4.77,-11100,0.0103,0.981,0.987,0.000985,6.21e-24,3.81e-26,0.874,0.13,249,0.0644,0.000619,1.19,0.000307,2.05,398,0.355,2.06,398,0.356,2.05,364,0.354,"No issues","No issues","No issues",394000,0.962,5.68e-20,15400,73.3,28400,29500,28400,"No issues",FALSE,NA
7,2026-07-25 12:10:10,2026-07-25 12:14:40,2026-07-25 12:06:10,28,8.37,-14300,-0.14,0.999,0.996,0.115,8.31e-40,1.25e-32,0.0774,0.0554,179,0.0759,0.000264,0.852,0.000362,2.05,393,0.356,2.08,393,0.356,2.05,348,0.355,"No issues","No issues","No issues",664000,0.98,1.24e-23,18600,88.6,28300,30200,28300,"No issues",FALSE,NA
10,2026-07-25 12:20:20,2026-07-25 12:24:50,2026-07-25 12:16:20,28,12.2,-9770,-0.388,0.978,0.988,0.628,4.81e-23,1.55e-26,5.05e-07,0.361,211,0.0585,0.00172,1,0.000279,2.05,403,0.356,2.09,403,0.356,2.05,373,0.354,"No issues","No issues","No issues",290000,0.99,2.76e-27,5850,27.9,27900,28700,27900,"No issues",FALSE,NA
2,2026-07-25 12:30:40,2026-07-25 12:35:00,2026-07-25 12:26:30,27,2.94,-13300,-0.0521,0.995,0.994,0.0263,4.6e-30,3.93e-29,0.419,0.0426,209,0.0634,0.000192,0.943,0.000286,2.04,394,0.356,2.05,394,0.356,2.04,354,0.355,"No issues","No issues","No issues",-163000,0.95,8.56e-18,7480,33.7,29500,29500,29100,"No issues",FALSE,NA
11,2026-07-25 12:40:40,2026-07-25 12:45:10,2026-07-25 12:36:40,28,8.71,-12900,-0.212,0.884,0.971,0.4,1.18e-13,1.69e-21,0.000304,0.62,437,0.051,0.00296,2.08,0.000243,2.06,400,0.354,2.08,400,0.354,2.05,360,0.353,"No issues","No issues","No issues",218000,0.99,1.4e-27,4280,20.4,29700,30300,29700,"No issues",FALSE,NA
4,2026-07-25 12:50:50,2026-07-25 12:55:20,2026-07-25 12:46:50,28,5.83,-12500,-0.166,0.998,0.996,0.438,3.2e-36,2.34e-33,0.000125,0.053,146,0.0368,0.000253,0.698,0.000176,2.04,398,0.353,2.06,398,0.353,2.04,359,0.352,"No issues","No issues","No issues",95200,0.862,1.04e-12,7460,35.6,29400,29700,29300,"No issues",FALSE,NA
8,2026-07-25 13:01:00,2026-07-25 13:05:30,2026-07-25 12:57:00,28,14.7,-14800,0.228,1,0.994,0.463,3.23e-45,3.16e-30,6.81e-05,0.0602,230,0.0482,0.000287,1.09,0.00023,2.05,393,0.355,2.1,393,0.356,2.05,346,0.355,"No issues","No issues","No issues",729000,0.941,1.84e-17,36000,171,27600,30000,27600,"No issues",FALSE,NA
5,2026-07-25 13:11:10,2026-07-25 13:15:40,2026-07-25 13:07:10,28,5.17,-14600,-0.191,0.999,0.996,0.447,9.07e-39,1.86e-32,0.000101,0.0375,186,0.0417,0.000179,0.887,0.000199,2.04,396,0.352,2.06,396,0.352,2.04,351,0.35,"No issues","No issues","No issues",-92200,0.942,1.41e-17,4500,21.4,29500,29500,29200,"No issues",FALSE,NA
9,2026-07-25 13:21:20,2026-07-25 13:25:50,2026-07-25 13:17:20,28,5.86,-12100,-0.00837,0.999,0.991,0.00132,2.47e-40,3.39e-28,0.854,0.037,224,0.0452,0.000177,1.07,0.000215,2.04,396,0.351,2.06,396,0.351,2.04,356,0.35,"No issues","No issues","No issues",477000,0.917,1.33e-15,28000,134,28100,29700,28100,"No issues",FALSE,NA
12,2026-07-25 13:31:30,2026-07-25 13:36:00,2026-07-25 13:27:30,28,22.3,-9430,0.171,0.999,0.991,0.288,7.11e-39,4.19e-28,0.00325,0.16,177,0.0528,0.000764,0.842,0.000252,2.06,400,0.351,2.13,400,0.352,2.06,369,0.351,"No issues","No issues","No issues",1030000,0.99,1.94e-27,20400,97.4,27800,30900,27800,"No issues",FALSE,NA
3,2026-07-25 13:41:40,2026-07-25 13:46:10,2026-07-25 13:37:40,28,3.9,-15000,-0.126,0.998,0.997,0.295,3.39e-38,4.06e-35,0.00282,0.0298,151,0.0381,0.000142,0.718,0.000181,2.04,393,0.352,2.05,393,0.352,2.04,346,0.352,"No issues","No issues","No issues",18900,0.212,0.0136,7130,34,28500,28500,28400,"No issues",FALSE,NA
6,2026-07-25 13:51:50,2026-07-25 13:56:20,2026-07-25 13:47:50,28,4.79,-15600,-0.535,0.999,0.997,0.82,1.2e-41,5.84e-35,3.5e-11,0.0269,158,0.0491,0.000128,0.755,0.000234,2.04,392,0.353,2.06,392,0.353,2.04,344,0.351,"No issues","No issues","No issues",-46300,0.359,0.000758,12100,57.9,28600,28800,28600,"No issues",FALSE,NA
1,2026-07-25 14:02:00,2026-07-25 14:06:30,2026-07-25 13:58:00,28,4.65,-10000,-0.016,0.997,0.99,0.00531,1e-34,1.77e-27,0.712,0.0484,199,0.043,0.000231,0.948,0.000205,2.04,400,0.351,2.05,400,0.351,2.04,369,0.35,"No issues","No issues","No issues",569000,0.935,6.12e-17,29500,141,26500,28200,26500,"No issues",FALSE,NA
7,2026-07-25 14:12:10,2026-07-25 14:16:40,2026-07-25 14:08:10,28,9.22,-12300,-0.0159,1,0.994,0.00788,1.36e-44,5.58e-30,0.653,0.0399,195,0.035,0.00019,0.931,0.000167,2.05,395,0.351,2.08,395,0.352,2.05,356,0.351,"No issues","No issues","No issues",822000,0.923,5.41e-16,46600,222,25900,28600,25900,"No issues",FALSE,NA
10,2026-07-25 14:22:20,2026-07-25 14:26:50,2026-07-25 14:18:20,28,12.5,-7970,-0.281,0.998,0.989,0.669,2.04e-37,8.05e-27,1.08e-07,0.102,167,0.0387,0.000486,0.798,0.000185,2.05,403,0.351,2.09,403,0.351,2.05,377,0.35,"No issues","No issues","No issues",724000,0.942,1.43e-17,35300,168,26200,28600,26200,"No issues",FALSE,NA
2,2026-07-25 14:32:30,2026-07-25 14:37:00,2026-07-25 14:28:30,28,3.03,-11700,0.353,0.996,0.992,0.553,4.2e-33,1.58e-28,5.8e-06,0.0363,211,0.0622,0.000173,1.01,0.000297,2.04,397,0.351,2.05,397,0.352,2.04,360,0.351,"No issues","No issues","No issues",-86600,0.992,5.08e-29,1500,7.13,27700,27700,27500,"No issues",FALSE,NA
11,2026-07-25 14:42:50,2026-07-25 14:47:10,2026-07-25 14:38:40,27,10.3,-10600,-0.0452,0.999,0.983,0.0326,1.78e-37,9.13e-24,0.368,0.0755,275,0.0493,0.00034,1.24,0.000222,2.05,394,0.349,2.08,394,0.35,2.05,360,0.349,"No issues","No issues","No issues",414000,0.973,4.95e-21,13900,62.8,27100,28300,27100,"No issues",FALSE,NA
4,2026-07-25 14:52:50,2026-07-25 14:57:20,2026-07-25 14:48:50,28,4.78,-11300,-0.0496,0.993,0.993,0.0549,1.16e-29,1.54e-29,0.23,0.0779,186,0.0404,0.000371,0.887,0.000193,2.04,400,0.349,2.06,400,0.349,2.04,364,0.348,"No issues","No issues","No issues",216000,0.986,1.1e-25,5020,23.9,27900,28500,27900,"No issues",FALSE,NA
8,2026-07-25 15:03:00,2026-07-25 15:07:30,2026-07-25 14:59:00,28,14.6,-12900,0.329,1,0.989,0.67,1.86e-47,6.2e-27,1.02e-07,0.049,269,0.0453,0.000233,1.28,0.000216,2.06,392,0.352,2.1,392,0.354,2.06,351,0.352,"No issues","No issues","No issues",877000,0.96,1.08e-19,35100,167,26700,29600,26700,"No issues",FALSE,NA
5,2026-07-25 15:13:10,2026-07-25 15:17:40,2026-07-25 15:09:10,28,4.98,-12600,-0.165,0.998,0.996,0.338,8.06e-37,2.29e-32,0.00117,0.043,161,0.0454,0.000205,0.768,0.000216,2.05,396,0.348,2.06,396,0.348,2.05,357,0.347,"No issues","No issues","No issues",-86500,0.94,2.01e-17,4280,20.4,27900,27900,27600,"No issues",FALSE,NA
9,2026-07-25 15:23:20,2026-07-25 15:27:50,2026-07-25 15:19:20,28,5.41,-10400,-0.192,0.999,0.994,0.558,1.52e-42,1.55e-30,4.92e-06,0.0281,157,0.0336,0.000134,0.746,0.00016,2.05,395,0.348,2.07,395,0.348,2.05,362,0.347,"No issues","No issues","No issues",282000,0.962,5.89e-20,11000,52.6,27400,28300,27400,"No issues",FALSE,NA
12,2026-07-25 15:33:30,2026-07-25 15:38:00,2026-07-25 15:29:30,28,19.5,-7250,0.0988,0.999,0.986,0.267,1.33e-40,8.31e-26,0.00485,0.12,167,0.0321,0.000573,0.795,0.000153,2.06,400,0.348,2.12,400,0.349,2.06,378,0.348,"No issues","No issues","No issues",1050000,0.969,3.56e-21,36800,175,26100,29300,26100,"No issues",FALSE,NA
3,2026-07-25 15:43:50,2026-07-25 15:48:10,2026-07-25 15:39:40,27,2.8,-12400,0.0325,0.997,0.993,0.0317,7.61e-34,1.23e-28,0.375,0.0286,205,0.036,0.000129,0.922,0.000162,2.04,390,0.349,2.05,390,0.35,2.04,352,0.349,"No issues","No issues","No issues",60400,0.913,8.76e-15,3720,16.8,27100,27300,27100,"No issues",FALSE,NA
6,2026-07-25 15:53:50,2026-07-25 15:58:20,2026-07-25 15:49:50,28,4.23,-12500,-0.382,0.999,0.996,0.858,3.86e-40,2.75e-32,1.54e-12,0.0272,162,0.0304,0.000129,0.77,0.000145,2.05,392,0.35,2.06,392,0.351,2.05,352,0.349,"No issues","No issues","No issues",134000,0.904,1.02e-14,8590,41,27400,27800,27400,"No issues",FALSE,NA
1,2026-07-25 16:04:00,2026-07-25 16:08:30,2026-07-25 16:00:00,28,3.58,-7620,-0.0382,0.995,0.992,0.0675,1.11e-31,9.63e-29,0.182,0.0488,135,0.0279,0.000233,0.643,0.000133,2.05,399,0.349,2.06,399,0.349,2.05,375,0.349,"No issues","No issues","No issues",611000,0.963,3.42e-20,23400,111,25700,27500,25700,"No issues",FALSE,NA
7,2026-07-25 16:14:10,2026-07-25 16:18:40,2026-07-25 16:10:10,28,8.61,-11000,0.0648,0.995,0.997,0.113,7.39e-32,1.64e-33,0.0801,0.115,127,0.0355,0.00055,0.605,0.000169,2.05,395,0.35,2.08,395,0.351,2.05,360,0.35,"No issues","No issues","No issues",521000,0.949,2.69e-18,23700,113,26100,27700,26100,"No issues",FALSE,NA
10,2026-07-25 16:24:20,2026-07-25 16:28:50,2026-07-25 16:20:20,28,11.1,-8560,-0.243,0.999,0.991,0.612,1.67e-38,4.51e-28,8.87e-07,0.0824,161,0.038,0.000393,0.766,0.000181,2.05,400,0.351,2.09,400,0.351,2.05,373,0.35,"No issues","No issues","No issues",620000,0.911,3.54e-15,38000,181,24400,26300,24400,"No issues",FALSE,NA
2,2026-07-25 16:34:30,2026-07-25 16:39:00,2026-07-25 16:30:30,28,2.54,-9910,0.254,0.996,0.994,0.775,3.52e-32,3.24e-30,6.79e-10,0.033,154,0.0269,0.000157,0.733,0.000128,2.04,398,0.351,2.05,398,0.352,2.04,367,0.351,"No issues","No issues","No issues",-26100,0.931,1.3e-16,1390,6.63,25600,25600,25500,"No issues",FALSE,NA
11,2026-07-25 16:44:40,2026-07-25 16:49:10,2026-07-25 16:40:40,28,8.87,-10700,0.0377,0.998,0.996,0.0091,5.23e-36,1.74e-32,0.629,0.0823,135,0.0771,0.000392,0.644,0.000368,2.05,395,0.35,2.08,395,0.351,2.05,363,0.349,"No issues","No issues","No issues",-16900,0.866,7.17e-13,1300,6.21,25200,25200,25200,"No issues",FALSE,NA
4,2026-07-25 16:54:50,2026-07-25 16:59:20,2026-07-25 16:50:50,28,2.94,-10300,-0.0757,0.511,0.94,0.128,1.92e-05,2.15e-17,0.0621,0.563,509,0.0388,0.00268,2.42,0.000185,2.05,399,0.35,2.06,404,0.35,2.05,369,0.349,"No issues","No issues","No issues",187000,0.975,2.18e-22,5860,27.9,24300,24800,24300,"No issues",FALSE,NA
8,2026-07-25 17:05:00,2026-07-25 17:09:30,2026-07-25 17:01:00,28,13.6,-12600,0.06,1,0.997,0.102,1.01e-45,5.71e-35,0.0977,0.0533,128,0.0349,0.000254,0.609,0.000166,2.06,385,0.354,2.1,385,0.354,2.06,346,0.354,"No issues","No issues","No issues",458000,0.983,1.88e-24,11900,56.8,24300,25800,24300,"No issues",FALSE,NA
5,2026-07-25 17:15:10,2026-07-25 17:19:40,2026-07-25 17:11:10,28,3.92,-11900,-0.138,0.994,0.993,0.208,4.14e-30,8.44e-30,0.0148,0.0614,192,0.053,0.000293,0.916,0.000253,2.04,388,0.351,2.05,388,0.351,2.04,351,0.35,"No issues","No issues","No issues",-36700,0.948,3.23e-18,1690,8.04,24000,24000,23900,"No issues",FALSE,NA
9,2026-07-25 17:25:20,2026-07-25 17:29:50,2026-07-25 17:21:20,28,3.77,-12000,-0.0192,0.994,0.995,0.00907,3.29e-30,8.8e-32,0.63,0.0585,162,0.0393,0.000279,0.771,0.000187,2.05,397,0.351,2.06,397,0.351,2.05,361,0.35,"No issues","No issues","No issues",-34300,0.605,1.1e-06,5440,25.9,24400,24500,24300,"No issues",FALSE,NA
12,2026-07-25 17:35:30,2026-07-25 17:40:00,2026-07-25 17:31:30,28,22.6,-4880,0.126,0.993,0.972,0.154,2.32e-29,1.01e-21,0.039,0.378,162,0.058,0.0018,0.774,0.000276,2.11,401,0.351,2.18,401,0.352,2.11,386,0.351,"No issues","No issues","No issues",394000,0.988,1.71e-26,8530,40.7,22700,23800,22700,"No issues",FALSE,NA
3,2026-07-25 17:45:50,2026-07-25 17:50:10,2026-07-25 17:41:40,27,3.08,-10100,-0.0306,0.998,0.997,0.0219,4.6e-35,4.24e-33,0.461,0.0281,110,0.0409,0.000127,0.496,0.000185,2.05,408,0.353,2.06,408,0.354,2.05,377,0.353,"No issues","No issues","No issues",53900,0.909,1.66e-14,3410,15.4,23600,23800,23600,"No issues",FALSE,NA
6,2026-07-25 17:55:50,2026-07-25 18:00:20,2026-07-25 17:51:50,28,3.89,-7900,-0.269,0.997,0.996,0.499,1.49e-33,3.74e-33,2.65e-05,0.0449,94.3,0.0529,0.000214,0.45,0.000252,2.05,401,0.354,2.06,401,0.354,2.05,375,0.353,"No issues","No issues","No issues",15300,0.393,0.000358,3740,17.8,23300,23300,23300,"No issues",FALSE,NA
1,2026-07-25 18:06:00,2026-07-25 18:10:30,2026-07-25 18:02:00,28,4.56,-3860,-0.0521,0.948,0.761,0.0439,3.39e-18,1.44e-09,0.285,0.21,424,0.0477,0.001,2.02,0.000228,2.05,417,0.353,2.06,417,0.353,2.05,404,0.352,"No issues","No issues","No issues",177000,0.986,9.73e-26,4100,19.6,21400,21900,21400,"No issues",FALSE,NA
7,2026-07-25 18:16:10,2026-07-25 18:20:40,2026-07-25 18:12:10,28,7.92,-5010,-0.206,0.998,0.985,0.384,6.33e-38,2.55e-25,0.000439,0.0619,120,0.0511,0.000295,0.574,0.000244,2.06,439,0.354,2.09,439,0.354,2.06,423,0.353,"No issues","No issues","No issues",-59700,0.699,3.06e-08,7690,36.7,22100,22100,21900,"No issues",FALSE,NA
10,2026-07-25 18:26:20,2026-07-25 18:30:50,2026-07-25 18:22:20,28,14.2,-2770,-0.207,0.958,0.975,0.437,1.93e-19,2.26e-22,0.000129,0.583,86.9,0.0462,0.00278,0.414,0.00022,2.07,447,0.355,2.11,447,0.355,2.07,438,0.354,"No issues","No issues","No issues",9650,0.486,3.76e-05,1950,9.28,21100,21100,21000,"No issues",FALSE,NA
2,2026-07-25 18:36:30,2026-07-25 18:41:00,2026-07-25 18:32:30,28,2.9,1090,0.0394,0.997,0.774,0.0283,5.77e-35,7.16e-10,0.392,0.0295,115,0.0453,0.000141,0.549,0.000216,2.06,469,0.356,2.07,472,0.356,2.06,468,0.355,"No issues","No issues","No issues",17900,0.759,1.65e-09,1980,9.45,21800,21900,21800,"No issues",FALSE,NA
11,2026-07-25 18:46:40,2026-07-25 18:51:10,2026-07-25 18:42:40,28,7.9,978,0.123,0.953,0.468,0.228,7.88e-19,5.92e-05,0.0101,0.343,204,0.0442,0.00163,0.974,0.000211,2.11,458,0.354,2.14,463,0.355,2.11,457,0.354,"No issues","No issues","No issues",-144000,0.933,8.01e-17,7560,36,21600,21600,21100,"No issues",FALSE,NA
4,2026-07-25 18:56:50,2026-07-25 19:01:20,2026-07-25 18:52:50,28,5.01,1050,-0.0728,0.984,0.916,0.161,5.11e-25,1.75e-15,0.0343,0.124,62.2,0.0326,0.00059,0.297,0.000155,2.08,472,0.355,2.1,477,0.355,2.08,472,0.354,"No issues","No issues","No issues",-184000,0.985,2.85e-25,4430,21.1,19600,19600,19000,"No issues",FALSE,NA
8,2026-07-25 19:07:00,2026-07-25 19:11:30,2026-07-25 19:03:00,28,13.3,5220,-0.0828,0.982,0.989,0.18,4.42e-24,3.31e-27,0.0243,0.357,106,0.0346,0.0017,0.505,0.000165,2.11,467,0.356,2.15,484,0.356,2.11,467,0.356,"No issues","No issues","No issues",-73500,0.823,2.84e-11,6690,31.9,19500,19500,19200,"No issues",FALSE,NA
5,2026-07-25 19:17:10,2026-07-25 19:21:40,2026-07-25 19:13:10,28,2.44,3760,-0.000928,0.989,0.982,2.49e-05,2.97e-27,2.39e-24,0.98,0.0492,98.7,0.0365,0.000235,0.471,0.000174,2.13,468,0.355,2.14,481,0.355,2.13,468,0.355,"No issues","No issues","No issues",-27400,0.978,4.33e-23,804,3.83,18600,18600,18600,"No issues",FALSE,NA
9,2026-07-25 19:27:20,2026-07-25 19:31:50,2026-07-25 19:23:20,28,6.76,4700,-0.0259,0.984,0.984,0.0434,4.94e-25,1.05e-24,0.287,0.167,120,0.0239,0.000795,0.57,0.000114,2.1,446,0.355,2.12,463,0.355,2.1,446,0.355,"No issues","No issues","No issues",-212000,0.853,2.41e-12,17200,82.2,18700,18700,18100,"No issues",FALSE,NA
12,2026-07-25 19:37:30,2026-07-25 19:42:00,2026-07-25 19:33:30,28,17.8,5380,-0.00196,0.999,0.994,0.000107,6.44e-40,1.27e-30,0.958,0.117,80.5,0.0373,0.000557,0.384,0.000178,2.13,457,0.356,2.19,473,0.356,2.13,457,0.355,"No issues","No issues","No issues",-52700,0.992,3.87e-29,901,4.29,17400,17400,17200,"No issues",FALSE,NA
3,2026-07-25 19:47:40,2026-07-25 19:52:10,2026-07-25 19:43:40,28,3.15,5040,0.00495,0.867,0.993,0.000739,6.78e-13,7.02e-30,0.891,0.242,80.6,0.0357,0.00115,0.384,0.00017,2.07,444,0.357,2.08,460,0.357,2.07,444,0.356,"No issues","No issues","No issues",36500,0.974,3.16e-22,1160,5.52,17800,17900,17800,"No issues",FALSE,NA
6,2026-07-25 19:57:50,2026-07-25 20:02:20,2026-07-25 19:53:50,28,4.09,4850,-0.156,0.995,0.995,0.372,4.65e-31,1.52e-31,0.00057,0.0589,66.8,0.0396,0.000281,0.319,0.000189,2.09,449,0.357,2.11,465,0.357,2.09,449,0.356,"No issues","No issues","No issues",-133000,0.986,1.09e-25,3080,14.7,17400,17400,17000,"No issues",FALSE,NA
1,2026-07-25 20:08:00,2026-07-25 20:12:30,2026-07-25 20:04:00,28,5.49,5190,-0.0818,0.996,0.993,0.227,3.68e-33,1.04e-29,0.0103,0.0655,84.3,0.0296,0.000312,0.402,0.000141,2.08,449,0.356,2.1,467,0.357,2.08,449,0.356,"No issues","No issues","No issues",-37900,0.989,8.35e-27,796,3.8,16500,16500,16400,"No issues",FALSE,NA
7,2026-07-25 20:18:10,2026-07-25 20:22:40,2026-07-25 20:14:10,28,11.6,5760,-0.0971,0.972,0.98,0.235,1.27e-21,1.32e-23,0.00895,0.391,162,0.0344,0.00186,0.77,0.000164,2.11,462,0.357,2.14,480,0.357,2.11,462,0.356,"No issues","No issues","No issues",-6770,0.558,4.99e-06,1180,5.64,16400,16400,16400,"No issues",FALSE,NA
10,2026-07-25 20:28:20,2026-07-25 20:32:50,2026-07-25 20:24:20,28,9.64,4640,-0.173,0.972,0.979,0.587,1.15e-21,2.48e-23,2.04e-06,0.323,133,0.0285,0.00154,0.636,0.000136,2.1,468,0.357,2.14,483,0.357,2.1,468,0.356,"No issues","No issues","No issues",-2810,0.3,0.00257,842,4.01,16200,16200,16200,"No issues",FALSE,NA
2,2026-07-25 20:38:30,2026-07-25 20:43:00,2026-07-25 20:34:30,28,1.92,5020,-0.0291,0.982,0.995,0.0576,4.26e-24,1.5e-31,0.219,0.0516,69.1,0.0231,0.000246,0.33,0.00011,2.1,472,0.357,2.1,487,0.357,2.1,472,0.357,"No issues","No issues","No issues",18700,0.945,7e-18,889,4.24,16400,16500,16400,"No issues",FALSE,NA
11,2026-07-25 20:48:40,2026-07-25 20:53:10,2026-07-25 20:44:40,28,8,5670,-0.109,0.986,0.986,0.431,1.06e-25,9.51e-26,0.000149,0.186,131,0.0246,0.000886,0.625,0.000117,2.16,499,0.357,2.19,516,0.357,2.16,499,0.356,"No issues","No issues","No issues",-117000,0.99,8.07e-28,2250,10.7,16200,16200,15800,"No issues",FALSE,NA
4,2026-07-25 20:58:50,2026-07-25 21:03:20,2026-07-25 20:54:50,28,5.19,3950,-0.0149,0.991,0.995,0.0082,3.56e-28,1.03e-31,0.647,0.0966,53.7,0.0321,0.000461,0.256,0.000153,2.09,470,0.356,2.11,482,0.357,2.09,470,0.356,"No issues","No issues","No issues",4290,0.139,0.0507,2090,9.98,15900,15900,15900,"No issues",FALSE,NA
8,2026-07-25 21:09:00,2026-07-25 21:13:30,2026-07-25 21:05:00,28,11.8,6130,-0.0137,0.999,0.995,0.00752,8.52e-43,6.09e-32,0.661,0.06,81.5,0.0308,0.000286,0.389,0.000147,2.08,475,0.357,2.12,494,0.357,2.08,475,0.357,"No issues","No issues","No issues",-3160,0.579,2.59e-06,528,2.52,16000,16000,16000,"No issues",FALSE,NA
5,2026-07-25 21:19:10,2026-07-25 21:23:40,2026-07-25 21:15:10,28,3.76,4760,-0.00865,0.997,0.991,0.00402,4.72e-34,3.55e-28,0.748,0.0415,88.6,0.0267,0.000198,0.422,0.000127,2.1,484,0.357,2.12,498,0.357,2.1,484,0.357,"No issues","No issues","No issues",42000,0.997,1.18e-34,439,2.09,15900,16000,15900,"No issues",FALSE,NA
9,2026-07-25 21:29:20,2026-07-25 21:33:50,2026-07-25 21:25:20,28,4.52,3960,-0.00187,0.932,0.957,0.000168,1.14e-16,2.45e-19,0.948,0.24,164,0.0284,0.00115,0.782,0.000135,2.1,483,0.357,2.12,495,0.357,2.1,482,0.357,"No issues","No issues","No issues",20500,0.97,3.02e-21,711,3.39,15900,16000,15900,"No issues",FALSE,NA
12,2026-07-25 21:39:30,2026-07-25 21:44:00,2026-07-25 21:35:30,28,15.3,5600,-0.00428,1,0.996,0.000708,1.73e-44,1.28e-32,0.893,0.067,70.2,0.0315,0.000319,0.335,0.00015,2.11,478,0.357,2.16,496,0.358,2.11,478,0.357,"No issues","No issues","No issues",-14100,0.961,9e-20,560,2.67,15800,15800,15800,"No issues",FALSE,NA
3,2026-07-25 21:49:40,2026-07-25 21:54:10,2026-07-25 21:45:40,28,2.54,4730,-0.0259,0.996,0.994,0.0286,3.04e-32,7.55e-31,0.389,0.033,69.4,0.0296,0.000157,0.331,0.000141,2.1,484,0.358,2.11,498,0.359,2.1,483,0.358,"No issues","No issues","No issues",37900,0.988,1.17e-26,808,3.85,16200,16300,16200,"No issues",FALSE,NA
6,2026-07-25 22:00:00,2026-07-25 22:04:20,2026-07-25 21:55:50,27,3.37,4030,-0.17,0.955,0.987,0.473,2.35e-18,6.76e-25,7.35e-05,0.146,94.3,0.0358,0.000659,0.425,0.000161,2.11,489,0.358,2.12,501,0.359,2.11,489,0.358,"No issues","No issues","No issues",-13800,0.955,2.09e-18,598,2.69,15900,15900,15900,"No issues",FALSE,NA
1,2026-07-25 22:10:00,2026-07-25 22:14:30,2026-07-25 22:06:00,28,3.66,4420,-0.0913,0.99,0.99,0.124,8.23e-28,1.26e-27,0.0665,0.0704,86.5,0.0477,0.000335,0.412,0.000227,2.08,471,0.358,2.09,485,0.358,2.08,471,0.357,"No issues","No issues","No issues",10200,0.921,7.83e-16,588,2.8,15700,15700,15700,"No issues",FALSE,NA
7,2026-07-25 22:20:10,2026-07-25 22:24:40,2026-07-25 22:16:10,28,8.6,5100,-0.0275,0.998,0.988,0.0174,2.11e-37,1.41e-26,0.503,0.0705,110,0.0405,0.000336,0.523,0.000193,2.14,487,0.358,2.16,503,0.358,2.14,487,0.357,"No issues","No issues","No issues",14500,0.78,4.9e-10,1510,7.19,15700,15700,15700,"No issues",FALSE,NA
10,2026-07-25 22:30:20,2026-07-25 22:34:50,2026-07-25 22:26:20,28,9.46,4340,-0.0444,0.965,0.977,0.0528,1.66e-20,6.76e-23,0.24,0.352,130,0.0369,0.00168,0.619,0.000176,2.12,501,0.358,2.15,515,0.358,2.12,501,0.357,"No issues","No issues","No issues",9750,0.968,5.25e-21,346,1.65,15400,15500,15400,"No issues",FALSE,NA
2,2026-07-25 22:40:30,2026-07-25 22:45:00,2026-07-25 22:36:30,28,2.47,4670,0.0194,0.993,0.991,0.00678,1.92e-29,6.92e-28,0.677,0.041,89.1,0.046,0.000196,0.425,0.000219,2.11,494,0.358,2.12,510,0.358,2.11,494,0.358,"No issues","No issues","No issues",53100,0.999,1.11e-41,298,1.42,15500,15700,15500,"No issues",FALSE,NA
11,2026-07-25 22:50:40,2026-07-25 22:55:10,2026-07-25 22:46:40,28,7.61,5520,-0.049,0.995,0.989,0.101,4.28e-31,3.1e-27,0.0986,0.109,112,0.0286,0.00052,0.533,0.000136,2.13,494,0.358,2.15,511,0.358,2.13,494,0.357,"No issues","No issues","No issues",-45600,0.991,5.8e-28,865,4.12,15500,15500,15400,"No issues",FALSE,NA
4,2026-07-25 23:00:50,2026-07-25 23:05:20,2026-07-25 22:56:50,28,6.16,4700,0.0344,0.995,0.986,0.0522,4.45e-31,1.1e-25,0.242,0.0886,109,0.0287,0.000422,0.521,0.000137,2.09,481,0.358,2.11,495,0.358,2.09,480,0.357,"No issues","No issues","No issues",19000,0.796,1.8e-10,1890,8.99,15300,15400,15300,"No issues",FALSE,NA
8,2026-07-25 23:11:00,2026-07-25 23:15:30,2026-07-25 23:07:00,28,11.2,5460,-0.0368,0.999,0.99,0.0606,2.65e-38,1.26e-27,0.207,0.0844,107,0.0284,0.000402,0.509,0.000136,2.13,499,0.358,2.16,515,0.358,2.13,499,0.358,"No issues","No issues","No issues",12500,0.693,3.95e-08,1630,7.75,15500,15500,15500,"No issues",FALSE,NA
5,2026-07-25 23:21:10,2026-07-25 23:25:40,2026-07-25 23:17:10,28,2.72,3890,0.0392,0.979,0.99,0.034,1.94e-23,9.13e-28,0.347,0.0775,75.1,0.041,0.000369,0.358,0.000195,2.14,516,0.358,2.15,528,0.358,2.14,516,0.358,"No issues","No issues","No issues",18000,0.986,9.33e-26,417,1.99,15500,15500,15500,"No issues",FALSE,NA
9,2026-07-25 23:31:20,2026-07-25 23:35:50,2026-07-25 23:27:20,28,3.35,3240,-0.0296,0.913,0.96,0.0286,2.56e-15,9.27e-20,0.389,0.203,129,0.0338,0.000966,0.615,0.000161,2.15,519,0.358,2.16,529,0.358,2.15,519,0.358,"No issues","No issues","No issues",14500,0.904,8.92e-15,923,4.4,15400,15500,15400,"No issues",FALSE,NA
12,2026-07-25 23:41:30,2026-07-25 23:46:00,2026-07-25 23:37:30,28,18.1,5180,-0.0168,0.999,0.996,0.012,9.2e-43,8.25e-33,0.58,0.092,63.8,0.03,0.000439,0.304,0.000143,2.11,497,0.358,2.17,513,0.358,2.11,497,0.358,"No issues","No issues","No issues",18800,0.947,4.27e-18,871,4.15,15300,15400,15300,"No issues",FALSE,NA
3,2026-07-25 23:51:40,2026-07-25 23:56:10,2026-07-25 23:47:40,28,1.89,3990,-0.0104,0.951,0.993,0.00556,1.56e-18,1.56e-29,0.706,0.0841,65.8,0.0272,0.000401,0.314,0.00013,2.14,515,0.359,2.15,527,0.359,2.14,515,0.358,"No issues","No issues","No issues",42400,0.987,3.8e-26,946,4.51,15600,15700,15600,"No issues",FALSE,NA
6,2026-07-26 00:01:50,2026-07-26 00:06:20,2026-07-25 23:57:50,28,-0.189,3520,-0.121,0.0736,0.976,0.496,0.163,1.45e-22,2.91e-05,0.131,108,0.024,0.000626,0.517,0.000115,2.15,505,0.359,2.15,516,0.359,2.15,505,0.358,"No issues","No issues","No issues",-123,0.00103,0.871,749,3.57,15600,15600,15600,"No issues",FALSE,NA
1,2026-07-26 00:12:00,2026-07-26 00:16:30,2026-07-26 00:08:00,28,3.29,3930,-0.0981,0.995,0.995,0.235,2.52e-31,2.33e-31,0.00889,0.0463,55.1,0.0347,0.000221,0.263,0.000165,2.12,494,0.358,2.13,506,0.359,2.12,494,0.358,"No issues","No issues","No issues",12500,0.903,1.14e-14,803,3.83,15400,15400,15400,"No issues",FALSE,NA
7,2026-07-26 00:22:10,2026-07-26 00:26:40,2026-07-26 00:18:10,28,8.52,4410,-0.0492,0.999,0.995,0.0561,2.75e-38,1.6e-31,0.225,0.0645,60.9,0.0395,0.000307,0.29,0.000189,2.11,490,0.358,2.13,504,0.358,2.11,490,0.358,"No issues","No issues","No issues",48300,0.969,3.48e-21,1690,8.04,15500,15600,15500,"No issues",FALSE,NA
10,2026-07-26 00:32:20,2026-07-26 00:36:50,2026-07-26 00:28:20,28,7.99,4780,-0.159,0.957,0.983,0.413,2.46e-19,1.78e-24,0.000225,0.331,124,0.0372,0.00158,0.59,0.000178,2.13,487,0.359,2.15,503,0.359,2.13,487,0.358,"No issues","No issues","No issues",18300,0.974,3.08e-22,580,2.77,15400,15500,15400,"No issues",FALSE,NA
2,2026-07-26 00:42:30,2026-07-26 00:47:00,2026-07-26 00:38:30,28,1.22,4580,-0.072,0.949,0.993,0.131,2.5e-18,7.19e-30,0.0584,0.0556,73.4,0.0364,0.000265,0.35,0.000173,2.13,503,0.358,2.13,517,0.359,2.13,503,0.358,"No issues","No issues","No issues",10700,0.964,2.26e-20,404,1.92,15400,15500,15400,"No issues",FALSE,NA
11,2026-07-26 00:52:40,2026-07-26 00:57:10,2026-07-26 00:48:40,28,8.19,5480,-0.0367,0.994,0.995,0.0631,2.78e-30,5.85e-31,0.197,0.126,79.6,0.0278,0.000602,0.38,0.000132,2.1,502,0.358,2.13,518,0.358,2.1,502,0.358,"No issues","No issues","No issues",4690,0.352,0.00088,1250,5.95,15300,15400,15300,"No issues",FALSE,NA
4,2026-07-26 01:02:50,2026-07-26 01:07:20,2026-07-26 00:58:50,28,4.89,3630,-0.0489,0.988,0.978,0.078,1.02e-26,3.33e-23,0.15,0.104,106,0.033,0.000495,0.503,0.000157,2.1,506,0.358,2.12,518,0.359,2.1,506,0.358,"No issues","No issues","No issues",35500,0.987,6.52e-26,810,3.86,15300,15400,15300,"No issues",FALSE,NA
8,2026-07-26 01:13:00,2026-07-26 01:17:30,2026-07-26 01:09:00,28,11.2,5790,-0.0723,0.996,0.993,0.116,1.98e-32,8.47e-30,0.0758,0.143,93.2,0.0391,0.000682,0.444,0.000186,2.13,523,0.359,2.16,540,0.359,2.13,523,0.358,"No issues","No issues","No issues",25800,0.936,4.61e-17,1320,6.29,15400,15500,15400,"No issues",FALSE,NA
5,2026-07-26 01:23:10,2026-07-26 01:27:40,2026-07-26 01:19:10,28,5.19,6230,-0.00817,0.943,0.993,0.00193,1.08e-17,2.57e-29,0.824,0.25,105,0.0364,0.00119,0.499,0.000174,2.13,538,0.359,2.14,557,0.359,2.13,538,0.359,"No issues","No issues","No issues",22900,0.987,3.19e-26,508,2.42,15300,15400,15300,"No issues",FALSE,NA
9,2026-07-26 01:33:20,2026-07-26 01:37:50,2026-07-26 01:29:20,28,6.07,3910,0.0298,0.945,0.964,0.0278,7.09e-18,3.19e-20,0.396,0.288,149,0.0346,0.00137,0.712,0.000165,2.14,541,0.359,2.16,554,0.36,2.14,541,0.359,"No issues","No issues","No issues",54600,0.999,5.51e-39,389,1.85,15600,15700,15600,"No issues",FALSE,NA
12,2026-07-26 01:43:30,2026-07-26 01:48:00,2026-07-26 01:39:30,28,23.7,3810,-0.0104,0.999,0.994,0.00288,8.59e-44,7.03e-31,0.786,0.11,55.7,0.038,0.000524,0.265,0.000181,2.13,532,0.359,2.2,544,0.36,2.13,532,0.359,"No issues","No issues","No issues",40500,0.989,3.3e-27,821,3.92,15700,15800,15700,"No issues",FALSE,NA
3,2026-07-26 01:53:40,2026-07-26 01:58:10,2026-07-26 01:49:40,28,5.25,4580,-0.0262,0.998,0.996,0.0199,1.71e-37,4.56e-33,0.474,0.0427,55.1,0.036,0.000203,0.263,0.000172,2.1,534,0.36,2.11,549,0.36,2.1,534,0.359,"No issues","No issues","No issues",42400,0.961,8.81e-20,1680,8.03,16100,16200,16100,"No issues",FALSE,NA
6,2026-07-26 02:03:50,2026-07-26 02:08:20,2026-07-26 01:59:50,28,6.75,4020,-0.0694,0.999,0.992,0.0994,4.98e-42,8.14e-29,0.102,0.0367,70.7,0.041,0.000175,0.337,0.000195,2.1,528,0.36,2.12,540,0.36,2.1,528,0.359,"No issues","No issues","No issues",18800,0.989,2.96e-27,379,1.81,16100,16100,16100,"No issues",FALSE,NA
1,2026-07-26 02:14:00,2026-07-26 02:18:30,2026-07-26 02:10:00,28,6.52,3590,0.00584,0.995,0.978,0.000921,2.69e-31,3.34e-23,0.878,0.0919,105,0.0377,0.000438,0.498,0.00018,2.1,532,0.359,2.12,543,0.36,2.1,532,0.359,"No issues","No issues","No issues",17200,0.944,9.25e-18,825,3.93,16100,16100,16100,"No issues",FALSE,NA
7,2026-07-26 02:24:10,2026-07-26 02:28:40,2026-07-26 02:20:10,28,12.1,4010,-0.0509,0.999,0.992,0.0416,2.27e-42,4.91e-29,0.298,0.0636,69.2,0.0479,0.000303,0.33,0.000229,2.11,530,0.359,2.15,542,0.36,2.11,530,0.359,"No issues","No issues","No issues",35900,0.986,1.51e-25,845,4.03,16100,16200,16100,"No issues",FALSE,NA
10,2026-07-26 02:34:30,2026-07-26 02:38:50,2026-07-26 02:30:20,27,18.7,4320,-0.0322,0.97,0.977,0.02,1.21e-20,6.39e-22,0.482,0.653,134,0.045,0.00295,0.602,0.000203,2.12,534,0.36,2.18,546,0.36,2.12,533,0.359,"No issues","No issues","No issues",26500,0.948,1.51e-17,1240,5.61,16100,16200,16100,"No issues",FALSE,NA
2,2026-07-26 02:44:30,2026-07-26 02:49:00,2026-07-26 02:40:30,28,5.15,4340,-0.0225,0.999,0.989,0.0114,1.09e-38,7.35e-27,0.589,0.0377,90.8,0.0412,0.00018,0.433,0.000196,2.11,530,0.36,2.12,544,0.36,2.11,530,0.359,"No issues","No issues","No issues",61600,0.99,1.89e-27,1220,5.83,16400,16600,16400,"No issues",FALSE,NA
11,2026-07-26 02:54:40,2026-07-26 02:59:10,2026-07-26 02:50:40,28,15.1,4710,0.0133,0.999,0.993,0.00556,4.66e-39,9.14e-30,0.706,0.107,76.1,0.0349,0.000509,0.363,0.000166,2.1,504,0.359,2.15,519,0.359,2.1,504,0.358,"No issues","No issues","No issues",-24800,0.984,1.04e-24,630,3,16400,16400,16400,"No issues",FALSE,NA
4,2026-07-26 03:05:00,2026-07-26 03:09:20,2026-07-26 03:00:50,27,9.79,4300,0.103,0.973,0.981,0.16,3.77e-21,5.45e-23,0.0388,0.326,120,0.0471,0.00147,0.542,0.000212,2.1,518,0.359,2.12,530,0.359,2.1,518,0.358,"No issues","No issues","No issues",-11200,0.88,5.15e-13,829,3.74,16500,16500,16500,"No issues",FALSE,NA
8,2026-07-26 03:15:00,2026-07-26 03:19:30,2026-07-26 03:11:00,28,11,4290,0.0761,1,0.984,0.124,3.35e-46,8.38e-25,0.0659,0.0414,108,0.0397,0.000197,0.515,0.000189,2.09,541,0.36,2.13,554,0.36,2.09,541,0.359,"No issues","No issues","No issues",9010,0.898,2e-14,594,2.83,16400,16400,16400,"No issues",FALSE,NA
5,2026-07-26 03:25:10,2026-07-26 03:29:40,2026-07-26 03:21:10,28,8.97,4010,-0.0138,0.994,0.98,0.00585,1.55e-30,1.57e-23,0.699,0.135,113,0.0352,0.000645,0.54,0.000168,2.11,532,0.359,2.13,545,0.359,2.11,532,0.359,"No issues","No issues","No issues",18300,0.986,1.25e-25,429,2.05,16400,16400,16400,"No issues",FALSE,NA
9,2026-07-26 03:35:20,2026-07-26 03:39:50,2026-07-26 03:31:20,28,17.8,3710,0.0265,0.923,0.953,0.0217,5.14e-16,7.8e-19,0.455,1.01,161,0.035,0.0048,0.767,0.000167,2.13,544,0.359,2.18,555,0.36,2.13,544,0.359,"No issues","No issues","No issues",-3920,0.303,0.0024,1170,5.55,16300,16300,16300,"No issues",FALSE,NA
12,2026-07-26 03:45:30,2026-07-26 03:50:00,2026-07-26 03:41:30,28,34.1,3780,0.0353,1,0.99,0.0416,5.17e-46,2.49e-27,0.298,0.13,75.8,0.0332,0.000621,0.361,0.000158,2.14,549,0.36,2.25,561,0.36,2.14,549,0.359,"No issues","No issues","No issues",1810,0.125,0.0645,939,4.47,16100,16100,16100,"No issues",FALSE,NA
3,2026-07-26 03:55:40,2026-07-26 04:00:10,2026-07-26 03:51:40,28,4.93,4570,-0.0499,0.999,0.993,0.052,1.53e-42,2.65e-29,0.243,0.0256,77,0.0417,0.000122,0.367,0.000199,2.12,555,0.36,2.13,569,0.361,2.12,555,0.36,"No issues","No issues","No issues",28300,0.979,3.09e-23,819,3.91,16200,16200,16200,"No issues",FALSE,NA
6,2026-07-26 04:05:50,2026-07-26 04:10:20,2026-07-26 04:01:50,28,7.01,4080,-0.0456,1,0.989,0.0389,1.82e-45,3.74e-27,0.315,0.0281,83.1,0.0445,0.000134,0.396,0.000212,2.12,556,0.361,2.14,569,0.361,2.12,556,0.36,"No issues","No issues","No issues",15700,0.788,3.1e-10,1600,7.63,16100,16200,16100,"No issues",FALSE,NA
1,2026-07-26 04:16:00,2026-07-26 04:20:30,2026-07-26 04:12:00,28,6.75,3940,-0.0516,0.996,0.991,0.0564,2.01e-33,4.33e-28,0.224,0.0788,73.9,0.0414,0.000376,0.352,0.000197,2.13,552,0.361,2.15,564,0.361,2.13,552,0.36,"No issues","No issues","No issues",24200,0.986,8.79e-26,557,2.66,16100,16200,16100,"No issues",FALSE,NA
7,2026-07-26 04:26:10,2026-07-26 04:30:40,2026-07-26 04:22:10,28,13.1,3650,0.0128,1,0.988,0.00278,1.57e-50,2.7e-26,0.79,0.0335,80.4,0.0477,0.00016,0.383,0.000227,2.14,552,0.36,2.18,563,0.36,2.14,552,0.36,"No issues","No issues","No issues",40200,0.984,7.23e-25,1010,4.8,16100,16200,16100,"No issues",FALSE,NA
10,2026-07-26 04:36:30,2026-07-26 04:40:50,2026-07-26 04:32:20,27,20.3,5190,0.00641,0.95,0.963,0.00112,9.78e-18,1.77e-19,0.868,0.936,202,0.0383,0.00422,0.911,0.000173,2.15,545,0.36,2.21,560,0.36,2.15,545,0.36,"No issues","No issues","No issues",32700,0.979,1.82e-22,959,4.32,16000,16100,16000,"No issues",FALSE,NA
2,2026-07-26 04:46:30,2026-07-26 04:51:00,2026-07-26 04:42:30,28,4.68,4500,-0.00955,0.999,0.994,0.00231,6.18e-40,8.05e-31,0.808,0.0306,66.1,0.0389,0.000146,0.315,0.000186,2.11,544,0.359,2.12,558,0.36,2.11,544,0.359,"No issues","No issues","No issues",11200,0.951,1.6e-18,500,2.39,16100,16100,16100,"No issues",FALSE,NA
11,2026-07-26 04:56:40,2026-07-26 05:01:10,2026-07-26 04:52:40,28,13.2,4650,0.0138,0.999,0.993,0.00529,1.6e-40,2.24e-29,0.713,0.0822,77.8,0.037,0.000392,0.371,0.000177,2.1,521,0.359,2.14,536,0.359,2.1,521,0.359,"No issues","No issues","No issues",-4980,0.624,5.87e-07,759,3.62,16000,16000,16000,"No issues",FALSE,NA
4,2026-07-26 05:06:50,2026-07-26 05:11:20,2026-07-26 05:02:50,28,8.67,3220,0.135,0.998,0.988,0.444,1.06e-37,2.43e-26,0.000107,0.0692,70.7,0.0297,0.00033,0.337,0.000141,2.1,545,0.359,2.13,555,0.36,2.1,545,0.359,"No issues","No issues","No issues",33300,0.982,3.16e-24,882,4.21,16000,16100,16000,"No issues",FALSE,NA
8,2026-07-26 05:17:00,2026-07-26 05:21:30,2026-07-26 05:13:00,28,12.1,3880,0.0603,1,0.993,0.0675,1.41e-47,2.03e-29,0.182,0.0403,64.6,0.044,0.000192,0.308,0.00021,2.12,550,0.36,2.16,563,0.36,2.12,550,0.359,"No issues","No issues","No issues",51600,0.996,8.16e-33,636,3.03,16000,16200,16000,"No issues",FALSE,NA
5,2026-07-26 05:27:10,2026-07-26 05:31:40,2026-07-26 05:23:10,28,8.17,1470,0.0608,0.998,0.926,0.0547,9.76e-38,3.27e-16,0.231,0.065,81.8,0.0495,0.00031,0.39,0.000236,2.12,556,0.359,2.15,561,0.36,2.12,556,0.359,"No issues","No issues","No issues",96700,0.999,5.48e-42,527,2.51,16400,16700,16400,"No issues",FALSE,NA
9,2026-07-26 05:37:20,2026-07-26 05:41:50,2026-07-26 05:33:20,28,15.8,1600,0.0585,0.914,0.611,0.0816,2.28e-15,8.99e-07,0.141,0.95,250,0.0385,0.00453,1.19,0.000183,2.13,555,0.36,2.18,560,0.36,2.13,553,0.36,"No issues","No issues","No issues",56900,0.993,2.18e-29,950,4.53,16600,16800,16600,"No issues",FALSE,NA
12,2026-07-26 05:47:30,2026-07-26 05:52:00,2026-07-26 05:43:30,28,30.2,-1590,-0.00142,1,0.955,4.38e-05,2.62e-48,5.2e-19,0.973,0.0941,67.7,0.0422,0.000449,0.323,0.000201,2.14,551,0.36,2.24,551,0.36,2.14,545,0.359,"No issues","No issues","No issues",104000,0.999,1.85e-41,596,2.84,16900,17200,16900,"No issues",FALSE,NA
3,2026-07-26 05:57:40,2026-07-26 06:02:10,2026-07-26 05:53:40,28,3.9,-4160,0.014,0.997,0.985,0.00595,4.2e-34,2.68e-25,0.696,0.0428,100,0.0355,0.000204,0.477,0.000169,2.1,540,0.36,2.11,540,0.36,2.1,527,0.36,"No issues","No issues","No issues",176000,1,7.85e-50,480,2.29,17300,17900,17300,"No issues",FALSE,NA
6,2026-07-26 06:07:50,2026-07-26 06:12:20,2026-07-26 06:03:50,28,5.4,-8120,-0.0939,0.999,0.996,0.142,3.23e-43,2.65e-32,0.048,0.0264,105,0.0453,0.000126,0.498,0.000216,2.1,528,0.361,2.12,528,0.361,2.1,502,0.36,"No issues","No issues","No issues",162000,0.997,1.31e-33,1860,8.85,18100,18600,18100,"No issues",FALSE,NA
1,2026-07-26 06:18:00,2026-07-26 06:22:30,2026-07-26 06:14:00,28,5.12,-10400,-0.00534,0.98,0.993,0.000366,1.62e-23,3.05e-29,0.923,0.145,175,0.0547,0.00069,0.837,0.000261,2.11,518,0.36,2.12,518,0.36,2.11,485,0.359,"No issues","No issues","No issues",137000,0.996,2.13e-32,1760,8.37,18700,19200,18700,"No issues",FALSE,NA
7,2026-07-26 06:28:10,2026-07-26 06:32:40,2026-07-26 06:24:10,28,10.8,-11100,-0.107,1,0.998,0.166,2.3e-49,3.76e-37,0.0312,0.0306,92.6,0.0471,0.000146,0.441,0.000225,2.13,515,0.36,2.16,515,0.361,2.13,481,0.36,"No issues","No issues","No issues",150000,0.999,2.04e-39,1030,4.91,19400,19900,19400,"No issues",FALSE,NA
10,2026-07-26 06:38:20,2026-07-26 06:42:50,2026-07-26 06:34:20,28,14.7,-9180,-0.116,0.973,0.99,0.187,6.7e-22,1.85e-27,0.0214,0.48,182,0.0475,0.00229,0.868,0.000226,2.11,507,0.36,2.16,507,0.36,2.11,478,0.359,"No issues","No issues","No issues",157000,0.997,5.01e-35,1590,7.57,19900,20400,19900,"No issues",FALSE,NA
2,2026-07-26 06:48:30,2026-07-26 06:53:00,2026-07-26 06:44:30,28,3.55,-11800,-0.153,0.997,0.997,0.34,3.79e-34,7.3e-34,0.00113,0.0389,133,0.0419,0.000185,0.633,2e-04,2.09,482,0.36,2.11,482,0.36,2.09,444,0.359,"No issues","No issues","No issues",52900,0.809,7.9e-11,5040,24,21300,21400,21300,"No issues",FALSE,NA
11,2026-07-26 06:58:40,2026-07-26 07:03:10,2026-07-26 06:54:40,28,9.74,-16500,-0.146,0.99,0.993,0.328,2.53e-27,3.33e-29,0.00146,0.196,281,0.041,0.000933,1.34,0.000196,2.12,506,0.36,2.15,506,0.36,2.12,454,0.359,"No issues","No issues","No issues",149000,0.997,2.18e-34,1590,7.59,21800,22200,21800,"No issues",FALSE,NA
4,2026-07-26 07:08:50,2026-07-26 07:13:20,2026-07-26 07:04:50,28,4.34,-18100,-0.0728,0.996,0.998,0.1,1.29e-32,8.18e-37,0.101,0.0544,156,0.0428,0.000259,0.744,0.000204,2.12,487,0.359,2.13,487,0.359,2.12,430,0.359,"No issues","No issues","No issues",114000,0.997,2.52e-35,1120,5.35,21900,22300,21900,"No issues",FALSE,NA
8,2026-07-26 07:19:00,2026-07-26 07:23:30,2026-07-26 07:15:00,28,7.66,-14700,NA,0.998,0.999,NA,2.17e-36,3.23e-40,NA,0.0687,93.8,NA,0.000327,0.447,NA,2.13,491,NA,2.15,491,NA,2.13,446,NA,"No issues","No issues","No issues",231000,0.991,2.33e-28,4230,20.2,23200,23900,23200,"No issues",FALSE,NA
5,2026-07-26 07:29:10,2026-07-26 07:33:40,2026-07-26 07:25:10,28,5.41,-20300,-0.184,0.993,0.995,0.497,8.62e-30,8.22e-32,2.83e-05,0.0871,273,0.0364,0.000415,1.3,0.000173,2.07,421,0.358,2.08,421,0.358,2.07,358,0.357,"No issues","No issues","No issues",-451000,0.948,3.5e-18,20800,99,25500,25600,24400,"No issues",FALSE,NA
9,2026-07-26 07:39:20,2026-07-26 07:43:50,2026-07-26 07:35:20,28,8.39,-13900,-0.0356,0.992,0.991,0.0381,4.6e-29,4.36e-28,0.319,0.144,260,0.0351,0.000687,1.24,0.000167,2.06,397,0.357,2.08,397,0.357,2.06,352,0.356,"No issues","No issues","No issues",86600,0.982,2.36e-24,2270,10.8,24500,24700,24500,"No issues",FALSE,NA
12,2026-07-26 07:49:30,2026-07-26 07:54:00,2026-07-26 07:45:30,28,144,-13400,0.0329,0.93,0.997,0.0265,1.43e-16,2.55e-35,0.408,7.71,132,0.0391,0.0368,0.628,0.000186,2.07,396,0.357,2.44,396,0.357,2.07,353,0.357,"No issues","No issues","No issues",131000,0.997,5.06e-34,1450,6.9,25200,25600,25200,"No issues",TRUE,117
3,2026-07-26 07:59:40,2026-07-26 08:04:10,2026-07-26 07:55:40,28,3.08,-18900,-0.125,0.996,0.997,0.324,1.21e-32,1.47e-34,0.00156,0.0385,200,0.0353,0.000183,0.952,0.000168,2.04,385,0.358,2.05,385,0.358,2.04,325,0.357,"No issues","No issues","No issues",32100,0.927,2.63e-16,1770,8.42,25200,25300,25200,"No issues",FALSE,NA
6,2026-07-26 08:09:50,2026-07-26 08:14:20,2026-07-26 08:05:50,28,4.92,-19800,-0.448,0.998,0.998,0.839,9.76e-38,1.27e-37,8.19e-12,0.0391,159,0.0385,0.000187,0.758,0.000184,2.04,384,0.358,2.06,384,0.358,2.04,323,0.356,"No issues","No issues","No issues",80400,0.959,1.4e-19,3260,15.5,25400,25600,25400,"No issues",FALSE,NA
1,2026-07-26 08:20:00,2026-07-26 08:24:30,2026-07-26 08:16:00,28,4.28,-15100,-0.22,0.849,0.98,0.497,3.45e-12,1.61e-23,2.79e-05,0.353,426,0.0434,0.00168,2.03,0.000207,2.04,395,0.357,2.06,395,0.357,2.04,347,0.356,"No issues","No issues","No issues",59500,0.907,6.28e-15,3730,17.8,25500,25700,25500,"No issues",FALSE,NA
7,2026-07-26 08:30:10,2026-07-26 08:34:40,2026-07-26 08:26:10,28,8.28,-19000,-0.244,0.998,0.997,0.706,1.3e-36,1.72e-33,2.2e-08,0.0728,220,0.0309,0.000347,1.05,0.000147,2.05,387,0.357,2.07,387,0.357,2.05,328,0.356,"No issues","No issues","No issues",50000,0.751,2.55e-09,5650,26.9,25800,26000,25800,"No issues",FALSE,NA
10,2026-07-26 08:40:20,2026-07-26 08:44:50,2026-07-26 08:36:20,28,11.5,-11100,-0.282,0.971,0.995,0.727,1.59e-21,4.36e-31,8.43e-09,0.39,159,0.0339,0.00186,0.757,0.000162,2.05,400,0.357,2.09,400,0.357,2.05,365,0.356,"No issues","No issues","No issues",7300,0.111,0.0828,4050,19.3,26200,26300,26200,"No issues",FALSE,NA
2,2026-07-26 08:50:30,2026-07-26 08:55:00,2026-07-26 08:46:30,28,3.46,-15800,-0.03,0.991,0.995,0.0226,2.89e-28,7.75e-32,0.445,0.064,213,0.0387,0.000305,1.01,0.000184,2.04,390,0.357,2.05,390,0.357,2.04,339,0.356,"No issues","No issues","No issues",66700,0.902,1.28e-14,4320,20.6,26200,26400,26200,"No issues",FALSE,NA
11,2026-07-26 09:00:40,2026-07-26 09:05:10,2026-07-26 08:56:40,28,13.5,-14100,-0.26,0.921,0.951,0.529,7.13e-16,1.39e-18,1.18e-05,0.776,624,0.0481,0.0037,2.97,0.000229,2.04,385,0.355,2.09,387,0.356,2.04,339,0.354,"No issues","No issues","No issues",28300,0.633,4.16e-07,4220,20.1,26600,26700,26600,"No issues",FALSE,NA
4,2026-07-26 09:10:50,2026-07-26 09:15:20,2026-07-26 09:06:50,28,5.26,-16100,-0.106,0.997,0.995,0.144,9.29e-34,2.73e-31,0.0467,0.0596,227,0.0507,0.000284,1.08,0.000242,2.04,391,0.354,2.06,391,0.354,2.04,341,0.353,"No issues","No issues","No issues",120000,0.961,7.16e-20,4730,22.5,26300,26700,26300,"No issues",FALSE,NA
8,2026-07-26 09:21:00,2026-07-26 09:25:30,2026-07-26 09:17:00,28,7.08,-16700,0.068,0.998,0.994,0.0616,8.16e-36,1.59e-30,0.203,0.0668,252,0.052,0.000318,1.2,0.000248,2.04,388,0.357,2.07,388,0.358,2.04,336,0.357,"No issues","No issues","No issues",439000,0.991,1.95e-28,7970,38,27600,28900,27600,"No issues",FALSE,NA
5,2026-07-26 09:31:20,2026-07-26 09:35:40,2026-07-26 09:27:10,27,5.86,-17900,-0.23,0.846,0.976,0.486,1.23e-11,1.03e-21,5.34e-05,0.501,564,0.0474,0.00226,2.54,0.000214,2.05,382,0.354,2.06,382,0.354,2.05,326,0.353,"No issues","No issues","No issues",-83400,0.807,2.07e-10,8160,36.8,27100,27100,26900,"No issues",FALSE,NA
9,2026-07-26 09:41:20,2026-07-26 09:45:50,2026-07-26 09:37:20,28,7.02,-15300,-0.0759,0.953,0.978,0.0925,8.13e-19,4.31e-23,0.116,0.305,450,0.0466,0.00145,2.14,0.000222,2.05,388,0.353,2.07,388,0.354,2.05,337,0.353,"No issues","No issues","No issues",137000,0.994,1.44e-30,2060,9.83,28000,28400,28000,"No issues",FALSE,NA
12,2026-07-26 09:51:30,2026-07-26 09:56:00,2026-07-26 09:47:30,28,27,-13200,0.138,1,0.994,0.119,3.86e-48,4.81e-30,0.0724,0.0855,208,0.0738,0.000407,0.991,0.000352,2.07,393,0.354,2.15,393,0.356,2.07,351,0.354,"No issues","No issues","No issues",149000,0.964,3.08e-20,5660,27,30000,30500,30000,"No issues",FALSE,NA
3,2026-07-26 10:01:50,2026-07-26 10:06:10,2026-07-26 09:57:40,27,3.21,-18700,-0.221,0.997,0.997,0.316,1.02e-33,1.96e-32,0.00227,0.0331,218,0.065,0.000149,0.981,0.000293,2.04,384,0.356,2.05,384,0.356,2.04,325,0.355,"No issues","No issues","No issues",-142000,0.987,4.3e-25,3260,14.7,28000,28000,27600,"No issues",FALSE,NA
6,2026-07-26 10:11:50,2026-07-26 10:16:20,2026-07-26 10:07:50,28,4.67,-19800,-0.476,0.997,0.996,0.697,4.93e-35,1.93e-32,3.36e-08,0.0472,252,0.0616,0.000225,1.2,0.000294,2.04,384,0.356,2.06,384,0.356,2.04,321,0.354,"No issues","No issues","No issues",9990,0.283,0.00359,3120,14.9,27900,27900,27900,"No issues",FALSE,NA
1,2026-07-26 10:22:00,2026-07-26 10:26:30,2026-07-26 10:18:00,28,4.7,-12800,-0.0283,0.978,0.984,0.0135,5.84e-23,9.52e-25,0.555,0.14,324,0.0473,0.000666,1.54,0.000226,2.04,392,0.354,2.06,392,0.354,2.04,352,0.353,"No issues","No issues","No issues",85400,0.984,8.56e-25,2150,10.3,28200,28500,28200,"No issues",FALSE,NA
7,2026-07-26 10:32:10,2026-07-26 10:36:40,2026-07-26 10:28:10,28,9.33,-17600,-0.126,0.999,0.993,0.219,1.64e-42,8.29e-30,0.012,0.0486,283,0.0466,0.000232,1.35,0.000222,2.05,386,0.354,2.08,386,0.355,2.05,331,0.354,"No issues","No issues","No issues",82100,0.981,5.38e-24,2220,10.6,28900,29200,28900,"No issues",FALSE,NA
10,2026-07-26 10:42:20,2026-07-26 10:46:50,2026-07-26 10:38:20,28,12.4,-10900,-0.275,0.99,0.993,0.554,2.24e-27,2.21e-29,5.59e-06,0.248,181,0.0485,0.00118,0.865,0.000231,2.05,397,0.355,2.09,397,0.355,2.05,362,0.354,"No issues","No issues","No issues",3460,0.0219,0.452,4530,21.6,29000,29000,28900,"No issues",FALSE,NA
2,2026-07-26 10:52:40,2026-07-26 10:57:00,2026-07-26 10:48:30,27,3.52,-15000,0.0512,0.997,0.994,0.057,2.89e-33,1.11e-29,0.23,0.0379,224,0.0416,0.000171,1.01,0.000188,2.04,385,0.355,2.05,385,0.355,2.04,340,0.354,"No issues","No issues","No issues",5790,0.204,0.0181,2290,10.3,28800,28800,28800,"No issues",FALSE,NA
11,2026-07-26 11:02:50,2026-07-26 11:07:10,2026-07-26 10:58:40,27,11,-14800,-0.141,0.938,0.97,0.269,1.3e-16,1.49e-20,0.0056,0.565,521,0.0466,0.00255,2.35,0.00021,2.05,382,0.352,2.08,382,0.353,2.05,338,0.352,"No issues","No issues","No issues",33700,0.922,2.51e-15,1970,8.88,28700,28800,28700,"No issues",FALSE,NA
4,2026-07-26 11:12:50,2026-07-26 11:17:20,2026-07-26 11:08:50,28,6.5,-13400,-0.08,0.998,0.995,0.0838,1.1e-35,5.77e-32,0.135,0.062,179,0.0519,0.000295,0.851,0.000247,2.04,388,0.352,2.06,388,0.352,2.04,345,0.351,"No issues","No issues","No issues",-111000,0.616,7.76e-07,17100,81.7,29700,29800,29400,"No issues",FALSE,NA
8,2026-07-26 11:23:10,2026-07-26 11:27:30,2026-07-26 11:19:00,27,7.33,-16900,0.376,0.998,0.993,0.648,1.24e-34,2.03e-28,4.15e-07,0.0696,285,0.0555,0.000314,1.29,0.00025,2.04,381,0.356,2.06,381,0.357,2.04,330,0.356,"No issues","No issues","No issues",791000,0.995,1.08e-30,10800,48.7,29900,32100,29900,"No issues",FALSE,NA
5,2026-07-26 11:33:10,2026-07-26 11:37:40,2026-07-26 11:29:10,28,4,-19300,-0.326,0.961,0.991,0.689,7.3e-20,6.89e-28,4.61e-08,0.158,369,0.0429,0.000753,1.76,0.000205,2.04,392,0.352,2.05,392,0.352,2.04,331,0.351,"No issues","No issues","No issues",15100,0.465,6.38e-05,3170,15.1,30100,30200,30100,"No issues",FALSE,NA
9,2026-07-26 11:43:20,2026-07-26 11:47:50,2026-07-26 11:39:20,28,6.36,-13200,-0.0533,0.994,0.992,0.0399,2.06e-30,1.34e-28,0.308,0.097,236,0.0513,0.000462,1.12,0.000245,2.04,389,0.352,2.07,389,0.352,2.04,348,0.351,"No issues","No issues","No issues",93700,0.961,6.62e-20,3680,17.6,32100,32400,32100,"No issues",FALSE,NA
12,2026-07-26 11:53:30,2026-07-26 11:58:00,2026-07-26 11:49:30,28,62.8,-11600,0.138,0.557,0.992,0.202,5.06e-06,6.25e-29,0.0165,11,202,0.054,0.0523,0.962,0.000257,2.45,394,0.353,2.84,394,0.354,2.45,357,0.352,"No issues","No issues","No issues",227000,0.96,9.64e-20,9040,43.1,32200,32800,32100,"No issues",TRUE,128
3,2026-07-26 12:03:40,2026-07-26 12:08:10,2026-07-26 11:59:40,28,3.66,-16400,-0.243,0.998,0.996,0.504,3.83e-38,9.55e-33,2.3e-05,0.028,204,0.0473,0.000134,0.971,0.000225,2.04,390,0.354,2.05,390,0.354,2.04,338,0.353,"No issues","No issues","No issues",-165000,0.996,1.49e-32,2080,9.9,30200,30200,29700,"No issues",FALSE,NA
6,2026-07-26 12:13:50,2026-07-26 12:18:20,2026-07-26 12:09:50,28,4.78,-17800,-0.525,0.999,0.996,0.788,1.13e-40,1.89e-33,2.98e-10,0.0293,208,0.0534,0.00014,0.989,0.000254,2.04,388,0.354,2.06,388,0.354,2.04,332,0.352,"No issues","No issues","No issues",94900,0.982,2.85e-24,2510,11.9,30300,30600,30300,"No issues",FALSE,NA
1,2026-07-26 12:24:10,2026-07-26 12:28:30,2026-07-26 12:20:00,27,4.47,-9930,-0.165,0.998,0.99,0.407,1.33e-35,1.08e-26,0.000346,0.0388,196,0.0398,0.000175,0.886,0.00018,2.05,394,0.352,2.06,394,0.352,2.05,364,0.351,"No issues","No issues","No issues",76900,0.91,1.47e-14,4850,21.9,31600,31800,31600,"No issues",FALSE,NA
7,2026-07-26 12:34:10,2026-07-26 12:38:40,2026-07-26 12:30:10,28,8.88,-15500,-0.103,0.997,0.996,0.159,2.51e-35,1.7e-32,0.0353,0.0875,197,0.0464,0.000417,0.937,0.000221,2.05,389,0.353,2.08,389,0.353,2.05,339,0.352,"No issues","No issues","No issues",122000,0.985,2.46e-25,2940,14,32400,32800,32400,"No issues",FALSE,NA
10,2026-07-26 12:44:30,2026-07-26 12:48:50,2026-07-26 12:40:20,27,14.1,-9650,-0.35,0.976,0.99,0.814,7e-22,2.87e-26,1.32e-10,0.437,199,0.0335,0.00197,0.896,0.000151,2.06,397,0.353,2.1,397,0.353,2.06,366,0.351,"No issues","No issues","No issues",112000,0.967,4.36e-20,4110,18.5,30900,31200,30900,"No issues",FALSE,NA
2,2026-07-26 12:54:30,2026-07-26 12:59:00,2026-07-26 12:50:30,28,3.13,-14700,0.000682,0.998,0.994,8.5e-06,1.31e-36,1.4e-30,0.988,0.0275,220,0.0459,0.000131,1.05,0.000219,2.04,389,0.352,2.05,389,0.352,2.04,343,0.352,"No issues","No issues","No issues",7290,0.206,0.0153,2810,13.4,31000,31000,30900,"No issues",FALSE,NA
11,2026-07-26 13:04:40,2026-07-26 13:09:10,2026-07-26 13:00:40,28,11.1,-13300,-0.236,0.98,0.987,0.422,1.33e-23,6.47e-26,0.000183,0.311,303,0.0541,0.00148,1.44,0.000258,2.05,393,0.35,2.09,395,0.35,2.05,354,0.349,"No issues","No issues","No issues",-105000,0.995,7.83e-32,1410,6.71,31200,31200,30800,"No issues",FALSE,NA
4,2026-07-26 13:14:50,2026-07-26 13:19:20,2026-07-26 13:10:50,28,5.21,-13500,-0.0874,0.997,0.996,0.169,6.58e-34,1.58e-32,0.0297,0.0582,171,0.038,0.000277,0.814,0.000181,2.04,388,0.349,2.06,388,0.35,2.04,346,0.349,"No issues","No issues","No issues",67800,0.833,1.32e-11,5950,28.4,29200,29400,29200,"No issues",FALSE,NA
8,2026-07-26 13:25:00,2026-07-26 13:29:30,2026-07-26 13:21:00,28,9.04,-16200,0.521,0.998,0.998,0.697,9.08e-38,2.57e-36,3.3e-08,0.0717,146,0.0674,0.000342,0.697,0.000321,2.05,381,0.353,2.08,381,0.355,2.05,331,0.353,"No issues","No issues","No issues",911000,0.991,7.21e-28,17400,83.1,28500,31400,28500,"No issues",FALSE,NA
5,2026-07-26 13:35:10,2026-07-26 13:39:40,2026-07-26 13:31:10,28,5.21,-15800,-0.27,0.999,0.993,0.682,1.84e-41,1.81e-29,6.27e-08,0.0298,263,0.0362,0.000142,1.25,0.000173,2.04,383,0.349,2.06,383,0.349,2.04,333,0.348,"No issues","No issues","No issues",13200,0.0917,0.117,8170,38.9,31100,31200,31100,"No issues",FALSE,NA
9,2026-07-26 13:45:20,2026-07-26 13:49:50,2026-07-26 13:41:20,28,7.06,-12000,-0.109,0.999,0.992,0.269,6.32e-42,1.39e-28,0.00467,0.0387,215,0.0352,0.000185,1.02,0.000168,2.05,387,0.349,2.07,387,0.349,2.05,350,0.348,"No issues","No issues","No issues",-36400,0.879,1.89e-13,2650,12.6,31700,31800,31700,"No issues",FALSE,NA
12,2026-07-26 13:55:30,2026-07-26 14:00:00,2026-07-26 13:51:30,28,20.5,-10900,0.163,0.999,0.994,0.536,7.49e-40,4.57e-30,9.58e-06,0.135,171,0.0298,0.000645,0.815,0.000142,2.06,393,0.35,2.12,393,0.35,2.06,360,0.35,"No issues","No issues","No issues",590000,0.994,2.75e-30,9100,43.4,31200,33000,31200,"No issues",FALSE,NA
3,2026-07-26 14:05:40,2026-07-26 14:10:10,2026-07-26 14:01:40,28,3.4,-16800,-0.167,0.997,0.996,0.374,7.44e-35,2.79e-32,0.00055,0.0349,217,0.0423,0.000166,1.03,0.000202,2.04,386,0.35,2.05,386,0.351,2.04,333,0.349,"No issues","No issues","No issues",-102000,0.96,1.15e-19,4090,19.5,30100,30100,29700,"No issues",FALSE,NA
6,2026-07-26 14:15:50,2026-07-26 14:20:20,2026-07-26 14:11:50,28,4.51,-17900,-0.51,0.999,0.997,0.894,1.16e-41,7.86e-35,3.29e-14,0.0253,184,0.0344,0.000121,0.877,0.000164,2.05,384,0.351,2.06,384,0.351,2.05,328,0.349,"No issues","No issues","No issues",18600,0.771,8.09e-10,1980,9.46,30000,30100,30000,"No issues",FALSE,NA
1,2026-07-26 14:26:00,2026-07-26 14:30:30,2026-07-26 14:22:00,28,4.21,-10200,-0.119,0.997,0.982,0.372,4.15e-34,2.84e-24,0.00057,0.0462,271,0.0303,0.00022,1.29,0.000144,2.05,394,0.349,2.06,394,0.349,2.05,363,0.349,"No issues","No issues","No issues",13200,0.297,0.00273,3980,19,31000,31100,31000,"No issues",FALSE,NA
7,2026-07-26 14:36:10,2026-07-26 14:40:40,2026-07-26 14:32:10,28,9.7,-14800,-0.119,0.997,0.995,0.427,3.59e-35,5.17e-31,0.000164,0.0969,214,0.027,0.000462,1.02,0.000129,2.05,387,0.35,2.08,387,0.35,2.05,342,0.349,"No issues","No issues","No issues",233000,0.987,3.8e-26,5200,24.8,29900,30600,29900,"No issues",FALSE,NA
10,2026-07-26 14:46:20,2026-07-26 14:50:50,2026-07-26 14:42:20,28,12.7,-9060,-0.356,0.998,0.972,0.766,2.91e-36,1.03e-21,1.11e-09,0.115,302,0.0386,0.00055,1.44,0.000184,2.05,397,0.35,2.09,397,0.35,2.05,369,0.348,"No issues","No issues","No issues",81600,0.819,3.76e-11,7520,35.9,29000,29200,28900,"No issues",FALSE,NA
2,2026-07-26 14:56:30,2026-07-26 15:01:00,2026-07-26 14:52:30,28,2.81,-14400,0.025,0.998,0.995,0.0265,2.62e-37,3.73e-31,0.408,0.0232,205,0.0297,0.000111,0.98,0.000141,2.05,385,0.35,2.05,385,0.351,2.05,340,0.35,"No issues","No issues","No issues",28600,0.913,2.82e-15,1740,8.28,28700,28800,28700,"No issues",FALSE,NA
11,2026-07-26 15:06:40,2026-07-26 15:11:10,2026-07-26 15:02:40,28,10.5,-12300,-0.183,0.977,0.981,0.594,6.3e-23,7.56e-24,1.6e-06,0.314,336,0.0296,0.0015,1.6,0.000141,2.05,385,0.349,2.09,385,0.349,2.05,344,0.348,"No issues","No issues","No issues",343000,0.945,6.16e-18,16200,77.1,28800,29900,28800,"No issues",FALSE,NA
4,2026-07-26 15:16:50,2026-07-26 15:21:20,2026-07-26 15:12:50,28,4.13,-12800,-0.071,0.892,0.988,0.188,4.38e-14,1.35e-26,0.0213,0.282,275,0.029,0.00134,1.31,0.000138,2.05,390,0.348,2.07,390,0.348,2.05,353,0.347,"No issues","No issues","No issues",170000,0.987,5.6e-26,3860,18.4,29400,29900,29400,"No issues",FALSE,NA
8,2026-07-26 15:27:00,2026-07-26 15:31:30,2026-07-26 15:23:00,28,9.71,-13800,0.397,0.999,0.994,0.739,6.15e-41,2.86e-30,4.6e-09,0.0582,213,0.0462,0.000277,1.02,0.00022,2.06,381,0.352,2.09,381,0.353,2.06,337,0.352,"No issues","No issues","No issues",843000,0.933,8.03e-17,44100,210,28300,31100,28300,"No issues",FALSE,NA
5,2026-07-26 15:37:10,2026-07-26 15:41:40,2026-07-26 15:33:10,28,4.78,-15900,-0.0538,0.998,0.997,0.0699,1.55e-37,3.5e-34,0.174,0.0387,173,0.0385,0.000184,0.826,0.000183,2.05,387,0.348,2.06,387,0.348,2.05,338,0.347,"No issues","No issues","No issues",-123000,0.998,3.05e-36,1120,5.33,29400,29400,29100,"No issues",FALSE,NA
9,2026-07-26 15:47:20,2026-07-26 15:51:50,2026-07-26 15:43:20,28,5.72,-12200,-0.0699,0.999,0.995,0.159,1.22e-38,1.38e-31,0.0357,0.042,167,0.0316,2e-04,0.796,0.00015,2.05,386,0.348,2.07,386,0.348,2.05,348,0.347,"No issues","No issues","No issues",-48600,0.867,6.5e-13,3730,17.8,30200,30300,30100,"No issues",FALSE,NA
12,2026-07-26 15:57:30,2026-07-26 16:02:00,2026-07-26 15:53:30,28,20.2,-9610,0.0465,0.987,0.99,0.0953,4.86e-26,8.2e-28,0.11,0.454,185,0.0281,0.00216,0.881,0.000134,2.07,391,0.349,2.13,391,0.349,2.07,361,0.349,"No issues","No issues","No issues",787000,0.985,4.41e-25,19300,92.2,28100,30500,28100,"No issues",FALSE,NA
3,2026-07-26 16:07:40,2026-07-26 16:12:10,2026-07-26 16:03:40,28,2.2,-16000,-0.169,0.99,0.995,0.457,2.57e-27,8.37e-32,7.84e-05,0.0443,215,0.0362,0.000211,1.03,0.000173,2.04,385,0.35,2.05,385,0.35,2.04,335,0.349,"No issues","No issues","No issues",-57600,0.963,4.52e-20,2230,10.6,28500,28500,28300,"No issues",FALSE,NA
6,2026-07-26 16:17:50,2026-07-26 16:22:20,2026-07-26 16:13:50,28,3.61,-15500,-0.386,0.998,0.995,0.772,4.95e-36,3.31e-31,7.64e-10,0.0334,221,0.0411,0.000159,1.05,0.000196,2.05,383,0.351,2.06,383,0.351,2.05,335,0.349,"No issues","No issues","No issues",29800,0.709,1.92e-08,3740,17.8,29000,29100,29000,"No issues",FALSE,NA
1,2026-07-26 16:28:00,2026-07-26 16:32:30,2026-07-26 16:24:00,28,3.7,-7900,-0.0535,0.992,0.957,0.0741,1.46e-28,2.8e-19,0.161,0.0665,329,0.0371,0.000317,1.57,0.000177,2.05,393,0.349,2.06,393,0.349,2.05,368,0.349,"No issues","No issues","No issues",189000,0.984,6.09e-25,4700,22.4,28400,28900,28400,"No issues",FALSE,NA
7,2026-07-26 16:38:10,2026-07-26 16:42:40,2026-07-26 16:34:10,28,9.31,-7440,-0.222,0.999,0.995,0.646,1.68e-41,2.02e-31,2.56e-07,0.053,104,0.0321,0.000253,0.494,0.000153,2.05,394,0.35,2.08,394,0.35,2.05,371,0.349,"No issues","No issues","No issues",-70900,0.833,1.36e-11,6240,29.7,26600,26600,26400,"No issues",FALSE,NA
10,2026-07-26 16:48:30,2026-07-26 16:52:50,2026-07-26 16:44:20,27,11.7,-6850,-0.331,0.978,0.983,0.648,3.34e-22,1.68e-23,4.06e-07,0.351,183,0.0488,0.00158,0.823,0.00022,2.06,393,0.35,2.09,393,0.351,2.06,370,0.349,"No issues","No issues","No issues",240000,0.996,3.29e-31,3120,14.1,25800,26500,25800,"No issues",FALSE,NA
2,2026-07-26 16:58:30,2026-07-26 17:03:00,2026-07-26 16:54:30,28,2.45,-9850,0.143,0.996,0.995,0.273,6.13e-33,5.91e-32,0.00434,0.0298,131,0.0457,0.000142,0.624,0.000218,2.05,392,0.351,2.06,392,0.351,2.05,361,0.351,"No issues","No issues","No issues",44200,0.982,3.08e-24,1170,5.58,26800,26900,26800,"No issues",FALSE,NA
11,2026-07-26 17:08:40,2026-07-26 17:13:10,2026-07-26 17:04:40,28,10.2,-6100,-0.165,0.89,0.733,0.436,5.96e-14,6.41e-09,0.000133,0.704,722,0.0369,0.00336,3.44,0.000176,2.05,392,0.35,2.09,393,0.35,2.05,370,0.349,"No issues","No issues","No issues",54600,0.921,7.23e-16,3130,14.9,26200,26400,26200,"No issues",FALSE,NA
4,2026-07-26 17:18:50,2026-07-26 17:23:20,2026-07-26 17:14:50,28,4.59,-6830,-0.0979,0.653,0.895,0.164,1.96e-07,3.23e-14,0.0326,0.655,460,0.0434,0.00312,2.19,0.000207,2.06,405,0.35,2.07,405,0.35,2.05,379,0.349,"No issues","No issues","No issues",-34800,0.449,9.55e-05,7550,36,25800,25800,25600,"No issues",FALSE,NA
8,2026-07-26 17:29:10,2026-07-26 17:33:30,2026-07-26 17:25:00,27,10.1,-6200,-0.149,0.998,0.983,0.298,1.58e-36,1.32e-23,0.00321,0.0807,164,0.0457,0.000364,0.738,0.000206,2.06,392,0.353,2.09,392,0.353,2.06,373,0.352,"No issues","No issues","No issues",368000,0.957,1.53e-18,15700,70.7,24200,25300,24200,"No issues",FALSE,NA
5,2026-07-26 17:39:20,2026-07-26 17:43:40,2026-07-26 17:35:10,27,4.37,-6450,-0.00318,0.994,0.994,0.00016,1.93e-29,6.27e-29,0.95,0.0671,104,0.0502,0.000302,0.468,0.000226,2.05,400,0.351,2.07,400,0.351,2.05,380,0.35,"No issues","No issues","No issues",70500,0.963,1.76e-19,2750,12.4,25400,25700,25400,"No issues",FALSE,NA
9,2026-07-26 17:49:20,2026-07-26 17:53:50,2026-07-26 17:45:20,28,5.3,-5390,0.051,0.855,0.824,0.0332,2.12e-12,2.62e-11,0.354,0.428,488,0.054,0.00204,2.33,0.000258,2.06,404,0.351,2.08,406,0.351,2.06,385,0.35,"No issues","No issues","No issues",73300,0.858,1.62e-12,5850,27.9,26400,26600,26400,"No issues",FALSE,NA
12,2026-07-26 17:59:40,2026-07-26 18:04:00,2026-07-26 17:55:30,27,199,-2370,-0.0703,0.599,0.879,0.0651,2.16e-06,5.93e-13,0.199,32.5,176,0.0533,0.146,0.794,0.00024,2.1,410,0.352,2.78,410,0.352,2.1,402,0.351,"No issues","No issues","No issues",115000,0.991,3.72e-27,2180,9.81,23700,24000,23700,"No issues",TRUE,223
3,2026-07-26 18:09:40,2026-07-26 18:14:10,2026-07-26 18:05:40,28,3.53,-1670,-0.168,0.962,0.915,0.203,6.31e-20,1.9e-15,0.0161,0.138,99.6,0.0654,0.000659,0.475,0.000312,2.06,416,0.353,2.08,416,0.354,2.06,410,0.353,"No issues","No issues","No issues",56000,0.967,9.25e-21,2030,9.7,25100,25300,25100,"No issues",FALSE,NA
6,2026-07-26 18:20:00,2026-07-26 18:24:20,2026-07-26 18:15:50,27,3.97,-271,-0.204,0.992,0.299,0.481,1.3e-27,0.00316,6.11e-05,0.0722,83,0.0425,0.000325,0.374,0.000192,2.06,425,0.354,2.07,425,0.354,2.06,423,0.353,"No issues","No issues","No issues",-47500,0.744,7.25e-09,5570,25.1,25600,25600,25500,"No issues",FALSE,NA
1,2026-07-26 18:30:00,2026-07-26 18:34:30,2026-07-26 18:26:00,28,4.6,1070,-0.0726,0.988,0.85,0.0714,1.41e-26,3.19e-12,0.169,0.0987,88,0.0514,0.000471,0.42,0.000245,2.1,425,0.353,2.11,428,0.353,2.1,424,0.352,"No issues","No issues","No issues",-148000,0.981,7.2e-24,4050,19.3,22700,22700,22200,"No issues",FALSE,NA
7,2026-07-26 18:40:20,2026-07-26 18:44:40,2026-07-26 18:36:10,27,8.59,1560,-0.309,0.99,0.916,0.594,9.55e-27,6.04e-15,2.53e-06,0.169,94.8,0.0511,0.000763,0.427,0.00023,2.09,431,0.354,2.12,437,0.354,2.09,431,0.353,"No issues","No issues","No issues",-81700,0.949,1.02e-17,3770,17,22200,22200,22000,"No issues",FALSE,NA
10,2026-07-26 18:50:20,2026-07-26 18:54:50,2026-07-26 18:46:20,28,11.4,2570,-0.296,0.958,0.932,0.624,1.92e-19,9.81e-17,5.87e-07,0.466,136,0.0451,0.00222,0.647,0.000215,2.1,439,0.354,2.14,448,0.354,2.1,439,0.353,"No issues","No issues","No issues",-208000,0.976,1.08e-22,6340,30.2,22300,22300,21600,"No issues",FALSE,NA
2,2026-07-26 19:00:30,2026-07-26 19:05:00,2026-07-26 18:56:30,28,1.93,3960,0.0749,0.97,0.985,0.0701,2.38e-21,2.01e-25,0.173,0.0666,94.4,0.0535,0.000317,0.45,0.000255,2.11,449,0.355,2.11,462,0.355,2.11,449,0.354,"No issues","No issues","No issues",115000,0.977,6.3e-23,3440,16.4,23600,24000,23600,"No issues",FALSE,NA
11,2026-07-26 19:10:50,2026-07-26 19:15:10,2026-07-26 19:06:40,27,8.26,5160,-0.0606,0.965,0.978,0.131,1.05e-19,3.55e-22,0.0633,0.315,156,0.0312,0.00142,0.702,0.000141,2.09,467,0.354,2.12,481,0.354,2.09,464,0.354,"No issues","No issues","No issues",-188000,0.997,1.13e-33,1950,8.78,22600,22600,22000,"No issues",FALSE,NA
4,2026-07-26 19:20:50,2026-07-26 19:25:20,2026-07-26 19:16:50,28,5.35,3890,-0.0317,0.969,0.986,0.0475,3.29e-21,1.71e-25,0.265,0.187,92,0.0278,0.00089,0.439,0.000133,2.09,473,0.355,2.11,485,0.355,2.09,473,0.354,"No issues","No issues","No issues",-181000,0.992,3.75e-29,3090,14.7,21800,21800,21300,"No issues",FALSE,NA
8,2026-07-26 19:31:00,2026-07-26 19:35:30,2026-07-26 19:27:00,28,12.7,7210,-0.118,0.996,0.992,0.467,3.83e-32,1.02e-28,6.07e-05,0.166,128,0.0247,0.000791,0.61,0.000118,2.1,460,0.355,2.14,483,0.355,2.1,460,0.355,"No issues","No issues","No issues",-27500,0.967,8.29e-21,995,4.74,21000,21000,20900,"No issues",FALSE,NA
5,2026-07-26 19:41:10,2026-07-26 19:45:40,2026-07-26 19:37:10,28,4.95,6130,-0.000508,0.849,0.982,3.94e-06,3.48e-12,2.79e-24,0.992,0.409,162,0.0502,0.00195,0.771,0.000239,2.09,481,0.355,2.1,502,0.355,2.09,481,0.354,"No issues","No issues","No issues",129000,0.988,2.15e-26,2810,13.4,22400,22800,22400,"No issues",FALSE,NA
9,2026-07-26 19:51:20,2026-07-26 19:55:50,2026-07-26 19:47:20,28,6.84,5020,-0.0501,0.948,0.972,0.0959,3.52e-18,1.18e-21,0.109,0.315,168,0.0302,0.0015,0.801,0.000144,2.11,522,0.356,2.13,539,0.356,2.11,521,0.355,"No issues","No issues","No issues",-140000,0.989,8.48e-27,2940,14,21800,21800,21300,"No issues",FALSE,NA
12,2026-07-26 20:01:30,2026-07-26 20:06:00,2026-07-26 19:57:30,28,17.6,5300,-0.0262,0.998,0.994,0.0262,3.96e-36,3.54e-30,0.411,0.162,82.4,0.0314,0.00077,0.393,0.000149,2.15,517,0.356,2.2,533,0.356,2.15,517,0.355,"No issues","No issues","No issues",-34400,0.962,4.66e-20,1330,6.36,20900,20900,20800,"No issues",FALSE,NA
3,2026-07-26 20:11:40,2026-07-26 20:16:10,2026-07-26 20:07:40,28,2.33,5180,-0.0823,0.99,0.992,0.179,1.15e-27,4.93e-29,0.0249,0.0455,89.2,0.0346,0.000217,0.425,0.000165,2.11,534,0.357,2.12,549,0.358,2.11,534,0.357,"No issues","No issues","No issues",145000,0.989,5.39e-27,2990,14.3,22800,23300,22800,"No issues",FALSE,NA
6,2026-07-26 20:21:50,2026-07-26 20:26:20,2026-07-26 20:17:50,28,3.19,4860,-0.258,0.974,0.994,0.873,3.05e-22,3.62e-30,3.64e-13,0.101,75.7,0.0193,0.000482,0.361,9.19e-05,2.11,529,0.358,2.12,544,0.358,2.11,529,0.357,"No issues","No issues","No issues",-152000,0.999,2.89e-40,966,4.6,22700,22700,22200,"No issues",FALSE,NA
1,2026-07-26 20:32:00,2026-07-26 20:36:30,2026-07-26 20:28:00,28,3.6,4100,-0.0781,0.989,0.985,0.29,8.46e-27,2.54e-25,0.00314,0.0759,98.6,0.024,0.000362,0.47,0.000114,2.12,530,0.356,2.13,544,0.356,2.12,530,0.356,"No issues","No issues","No issues",-82100,0.989,7.57e-27,1720,8.2,21200,21200,20900,"No issues",FALSE,NA
7,2026-07-26 20:42:10,2026-07-26 20:46:40,2026-07-26 20:38:10,28,10.8,5160,-0.105,0.986,0.981,0.28,8.1e-26,5.19e-24,0.00375,0.248,140,0.0331,0.00118,0.665,0.000158,2.12,522,0.356,2.15,536,0.356,2.12,522,0.356,"No issues","No issues","No issues",-5260,0.578,2.69e-06,881,4.2,20800,20800,20800,"No issues",FALSE,NA
10,2026-07-26 20:52:20,2026-07-26 20:56:50,2026-07-26 20:48:20,28,8.86,4040,-0.163,0.909,0.946,0.425,4.47e-15,5.78e-18,0.000169,0.549,190,0.0372,0.00262,0.906,0.000177,2.2,544,0.357,2.22,557,0.357,2.2,544,0.356,"No issues","No issues","No issues",-21500,0.972,1.04e-21,717,3.42,20500,20500,20500,"No issues",FALSE,NA
2,2026-07-26 21:02:30,2026-07-26 21:07:00,2026-07-26 20:58:30,28,2.36,5740,0.0328,0.874,0.988,0.051,3.34e-13,9.76e-27,0.248,0.175,121,0.0278,0.000837,0.579,0.000132,2.16,526,0.357,2.17,544,0.358,2.16,526,0.357,"No issues","No issues","No issues",164000,0.995,1.16e-31,2230,10.7,21900,22400,21900,"No issues",FALSE,NA
11,2026-07-26 21:12:40,2026-07-26 21:17:10,2026-07-26 21:08:40,28,7.29,5200,-0.167,0.987,0.988,0.415,4.13e-26,2.45e-26,0.000215,0.163,114,0.0389,0.000778,0.544,0.000185,2.17,538,0.357,2.2,554,0.357,2.17,538,0.356,"No issues","No issues","No issues",-153000,0.983,1.87e-24,3970,18.9,21000,21000,20600,"No issues",FALSE,NA
4,2026-07-26 21:22:50,2026-07-26 21:27:20,2026-07-26 21:18:50,28,6.06,4250,-0.0835,0.995,0.985,0.251,3.25e-31,2.87e-25,0.00656,0.086,103,0.0282,0.00041,0.489,0.000135,2.13,498,0.356,2.15,511,0.356,2.13,498,0.356,"No issues","No issues","No issues",-24100,0.954,5.94e-19,1030,4.93,20500,20500,20400,"No issues",FALSE,NA
8,2026-07-26 21:33:00,2026-07-26 21:37:30,2026-07-26 21:29:00,28,14.5,7680,-0.0226,0.998,0.997,0.0239,2.62e-36,1.89e-34,0.432,0.131,81.8,0.0283,0.000625,0.39,0.000135,2.14,519,0.357,2.19,543,0.357,2.14,519,0.357,"No issues","No issues","No issues",4960,0.296,0.00276,1500,7.15,20400,20400,20400,"No issues",FALSE,NA
5,2026-07-26 21:43:10,2026-07-26 21:47:40,2026-07-26 21:39:10,28,4.4,6180,-0.0375,0.992,0.984,0.0407,4.18e-29,6.28e-25,0.303,0.0754,154,0.0357,0.000359,0.733,0.00017,2.13,535,0.357,2.14,554,0.357,2.13,535,0.356,"No issues","No issues","No issues",97400,0.999,1.47e-38,720,3.43,20800,21100,20800,"No issues",FALSE,NA
9,2026-07-26 21:53:20,2026-07-26 21:57:50,2026-07-26 21:49:20,28,2.96,3930,-0.0994,0.885,0.975,0.243,9.82e-14,2.43e-22,0.00763,0.209,123,0.0344,0.000996,0.589,0.000164,2.18,561,0.357,2.19,574,0.357,2.18,561,0.356,"No issues","No issues","No issues",-32600,0.982,2.87e-24,861,4.1,20600,20600,20500,"No issues",FALSE,NA
12,2026-07-26 22:03:40,2026-07-26 22:08:00,2026-07-26 21:59:30,27,16.6,4330,-0.0638,0.998,0.982,0.0846,2.38e-34,2.61e-23,0.141,0.162,118,0.042,0.000731,0.53,0.000189,2.14,558,0.357,2.18,569,0.358,2.14,558,0.357,"No issues","No issues","No issues",8650,0.35,0.00116,2360,10.6,20200,20300,20200,"No issues",FALSE,NA
3,2026-07-26 22:13:50,2026-07-26 22:18:10,2026-07-26 22:09:40,27,3.67,6180,-0.0332,0.994,0.992,0.0407,1.13e-29,1.91e-27,0.313,0.0551,114,0.0323,0.000248,0.514,0.000146,2.11,516,0.357,2.12,535,0.358,2.11,516,0.357,"No issues","No issues","No issues",108000,0.936,1.87e-16,5640,25.4,21700,22000,21700,"No issues",FALSE,NA
6,2026-07-26 22:23:50,2026-07-26 22:28:20,2026-07-26 22:19:50,28,5.26,5750,-0.252,0.964,0.992,0.621,2.3e-20,8.65e-29,6.32e-07,0.198,101,0.0385,0.000945,0.483,0.000184,2.12,524,0.358,2.14,542,0.358,2.12,524,0.357,"No issues","No issues","No issues",-108000,1,3.09e-45,443,2.11,21100,21100,20700,"No issues",FALSE,NA
1,2026-07-26 22:34:00,2026-07-26 22:38:30,2026-07-26 22:30:00,28,1.22,3680,-0.0245,0.738,0.981,0.0211,4.83e-09,8.41e-24,0.461,0.142,101,0.0327,0.000677,0.484,0.000156,2.19,552,0.357,2.19,564,0.357,2.19,552,0.356,"No issues","No issues","No issues",-40700,0.974,4.34e-22,1310,6.25,20100,20100,20000,"No issues",FALSE,NA
7,2026-07-26 22:44:10,2026-07-26 22:48:40,2026-07-26 22:40:10,28,6.62,3890,-0.0748,0.985,0.913,0.134,2.33e-25,2.67e-15,0.0554,0.159,236,0.0373,0.000756,1.12,0.000178,2.17,536,0.357,2.2,550,0.357,2.17,536,0.356,"No issues","No issues","No issues",36000,0.976,1.56e-22,1110,5.31,19900,20100,19900,"No issues",FALSE,NA
10,2026-07-26 22:54:20,2026-07-26 22:58:50,2026-07-26 22:50:20,28,10,4370,-0.147,0.923,0.946,0.634,4.99e-16,5.11e-18,4.03e-07,0.565,204,0.0219,0.00269,0.975,0.000104,2.1,493,0.357,2.13,507,0.357,2.1,493,0.357,"No issues","No issues","No issues",23300,0.935,6.16e-17,1210,5.76,19900,20000,19900,"No issues",FALSE,NA
2,2026-07-26 23:04:30,2026-07-26 23:09:00,2026-07-26 23:00:30,28,1.68,5050,-0.0382,0.978,0.979,0.0738,3.34e-23,2.38e-23,0.162,0.0488,145,0.0265,0.000233,0.691,0.000126,2.08,497,0.358,2.09,512,0.358,2.08,497,0.358,"No issues","No issues","No issues",-21100,0.633,4.11e-07,3140,15,21000,21100,21000,"No issues",FALSE,NA
11,2026-07-26 23:14:40,2026-07-26 23:19:10,2026-07-26 23:10:40,28,7.14,5430,-0.0608,0.983,0.986,0.135,1.06e-24,8e-26,0.0543,0.181,125,0.0301,0.000865,0.595,0.000144,2.11,500,0.357,2.13,518,0.358,2.11,500,0.357,"No issues","No issues","No issues",-45100,0.945,7.45e-18,2140,10.2,20100,20100,20000,"No issues",FALSE,NA
4,2026-07-26 23:24:50,2026-07-26 23:29:20,2026-07-26 23:20:50,28,5.34,3940,-0.0469,0.967,0.935,0.0794,9.13e-21,5.85e-17,0.146,0.194,204,0.0313,0.000924,0.971,0.000149,2.1,492,0.357,2.11,504,0.357,2.1,492,0.356,"No issues","No issues","No issues",16000,0.866,7.57e-13,1240,5.89,19900,19900,19900,"No issues",FALSE,NA
8,2026-07-26 23:35:10,2026-07-26 23:39:30,2026-07-26 23:31:00,27,15,7270,-0.0141,0.995,0.995,0.00627,1.88e-30,3.22e-30,0.695,0.21,104,0.0356,0.000945,0.467,0.00016,2.1,482,0.357,2.15,505,0.357,2.1,482,0.357,"No issues","No issues","No issues",42800,0.977,5.04e-22,1310,5.91,19800,19900,19800,"No issues",FALSE,NA
5,2026-07-26 23:45:10,2026-07-26 23:49:40,2026-07-26 23:41:10,28,2.41,3770,-0.0651,0.896,0.947,0.128,2.85e-14,4.55e-18,0.0611,0.161,176,0.0332,0.000768,0.837,0.000158,2.12,512,0.357,2.13,522,0.357,2.12,511,0.356,"No issues","No issues","No issues",69400,0.994,3.42e-30,1080,5.14,20500,20700,20500,"No issues",FALSE,NA
9,2026-07-26 23:55:20,2026-07-26 23:59:50,2026-07-26 23:51:20,28,6.48,5230,-0.128,0.949,0.979,0.402,2.47e-18,2.72e-23,0.000293,0.295,151,0.0306,0.0014,0.719,0.000146,2.11,493,0.357,2.13,510,0.357,2.11,493,0.356,"No issues","No issues","No issues",486,0.00181,0.83,2240,10.7,20100,20100,20100,"No issues",FALSE,NA
12,2026-07-27 00:05:30,2026-07-27 00:10:00,2026-07-27 00:01:30,28,25,5290,-0.107,0.949,0.989,0.223,2.38e-18,3.79e-27,0.0112,1.13,108,0.0393,0.0054,0.515,0.000187,2.12,494,0.357,2.2,512,0.357,2.12,494,0.356,"No issues","No issues","No issues",16600,0.816,4.75e-11,1540,7.36,19800,19900,19800,"No issues",FALSE,NA
3,2026-07-27 00:15:40,2026-07-27 00:20:10,2026-07-27 00:11:40,28,4.21,6390,-0.122,0.948,0.974,0.223,3.1e-18,4.8e-22,0.0112,0.193,206,0.0447,0.00092,0.984,0.000213,2.1,504,0.358,2.11,523,0.359,2.1,503,0.357,"No issues","No issues","No issues",116000,0.981,4.82e-24,3120,14.9,21100,21500,21100,"No issues",FALSE,NA
6,2026-07-27 00:26:00,2026-07-27 00:30:20,2026-07-27 00:21:50,27,5.59,5480,-0.172,0.979,0.989,0.266,1.6e-22,4.12e-26,0.00589,0.163,114,0.0571,0.000736,0.516,0.000257,2.14,526,0.357,2.16,543,0.357,2.14,526,0.356,"No issues","No issues","No issues",-90600,0.998,3.79e-36,748,3.37,20200,20200,19900,"No issues",FALSE,NA
1,2026-07-27 00:36:00,2026-07-27 00:40:30,2026-07-27 00:32:00,28,6.57,3460,-0.0815,0.979,0.98,0.206,2.4e-23,1.29e-23,0.0153,0.189,96.9,0.0314,0.000899,0.462,0.00015,2.17,527,0.357,2.19,540,0.357,2.17,527,0.356,"No issues","No issues","No issues",-10300,0.767,1.04e-09,1110,5.29,19600,19600,19600,"No issues",FALSE,NA
7,2026-07-27 00:46:10,2026-07-27 00:50:40,2026-07-27 00:42:10,28,16.2,5830,-0.0267,0.992,0.962,0.0307,1.04e-28,5.81e-20,0.372,0.287,228,0.0294,0.00137,1.09,0.00014,2.1,471,0.356,2.15,488,0.357,2.1,471,0.356,"No issues","No issues","No issues",26000,0.942,1.45e-17,1270,6.06,19600,19700,19600,"No issues",FALSE,NA
10,2026-07-27 00:56:20,2026-07-27 01:00:50,2026-07-27 00:52:20,28,16.7,5420,-0.0943,0.92,0.959,0.301,9.52e-16,1.5e-19,0.00252,0.966,220,0.0282,0.00461,1.05,0.000134,2.18,509,0.357,2.24,527,0.357,2.18,509,0.356,"No issues","No issues","No issues",-13600,0.894,3.62e-14,921,4.39,19400,19400,19400,"No issues",FALSE,NA
2,2026-07-27 01:06:30,2026-07-27 01:11:00,2026-07-27 01:02:30,28,5.37,5690,0.0124,0.999,0.994,0.00759,2.1e-39,9.4e-31,0.659,0.0369,84.2,0.0278,0.000176,0.401,0.000133,2.1,489,0.357,2.11,506,0.358,2.1,489,0.357,"No issues","No issues","No issues",71000,0.362,0.000706,18500,88,20200,20600,20200,"No issues",FALSE,NA
11,2026-07-27 01:16:40,2026-07-27 01:21:10,2026-07-27 01:12:40,28,24.6,6350,0.062,0.998,0.996,0.145,6.41e-38,4.75e-33,0.0454,0.192,76.5,0.0295,0.000917,0.365,0.000141,2.1,476,0.357,2.17,495,0.357,2.1,476,0.357,"No issues","No issues","No issues",-52900,0.998,9.24e-37,459,2.19,19900,19900,19800,"No issues",FALSE,NA
4,2026-07-27 01:27:00,2026-07-27 01:31:20,2026-07-27 01:22:50,27,17.5,5090,-0.0631,0.985,0.986,0.119,2.19e-24,1.1e-24,0.078,0.43,122,0.0343,0.00194,0.548,0.000155,2.11,469,0.356,2.16,485,0.357,2.11,469,0.356,"No issues","No issues","No issues",-7040,0.63,7.77e-07,1080,4.86,19800,19900,19800,"No issues",FALSE,NA
8,2026-07-27 01:37:00,2026-07-27 01:41:30,2026-07-27 01:33:00,28,18.7,5050,-0.0754,1,0.994,0.136,2.56e-46,4.05e-30,0.0534,0.0694,79,0.0372,0.000331,0.377,0.000178,2.11,471,0.357,2.16,487,0.357,2.11,471,0.356,"No issues","No issues","No issues",31700,0.986,9.57e-26,734,3.5,19800,19900,19800,"No issues",FALSE,NA
5,2026-07-27 01:47:10,2026-07-27 01:51:40,2026-07-27 01:43:10,28,8.42,3500,-0.0482,0.99,0.961,0.0307,9.62e-28,8.95e-20,0.372,0.163,139,0.0531,0.000776,0.663,0.000253,2.11,481,0.356,2.14,493,0.357,2.11,481,0.356,"No issues","No issues","No issues",78300,0.979,2.74e-23,2260,10.8,20200,20500,20200,"No issues",FALSE,NA
9,2026-07-27 01:57:20,2026-07-27 02:01:50,2026-07-27 01:53:20,28,11.2,3760,0.00113,0.942,0.966,2.59e-05,1.38e-17,1.13e-20,0.98,0.544,138,0.0437,0.00259,0.656,0.000208,2.13,489,0.356,2.16,501,0.357,2.12,489,0.356,"No issues","No issues","No issues",25500,0.978,5.59e-23,758,3.62,20200,20300,20200,"No issues",FALSE,NA
12,2026-07-27 02:07:30,2026-07-27 02:12:00,2026-07-27 02:03:30,28,32.4,3870,-0.118,0.999,0.983,0.182,6.13e-41,1.48e-24,0.0237,0.194,99.6,0.049,0.000926,0.475,0.000234,2.13,487,0.357,2.23,499,0.357,2.13,487,0.356,"No issues","No issues","No issues",84700,0.995,1.87e-31,1180,5.61,20000,20300,20000,"No issues",FALSE,NA
3,2026-07-27 02:17:40,2026-07-27 02:22:10,2026-07-27 02:13:40,28,5.39,4440,-0.18,0.998,0.99,0.422,6.3e-37,2.75e-27,0.000182,0.0461,89.5,0.0413,0.00022,0.427,0.000197,2.12,504,0.358,2.13,518,0.358,2.12,504,0.357,"No issues","No issues","No issues",128000,0.988,1.13e-26,2720,13,21300,21700,21300,"No issues",FALSE,NA
6,2026-07-27 02:27:50,2026-07-27 02:32:20,2026-07-27 02:23:50,28,9.92,5000,-0.255,1,0.993,0.58,6.26e-48,1.55e-29,2.54e-06,0.032,82.4,0.0426,0.000152,0.393,0.000203,2.09,478,0.358,2.12,494,0.358,2.09,478,0.357,"No issues","No issues","No issues",11500,0.747,3.09e-09,1310,6.26,20800,20900,20800,"No issues",FALSE,NA
1,2026-07-27 02:38:00,2026-07-27 02:42:30,2026-07-27 02:34:00,28,6.79,3820,0.0315,0.999,0.986,0.0146,6.53e-40,1.78e-25,0.541,0.0445,90.6,0.0507,0.000212,0.432,0.000242,2.09,488,0.356,2.12,499,0.357,2.09,488,0.356,"No issues","No issues","No issues",81300,0.999,4.74e-39,575,2.74,20900,21200,20900,"No issues",FALSE,NA
7,2026-07-27 02:48:20,2026-07-27 02:52:40,2026-07-27 02:44:10,27,18.6,4320,-0.0776,1,0.992,0.21,4.36e-46,8.23e-28,0.0161,0.0613,77,0.0301,0.000277,0.347,0.000135,2.12,511,0.357,2.18,523,0.357,2.12,511,0.357,"No issues","No issues","No issues",84200,0.997,1.54e-32,970,4.37,21000,21300,21000,"No issues",FALSE,NA
10,2026-07-27 02:58:30,2026-07-27 03:02:50,2026-07-27 02:54:20,27,25.4,4720,-0.0407,0.979,0.983,0.0424,1.59e-22,1.36e-23,0.303,0.741,125,0.0387,0.00334,0.562,0.000174,2.12,465,0.357,2.2,478,0.357,2.12,465,0.357,"No issues","No issues","No issues",114000,0.999,4.5e-37,863,3.89,21000,21400,21000,"No issues",FALSE,NA
2,2026-07-27 03:08:30,2026-07-27 03:13:00,2026-07-27 03:04:30,28,7.12,5790,-0.0801,0.999,0.993,0.175,8.13e-41,8.48e-30,0.0269,0.0431,93.2,0.0341,0.000205,0.444,0.000163,2.1,461,0.358,2.12,480,0.358,2.1,461,0.357,"No issues","No issues","No issues",52100,0.997,4.93e-34,575,2.74,21100,21200,21100,"No issues",FALSE,NA
11,2026-07-27 03:18:40,2026-07-27 03:23:10,2026-07-27 03:14:40,28,25.6,5820,0.101,0.99,0.994,0.311,8.29e-28,3.23e-30,0.00204,0.492,90.2,0.0295,0.00235,0.43,0.00014,2.13,456,0.357,2.21,474,0.358,2.12,456,0.357,"No issues","No issues","No issues",15000,0.958,1.96e-19,614,2.93,20900,20900,20900,"No issues",FALSE,NA
4,2026-07-27 03:29:00,2026-07-27 03:33:20,2026-07-27 03:24:50,27,21.9,5920,0.0787,0.999,0.993,0.141,3.94e-40,3.25e-28,0.054,0.125,102,0.0389,0.000564,0.459,0.000175,2.12,469,0.357,2.19,486,0.357,2.12,469,0.356,"No issues","No issues","No issues",62200,0.998,2.21e-36,503,2.27,21000,21200,21000,"No issues",FALSE,NA
8,2026-07-27 03:39:10,2026-07-27 03:43:30,2026-07-27 03:35:00,27,13.7,4850,-0.0594,1,0.991,0.0943,1.5e-43,3.92e-27,0.119,0.0573,92,0.0368,0.000258,0.415,0.000166,2.11,469,0.357,2.15,483,0.358,2.11,469,0.357,"No issues","No issues","No issues",21800,0.893,1.26e-13,1510,6.81,21000,21100,21000,"No issues",FALSE,NA
5,2026-07-27 03:49:20,2026-07-27 03:53:40,2026-07-27 03:45:10,27,9.49,3400,-0.0403,0.994,0.93,0.0611,2.14e-29,5.64e-16,0.214,0.146,186,0.0316,0.000659,0.84,0.000142,2.11,487,0.357,2.14,497,0.357,2.11,487,0.357,"No issues","No issues","No issues",77300,0.997,5.67e-33,855,3.85,21600,21800,21600,"No issues",FALSE,NA
9,2026-07-27 03:59:20,2026-07-27 04:03:50,2026-07-27 03:55:20,28,12.5,3860,-0.0622,0.927,0.946,0.0818,2.51e-16,5.5e-18,0.14,0.689,181,0.0409,0.00328,0.865,0.000195,2.12,477,0.357,2.16,490,0.357,2.12,477,0.356,"No issues","No issues","No issues",55800,0.979,2.54e-23,1610,7.66,21400,21500,21400,"No issues",FALSE,NA
12,2026-07-27 04:09:40,2026-07-27 04:14:00,2026-07-27 04:05:30,27,34.7,3520,-0.0728,1,0.978,0.19,2.96e-44,2.31e-22,0.0229,0.136,104,0.03,0.000612,0.47,0.000135,2.13,500,0.357,2.24,511,0.357,2.13,500,0.356,"No issues","No issues","No issues",54900,0.995,7.88e-30,812,3.66,21100,21300,21100,"No issues",FALSE,NA
3,2026-07-27 04:19:40,2026-07-27 04:24:10,2026-07-27 04:15:40,28,6.7,5530,-0.0735,0.999,0.992,0.133,2.31e-41,1.68e-28,0.0565,0.0386,100,0.0368,0.000184,0.477,0.000176,2.1,487,0.357,2.12,504,0.357,2.1,487,0.357,"No issues","No issues","No issues",88000,0.998,5.09e-36,815,3.88,21200,21400,21200,"No issues",FALSE,NA
6,2026-07-27 04:30:00,2026-07-27 04:34:20,2026-07-27 04:25:50,27,10.2,6490,-0.094,0.999,0.989,0.241,9.33e-43,3.88e-26,0.0093,0.0456,135,0.0333,0.000206,0.609,0.00015,2.11,495,0.357,2.14,515,0.358,2.11,495,0.357,"No issues","No issues","No issues",26700,0.951,7.05e-18,1210,5.47,21200,21200,21200,"No issues",FALSE,NA
1,2026-07-27 04:40:00,2026-07-27 04:44:30,2026-07-27 04:36:00,28,7.31,3650,-0.00927,0.998,0.985,0.00233,1.99e-37,4.3e-25,0.807,0.0597,89.6,0.0376,0.000285,0.427,0.000179,2.1,514,0.357,2.13,525,0.358,2.1,514,0.357,"No issues","No issues","No issues",41300,0.989,9.13e-27,873,4.16,21100,21200,21100,"No issues",FALSE,NA
7,2026-07-27 04:50:10,2026-07-27 04:54:40,2026-07-27 04:46:10,28,24,5580,-0.118,1,0.99,0.248,2.97e-55,1.01e-27,0.00705,0.0405,108,0.0404,0.000193,0.516,0.000192,2.14,514,0.358,2.22,531,0.358,2.14,514,0.357,"No issues","No issues","No issues",38700,0.988,1.25e-26,826,3.94,21100,21200,21100,"No issues",FALSE,NA
10,2026-07-27 05:00:20,2026-07-27 05:04:50,2026-07-27 04:56:20,28,28.3,5330,-0.121,0.986,0.99,0.287,1.84e-25,1.97e-27,0.00332,0.672,106,0.0375,0.0032,0.506,0.000179,2.13,493,0.358,2.22,510,0.358,2.13,493,0.357,"No issues","No issues","No issues",63500,0.996,3.48e-32,826,3.94,20900,21100,20900,"No issues",FALSE,NA
2,2026-07-27 05:10:30,2026-07-27 05:15:00,2026-07-27 05:06:30,28,6.68,5130,-0.0305,0.999,0.99,0.022,2.41e-41,1.63e-27,0.451,0.0386,101,0.0398,0.000184,0.483,0.00019,2.11,509,0.358,2.13,524,0.358,2.11,509,0.358,"No issues","No issues","No issues",49800,0.993,7.39e-30,798,3.81,20800,21000,20800,"No issues",FALSE,NA
11,2026-07-27 05:20:40,2026-07-27 05:25:10,2026-07-27 05:16:40,28,26.9,5480,0.0985,0.994,0.985,0.192,2.56e-30,1.99e-25,0.0199,0.414,130,0.0397,0.00197,0.622,0.000189,2.13,492,0.358,2.21,510,0.358,2.13,492,0.358,"No issues","No issues","No issues",35500,0.928,2.34e-16,1940,9.25,20800,20900,20800,"No issues",FALSE,NA
4,2026-07-27 05:30:50,2026-07-27 05:35:20,2026-07-27 05:26:50,28,20.8,4330,-0.0469,0.999,0.985,0.0266,3.09e-42,2.69e-25,0.407,0.111,104,0.0556,0.00053,0.497,0.000265,2.13,482,0.358,2.19,496,0.358,2.13,482,0.357,"No issues","No issues","No issues",71900,0.994,1.84e-30,1090,5.2,20800,21000,20800,"No issues",FALSE,NA
8,2026-07-27 05:41:00,2026-07-27 05:45:30,2026-07-27 05:37:00,28,16.4,2840,0.0844,1,0.974,0.225,6.13e-46,3.52e-22,0.0108,0.0631,90.6,0.0308,0.000301,0.432,0.000147,2.14,498,0.358,2.19,508,0.359,2.14,498,0.358,"No issues","No issues","No issues",188000,1,2.83e-46,701,3.34,21100,21700,21100,"No issues",FALSE,NA
5,2026-07-27 05:51:10,2026-07-27 05:55:40,2026-07-27 05:47:10,28,11.7,-1850,-0.0765,0.996,0.865,0.111,5.87e-33,8.1e-13,0.0827,0.142,143,0.0424,0.000676,0.684,0.000202,2.13,513,0.358,2.16,514,0.358,2.13,508,0.357,"No issues","No issues","No issues",170000,1,1.05e-45,668,3.19,22400,23000,22400,"No issues",FALSE,NA
9,2026-07-27 06:01:20,2026-07-27 06:05:50,2026-07-27 05:57:20,28,13.9,-2130,-0.0844,0.936,0.759,0.116,4.95e-17,1.61e-09,0.0762,0.714,235,0.0457,0.0034,1.12,0.000218,2.13,495,0.357,2.18,497,0.358,2.13,489,0.357,"No issues","No issues","No issues",143000,0.999,4.17e-41,842,4.01,22500,22900,22500,"No issues",FALSE,NA
12,2026-07-27 06:11:30,2026-07-27 06:16:00,2026-07-27 06:07:30,28,36,-4850,0.021,0.999,0.994,0.00958,2.9e-42,4.95e-30,0.62,0.192,76.5,0.0419,0.000914,0.365,2e-04,2.16,497,0.357,2.27,497,0.358,2.16,482,0.357,"No issues","No issues","No issues",134000,0.999,1.21e-40,825,3.93,22600,23000,22600,"No issues",FALSE,NA
3,2026-07-27 06:21:40,2026-07-27 06:26:10,2026-07-27 06:17:40,28,5.85,-3210,-0.125,0.997,0.918,0.265,3.23e-34,1.31e-15,0.00511,0.0636,189,0.041,0.000303,0.9,0.000195,2.13,451,0.358,2.15,451,0.358,2.13,439,0.357,"No issues","No issues","No issues",225000,0.99,1.15e-27,4380,20.9,23400,24200,23400,"No issues",FALSE,NA
6,2026-07-27 06:31:50,2026-07-27 06:36:20,2026-07-27 06:27:50,28,9.55,-1240,-0.12,1,0.815,0.448,1.91e-47,5.12e-11,9.89e-05,0.0321,116,0.026,0.000153,0.554,0.000124,2.13,473,0.358,2.16,473,0.358,2.13,468,0.358,"No issues","No issues","No issues",137000,0.994,2.05e-30,2090,9.97,23500,23900,23500,"No issues",FALSE,NA
1,2026-07-27 06:42:00,2026-07-27 06:46:30,2026-07-27 06:38:00,28,7.85,-553,-0.0985,0.993,0.372,0.257,6.18e-30,0.00057,0.00594,0.125,141,0.0329,0.000595,0.671,0.000157,2.13,466,0.358,2.16,468,0.358,2.13,465,0.357,"No issues","No issues","No issues",110000,0.997,1.08e-33,1250,5.97,23300,23700,23300,"No issues",FALSE,NA
7,2026-07-27 06:52:10,2026-07-27 06:56:40,2026-07-27 06:48:10,28,21.8,-195,-0.104,1,0.105,0.362,3.71e-57,0.0929,0.000702,0.031,112,0.027,0.000148,0.534,0.000129,2.16,480,0.358,2.23,481,0.358,2.16,478,0.357,"No issues","No issues","No issues",111000,0.996,4.26e-32,1460,6.96,23500,23800,23500,"No issues",FALSE,NA
10,2026-07-27 07:02:20,2026-07-27 07:06:50,2026-07-27 06:58:20,28,24.9,-1670,-0.13,0.894,0.536,0.253,3.48e-14,9.45e-06,0.00642,1.68,304,0.0439,0.00802,1.45,0.000209,2.17,472,0.359,2.25,475,0.359,2.17,467,0.358,"No issues","No issues","No issues",132000,1,2.91e-48,412,1.96,23200,23600,23200,"No issues",FALSE,NA
2,2026-07-27 07:12:30,2026-07-27 07:17:00,2026-07-27 07:08:30,28,5.13,-4920,-0.0133,0.998,0.987,0.00533,6.25e-36,4.27e-26,0.712,0.0479,110,0.0357,0.000228,0.526,0.00017,2.13,463,0.358,2.15,463,0.358,2.13,447,0.358,"No issues","No issues","No issues",182000,0.998,1.34e-36,1600,7.63,23300,23900,23300,"No issues",FALSE,NA
11,2026-07-27 07:22:40,2026-07-27 07:27:10,2026-07-27 07:18:40,28,49.9,-2660,0.0786,0.874,0.16,0.129,3.34e-13,0.0351,0.0602,3.72,1200,0.04,0.0177,5.71,0.000191,2.16,439,0.358,2.31,439,0.358,2.16,415,0.357,"No issues","No issues","No issues",397000,0.983,1.55e-24,10300,48.9,24100,25300,24100,"No issues",FALSE,NA
4,2026-07-27 07:32:50,2026-07-27 07:37:20,2026-07-27 07:28:50,28,11.1,-16500,-0.0598,0.999,0.998,0.127,1.01e-42,1.22e-35,0.0632,0.0567,158,0.0308,0.00027,0.752,0.000147,2.16,422,0.358,2.19,422,0.358,2.16,371,0.357,"No issues","No issues","No issues",207000,0.997,5.1e-34,2290,10.9,24800,25400,24800,"No issues",FALSE,NA
12,2026-07-10 00:49:20,2026-07-10 00:53:40,2026-07-10 00:45:20,26,NA,NA,0.0437,NA,NA,0.0251,NA,NA,0.439,NA,NA,0.0555,NA,NA,0.000249,NA,NA,0.361,NA,NA,0.361,NA,NA,0.36,"No issues","No issues","No issues",NA,NA,NA,NA,NA,NA,NA,NA,"No issues",FALSE,NA
11,2026-07-10 02:00:30,2026-07-10 02:04:50,2026-07-10 01:56:30,23,NA,NA,-0.059,NA,NA,0.0388,NA,NA,0.368,NA,NA,0.0642,NA,NA,0.000255,NA,NA,0.361,NA,NA,0.361,NA,NA,0.36,"No issues","No issues","No issues",NA,NA,NA,NA,NA,NA,NA,NA,"No issues",FALSE,NA
9,2026-07-10 12:51:10,2026-07-10 12:55:30,2026-07-10 12:47:10,26,NA,NA,-0.216,NA,NA,0.553,NA,NA,1.34e-05,NA,NA,0.0396,NA,NA,0.000177,NA,NA,0.354,NA,NA,0.354,NA,NA,0.353,"No issues","No issues","No issues",NA,NA,NA,NA,NA,NA,NA,NA,"No issues",FALSE,NA
12,2026-07-10 19:07:20,2026-07-10 19:11:40,2026-07-10 19:03:20,26,NA,NA,-0.0791,NA,NA,0.177,NA,NA,0.0321,NA,NA,0.0347,NA,NA,0.000156,NA,NA,0.358,NA,NA,0.358,NA,NA,0.357,"No issues","No issues","No issues",NA,NA,NA,NA,NA,NA,NA,NA,"No issues",FALSE,NA
1,2026-07-10 19:37:50,2026-07-10 19:42:10,2026-07-10 19:33:50,26,NA,NA,-0.148,NA,NA,0.311,NA,NA,0.00306,NA,NA,0.0448,NA,NA,2e-04,NA,NA,0.358,NA,NA,0.358,NA,NA,0.357,"No issues","No issues","No issues",NA,NA,NA,NA,NA,NA,NA,NA,"No issues",FALSE,NA
10,2026-07-10 19:58:10,2026-07-10 20:02:30,2026-07-10 19:54:10,26,NA,NA,-0.241,NA,NA,0.333,NA,NA,0.00202,NA,NA,0.0695,NA,NA,0.000298,NA,NA,0.359,NA,NA,0.359,NA,NA,0.358,"No issues","No issues","No issues",NA,NA,NA,NA,NA,NA,NA,NA,"No issues",FALSE,NA
7,2026-07-10 23:52:00,2026-07-10 23:56:20,2026-07-10 23:48:00,26,NA,NA,-0.0963,NA,NA,0.21,NA,NA,0.0184,NA,NA,0.0381,NA,NA,0.000171,NA,NA,0.36,NA,NA,0.36,NA,NA,0.36,"No issues","No issues","No issues",NA,NA,NA,NA,NA,NA,NA,NA,"No issues",FALSE,NA
5,2026-07-11 06:59:10,2026-07-11 07:03:30,2026-07-11 06:55:00,26,NA,NA,0.0278,NA,NA,0.0124,NA,NA,0.588,NA,NA,0.0507,NA,NA,0.000228,NA,NA,0.362,NA,NA,0.362,NA,NA,0.361,"No issues","No issues","No issues",NA,NA,NA,NA,NA,NA,NA,NA,"No issues",FALSE,NA
8,2026-07-12 15:20:50,2026-07-12 15:25:20,2026-07-12 15:16:50,28,NA,NA,0.387,NA,NA,0.717,NA,NA,1.36e-08,NA,NA,0.0477,NA,NA,0.000227,NA,NA,0.352,NA,NA,0.354,NA,NA,0.352,"Insufficient data","Insufficient data","No issues",NA,NA,NA,NA,NA,NA,NA,NA,"Insufficient data",FALSE,NA
5,2026-07-12 15:31:00,2026-07-12 15:35:30,2026-07-12 15:27:00,28,NA,NA,-0.085,NA,NA,0.105,NA,NA,0.0923,NA,NA,0.0486,NA,NA,0.000232,NA,NA,0.35,NA,NA,0.35,NA,NA,0.349,"Insufficient data","Insufficient data","No issues",NA,NA,NA,NA,NA,NA,NA,NA,"Insufficient data",FALSE,NA
9,2026-07-12 15:41:10,2026-07-12 15:45:40,2026-07-12 15:37:10,28,NA,NA,-0.1,NA,NA,0.108,NA,NA,0.088,NA,NA,0.0566,NA,NA,0.00027,NA,NA,0.35,NA,NA,0.35,NA,NA,0.349,"Insufficient data","Insufficient data","No issues",NA,NA,NA,NA,NA,NA,NA,NA,"Insufficient data",FALSE,NA
12,2026-07-12 15:51:30,2026-07-12 15:55:50,2026-07-12 15:47:20,27,NA,NA,0.0904,NA,NA,0.276,NA,NA,0.00489,NA,NA,0.0293,NA,NA,0.000132,NA,NA,0.35,NA,NA,0.351,NA,NA,0.35,"Insufficient data","Insufficient data","No issues",NA,NA,NA,NA,NA,NA,NA,NA,"Insufficient data",FALSE,NA
3,2026-07-12 16:01:30,2026-07-12 16:06:00,2026-07-12 15:57:30,28,NA,NA,-0.175,NA,NA,0.427,NA,NA,0.000165,NA,NA,0.0398,NA,NA,0.00019,NA,NA,0.353,NA,NA,0.353,NA,NA,0.352,"Insufficient data","Insufficient data","No issues",NA,NA,NA,NA,NA,NA,NA,NA,"Insufficient data",FALSE,NA
6,2026-07-12 16:11:40,2026-07-12 16:16:10,2026-07-12 16:07:40,28,NA,NA,-0.612,NA,NA,0.925,NA,NA,4.13e-16,NA,NA,0.0343,NA,NA,0.000164,NA,NA,0.354,NA,NA,0.354,NA,NA,0.352,"Insufficient data","Insufficient data","No issues",NA,NA,NA,NA,NA,NA,NA,NA,"Insufficient data",FALSE,NA
1,2026-07-12 16:21:50,2026-07-12 16:26:20,2026-07-12 16:17:50,28,NA,NA,-0.0322,NA,NA,0.0315,NA,NA,0.366,NA,NA,0.035,NA,NA,0.000167,NA,NA,0.351,NA,NA,0.351,NA,NA,0.351,"Insufficient data","Insufficient data","No issues",NA,NA,NA,NA,NA,NA,NA,NA,"Insufficient data",FALSE,NA
7,2026-07-12 16:32:00,2026-07-12 16:36:30,2026-07-12 16:28:00,28,NA,NA,-0.147,NA,NA,0.276,NA,NA,0.00411,NA,NA,0.0468,NA,NA,0.000223,NA,NA,0.353,NA,NA,0.353,NA,NA,0.352,"Insufficient data","Insufficient data","No issues",NA,NA,NA,NA,NA,NA,NA,NA,"Insufficient data",FALSE,NA
10,2026-07-12 16:42:10,2026-07-12 16:46:40,2026-07-12 16:38:10,28,NA,NA,-0.374,NA,NA,0.661,NA,NA,1.45e-07,NA,NA,0.0526,NA,NA,0.000251,NA,NA,0.355,NA,NA,0.355,NA,NA,0.353,"Insufficient data","Insufficient data","No issues",NA,NA,NA,NA,NA,NA,NA,NA,"Insufficient data",FALSE,NA
2,2026-07-12 16:52:20,2026-07-12 16:56:50,2026-07-12 16:48:20,28,NA,NA,-0.0284,NA,NA,0.0221,NA,NA,0.45,NA,NA,0.037,NA,NA,0.000176,NA,NA,0.353,NA,NA,0.353,NA,NA,0.352,"Insufficient data","Insufficient data","No issues",NA,NA,NA,NA,NA,NA,NA,NA,"Insufficient data",FALSE,NA
11,2026-07-12 17:02:30,2026-07-12 17:07:00,2026-07-12 16:58:30,28,NA,NA,-0.011,NA,NA,0.00268,NA,NA,0.794,NA,NA,0.0416,NA,NA,0.000198,NA,NA,0.352,NA,NA,0.353,NA,NA,0.352,"Insufficient data","Insufficient data","No issues",NA,NA,NA,NA,NA,NA,NA,NA,"Insufficient data",FALSE,NA
4,2026-07-12 17:12:40,2026-07-12 17:17:10,2026-07-12 17:08:40,28,NA,NA,-0.0532,NA,NA,0.052,NA,NA,0.243,NA,NA,0.0446,NA,NA,0.000212,NA,NA,0.352,NA,NA,0.352,NA,NA,0.351,"Insufficient data","Insufficient data","No issues",NA,NA,NA,NA,NA,NA,NA,NA,"Insufficient data",FALSE,NA
8,2026-07-12 17:22:50,2026-07-12 17:27:20,2026-07-12 17:18:50,28,NA,NA,-0.149,NA,NA,0.192,NA,NA,0.0198,NA,NA,0.0602,NA,NA,0.000287,NA,NA,0.356,NA,NA,0.356,NA,NA,0.354,"Insufficient data","Insufficient data","No issues",NA,NA,NA,NA,NA,NA,NA,NA,"Insufficient data",FALSE,NA
5,2026-07-12 17:33:00,2026-07-12 17:37:30,2026-07-12 17:29:00,28,NA,NA,-0.0353,NA,NA,0.0277,NA,NA,0.397,NA,NA,0.041,NA,NA,0.000195,NA,NA,0.352,NA,NA,0.352,NA,NA,0.352,"Insufficient data","Insufficient data","No issues",NA,NA,NA,NA,NA,NA,NA,NA,"Insufficient data",FALSE,NA
9,2026-07-12 17:43:10,2026-07-12 17:47:40,2026-07-12 17:39:10,28,NA,NA,0.0466,NA,NA,0.0305,NA,NA,0.374,NA,NA,0.0516,NA,NA,0.000246,NA,NA,0.353,NA,NA,0.353,NA,NA,0.352,"Insufficient data","Insufficient data","No issues",NA,NA,NA,NA,NA,NA,NA,NA,"Insufficient data",FALSE,NA
12,2026-07-12 17:53:20,2026-07-12 17:57:50,2026-07-12 17:49:20,28,NA,NA,0.0337,NA,NA,0.0245,NA,NA,0.427,NA,NA,0.0418,NA,NA,0.000199,NA,NA,0.353,NA,NA,0.354,NA,NA,0.352,"Insufficient data","Insufficient data","No issues",NA,NA,NA,NA,NA,NA,NA,NA,"Insufficient data",FALSE,NA
3,2026-07-12 18:03:30,2026-07-12 18:08:00,2026-07-12 17:59:30,28,NA,NA,-0.228,NA,NA,0.353,NA,NA,0.000864,NA,NA,0.0605,NA,NA,0.000288,NA,NA,0.355,NA,NA,0.355,NA,NA,0.354,"Insufficient data","Insufficient data","No issues",NA,NA,NA,NA,NA,NA,NA,NA,"Insufficient data",FALSE,NA
6,2026-07-12 18:13:40,2026-07-12 18:18:10,2026-07-12 18:09:40,28,NA,NA,-0.394,NA,NA,0.562,NA,NA,4.38e-06,NA,NA,0.0682,NA,NA,0.000325,NA,NA,0.357,NA,NA,0.357,NA,NA,0.355,"Insufficient data","Insufficient data","No issues",NA,NA,NA,NA,NA,NA,NA,NA,"Insufficient data",FALSE,NA
1,2026-07-12 18:23:50,2026-07-12 18:28:20,2026-07-12 18:19:50,28,NA,NA,-0.0986,NA,NA,0.0827,NA,NA,0.138,NA,NA,0.0644,NA,NA,0.000307,NA,NA,0.355,NA,NA,0.355,NA,NA,0.354,"Insufficient data","Insufficient data","No issues",NA,NA,NA,NA,NA,NA,NA,NA,"Insufficient data",FALSE,NA
7,2026-07-12 18:34:00,2026-07-12 18:38:30,2026-07-12 18:30:00,28,NA,NA,-0.217,NA,NA,0.23,NA,NA,0.00983,NA,NA,0.0779,NA,NA,0.000371,NA,NA,0.356,NA,NA,0.356,NA,NA,0.354,"Insufficient data","Insufficient data","No issues",NA,NA,NA,NA,NA,NA,NA,NA,"Insufficient data",FALSE,NA
10,2026-07-12 18:44:20,2026-07-12 18:48:40,2026-07-12 18:40:10,27,NA,NA,-0.329,NA,NA,0.493,NA,NA,4.51e-05,NA,NA,0.0669,NA,NA,0.000301,NA,NA,0.357,NA,NA,0.357,NA,NA,0.355,"Insufficient data","Insufficient data","No issues",NA,NA,NA,NA,NA,NA,NA,NA,"Insufficient data",FALSE,NA
2,2026-07-12 18:54:20,2026-07-12 18:58:50,2026-07-12 18:50:20,28,NA,NA,0.0192,NA,NA,0.00306,NA,NA,0.78,NA,NA,0.0681,NA,NA,0.000324,NA,NA,0.355,NA,NA,0.356,NA,NA,0.355,"Insufficient data","Insufficient data","No issues",NA,NA,NA,NA,NA,NA,NA,NA,"Insufficient data",FALSE,NA
11,2026-07-12 19:04:40,2026-07-12 19:09:00,2026-07-12 19:00:30,27,NA,NA,-0.133,NA,NA,0.0795,NA,NA,0.154,NA,NA,0.0902,NA,NA,0.000407,NA,NA,0.356,NA,NA,0.356,NA,NA,0.354,"Insufficient data","Insufficient data","No issues",NA,NA,NA,NA,NA,NA,NA,NA,"Insufficient data",FALSE,NA
4,2026-07-12 19:14:50,2026-07-12 19:19:10,2026-07-12 19:10:40,26,NA,NA,-0.0089,NA,NA,0.000509,NA,NA,0.913,NA,NA,0.0805,NA,NA,0.00036,NA,NA,0.355,NA,NA,0.355,NA,NA,0.354,"Insufficient data","Insufficient data","No issues",NA,NA,NA,NA,NA,NA,NA,NA,"Insufficient data",FALSE,NA
8,2026-07-12 19:25:00,2026-07-12 19:29:20,2026-07-12 19:20:50,27,NA,NA,-0.0781,NA,NA,0.0691,NA,NA,0.185,NA,NA,0.0573,NA,NA,0.000258,NA,NA,0.357,NA,NA,0.357,NA,NA,0.356,"Insufficient data","Insufficient data","No issues",NA,NA,NA,NA,NA,NA,NA,NA,"Insufficient data",FALSE,NA
5,2026-07-12 19:35:10,2026-07-12 19:39:30,2026-07-12 19:31:00,27,NA,NA,-0.152,NA,NA,0.255,NA,NA,0.00726,NA,NA,0.052,NA,NA,0.000234,NA,NA,0.355,NA,NA,0.355,NA,NA,0.354,"Insufficient data","Insufficient data","No issues",NA,NA,NA,NA,NA,NA,NA,NA,"Insufficient data",FALSE,NA
9,2026-07-12 19:45:10,2026-07-12 19:49:40,2026-07-12 19:41:10,28,NA,NA,0.00792,NA,NA,0.00196,NA,NA,0.823,NA,NA,0.0351,NA,NA,0.000167,NA,NA,0.355,NA,NA,0.355,NA,NA,0.355,"Insufficient data","Insufficient data","No issues",NA,NA,NA,NA,NA,NA,NA,NA,"Insufficient data",FALSE,NA
12,2026-07-12 19:55:30,2026-07-12 19:59:50,2026-07-12 19:51:20,27,NA,NA,0.0919,NA,NA,0.0841,NA,NA,0.142,NA,NA,0.0606,NA,NA,0.000273,NA,NA,0.356,NA,NA,0.356,NA,NA,0.355,"Insufficient data","Insufficient data","No issues",NA,NA,NA,NA,NA,NA,NA,NA,"Insufficient data",FALSE,NA
3,2026-07-12 20:05:40,2026-07-12 20:10:00,2026-07-12 20:01:30,27,NA,NA,-0.189,NA,NA,0.45,NA,NA,0.000127,NA,NA,0.0418,NA,NA,0.000188,NA,NA,0.357,NA,NA,0.357,NA,NA,0.356,"Insufficient data","Insufficient data","No issues",NA,NA,NA,NA,NA,NA,NA,NA,"Insufficient data",FALSE,NA
6,2026-07-12 20:15:40,2026-07-12 20:20:10,2026-07-12 20:11:40,28,NA,NA,-0.436,NA,NA,0.785,NA,NA,3.71e-10,NA,NA,0.0448,NA,NA,0.000213,NA,NA,0.358,NA,NA,0.358,NA,NA,0.356,"Insufficient data","Insufficient data","No issues",NA,NA,NA,NA,NA,NA,NA,NA,"Insufficient data",FALSE,NA
1,2026-07-12 20:25:50,2026-07-12 20:30:20,2026-07-12 20:21:50,28,NA,NA,-0.203,NA,NA,0.672,NA,NA,9.6e-08,NA,NA,0.0278,NA,NA,0.000133,NA,NA,0.357,NA,NA,0.357,NA,NA,0.356,"Insufficient data","Insufficient data","No issues",NA,NA,NA,NA,NA,NA,NA,NA,"Insufficient data",FALSE,NA
7,2026-07-12 20:36:00,2026-07-12 20:40:30,2026-07-12 20:32:00,28,NA,NA,-0.161,NA,NA,0.603,NA,NA,1.19e-06,NA,NA,0.0256,NA,NA,0.000122,NA,NA,0.358,NA,NA,0.358,NA,NA,0.357,"Insufficient data","Insufficient data","No issues",NA,NA,NA,NA,NA,NA,NA,NA,"Insufficient data",FALSE,NA
10,2026-07-12 20:46:20,2026-07-12 20:50:40,2026-07-12 20:42:10,27,NA,NA,-0.481,NA,NA,0.779,NA,NA,1.1e-09,NA,NA,0.0511,NA,NA,0.00023,NA,NA,0.358,NA,NA,0.358,NA,NA,0.356,"Insufficient data","Insufficient data","No issues",NA,NA,NA,NA,NA,NA,NA,NA,"Insufficient data",FALSE,NA
2,2026-07-12 20:56:30,2026-07-12 21:00:50,2026-07-12 20:52:20,27,NA,NA,-0.147,NA,NA,0.225,NA,NA,0.0124,NA,NA,0.0545,NA,NA,0.000246,NA,NA,0.357,NA,NA,0.357,NA,NA,0.356,"Insufficient data","Insufficient data","No issues",NA,NA,NA,NA,NA,NA,NA,NA,"Insufficient data",FALSE,NA
11,2026-07-12 21:06:30,2026-07-12 21:11:00,2026-07-12 21:02:30,28,NA,NA,-0.134,NA,NA,0.268,NA,NA,0.00479,NA,NA,0.0435,NA,NA,0.000207,NA,NA,0.357,NA,NA,0.357,NA,NA,0.356,"Insufficient data","Insufficient data","No issues",NA,NA,NA,NA,NA,NA,NA,NA,"Insufficient data",FALSE,NA
4,2026-07-12 21:16:40,2026-07-12 21:21:10,2026-07-12 21:12:40,28,NA,NA,-0.186,NA,NA,0.296,NA,NA,0.00274,NA,NA,0.0561,NA,NA,0.000268,NA,NA,0.357,NA,NA,0.357,NA,NA,0.355,"Insufficient data","Insufficient data","No issues",NA,NA,NA,NA,NA,NA,NA,NA,"Insufficient data",FALSE,NA
8,2026-07-12 21:26:50,2026-07-12 21:31:20,2026-07-12 21:22:50,28,NA,NA,-0.238,NA,NA,0.513,NA,NA,1.82e-05,NA,NA,0.0455,NA,NA,0.000217,NA,NA,0.358,NA,NA,0.358,NA,NA,0.357,"Insufficient data","Insufficient data","No issues",NA,NA,NA,NA,NA,NA,NA,NA,"Insufficient data",FALSE,NA
5,2026-07-12 21:37:00,2026-07-12 21:41:30,2026-07-12 21:33:00,28,NA,NA,0.0266,NA,NA,0.0188,NA,NA,0.487,NA,NA,0.0377,NA,NA,0.00018,NA,NA,0.356,NA,NA,0.357,NA,NA,0.356,"Insufficient data","Insufficient data","No issues",NA,NA,NA,NA,NA,NA,NA,NA,"Insufficient data",FALSE,NA
9,2026-07-12 21:47:10,2026-07-12 21:51:40,2026-07-12 21:43:10,28,NA,NA,-0.215,NA,NA,0.406,NA,NA,0.000264,NA,NA,0.0509,NA,NA,0.000243,NA,NA,0.357,NA,NA,0.357,NA,NA,0.355,"Insufficient data","Insufficient data","No issues",NA,NA,NA,NA,NA,NA,NA,NA,"Insufficient data",FALSE,NA
12,2026-07-12 21:57:20,2026-07-12 22:01:50,2026-07-12 21:53:20,28,NA,NA,0.061,NA,NA,0.054,NA,NA,0.234,NA,NA,0.0501,NA,NA,0.000239,NA,NA,0.357,NA,NA,0.357,NA,NA,0.356,"Insufficient data","Insufficient data","No issues",NA,NA,NA,NA,NA,NA,NA,NA,"Insufficient data",FALSE,NA
3,2026-07-12 22:07:30,2026-07-12 22:12:00,2026-07-12 22:03:30,28,NA,NA,-0.103,NA,NA,0.125,NA,NA,0.0647,NA,NA,0.0531,NA,NA,0.000253,NA,NA,0.358,NA,NA,0.358,NA,NA,0.358,"Insufficient data","Insufficient data","No issues",NA,NA,NA,NA,NA,NA,NA,NA,"Insufficient data",FALSE,NA
6,2026-07-12 22:17:40,2026-07-12 22:22:10,2026-07-12 22:13:40,27,NA,NA,-0.267,NA,NA,0.579,NA,NA,4.12e-06,NA,NA,0.0456,NA,NA,0.000213,NA,NA,0.359,NA,NA,0.359,NA,NA,0.358,"Insufficient data","Insufficient data","No issues",NA,NA,NA,NA,NA,NA,NA,NA,"Insufficient data",FALSE,NA
1,2026-07-12 22:27:50,2026-07-12 22:32:20,2026-07-12 22:23:50,28,NA,NA,-0.0674,NA,NA,0.122,NA,NA,0.0686,NA,NA,0.0355,NA,NA,0.000169,NA,NA,0.358,NA,NA,0.358,NA,NA,0.357,"Insufficient data","Insufficient data","No issues",NA,NA,NA,NA,NA,NA,NA,NA,"Insufficient data",FALSE,NA
7,2026-07-12 22:38:00,2026-07-12 22:42:30,2026-07-12 22:34:00,28,NA,NA,-0.174,NA,NA,0.354,NA,NA,0.00084,NA,NA,0.0461,NA,NA,0.00022,NA,NA,0.358,NA,NA,0.358,NA,NA,0.357,"Insufficient data","Insufficient data","No issues",NA,NA,NA,NA,NA,NA,NA,NA,"Insufficient data",FALSE,NA
10,2026-07-12 22:48:10,2026-07-12 22:52:40,2026-07-12 22:44:10,28,NA,NA,-0.359,NA,NA,0.717,NA,NA,1.37e-08,NA,NA,0.0443,NA,NA,0.000211,NA,NA,0.359,NA,NA,0.359,NA,NA,0.357,"Insufficient data","Insufficient data","No issues",NA,NA,NA,NA,NA,NA,NA,NA,"Insufficient data",FALSE,NA
2,2026-07-12 22:58:20,2026-07-12 23:02:50,2026-07-12 22:54:20,28,NA,NA,-0.0424,NA,NA,0.0465,NA,NA,0.27,NA,NA,0.0377,NA,NA,0.00018,NA,NA,0.359,NA,NA,0.359,NA,NA,0.358,"Insufficient data","Insufficient data","No issues",NA,NA,NA,NA,NA,NA,NA,NA,"Insufficient data",FALSE,NA
11,2026-07-12 23:08:30,2026-07-12 23:13:00,2026-07-12 23:04:30,28,NA,NA,-0.108,NA,NA,0.193,NA,NA,0.0194,NA,NA,0.0433,NA,NA,0.000206,NA,NA,0.358,NA,NA,0.358,NA,NA,0.357,"Insufficient data","Insufficient data","No issues",NA,NA,NA,NA,NA,NA,NA,NA,"Insufficient data",FALSE,NA
4,2026-07-12 23:18:40,2026-07-12 23:23:10,2026-07-12 23:14:40,28,NA,NA,0.026,NA,NA,0.0116,NA,NA,0.585,NA,NA,0.0471,NA,NA,0.000225,NA,NA,0.358,NA,NA,0.358,NA,NA,0.357,"Insufficient data","Insufficient data","No issues",NA,NA,NA,NA,NA,NA,NA,NA,"Insufficient data",FALSE,NA
8,2026-07-12 23:28:50,2026-07-12 23:33:20,2026-07-12 23:24:50,28,NA,NA,-0.0819,NA,NA,0.233,NA,NA,0.00921,NA,NA,0.0291,NA,NA,0.000139,NA,NA,0.358,NA,NA,0.358,NA,NA,0.357,"Insufficient data","Insufficient data","No issues",NA,NA,NA,NA,NA,NA,NA,NA,"Insufficient data",FALSE,NA
5,2026-07-12 23:39:00,2026-07-12 23:43:30,2026-07-12 23:35:00,28,NA,NA,-0.0332,NA,NA,0.0571,NA,NA,0.221,NA,NA,0.0264,NA,NA,0.000126,NA,NA,0.357,NA,NA,0.357,NA,NA,0.357,"Insufficient data","Insufficient data","No issues",NA,NA,NA,NA,NA,NA,NA,NA,"Insufficient data",FALSE,NA
9,2026-07-12 23:49:20,2026-07-12 23:53:40,2026-07-12 23:45:10,27,NA,NA,-0.0735,NA,NA,0.083,NA,NA,0.145,NA,NA,0.0488,NA,NA,0.00022,NA,NA,0.357,NA,NA,0.358,NA,NA,0.357,"Insufficient data","Insufficient data","No issues",NA,NA,NA,NA,NA,NA,NA,NA,"Insufficient data",FALSE,NA
12,2026-07-12 23:59:20,2026-07-13 00:03:50,2026-07-12 23:55:20,28,NA,NA,-0.0881,NA,NA,0.16,NA,NA,0.0351,NA,NA,0.0396,NA,NA,0.000189,NA,NA,0.357,NA,NA,0.358,NA,NA,0.357,"Insufficient data","Insufficient data","No issues",NA,NA,NA,NA,NA,NA,NA,NA,"Insufficient data",FALSE,NA
3,2026-07-13 00:09:40,2026-07-13 00:14:00,2026-07-13 00:05:30,27,NA,NA,-0.121,NA,NA,0.25,NA,NA,0.00791,NA,NA,0.0419,NA,NA,0.000189,NA,NA,0.359,NA,NA,0.359,NA,NA,0.358,"Insufficient data","Insufficient data","No issues",NA,NA,NA,NA,NA,NA,NA,NA,"Insufficient data",FALSE,NA
6,2026-07-13 00:19:50,2026-07-13 00:24:10,2026-07-13 00:15:40,27,NA,NA,-0.179,NA,NA,0.379,NA,NA,0.000635,NA,NA,0.0459,NA,NA,0.000207,NA,NA,0.359,NA,NA,0.359,NA,NA,0.358,"Insufficient data","Insufficient data","No issues",NA,NA,NA,NA,NA,NA,NA,NA,"Insufficient data",FALSE,NA
1,2026-07-13 00:30:00,2026-07-13 00:34:20,2026-07-13 00:25:50,27,NA,NA,0.0216,NA,NA,0.012,NA,NA,0.587,NA,NA,0.0392,NA,NA,0.000177,NA,NA,0.357,NA,NA,0.358,NA,NA,0.357,"Insufficient data","Insufficient data","No issues",NA,NA,NA,NA,NA,NA,NA,NA,"Insufficient data",FALSE,NA
7,2026-07-13 00:40:10,2026-07-13 00:44:30,2026-07-13 00:36:00,27,NA,NA,-0.0394,NA,NA,0.0594,NA,NA,0.221,NA,NA,0.0313,NA,NA,0.000141,NA,NA,0.359,NA,NA,0.359,NA,NA,0.358,"Insufficient data","Insufficient data","No issues",NA,NA,NA,NA,NA,NA,NA,NA,"Insufficient data",FALSE,NA
10,2026-07-13 00:50:10,2026-07-13 00:54:40,2026-07-13 00:46:10,28,NA,NA,-0.239,NA,NA,0.638,NA,NA,3.48e-07,NA,NA,0.0353,NA,NA,0.000168,NA,NA,0.36,NA,NA,0.36,NA,NA,0.359,"Insufficient data","Insufficient data","No issues",NA,NA,NA,NA,NA,NA,NA,NA,"Insufficient data",FALSE,NA
2,2026-07-13 01:00:30,2026-07-13 01:04:50,2026-07-13 00:56:20,27,NA,NA,0.0428,NA,NA,0.0454,NA,NA,0.286,NA,NA,0.0393,NA,NA,0.000177,NA,NA,0.359,NA,NA,0.359,NA,NA,0.359,"Insufficient data","Insufficient data","No issues",NA,NA,NA,NA,NA,NA,NA,NA,"Insufficient data",FALSE,NA
11,2026-07-13 01:10:40,2026-07-13 01:15:00,2026-07-13 01:06:30,27,NA,NA,0.00847,NA,NA,0.0017,NA,NA,0.838,NA,NA,0.041,NA,NA,0.000185,NA,NA,0.359,NA,NA,0.359,NA,NA,0.359,"Insufficient data","Insufficient data","No issues",NA,NA,NA,NA,NA,NA,NA,NA,"Insufficient data",FALSE,NA
4,2026-07-13 01:20:40,2026-07-13 01:25:10,2026-07-13 01:16:40,28,NA,NA,-0.0335,NA,NA,0.0405,NA,NA,0.305,NA,NA,0.032,NA,NA,0.000152,NA,NA,0.359,NA,NA,0.359,NA,NA,0.358,"Insufficient data","Insufficient data","No issues",NA,NA,NA,NA,NA,NA,NA,NA,"Insufficient data",FALSE,NA
8,2026-07-13 01:30:50,2026-07-13 01:35:20,2026-07-13 01:26:50,28,NA,NA,0.0848,NA,NA,0.191,NA,NA,0.0199,NA,NA,0.0342,NA,NA,0.000163,NA,NA,0.359,NA,NA,0.36,NA,NA,0.359,"Insufficient data","Insufficient data","No issues",NA,NA,NA,NA,NA,NA,NA,NA,"Insufficient data",FALSE,NA
5,2026-07-13 01:41:00,2026-07-13 01:45:30,2026-07-13 01:37:00,28,NA,NA,-0.0248,NA,NA,0.0305,NA,NA,0.374,NA,NA,0.0274,NA,NA,0.000131,NA,NA,0.359,NA,NA,0.359,NA,NA,0.358,"Insufficient data","Insufficient data","No issues",NA,NA,NA,NA,NA,NA,NA,NA,"Insufficient data",FALSE,NA
9,2026-07-13 01:51:20,2026-07-13 01:55:40,2026-07-13 01:47:10,27,NA,NA,0.0231,NA,NA,0.00843,NA,NA,0.649,NA,NA,0.05,NA,NA,0.000226,NA,NA,0.358,NA,NA,0.358,NA,NA,0.357,"Insufficient data","Insufficient data","No issues",NA,NA,NA,NA,NA,NA,NA,NA,"Insufficient data",FALSE,NA
12,2026-07-13 02:01:30,2026-07-13 02:05:50,2026-07-13 01:57:20,27,NA,NA,-0.0366,NA,NA,0.0437,NA,NA,0.296,NA,NA,0.0343,NA,NA,0.000154,NA,NA,0.358,NA,NA,0.358,NA,NA,0.358,"Insufficient data","Insufficient data","No issues",NA,NA,NA,NA,NA,NA,NA,NA,"Insufficient data",FALSE,NA
3,2026-07-13 02:11:30,2026-07-13 02:16:00,2026-07-13 02:07:30,28,NA,NA,-0.0875,NA,NA,0.171,NA,NA,0.0287,NA,NA,0.0378,NA,NA,0.00018,NA,NA,0.36,NA,NA,0.36,NA,NA,0.359,"Insufficient data","Insufficient data","No issues",NA,NA,NA,NA,NA,NA,NA,NA,"Insufficient data",FALSE,NA
6,2026-07-13 02:21:40,2026-07-13 02:26:10,2026-07-13 02:17:40,28,NA,NA,-0.118,NA,NA,0.228,NA,NA,0.0102,NA,NA,0.0427,NA,NA,0.000204,NA,NA,0.36,NA,NA,0.36,NA,NA,0.359,"Insufficient data","Insufficient data","No issues",NA,NA,NA,NA,NA,NA,NA,NA,"Insufficient data",FALSE,NA
1,2026-07-13 02:31:50,2026-07-13 02:36:20,2026-07-13 02:27:50,28,NA,NA,-0.105,NA,NA,0.238,NA,NA,0.00844,NA,NA,0.0367,NA,NA,0.000175,NA,NA,0.359,NA,NA,0.359,NA,NA,0.358,"Insufficient data","Insufficient data","No issues",NA,NA,NA,NA,NA,NA,NA,NA,"Insufficient data",FALSE,NA
7,2026-07-13 02:42:00,2026-07-13 02:46:30,2026-07-13 02:38:00,28,NA,NA,-0.0742,NA,NA,0.135,NA,NA,0.0541,NA,NA,0.0368,NA,NA,0.000175,NA,NA,0.359,NA,NA,0.359,NA,NA,0.358,"Insufficient data","Insufficient data","No issues",NA,NA,NA,NA,NA,NA,NA,NA,"Insufficient data",FALSE,NA
10,2026-07-13 02:52:10,2026-07-13 02:56:40,2026-07-13 02:48:10,28,NA,NA,-0.268,NA,NA,0.605,NA,NA,1.12e-06,NA,NA,0.0426,NA,NA,0.000203,NA,NA,0.36,NA,NA,0.36,NA,NA,0.359,"Insufficient data","Insufficient data","No issues",NA,NA,NA,NA,NA,NA,NA,NA,"Insufficient data",FALSE,NA
2,2026-07-13 03:02:20,2026-07-13 03:06:50,2026-07-13 02:58:20,28,NA,NA,-0.021,NA,NA,0.0188,NA,NA,0.487,NA,NA,0.0297,NA,NA,0.000142,NA,NA,0.36,NA,NA,0.36,NA,NA,0.359,"Insufficient data","Insufficient data","No issues",NA,NA,NA,NA,NA,NA,NA,NA,"Insufficient data",FALSE,NA
11,2026-07-13 03:12:30,2026-07-13 03:17:00,2026-07-13 03:08:30,28,NA,NA,-0.0284,NA,NA,0.0205,NA,NA,0.467,NA,NA,0.0384,NA,NA,0.000183,NA,NA,0.36,NA,NA,0.36,NA,NA,0.36,"Insufficient data","Insufficient data","No issues",NA,NA,NA,NA,NA,NA,NA,NA,"Insufficient data",FALSE,NA
4,2026-07-13 03:22:40,2026-07-13 03:27:10,2026-07-13 03:18:40,28,NA,NA,0.00224,NA,NA,0.000183,NA,NA,0.946,NA,NA,0.0324,NA,NA,0.000155,NA,NA,0.359,NA,NA,0.36,NA,NA,0.359,"Insufficient data","Insufficient data","No issues",NA,NA,NA,NA,NA,NA,NA,NA,"Insufficient data",FALSE,NA
8,2026-07-13 03:32:50,2026-07-13 03:37:20,2026-07-13 03:28:50,28,NA,NA,0.12,NA,NA,0.297,NA,NA,0.00269,NA,NA,0.0362,NA,NA,0.000173,NA,NA,0.359,NA,NA,0.36,NA,NA,0.359,"Insufficient data","Insufficient data","No issues",NA,NA,NA,NA,NA,NA,NA,NA,"Insufficient data",FALSE,NA
5,2026-07-13 03:43:00,2026-07-13 03:47:30,2026-07-13 03:39:00,28,NA,NA,-0.033,NA,NA,0.0312,NA,NA,0.368,NA,NA,0.036,NA,NA,0.000172,NA,NA,0.359,NA,NA,0.359,NA,NA,0.358,"Insufficient data","Insufficient data","No issues",NA,NA,NA,NA,NA,NA,NA,NA,"Insufficient data",FALSE,NA
9,2026-07-13 03:53:10,2026-07-13 03:57:40,2026-07-13 03:49:10,28,NA,NA,-0.0321,NA,NA,0.0565,NA,NA,0.223,NA,NA,0.0258,NA,NA,0.000123,NA,NA,0.359,NA,NA,0.359,NA,NA,0.358,"Insufficient data","Insufficient data","No issues",NA,NA,NA,NA,NA,NA,NA,NA,"Insufficient data",FALSE,NA
12,2026-07-13 04:03:20,2026-07-13 04:07:50,2026-07-13 03:59:20,28,NA,NA,-0.0225,NA,NA,0.0122,NA,NA,0.576,NA,NA,0.0398,NA,NA,0.00019,NA,NA,0.359,NA,NA,0.36,NA,NA,0.359,"Insufficient data","Insufficient data","No issues",NA,NA,NA,NA,NA,NA,NA,NA,"Insufficient data",FALSE,NA
3,2026-07-13 04:13:30,2026-07-13 04:18:00,2026-07-13 04:09:30,28,NA,NA,-0.0885,NA,NA,0.263,NA,NA,0.00527,NA,NA,0.0291,NA,NA,0.000139,NA,NA,0.36,NA,NA,0.36,NA,NA,0.359,"Insufficient data","Insufficient data","No issues",NA,NA,NA,NA,NA,NA,NA,NA,"Insufficient data",FALSE,NA
6,2026-07-13 04:23:40,2026-07-13 04:28:10,2026-07-13 04:19:40,28,NA,NA,-0.136,NA,NA,0.447,NA,NA,1e-04,NA,NA,0.0297,NA,NA,0.000141,NA,NA,0.361,NA,NA,0.361,NA,NA,0.36,"Insufficient data","Insufficient data","No issues",NA,NA,NA,NA,NA,NA,NA,NA,"Insufficient data",FALSE,NA
1,2026-07-13 04:33:50,2026-07-13 04:38:20,2026-07-13 04:29:50,28,NA,NA,-0.0677,NA,NA,0.233,NA,NA,0.00921,NA,NA,0.0241,NA,NA,0.000115,NA,NA,0.36,NA,NA,0.36,NA,NA,0.36,"Insufficient data","Insufficient data","No issues",NA,NA,NA,NA,NA,NA,NA,NA,"Insufficient data",FALSE,NA
7,2026-07-13 04:44:00,2026-07-13 04:48:30,2026-07-13 04:40:00,28,NA,NA,-0.133,NA,NA,0.355,NA,NA,0.000826,NA,NA,0.0351,NA,NA,0.000167,NA,NA,0.361,NA,NA,0.361,NA,NA,0.36,"Insufficient data","Insufficient data","No issues",NA,NA,NA,NA,NA,NA,NA,NA,"Insufficient data",FALSE,NA
10,2026-07-13 04:54:20,2026-07-13 04:58:40,2026-07-13 04:50:10,27,NA,NA,-0.165,NA,NA,0.469,NA,NA,8.2e-05,NA,NA,0.0352,NA,NA,0.000159,NA,NA,0.361,NA,NA,0.361,NA,NA,0.36,"Insufficient data","Insufficient data","No issues",NA,NA,NA,NA,NA,NA,NA,NA,"Insufficient data",FALSE,NA
2,2026-07-13 05:04:20,2026-07-13 05:08:50,2026-07-13 05:00:20,28,NA,NA,-0.0615,NA,NA,0.12,NA,NA,0.0709,NA,NA,0.0327,NA,NA,0.000156,NA,NA,0.359,NA,NA,0.36,NA,NA,0.359,"Insufficient data","Insufficient data","No issues",NA,NA,NA,NA,NA,NA,NA,NA,"Insufficient data",FALSE,NA
11,2026-07-13 05:14:40,2026-07-13 05:19:00,2026-07-13 05:10:30,27,NA,NA,0.0147,NA,NA,0.0043,NA,NA,0.745,NA,NA,0.0448,NA,NA,0.000202,NA,NA,0.359,NA,NA,0.36,NA,NA,0.359,"Insufficient data","Insufficient data","No issues",NA,NA,NA,NA,NA,NA,NA,NA,"Insufficient data",FALSE,NA
4,2026-07-13 05:24:50,2026-07-13 05:29:10,2026-07-13 05:20:40,27,NA,NA,-0.0343,NA,NA,0.035,NA,NA,0.35,NA,NA,0.036,NA,NA,0.000162,NA,NA,0.36,NA,NA,0.36,NA,NA,0.359,"Insufficient data","Insufficient data","No issues",NA,NA,NA,NA,NA,NA,NA,NA,"Insufficient data",FALSE,NA
8,2026-07-13 05:35:00,2026-07-13 05:39:20,2026-07-13 05:30:50,27,NA,NA,-0.0317,NA,NA,0.0348,NA,NA,0.351,NA,NA,0.0334,NA,NA,0.00015,NA,NA,0.359,NA,NA,0.36,NA,NA,0.359,"Insufficient data","Insufficient data","No issues",NA,NA,NA,NA,NA,NA,NA,NA,"Insufficient data",FALSE,NA
5,2026-07-13 05:45:10,2026-07-13 05:49:30,2026-07-13 05:41:00,27,NA,NA,-0.0399,NA,NA,0.116,NA,NA,0.0825,NA,NA,0.0221,NA,NA,9.95e-05,NA,NA,0.359,NA,NA,0.36,NA,NA,0.359,"Insufficient data","Insufficient data","No issues",NA,NA,NA,NA,NA,NA,NA,NA,"Insufficient data",FALSE,NA
9,2026-07-13 05:55:10,2026-07-13 05:59:40,2026-07-13 05:51:10,28,NA,NA,-0.107,NA,NA,0.521,NA,NA,1.46e-05,NA,NA,0.0201,NA,NA,9.58e-05,NA,NA,0.359,NA,NA,0.359,NA,NA,0.359,"Insufficient data","Insufficient data","No issues",NA,NA,NA,NA,NA,NA,NA,NA,"Insufficient data",FALSE,NA
12,2026-07-13 06:05:30,2026-07-13 06:09:50,2026-07-13 06:01:20,27,NA,NA,-0.0603,NA,NA,0.137,NA,NA,0.0578,NA,NA,0.0303,NA,NA,0.000137,NA,NA,0.36,NA,NA,0.36,NA,NA,0.359,"Insufficient data","Insufficient data","No issues",NA,NA,NA,NA,NA,NA,NA,NA,"Insufficient data",FALSE,NA
3,2026-07-13 06:15:40,2026-07-13 06:20:00,2026-07-13 06:11:30,27,NA,NA,-0.137,NA,NA,0.328,NA,NA,0.00179,NA,NA,0.0393,NA,NA,0.000177,NA,NA,0.362,NA,NA,0.362,NA,NA,0.361,"Insufficient data","Insufficient data","No issues",NA,NA,NA,NA,NA,NA,NA,NA,"Insufficient data",FALSE,NA
6,2026-07-13 06:25:40,2026-07-13 06:30:10,2026-07-13 06:21:40,28,NA,NA,-0.151,NA,NA,0.466,NA,NA,6.25e-05,NA,NA,0.0317,NA,NA,0.000151,NA,NA,0.363,NA,NA,0.363,NA,NA,0.362,"Insufficient data","Insufficient data","No issues",NA,NA,NA,NA,NA,NA,NA,NA,"Insufficient data",FALSE,NA
1,2026-07-13 06:35:50,2026-07-13 06:40:20,2026-07-13 06:31:50,28,NA,NA,-0.246,NA,NA,0.619,NA,NA,6.9e-07,NA,NA,0.0379,NA,NA,0.000181,NA,NA,0.361,NA,NA,0.361,NA,NA,0.36,"Insufficient data","Insufficient data","No issues",NA,NA,NA,NA,NA,NA,NA,NA,"Insufficient data",FALSE,NA
7,2026-07-13 06:46:00,2026-07-13 06:50:30,2026-07-13 06:42:00,28,NA,NA,-0.208,NA,NA,0.51,NA,NA,2e-05,NA,NA,0.0399,NA,NA,0.00019,NA,NA,0.358,NA,NA,0.359,NA,NA,0.358,"Insufficient data","Insufficient data","No issues",NA,NA,NA,NA,NA,NA,NA,NA,"Insufficient data",FALSE,NA
10,2026-07-13 06:56:20,2026-07-13 07:00:40,2026-07-13 06:52:10,27,NA,NA,-0.311,NA,NA,0.716,NA,NA,2.65e-08,NA,NA,0.0391,NA,NA,0.000176,NA,NA,0.359,NA,NA,0.359,NA,NA,0.358,"Insufficient data","Insufficient data","No issues",NA,NA,NA,NA,NA,NA,NA,NA,"Insufficient data",FALSE,NA
2,2026-07-13 07:06:30,2026-07-13 07:10:50,2026-07-13 07:02:20,27,NA,NA,0.0746,NA,NA,0.122,NA,NA,0.0737,NA,NA,0.04,NA,NA,0.00018,NA,NA,0.358,NA,NA,0.358,NA,NA,0.358,"Insufficient data","Insufficient data","No issues",NA,NA,NA,NA,NA,NA,NA,NA,"Insufficient data",FALSE,NA
11,2026-07-13 07:16:30,2026-07-13 07:21:00,2026-07-13 07:12:30,28,NA,NA,-0.253,NA,NA,0.62,NA,NA,6.56e-07,NA,NA,0.0388,NA,NA,0.000185,NA,NA,0.359,NA,NA,0.359,NA,NA,0.357,"Insufficient data","Insufficient data","No issues",NA,NA,NA,NA,NA,NA,NA,NA,"Insufficient data",FALSE,NA
4,2026-07-13 07:26:40,2026-07-13 07:31:10,2026-07-13 07:22:40,28,NA,NA,-0.205,NA,NA,0.393,NA,NA,0.000359,NA,NA,0.0499,NA,NA,0.000238,NA,NA,0.357,NA,NA,0.357,NA,NA,0.356,"Insufficient data","Insufficient data","No issues",NA,NA,NA,NA,NA,NA,NA,NA,"Insufficient data",FALSE,NA
8,2026-07-13 07:36:50,2026-07-13 07:41:20,2026-07-13 07:32:50,28,NA,NA,-0.000335,NA,NA,9.49e-07,NA,NA,0.996,NA,NA,0.0674,NA,NA,0.000321,NA,NA,0.359,NA,NA,0.359,NA,NA,0.358,"Insufficient data","Insufficient data","No issues",NA,NA,NA,NA,NA,NA,NA,NA,"Insufficient data",FALSE,NA
5,2026-07-13 07:47:00,2026-07-13 07:51:30,2026-07-13 07:43:00,28,NA,NA,-0.098,NA,NA,0.112,NA,NA,0.0821,NA,NA,0.0542,NA,NA,0.000258,NA,NA,0.358,NA,NA,0.358,NA,NA,0.357,"Insufficient data","Insufficient data","No issues",NA,NA,NA,NA,NA,NA,NA,NA,"Insufficient data",FALSE,NA
9,2026-07-13 07:57:10,2026-07-13 08:01:40,2026-07-13 07:53:10,28,NA,NA,-0.303,NA,NA,0.57,NA,NA,3.4e-06,NA,NA,0.0516,NA,NA,0.000246,NA,NA,0.357,NA,NA,0.357,NA,NA,0.356,"Insufficient data","Insufficient data","No issues",NA,NA,NA,NA,NA,NA,NA,NA,"Insufficient data",FALSE,NA
12,2026-07-13 08:07:20,2026-07-13 08:11:50,2026-07-13 08:03:20,28,NA,NA,0.0729,NA,NA,0.063,NA,NA,0.198,NA,NA,0.0551,NA,NA,0.000263,NA,NA,0.357,NA,NA,0.357,NA,NA,0.356,"Insufficient data","Insufficient data","No issues",NA,NA,NA,NA,NA,NA,NA,NA,"Insufficient data",FALSE,NA
3,2026-07-13 08:17:30,2026-07-13 08:22:00,2026-07-13 08:13:30,28,NA,NA,-0.147,NA,NA,0.333,NA,NA,0.00131,NA,NA,0.0408,NA,NA,0.000195,NA,NA,0.36,NA,NA,0.36,NA,NA,0.359,"Insufficient data","Insufficient data","No issues",NA,NA,NA,NA,NA,NA,NA,NA,"Insufficient data",FALSE,NA
6,2026-07-13 08:27:40,2026-07-13 08:32:10,2026-07-13 08:23:40,28,NA,NA,-0.573,NA,NA,0.854,NA,NA,2.38e-12,NA,NA,0.0465,NA,NA,0.000222,NA,NA,0.361,NA,NA,0.362,NA,NA,0.36,"Insufficient data","Insufficient data","No issues",NA,NA,NA,NA,NA,NA,NA,NA,"Insufficient data",FALSE,NA
1,2026-07-13 08:37:50,2026-07-13 08:42:20,2026-07-13 08:33:50,28,NA,NA,-0.308,NA,NA,0.427,NA,NA,0.000162,NA,NA,0.07,NA,NA,0.000334,NA,NA,0.357,NA,NA,0.358,NA,NA,0.356,"Insufficient data","Insufficient data","No issues",NA,NA,NA,NA,NA,NA,NA,NA,"Insufficient data",FALSE,NA
7,2026-07-13 08:48:00,2026-07-13 08:52:30,2026-07-13 08:44:00,28,NA,NA,-0.191,NA,NA,0.393,NA,NA,0.000359,NA,NA,0.0465,NA,NA,0.000222,NA,NA,0.359,NA,NA,0.359,NA,NA,0.358,"Insufficient data","Insufficient data","No issues",NA,NA,NA,NA,NA,NA,NA,NA,"Insufficient data",FALSE,NA
10,2026-07-13 08:58:10,2026-07-13 09:02:40,2026-07-13 08:54:10,28,NA,NA,-0.536,NA,NA,0.727,NA,NA,8.41e-09,NA,NA,0.0645,NA,NA,0.000307,NA,NA,0.36,NA,NA,0.36,NA,NA,0.357,"Insufficient data","Insufficient data","No issues",NA,NA,NA,NA,NA,NA,NA,NA,"Insufficient data",FALSE,NA
2,2026-07-13 09:08:20,2026-07-13 09:12:50,2026-07-13 09:04:20,28,NA,NA,-0.326,NA,NA,0.556,NA,NA,5.31e-06,NA,NA,0.0571,NA,NA,0.000272,NA,NA,0.36,NA,NA,0.36,NA,NA,0.358,"Insufficient data","Insufficient data","No issues",NA,NA,NA,NA,NA,NA,NA,NA,"Insufficient data",FALSE,NA
11,2026-07-13 09:18:30,2026-07-13 09:23:00,2026-07-13 09:14:30,28,NA,NA,-0.236,NA,NA,0.304,NA,NA,0.00234,NA,NA,0.0698,NA,NA,0.000333,NA,NA,0.357,NA,NA,0.357,NA,NA,0.356,"Insufficient data","Insufficient data","No issues",NA,NA,NA,NA,NA,NA,NA,NA,"Insufficient data",FALSE,NA
4,2026-07-13 09:28:40,2026-07-13 09:33:10,2026-07-13 09:24:40,28,NA,NA,-0.0543,NA,NA,0.0451,NA,NA,0.278,NA,NA,0.049,NA,NA,0.000233,NA,NA,0.355,NA,NA,0.356,NA,NA,0.355,"Insufficient data","Insufficient data","No issues",NA,NA,NA,NA,NA,NA,NA,NA,"Insufficient data",FALSE,NA
8,2026-07-13 09:38:50,2026-07-13 09:43:20,2026-07-13 09:34:50,28,NA,NA,0.072,NA,NA,0.0304,NA,NA,0.375,NA,NA,0.0796,NA,NA,0.00038,NA,NA,0.359,NA,NA,0.36,NA,NA,0.358,"Insufficient data","Insufficient data","No issues",NA,NA,NA,NA,NA,NA,NA,NA,"Insufficient data",FALSE,NA
5,2026-07-13 09:49:00,2026-07-13 09:53:30,2026-07-13 09:45:00,28,NA,NA,-0.135,NA,NA,0.201,NA,NA,0.0168,NA,NA,0.0529,NA,NA,0.000252,NA,NA,0.357,NA,NA,0.357,NA,NA,0.356,"Insufficient data","Insufficient data","No issues",NA,NA,NA,NA,NA,NA,NA,NA,"Insufficient data",FALSE,NA
9,2026-07-13 09:59:20,2026-07-13 10:03:40,2026-07-13 09:55:10,27,NA,NA,-0.192,NA,NA,0.344,NA,NA,0.00131,NA,NA,0.0529,NA,NA,0.000239,NA,NA,0.355,NA,NA,0.355,NA,NA,0.354,"Insufficient data","Insufficient data","No issues",NA,NA,NA,NA,NA,NA,NA,NA,"Insufficient data",FALSE,NA
12,2026-07-13 10:09:20,2026-07-13 10:13:50,2026-07-13 10:05:20,28,NA,NA,-0.0917,NA,NA,0.0747,NA,NA,0.159,NA,NA,0.0633,NA,NA,0.000302,NA,NA,0.356,NA,NA,0.356,NA,NA,0.355,"Insufficient data","Insufficient data","No issues",NA,NA,NA,NA,NA,NA,NA,NA,"Insufficient data",FALSE,NA
3,2026-07-13 10:19:40,2026-07-13 10:24:00,2026-07-13 10:15:30,27,NA,NA,-0.281,NA,NA,0.532,NA,NA,1.58e-05,NA,NA,0.0526,NA,NA,0.000237,NA,NA,0.358,NA,NA,0.358,NA,NA,0.357,"Insufficient data","Insufficient data","No issues",NA,NA,NA,NA,NA,NA,NA,NA,"Insufficient data",FALSE,NA
6,2026-07-13 10:29:50,2026-07-13 10:34:10,2026-07-13 10:25:40,27,NA,NA,-0.667,NA,NA,0.86,NA,NA,3.63e-12,NA,NA,0.0538,NA,NA,0.000243,NA,NA,0.359,NA,NA,0.359,NA,NA,0.356,"Insufficient data","Insufficient data","No issues",NA,NA,NA,NA,NA,NA,NA,NA,"Insufficient data",FALSE,NA
1,2026-07-13 10:40:00,2026-07-13 10:44:20,2026-07-13 10:35:50,27,NA,NA,-0.11,NA,NA,0.136,NA,NA,0.0585,NA,NA,0.0557,NA,NA,0.000251,NA,NA,0.355,NA,NA,0.355,NA,NA,0.354,"Insufficient data","Insufficient data","No issues",NA,NA,NA,NA,NA,NA,NA,NA,"Insufficient data",FALSE,NA
7,2026-07-13 10:50:10,2026-07-13 10:54:30,2026-07-13 10:46:00,27,NA,NA,-0.135,NA,NA,0.269,NA,NA,0.00554,NA,NA,0.0446,NA,NA,0.000201,NA,NA,0.358,NA,NA,0.358,NA,NA,0.357,"Insufficient data","Insufficient data","No issues",NA,NA,NA,NA,NA,NA,NA,NA,"Insufficient data",FALSE,NA
10,2026-07-13 11:00:10,2026-07-13 11:04:40,2026-07-13 10:56:10,28,NA,NA,-0.582,NA,NA,0.858,NA,NA,1.58e-12,NA,NA,0.0464,NA,NA,0.000221,NA,NA,0.359,NA,NA,0.359,NA,NA,0.357,"Insufficient data","Insufficient data","No issues",NA,NA,NA,NA,NA,NA,NA,NA,"Insufficient data",FALSE,NA
2,2026-07-13 11:10:30,2026-07-13 11:14:50,2026-07-13 11:06:20,27,NA,NA,-0.0524,NA,NA,0.0356,NA,NA,0.346,NA,NA,0.0546,NA,NA,0.000246,NA,NA,0.356,NA,NA,0.357,NA,NA,0.356,"Insufficient data","Insufficient data","No issues",NA,NA,NA,NA,NA,NA,NA,NA,"Insufficient data",FALSE,NA
11,2026-07-13 11:20:40,2026-07-13 11:25:00,2026-07-13 11:16:30,27,NA,NA,-0.234,NA,NA,0.412,NA,NA,0.00031,NA,NA,0.0559,NA,NA,0.000252,NA,NA,0.356,NA,NA,0.356,NA,NA,0.355,"Insufficient data","Insufficient data","No issues",NA,NA,NA,NA,NA,NA,NA,NA,"Insufficient data",FALSE,NA
4,2026-07-13 11:30:40,2026-07-13 11:35:10,2026-07-13 11:26:40,28,NA,NA,-0.0484,NA,NA,0.077,NA,NA,0.153,NA,NA,0.0329,NA,NA,0.000157,NA,NA,0.354,NA,NA,0.354,NA,NA,0.354,"Insufficient data","Insufficient data","No issues",NA,NA,NA,NA,NA,NA,NA,NA,"Insufficient data",FALSE,NA
8,2026-07-13 11:40:50,2026-07-13 11:45:20,2026-07-13 11:36:50,28,NA,NA,0.241,NA,NA,0.481,NA,NA,4.23e-05,NA,NA,0.049,NA,NA,0.000234,NA,NA,0.359,NA,NA,0.36,NA,NA,0.358,"Insufficient data","Insufficient data","No issues",NA,NA,NA,NA,NA,NA,NA,NA,"Insufficient data",FALSE,NA
5,2026-07-13 11:51:00,2026-07-13 11:55:30,2026-07-13 11:47:00,28,NA,NA,-0.0363,NA,NA,0.0159,NA,NA,0.522,NA,NA,0.056,NA,NA,0.000267,NA,NA,0.355,NA,NA,0.355,NA,NA,0.354,"Insufficient data","Insufficient data","No issues",NA,NA,NA,NA,NA,NA,NA,NA,"Insufficient data",FALSE,NA
9,2026-07-13 12:01:20,2026-07-13 12:05:40,2026-07-13 11:57:10,27,NA,NA,-0.0752,NA,NA,0.106,NA,NA,0.0974,NA,NA,0.0437,NA,NA,0.000197,NA,NA,0.353,NA,NA,0.354,NA,NA,0.353,"Insufficient data","Insufficient data","No issues",NA,NA,NA,NA,NA,NA,NA,NA,"Insufficient data",FALSE,NA
12,2026-07-13 12:11:30,2026-07-13 12:15:50,2026-07-13 12:07:20,27,NA,NA,0.249,NA,NA,0.675,NA,NA,1.49e-07,NA,NA,0.0345,NA,NA,0.000156,NA,NA,0.354,NA,NA,0.355,NA,NA,0.354,"Insufficient data","Insufficient data","No issues",NA,NA,NA,NA,NA,NA,NA,NA,"Insufficient data",FALSE,NA
3,2026-07-13 12:21:30,2026-07-13 12:26:00,2026-07-13 12:17:30,28,NA,NA,-0.387,NA,NA,0.782,NA,NA,4.4e-10,NA,NA,0.0401,NA,NA,0.000191,NA,NA,0.357,NA,NA,0.358,NA,NA,0.356,"Insufficient data","Insufficient data","No issues",NA,NA,NA,NA,NA,NA,NA,NA,"Insufficient data",FALSE,NA
6,2026-07-13 12:31:40,2026-07-13 12:36:10,2026-07-13 12:27:40,28,NA,NA,-0.704,NA,NA,0.871,NA,NA,4.53e-13,NA,NA,0.0531,NA,NA,0.000253,NA,NA,0.358,NA,NA,0.358,NA,NA,0.355,"Insufficient data","Insufficient data","No issues",NA,NA,NA,NA,NA,NA,NA,NA,"Insufficient data",FALSE,NA
1,2026-07-13 12:41:50,2026-07-13 12:46:20,2026-07-13 12:37:50,28,NA,NA,-0.164,NA,NA,0.606,NA,NA,1.08e-06,NA,NA,0.026,NA,NA,0.000124,NA,NA,0.354,NA,NA,0.354,NA,NA,0.353,"Insufficient data","Insufficient data","No issues",NA,NA,NA,NA,NA,NA,NA,NA,"Insufficient data",FALSE,NA
7,2026-07-13 12:52:00,2026-07-13 12:56:30,2026-07-13 12:48:00,28,NA,NA,-0.269,NA,NA,0.316,NA,NA,0.00186,NA,NA,0.0777,NA,NA,0.00037,NA,NA,0.356,NA,NA,0.356,NA,NA,0.355,"Insufficient data","Insufficient data","No issues",NA,NA,NA,NA,NA,NA,NA,NA,"Insufficient data",FALSE,NA
10,2026-07-13 13:02:10,2026-07-13 13:06:40,2026-07-13 12:58:10,28,NA,NA,-0.556,NA,NA,0.854,NA,NA,2.32e-12,NA,NA,0.0451,NA,NA,0.000215,NA,NA,0.358,NA,NA,0.358,NA,NA,0.355,"Insufficient data","Insufficient data","No issues",NA,NA,NA,NA,NA,NA,NA,NA,"Insufficient data",FALSE,NA
2,2026-07-13 13:12:20,2026-07-13 13:16:50,2026-07-13 13:08:20,28,NA,NA,-0.0696,NA,NA,0.245,NA,NA,0.0074,NA,NA,0.024,NA,NA,0.000114,NA,NA,0.354,NA,NA,0.354,NA,NA,0.354,"Insufficient data","Insufficient data","No issues",NA,NA,NA,NA,NA,NA,NA,NA,"Insufficient data",FALSE,NA
11,2026-07-13 13:22:30,2026-07-13 13:27:00,2026-07-13 13:18:30,28,NA,NA,-0.101,NA,NA,0.133,NA,NA,0.0561,NA,NA,0.0506,NA,NA,0.000241,NA,NA,0.353,NA,NA,0.353,NA,NA,0.352,"Insufficient data","Insufficient data","No issues",NA,NA,NA,NA,NA,NA,NA,NA,"Insufficient data",FALSE,NA
4,2026-07-13 13:32:40,2026-07-13 13:37:10,2026-07-13 13:28:40,28,NA,NA,-0.0968,NA,NA,0.373,NA,NA,0.000561,NA,NA,0.0246,NA,NA,0.000117,NA,NA,0.351,NA,NA,0.351,NA,NA,0.35,"Insufficient data","Insufficient data","No issues",NA,NA,NA,NA,NA,NA,NA,NA,"Insufficient data",FALSE,NA
8,2026-07-13 13:42:50,2026-07-13 13:47:20,2026-07-13 13:38:50,28,NA,NA,0.104,NA,NA,0.103,NA,NA,0.0965,NA,NA,0.0601,NA,NA,0.000286,NA,NA,0.358,NA,NA,0.358,NA,NA,0.357,"Insufficient data","Insufficient data","No issues",NA,NA,NA,NA,NA,NA,NA,NA,"Insufficient data",FALSE,NA
5,2026-07-13 13:53:00,2026-07-13 13:57:30,2026-07-13 13:49:00,28,NA,NA,-0.296,NA,NA,0.558,NA,NA,4.89e-06,NA,NA,0.0516,NA,NA,0.000246,NA,NA,0.351,NA,NA,0.351,NA,NA,0.35,"Insufficient data","Insufficient data","No issues",NA,NA,NA,NA,NA,NA,NA,NA,"Insufficient data",FALSE,NA
9,2026-07-13 14:03:10,2026-07-13 14:07:40,2026-07-13 13:59:10,28,NA,NA,-0.088,NA,NA,0.24,NA,NA,0.0082,NA,NA,0.0308,NA,NA,0.000147,NA,NA,0.35,NA,NA,0.35,NA,NA,0.349,"Insufficient data","Insufficient data","No issues",NA,NA,NA,NA,NA,NA,NA,NA,"Insufficient data",FALSE,NA
12,2026-07-13 14:13:20,2026-07-13 14:17:50,2026-07-13 14:09:20,28,NA,NA,0.124,NA,NA,0.312,NA,NA,0.00199,NA,NA,0.036,NA,NA,0.000171,NA,NA,0.351,NA,NA,0.351,NA,NA,0.351,"Insufficient data","Insufficient data","No issues",NA,NA,NA,NA,NA,NA,NA,NA,"Insufficient data",FALSE,NA
3,2026-07-13 14:23:30,2026-07-13 14:28:00,2026-07-13 14:19:30,28,NA,NA,-0.365,NA,NA,0.694,NA,NA,3.78e-08,NA,NA,0.0476,NA,NA,0.000227,NA,NA,0.353,NA,NA,0.354,NA,NA,0.352,"Insufficient data","Insufficient data","No issues",NA,NA,NA,NA,NA,NA,NA,NA,"Insufficient data",FALSE,NA
6,2026-07-13 14:33:40,2026-07-13 14:38:10,2026-07-13 14:29:40,28,NA,NA,-0.8,NA,NA,0.95,NA,NA,2.19e-18,NA,NA,0.0362,NA,NA,0.000172,NA,NA,0.354,NA,NA,0.354,NA,NA,0.351,"Insufficient data","Insufficient data","No issues",NA,NA,NA,NA,NA,NA,NA,NA,"Insufficient data",FALSE,NA
1,2026-07-13 14:43:50,2026-07-13 14:48:20,2026-07-13 14:39:50,28,NA,NA,0.195,NA,NA,0.504,NA,NA,2.33e-05,NA,NA,0.038,NA,NA,0.000181,NA,NA,0.349,NA,NA,0.35,NA,NA,0.349,"Insufficient data","Insufficient data","No issues",NA,NA,NA,NA,NA,NA,NA,NA,"Insufficient data",FALSE,NA
7,2026-07-13 14:54:00,2026-07-13 14:58:30,2026-07-13 14:50:00,28,NA,NA,-0.0285,NA,NA,0.0261,NA,NA,0.411,NA,NA,0.0341,NA,NA,0.000163,NA,NA,0.352,NA,NA,0.352,NA,NA,0.352,"Insufficient data","Insufficient data","No issues",NA,NA,NA,NA,NA,NA,NA,NA,"Insufficient data",FALSE,NA
10,2026-07-13 15:04:20,2026-07-13 15:08:40,2026-07-13 15:00:10,27,NA,NA,-0.645,NA,NA,0.783,NA,NA,9.09e-10,NA,NA,0.068,NA,NA,0.000306,NA,NA,0.353,NA,NA,0.353,NA,NA,0.351,"Insufficient data","Insufficient data","No issues",NA,NA,NA,NA,NA,NA,NA,NA,"Insufficient data",FALSE,NA
2,2026-07-13 15:14:20,2026-07-13 15:18:50,2026-07-13 15:10:20,28,NA,NA,0.154,NA,NA,0.435,NA,NA,0.000134,NA,NA,0.0344,NA,NA,0.000164,NA,NA,0.351,NA,NA,0.351,NA,NA,0.35,"Insufficient data","Insufficient data","No issues",NA,NA,NA,NA,NA,NA,NA,NA,"Insufficient data",FALSE,NA
11,2026-07-13 15:24:40,2026-07-13 15:29:00,2026-07-13 15:20:30,27,NA,NA,0.126,NA,NA,0.146,NA,NA,0.0493,NA,NA,0.0611,NA,NA,0.000276,NA,NA,0.349,NA,NA,0.349,NA,NA,0.348,"Insufficient data","Insufficient data","No issues",NA,NA,NA,NA,NA,NA,NA,NA,"Insufficient data",FALSE,NA
4,2026-07-13 15:34:50,2026-07-13 15:39:10,2026-07-13 15:30:40,27,NA,NA,0.0471,NA,NA,0.0252,NA,NA,0.429,NA,NA,0.0586,NA,NA,0.000264,NA,NA,0.348,NA,NA,0.348,NA,NA,0.347,"Insufficient data","Insufficient data","No issues",NA,NA,NA,NA,NA,NA,NA,NA,"Insufficient data",FALSE,NA
8,2026-07-13 15:45:00,2026-07-13 15:49:20,2026-07-13 15:40:50,27,NA,NA,0.0322,NA,NA,0.00671,NA,NA,0.685,NA,NA,0.0784,NA,NA,0.000353,NA,NA,0.357,NA,NA,0.357,NA,NA,0.356,"Insufficient data","Insufficient data","No issues",NA,NA,NA,NA,NA,NA,NA,NA,"Insufficient data",FALSE,NA
5,2026-07-13 15:55:10,2026-07-13 15:59:30,2026-07-13 15:51:00,27,NA,NA,-0.14,NA,NA,0.144,NA,NA,0.0507,NA,NA,0.0684,NA,NA,0.000308,NA,NA,0.348,NA,NA,0.349,NA,NA,0.347,"Insufficient data","Insufficient data","No issues",NA,NA,NA,NA,NA,NA,NA,NA,"Insufficient data",FALSE,NA
9,2026-07-13 16:05:10,2026-07-13 16:09:40,2026-07-13 16:01:10,28,NA,NA,0.0568,NA,NA,0.0311,NA,NA,0.369,NA,NA,0.0622,NA,NA,0.000296,NA,NA,0.348,NA,NA,0.349,NA,NA,0.347,"Insufficient data","Insufficient data","No issues",NA,NA,NA,NA,NA,NA,NA,NA,"Insufficient data",FALSE,NA
12,2026-07-13 16:15:30,2026-07-13 16:19:50,2026-07-13 16:11:20,27,NA,NA,0.0287,NA,NA,0.0145,NA,NA,0.549,NA,NA,0.0473,NA,NA,0.000213,NA,NA,0.349,NA,NA,0.35,NA,NA,0.349,"Insufficient data","Insufficient data","No issues",NA,NA,NA,NA,NA,NA,NA,NA,"Insufficient data",FALSE,NA
3,2026-07-13 16:25:30,2026-07-13 16:30:00,2026-07-13 16:21:30,28,NA,NA,-0.261,NA,NA,0.54,NA,NA,8.46e-06,NA,NA,0.0472,NA,NA,0.000225,NA,NA,0.353,NA,NA,0.353,NA,NA,0.351,"Insufficient data","Insufficient data","No issues",NA,NA,NA,NA,NA,NA,NA,NA,"Insufficient data",FALSE,NA
6,2026-07-13 16:35:40,2026-07-13 16:40:10,2026-07-13 16:31:40,28,NA,NA,-0.53,NA,NA,0.912,NA,NA,3.23e-15,NA,NA,0.0324,NA,NA,0.000154,NA,NA,0.353,NA,NA,0.353,NA,NA,0.352,"Insufficient data","Insufficient data","No issues",NA,NA,NA,NA,NA,NA,NA,NA,"Insufficient data",FALSE,NA
1,2026-07-13 16:45:50,2026-07-13 16:50:20,2026-07-13 16:41:50,28,NA,NA,-0.0343,NA,NA,0.0203,NA,NA,0.469,NA,NA,0.0467,NA,NA,0.000223,NA,NA,0.351,NA,NA,0.351,NA,NA,0.35,"Insufficient data","Insufficient data","No issues",NA,NA,NA,NA,NA,NA,NA,NA,"Insufficient data",FALSE,NA
7,2026-07-13 16:56:00,2026-07-13 17:00:30,2026-07-13 16:52:00,28,NA,NA,-0.00284,NA,NA,0.000139,NA,NA,0.953,NA,NA,0.0472,NA,NA,0.000225,NA,NA,0.353,NA,NA,0.353,NA,NA,0.352,"Insufficient data","Insufficient data","No issues",NA,NA,NA,NA,NA,NA,NA,NA,"Insufficient data",FALSE,NA
10,2026-07-13 17:06:20,2026-07-13 17:10:40,2026-07-13 17:02:10,27,NA,NA,-0.686,NA,NA,0.908,NA,NA,1.92e-14,NA,NA,0.0438,NA,NA,0.000197,NA,NA,0.355,NA,NA,0.355,NA,NA,0.353,"Insufficient data","Insufficient data","No issues",NA,NA,NA,NA,NA,NA,NA,NA,"Insufficient data",FALSE,NA
2,2026-07-13 17:16:30,2026-07-13 17:20:50,2026-07-13 17:12:20,27,NA,NA,0.0584,NA,NA,0.101,NA,NA,0.106,NA,NA,0.0348,NA,NA,0.000157,NA,NA,0.353,NA,NA,0.353,NA,NA,0.353,"Insufficient data","Insufficient data","No issues",NA,NA,NA,NA,NA,NA,NA,NA,"Insufficient data",FALSE,NA
11,2026-07-13 17:26:30,2026-07-13 17:31:00,2026-07-13 17:22:30,28,NA,NA,0.0589,NA,NA,0.0285,NA,NA,0.39,NA,NA,0.0674,NA,NA,0.000321,NA,NA,0.352,NA,NA,0.352,NA,NA,0.351,"Insufficient data","Insufficient data","No issues",NA,NA,NA,NA,NA,NA,NA,NA,"Insufficient data",FALSE,NA
4,2026-07-13 17:36:40,2026-07-13 17:41:10,2026-07-13 17:32:40,28,NA,NA,0.111,NA,NA,0.312,NA,NA,0.00202,NA,NA,0.0323,NA,NA,0.000154,NA,NA,0.351,NA,NA,0.352,NA,NA,0.351,"Insufficient data","Insufficient data","No issues",NA,NA,NA,NA,NA,NA,NA,NA,"Insufficient data",FALSE,NA
8,2026-07-13 17:46:50,2026-07-13 17:51:20,2026-07-13 17:42:50,28,NA,NA,-0.214,NA,NA,0.541,NA,NA,8.23e-06,NA,NA,0.0386,NA,NA,0.000184,NA,NA,0.358,NA,NA,0.358,NA,NA,0.357,"Insufficient data","Insufficient data","No issues",NA,NA,NA,NA,NA,NA,NA,NA,"Insufficient data",FALSE,NA
5,2026-07-13 17:57:00,2026-07-13 18:01:30,2026-07-13 17:53:00,28,NA,NA,-0.0938,NA,NA,0.233,NA,NA,0.00935,NA,NA,0.0334,NA,NA,0.000159,NA,NA,0.352,NA,NA,0.352,NA,NA,0.352,"Insufficient data","Insufficient data","No issues",NA,NA,NA,NA,NA,NA,NA,NA,"Insufficient data",FALSE,NA
9,2026-07-13 18:07:10,2026-07-13 18:11:40,2026-07-13 18:03:10,28,NA,NA,-0.0831,NA,NA,0.107,NA,NA,0.0886,NA,NA,0.047,NA,NA,0.000224,NA,NA,0.352,NA,NA,0.352,NA,NA,0.351,"Insufficient data","Insufficient data","No issues",NA,NA,NA,NA,NA,NA,NA,NA,"Insufficient data",FALSE,NA
12,2026-07-13 18:17:20,2026-07-13 18:21:50,2026-07-13 18:13:20,28,NA,NA,0.0909,NA,NA,0.158,NA,NA,0.036,NA,NA,0.0411,NA,NA,0.000196,NA,NA,0.353,NA,NA,0.353,NA,NA,0.353,"Insufficient data","Insufficient data","No issues",NA,NA,NA,NA,NA,NA,NA,NA,"Insufficient data",FALSE,NA
3,2026-07-13 18:27:30,2026-07-13 18:32:00,2026-07-13 18:23:30,28,NA,NA,-0.251,NA,NA,0.523,NA,NA,1.4e-05,NA,NA,0.0471,NA,NA,0.000225,NA,NA,0.356,NA,NA,0.356,NA,NA,0.355,"Insufficient data","Insufficient data","No issues",NA,NA,NA,NA,NA,NA,NA,NA,"Insufficient data",FALSE,NA
6,2026-07-13 18:37:40,2026-07-13 18:42:10,2026-07-13 18:33:40,28,NA,NA,-0.317,NA,NA,0.492,NA,NA,3.22e-05,NA,NA,0.0632,NA,NA,0.000301,NA,NA,0.357,NA,NA,0.357,NA,NA,0.355,"Insufficient data","Insufficient data","No issues",NA,NA,NA,NA,NA,NA,NA,NA,"Insufficient data",FALSE,NA
1,2026-07-13 18:47:50,2026-07-13 18:52:20,2026-07-13 18:43:50,28,NA,NA,0.0181,NA,NA,0.00262,NA,NA,0.796,NA,NA,0.0692,NA,NA,0.00033,NA,NA,0.356,NA,NA,0.356,NA,NA,0.355,"Insufficient data","Insufficient data","No issues",NA,NA,NA,NA,NA,NA,NA,NA,"Insufficient data",FALSE,NA
7,2026-07-13 18:58:00,2026-07-13 19:02:30,2026-07-13 18:54:00,28,NA,NA,-0.058,NA,NA,0.0505,NA,NA,0.25,NA,NA,0.0494,NA,NA,0.000235,NA,NA,0.357,NA,NA,0.357,NA,NA,0.356,"Insufficient data","Insufficient data","No issues",NA,NA,NA,NA,NA,NA,NA,NA,"Insufficient data",FALSE,NA
10,2026-07-13 19:08:10,2026-07-13 19:12:40,2026-07-13 19:04:10,28,NA,NA,-0.323,NA,NA,0.483,NA,NA,4.11e-05,NA,NA,0.0657,NA,NA,0.000313,NA,NA,0.358,NA,NA,0.358,NA,NA,0.356,"Insufficient data","Insufficient data","No issues",NA,NA,NA,NA,NA,NA,NA,NA,"Insufficient data",FALSE,NA
2,2026-07-13 19:18:20,2026-07-13 19:22:50,2026-07-13 19:14:20,28,NA,NA,0.0433,NA,NA,0.0323,NA,NA,0.36,NA,NA,0.0465,NA,NA,0.000222,NA,NA,0.357,NA,NA,0.358,NA,NA,0.357,"Insufficient data","Insufficient data","No issues",NA,NA,NA,NA,NA,NA,NA,NA,"Insufficient data",FALSE,NA
11,2026-07-13 19:28:30,2026-07-13 19:33:00,2026-07-13 19:24:30,28,NA,NA,-0.00893,NA,NA,0.00108,NA,NA,0.868,NA,NA,0.0533,NA,NA,0.000254,NA,NA,0.357,NA,NA,0.357,NA,NA,0.355,"Insufficient data","Insufficient data","No issues",NA,NA,NA,NA,NA,NA,NA,NA,"Insufficient data",FALSE,NA
4,2026-07-13 19:38:40,2026-07-13 19:43:10,2026-07-13 19:34:40,28,NA,NA,-0.0615,NA,NA,0.171,NA,NA,0.0288,NA,NA,0.0266,NA,NA,0.000127,NA,NA,0.356,NA,NA,0.356,NA,NA,0.356,"Insufficient data","Insufficient data","No issues",NA,NA,NA,NA,NA,NA,NA,NA,"Insufficient data",FALSE,NA
8,2026-07-13 19:48:50,2026-07-13 19:53:20,2026-07-13 19:44:50,28,NA,NA,-0.131,NA,NA,0.242,NA,NA,0.00785,NA,NA,0.0454,NA,NA,0.000216,NA,NA,0.358,NA,NA,0.358,NA,NA,0.357,"Insufficient data","Insufficient data","No issues",NA,NA,NA,NA,NA,NA,NA,NA,"Insufficient data",FALSE,NA
5,2026-07-13 19:59:00,2026-07-13 20:03:30,2026-07-13 19:55:00,28,NA,NA,-0.104,NA,NA,0.349,NA,NA,0.000926,NA,NA,0.0278,NA,NA,0.000133,NA,NA,0.356,NA,NA,0.357,NA,NA,0.356,"Insufficient data","Insufficient data","No issues",NA,NA,NA,NA,NA,NA,NA,NA,"Insufficient data",FALSE,NA
9,2026-07-13 20:09:20,2026-07-13 20:13:40,2026-07-13 20:05:10,27,NA,NA,-0.156,NA,NA,0.412,NA,NA,0.00031,NA,NA,0.0374,NA,NA,0.000169,NA,NA,0.356,NA,NA,0.356,NA,NA,0.355,"Insufficient data","Insufficient data","No issues",NA,NA,NA,NA,NA,NA,NA,NA,"Insufficient data",FALSE,NA
12,2026-07-13 20:19:20,2026-07-13 20:23:50,2026-07-13 20:15:20,28,NA,NA,-0.112,NA,NA,0.179,NA,NA,0.0248,NA,NA,0.0472,NA,NA,0.000225,NA,NA,0.357,NA,NA,0.357,NA,NA,0.356,"Insufficient data","Insufficient data","No issues",NA,NA,NA,NA,NA,NA,NA,NA,"Insufficient data",FALSE,NA
3,2026-07-13 20:29:40,2026-07-13 20:34:00,2026-07-13 20:25:30,27,NA,NA,-0.128,NA,NA,0.411,NA,NA,0.000314,NA,NA,0.0307,NA,NA,0.000139,NA,NA,0.358,NA,NA,0.358,NA,NA,0.358,"Insufficient data","Insufficient data","No issues",NA,NA,NA,NA,NA,NA,NA,NA,"Insufficient data",FALSE,NA
6,2026-07-13 20:39:50,2026-07-13 20:44:10,2026-07-13 20:35:40,27,NA,NA,-0.308,NA,NA,0.727,NA,NA,1.61e-08,NA,NA,0.0377,NA,NA,0.00017,NA,NA,0.359,NA,NA,0.359,NA,NA,0.358,"Insufficient data","Insufficient data","No issues",NA,NA,NA,NA,NA,NA,NA,NA,"Insufficient data",FALSE,NA
1,2026-07-13 20:50:00,2026-07-13 20:54:20,2026-07-13 20:45:50,27,NA,NA,-0.0355,NA,NA,0.0318,NA,NA,0.373,NA,NA,0.0391,NA,NA,0.000176,NA,NA,0.358,NA,NA,0.358,NA,NA,0.357,"Insufficient data","Insufficient data","No issues",NA,NA,NA,NA,NA,NA,NA,NA,"Insufficient data",FALSE,NA
7,2026-07-13 21:00:10,2026-07-13 21:04:30,2026-07-13 20:56:00,27,NA,NA,-0.167,NA,NA,0.394,NA,NA,0.000455,NA,NA,0.0415,NA,NA,0.000187,NA,NA,0.359,NA,NA,0.359,NA,NA,0.358,"Insufficient data","Insufficient data","No issues",NA,NA,NA,NA,NA,NA,NA,NA,"Insufficient data",FALSE,NA
10,2026-07-13 21:10:10,2026-07-13 21:14:40,2026-07-13 21:06:10,28,NA,NA,-0.345,NA,NA,0.823,NA,NA,2.83e-11,NA,NA,0.0314,NA,NA,0.00015,NA,NA,0.359,NA,NA,0.359,NA,NA,0.357,"Insufficient data","Insufficient data","No issues",NA,NA,NA,NA,NA,NA,NA,NA,"Insufficient data",FALSE,NA
2,2026-07-13 21:20:30,2026-07-13 21:24:50,2026-07-13 21:16:20,27,NA,NA,-0.0415,NA,NA,0.0732,NA,NA,0.172,NA,NA,0.0296,NA,NA,0.000133,NA,NA,0.359,NA,NA,0.359,NA,NA,0.358,"Insufficient data","Insufficient data","No issues",NA,NA,NA,NA,NA,NA,NA,NA,"Insufficient data",FALSE,NA
11,2026-07-13 21:30:40,2026-07-13 21:35:00,2026-07-13 21:26:30,27,NA,NA,-0.131,NA,NA,0.417,NA,NA,0.000275,NA,NA,0.0311,NA,NA,0.00014,NA,NA,0.359,NA,NA,0.359,NA,NA,0.358,"Insufficient data","Insufficient data","No issues",NA,NA,NA,NA,NA,NA,NA,NA,"Insufficient data",FALSE,NA
4,2026-07-13 21:40:40,2026-07-13 21:45:10,2026-07-13 21:36:40,28,NA,NA,0.0307,NA,NA,0.0227,NA,NA,0.444,NA,NA,0.0394,NA,NA,0.000188,NA,NA,0.358,NA,NA,0.359,NA,NA,0.358,"Insufficient data","Insufficient data","No issues",NA,NA,NA,NA,NA,NA,NA,NA,"Insufficient data",FALSE,NA
8,2026-07-13 21:50:50,2026-07-13 21:55:20,2026-07-13 21:46:50,28,NA,NA,-0.0889,NA,NA,0.209,NA,NA,0.0145,NA,NA,0.0339,NA,NA,0.000162,NA,NA,0.36,NA,NA,0.36,NA,NA,0.359,"Insufficient data","Insufficient data","No issues",NA,NA,NA,NA,NA,NA,NA,NA,"Insufficient data",FALSE,NA
5,2026-07-13 22:01:00,2026-07-13 22:05:30,2026-07-13 21:57:00,28,NA,NA,-0.117,NA,NA,0.386,NA,NA,0.000419,NA,NA,0.0291,NA,NA,0.000139,NA,NA,0.358,NA,NA,0.359,NA,NA,0.358,"Insufficient data","Insufficient data","No issues",NA,NA,NA,NA,NA,NA,NA,NA,"Insufficient data",FALSE,NA
9,2026-07-13 22:11:20,2026-07-13 22:15:40,2026-07-13 22:07:10,27,NA,NA,-0.00825,NA,NA,0.00371,NA,NA,0.763,NA,NA,0.027,NA,NA,0.000122,NA,NA,0.358,NA,NA,0.359,NA,NA,0.358,"Insufficient data","Insufficient data","No issues",NA,NA,NA,NA,NA,NA,NA,NA,"Insufficient data",FALSE,NA
12,2026-07-13 22:21:30,2026-07-13 22:25:50,2026-07-13 22:17:20,27,NA,NA,-0.0609,NA,NA,0.0951,NA,NA,0.118,NA,NA,0.0376,NA,NA,0.000169,NA,NA,0.359,NA,NA,0.359,NA,NA,0.358,"Insufficient data","Insufficient data","No issues",NA,NA,NA,NA,NA,NA,NA,NA,"Insufficient data",FALSE,NA
3,2026-07-13 22:31:30,2026-07-13 22:36:00,2026-07-13 22:27:30,28,NA,NA,-0.0732,NA,NA,0.133,NA,NA,0.056,NA,NA,0.0366,NA,NA,0.000175,NA,NA,0.36,NA,NA,0.36,NA,NA,0.36,"Insufficient data","Insufficient data","No issues",NA,NA,NA,NA,NA,NA,NA,NA,"Insufficient data",FALSE,NA
6,2026-07-13 22:41:40,2026-07-13 22:46:10,2026-07-13 22:37:40,28,NA,NA,-0.23,NA,NA,0.665,NA,NA,1.23e-07,NA,NA,0.032,NA,NA,0.000153,NA,NA,0.36,NA,NA,0.361,NA,NA,0.359,"Insufficient data","Insufficient data","No issues",NA,NA,NA,NA,NA,NA,NA,NA,"Insufficient data",FALSE,NA
1,2026-07-13 22:51:50,2026-07-13 22:56:20,2026-07-13 22:47:50,28,NA,NA,-0.17,NA,NA,0.526,NA,NA,1.27e-05,NA,NA,0.0316,NA,NA,0.000151,NA,NA,0.359,NA,NA,0.359,NA,NA,0.358,"Insufficient data","Insufficient data","No issues",NA,NA,NA,NA,NA,NA,NA,NA,"Insufficient data",FALSE,NA
7,2026-07-13 23:02:00,2026-07-13 23:06:30,2026-07-13 22:58:00,28,NA,NA,-0.181,NA,NA,0.741,NA,NA,4.11e-09,NA,NA,0.0209,NA,NA,9.97e-05,NA,NA,0.36,NA,NA,0.36,NA,NA,0.359,"Insufficient data","Insufficient data","No issues",NA,NA,NA,NA,NA,NA,NA,NA,"Insufficient data",FALSE,NA
10,2026-07-13 23:12:10,2026-07-13 23:16:40,2026-07-13 23:08:10,28,NA,NA,-0.247,NA,NA,0.721,NA,NA,1.1e-08,NA,NA,0.0301,NA,NA,0.000143,NA,NA,0.359,NA,NA,0.359,NA,NA,0.358,"Insufficient data","Insufficient data","No issues",NA,NA,NA,NA,NA,NA,NA,NA,"Insufficient data",FALSE,NA
2,2026-07-13 23:22:20,2026-07-13 23:26:50,2026-07-13 23:18:20,28,NA,NA,-0.0503,NA,NA,0.102,NA,NA,0.0972,NA,NA,0.0292,NA,NA,0.000139,NA,NA,0.359,NA,NA,0.36,NA,NA,0.359,"Insufficient data","Insufficient data","No issues",NA,NA,NA,NA,NA,NA,NA,NA,"Insufficient data",FALSE,NA
11,2026-07-13 23:32:30,2026-07-13 23:37:00,2026-07-13 23:28:30,28,NA,NA,-0.0985,NA,NA,0.376,NA,NA,0.000527,NA,NA,0.0249,NA,NA,0.000119,NA,NA,0.359,NA,NA,0.359,NA,NA,0.359,"Insufficient data","Insufficient data","No issues",NA,NA,NA,NA,NA,NA,NA,NA,"Insufficient data",FALSE,NA
4,2026-07-13 23:42:40,2026-07-13 23:47:10,2026-07-13 23:38:40,28,NA,NA,-0.0805,NA,NA,0.311,NA,NA,0.00204,NA,NA,0.0235,NA,NA,0.000112,NA,NA,0.359,NA,NA,0.359,NA,NA,0.359,"Insufficient data","Insufficient data","No issues",NA,NA,NA,NA,NA,NA,NA,NA,"Insufficient data",FALSE,NA
8,2026-07-13 23:52:50,2026-07-13 23:57:20,2026-07-13 23:48:50,28,NA,NA,-0.0981,NA,NA,0.452,NA,NA,8.9e-05,NA,NA,0.0212,NA,NA,0.000101,NA,NA,0.36,NA,NA,0.36,NA,NA,0.359,"Insufficient data","Insufficient data","No issues",NA,NA,NA,NA,NA,NA,NA,NA,"Insufficient data",FALSE,NA
5,2026-07-14 00:03:00,2026-07-14 00:07:30,2026-07-13 23:59:00,28,NA,NA,-0.0437,NA,NA,0.0674,NA,NA,0.182,NA,NA,0.0319,NA,NA,0.000152,NA,NA,0.359,NA,NA,0.359,NA,NA,0.359,"Insufficient data","Insufficient data","No issues",NA,NA,NA,NA,NA,NA,NA,NA,"Insufficient data",FALSE,NA
9,2026-07-14 00:13:10,2026-07-14 00:17:40,2026-07-14 00:09:10,28,NA,NA,-0.0141,NA,NA,0.0144,NA,NA,0.542,NA,NA,0.0229,NA,NA,0.000109,NA,NA,0.358,NA,NA,0.359,NA,NA,0.358,"Insufficient data","Insufficient data","No issues",NA,NA,NA,NA,NA,NA,NA,NA,"Insufficient data",FALSE,NA
12,2026-07-14 00:23:20,2026-07-14 00:27:50,2026-07-14 00:19:20,28,NA,NA,-0.108,NA,NA,0.345,NA,NA,0.00101,NA,NA,0.0291,NA,NA,0.000139,NA,NA,0.359,NA,NA,0.359,NA,NA,0.358,"Insufficient data","Insufficient data","No issues",NA,NA,NA,NA,NA,NA,NA,NA,"Insufficient data",FALSE,NA
3,2026-07-14 00:33:30,2026-07-14 00:38:00,2026-07-14 00:29:30,28,NA,NA,-0.148,NA,NA,0.386,NA,NA,0.000418,NA,NA,0.0366,NA,NA,0.000174,NA,NA,0.359,NA,NA,0.359,NA,NA,0.359,"Insufficient data","Insufficient data","No issues",NA,NA,NA,NA,NA,NA,NA,NA,"Insufficient data",FALSE,NA
6,2026-07-14 00:43:40,2026-07-14 00:48:10,2026-07-14 00:39:40,28,NA,NA,-0.157,NA,NA,0.575,NA,NA,2.97e-06,NA,NA,0.0265,NA,NA,0.000126,NA,NA,0.36,NA,NA,0.36,NA,NA,0.359,"Insufficient data","Insufficient data","No issues",NA,NA,NA,NA,NA,NA,NA,NA,"Insufficient data",FALSE,NA
1,2026-07-14 00:53:50,2026-07-14 00:58:20,2026-07-14 00:49:50,28,NA,NA,-0.117,NA,NA,0.281,NA,NA,0.00374,NA,NA,0.0369,NA,NA,0.000176,NA,NA,0.358,NA,NA,0.358,NA,NA,0.358,"Insufficient data","Insufficient data","No issues",NA,NA,NA,NA,NA,NA,NA,NA,"Insufficient data",FALSE,NA
7,2026-07-14 01:04:00,2026-07-14 01:08:30,2026-07-14 01:00:00,28,NA,NA,-0.0804,NA,NA,0.258,NA,NA,0.00582,NA,NA,0.0268,NA,NA,0.000128,NA,NA,0.359,NA,NA,0.359,NA,NA,0.359,"Insufficient data","Insufficient data","No issues",NA,NA,NA,NA,NA,NA,NA,NA,"Insufficient data",FALSE,NA
10,2026-07-14 01:14:20,2026-07-14 01:18:40,2026-07-14 01:10:10,27,NA,NA,-0.126,NA,NA,0.447,NA,NA,0.000139,NA,NA,0.0281,NA,NA,0.000126,NA,NA,0.359,NA,NA,0.359,NA,NA,0.359,"Insufficient data","Insufficient data","No issues",NA,NA,NA,NA,NA,NA,NA,NA,"Insufficient data",FALSE,NA
2,2026-07-14 01:24:20,2026-07-14 01:28:50,2026-07-14 01:20:20,28,NA,NA,-0.0642,NA,NA,0.148,NA,NA,0.0434,NA,NA,0.0302,NA,NA,0.000144,NA,NA,0.36,NA,NA,0.36,NA,NA,0.359,"Insufficient data","Insufficient data","No issues",NA,NA,NA,NA,NA,NA,NA,NA,"Insufficient data",FALSE,NA
11,2026-07-14 01:34:40,2026-07-14 01:39:00,2026-07-14 01:30:30,27,NA,NA,-0.0121,NA,NA,0.00657,NA,NA,0.688,NA,NA,0.0298,NA,NA,0.000135,NA,NA,0.359,NA,NA,0.359,NA,NA,0.359,"Insufficient data","Insufficient data","No issues",NA,NA,NA,NA,NA,NA,NA,NA,"Insufficient data",FALSE,NA
4,2026-07-14 01:44:50,2026-07-14 01:49:10,2026-07-14 01:40:40,27,NA,NA,-0.0823,NA,NA,0.244,NA,NA,0.0089,NA,NA,0.029,NA,NA,0.000131,NA,NA,0.359,NA,NA,0.359,NA,NA,0.359,"Insufficient data","Insufficient data","No issues",NA,NA,NA,NA,NA,NA,NA,NA,"Insufficient data",FALSE,NA
8,2026-07-14 01:55:00,2026-07-14 01:59:20,2026-07-14 01:50:50,27,NA,NA,-0.0776,NA,NA,0.193,NA,NA,0.0219,NA,NA,0.0317,NA,NA,0.000143,NA,NA,0.36,NA,NA,0.36,NA,NA,0.359,"Insufficient data","Insufficient data","No issues",NA,NA,NA,NA,NA,NA,NA,NA,"Insufficient data",FALSE,NA
5,2026-07-14 02:05:10,2026-07-14 02:09:30,2026-07-14 02:01:00,27,NA,NA,-0.0805,NA,NA,0.214,NA,NA,0.0152,NA,NA,0.0309,NA,NA,0.000139,NA,NA,0.359,NA,NA,0.359,NA,NA,0.359,"Insufficient data","Insufficient data","No issues",NA,NA,NA,NA,NA,NA,NA,NA,"Insufficient data",FALSE,NA
9,2026-07-14 02:15:10,2026-07-14 02:19:40,2026-07-14 02:11:10,28,NA,NA,-0.044,NA,NA,0.055,NA,NA,0.23,NA,NA,0.0358,NA,NA,0.000171,NA,NA,0.359,NA,NA,0.359,NA,NA,0.358,"Insufficient data","Insufficient data","No issues",NA,NA,NA,NA,NA,NA,NA,NA,"Insufficient data",FALSE,NA
12,2026-07-14 02:25:30,2026-07-14 02:29:50,2026-07-14 02:21:20,27,NA,NA,-0.023,NA,NA,0.0189,NA,NA,0.494,NA,NA,0.0332,NA,NA,0.000149,NA,NA,0.359,NA,NA,0.359,NA,NA,0.358,"Insufficient data","Insufficient data","No issues",NA,NA,NA,NA,NA,NA,NA,NA,"Insufficient data",FALSE,NA
3,2026-07-14 02:35:40,2026-07-14 02:40:00,2026-07-14 02:31:30,27,NA,NA,-0.124,NA,NA,0.351,NA,NA,0.00114,NA,NA,0.0336,NA,NA,0.000152,NA,NA,0.36,NA,NA,0.36,NA,NA,0.359,"Insufficient data","Insufficient data","No issues",NA,NA,NA,NA,NA,NA,NA,NA,"Insufficient data",FALSE,NA
6,2026-07-14 02:45:40,2026-07-14 02:50:10,2026-07-14 02:41:40,28,NA,NA,-0.102,NA,NA,0.252,NA,NA,0.00654,NA,NA,0.0345,NA,NA,0.000164,NA,NA,0.36,NA,NA,0.36,NA,NA,0.36,"Insufficient data","Insufficient data","No issues",NA,NA,NA,NA,NA,NA,NA,NA,"Insufficient data",FALSE,NA
1,2026-07-14 02:55:50,2026-07-14 03:00:20,2026-07-14 02:51:50,28,NA,NA,-0.0919,NA,NA,0.261,NA,NA,0.00547,NA,NA,0.0303,NA,NA,0.000145,NA,NA,0.359,NA,NA,0.359,NA,NA,0.358,"Insufficient data","Insufficient data","No issues",NA,NA,NA,NA,NA,NA,NA,NA,"Insufficient data",FALSE,NA
7,2026-07-14 03:06:00,2026-07-14 03:10:30,2026-07-14 03:02:00,28,NA,NA,-0.221,NA,NA,0.646,NA,NA,2.6e-07,NA,NA,0.0321,NA,NA,0.000153,NA,NA,0.359,NA,NA,0.359,NA,NA,0.358,"Insufficient data","Insufficient data","No issues",NA,NA,NA,NA,NA,NA,NA,NA,"Insufficient data",FALSE,NA
10,2026-07-14 03:16:20,2026-07-14 03:20:40,2026-07-14 03:12:10,27,NA,NA,-0.21,NA,NA,0.566,NA,NA,6.04e-06,NA,NA,0.0367,NA,NA,0.000166,NA,NA,0.359,NA,NA,0.359,NA,NA,0.358,"Insufficient data","Insufficient data","No issues",NA,NA,NA,NA,NA,NA,NA,NA,"Insufficient data",FALSE,NA
2,2026-07-14 03:26:30,2026-07-14 03:30:50,2026-07-14 03:22:20,27,NA,NA,-0.0334,NA,NA,0.0417,NA,NA,0.307,NA,NA,0.0321,NA,NA,0.000145,NA,NA,0.359,NA,NA,0.359,NA,NA,0.359,"Insufficient data","Insufficient data","No issues",NA,NA,NA,NA,NA,NA,NA,NA,"Insufficient data",FALSE,NA
11,2026-07-14 03:36:30,2026-07-14 03:41:00,2026-07-14 03:32:30,28,NA,NA,-0.0883,NA,NA,0.176,NA,NA,0.0263,NA,NA,0.0375,NA,NA,0.000179,NA,NA,0.359,NA,NA,0.359,NA,NA,0.358,"Insufficient data","Insufficient data","No issues",NA,NA,NA,NA,NA,NA,NA,NA,"Insufficient data",FALSE,NA
4,2026-07-14 03:46:40,2026-07-14 03:51:10,2026-07-14 03:42:40,28,NA,NA,0.00616,NA,NA,0.0014,NA,NA,0.85,NA,NA,0.0322,NA,NA,0.000154,NA,NA,0.359,NA,NA,0.359,NA,NA,0.358,"Insufficient data","Insufficient data","No issues",NA,NA,NA,NA,NA,NA,NA,NA,"Insufficient data",FALSE,NA
8,2026-07-14 03:56:50,2026-07-14 04:01:20,2026-07-14 03:52:50,28,NA,NA,0.0534,NA,NA,0.0783,NA,NA,0.149,NA,NA,0.0359,NA,NA,0.000171,NA,NA,0.36,NA,NA,0.36,NA,NA,0.359,"Insufficient data","Insufficient data","No issues",NA,NA,NA,NA,NA,NA,NA,NA,"Insufficient data",FALSE,NA
5,2026-07-14 04:07:00,2026-07-14 04:11:30,2026-07-14 04:03:00,28,NA,NA,-0.0544,NA,NA,0.0969,NA,NA,0.107,NA,NA,0.0326,NA,NA,0.000155,NA,NA,0.36,NA,NA,0.36,NA,NA,0.359,"Insufficient data","Insufficient data","No issues",NA,NA,NA,NA,NA,NA,NA,NA,"Insufficient data",FALSE,NA
9,2026-07-14 04:17:10,2026-07-14 04:21:40,2026-07-14 04:13:10,28,NA,NA,-0.0145,NA,NA,0.00595,NA,NA,0.697,NA,NA,0.0368,NA,NA,0.000175,NA,NA,0.359,NA,NA,0.359,NA,NA,0.358,"Insufficient data","Insufficient data","No issues",NA,NA,NA,NA,NA,NA,NA,NA,"Insufficient data",FALSE,NA
12,2026-07-14 04:27:20,2026-07-14 04:31:50,2026-07-14 04:23:20,28,NA,NA,-0.00141,NA,NA,6.67e-05,NA,NA,0.967,NA,NA,0.0339,NA,NA,0.000162,NA,NA,0.359,NA,NA,0.359,NA,NA,0.358,"Insufficient data","Insufficient data","No issues",NA,NA,NA,NA,NA,NA,NA,NA,"Insufficient data",FALSE,NA
3,2026-07-14 04:37:30,2026-07-14 04:42:00,2026-07-14 04:33:30,28,NA,NA,-0.15,NA,NA,0.515,NA,NA,1.72e-05,NA,NA,0.0286,NA,NA,0.000136,NA,NA,0.36,NA,NA,0.36,NA,NA,0.359,"Insufficient data","Insufficient data","No issues",NA,NA,NA,NA,NA,NA,NA,NA,"Insufficient data",FALSE,NA
6,2026-07-14 04:47:40,2026-07-14 04:52:10,2026-07-14 04:43:40,28,NA,NA,-0.144,NA,NA,0.447,NA,NA,0.000101,NA,NA,0.0314,NA,NA,0.000149,NA,NA,0.36,NA,NA,0.36,NA,NA,0.359,"Insufficient data","Insufficient data","No issues",NA,NA,NA,NA,NA,NA,NA,NA,"Insufficient data",FALSE,NA
1,2026-07-14 04:57:50,2026-07-14 05:02:20,2026-07-14 04:53:50,28,NA,NA,-0.0873,NA,NA,0.324,NA,NA,0.00158,NA,NA,0.0247,NA,NA,0.000118,NA,NA,0.359,NA,NA,0.359,NA,NA,0.359,"Insufficient data","Insufficient data","No issues",NA,NA,NA,NA,NA,NA,NA,NA,"Insufficient data",FALSE,NA
7,2026-07-14 05:08:00,2026-07-14 05:12:30,2026-07-14 05:04:00,28,NA,NA,-0.109,NA,NA,0.31,NA,NA,0.0021,NA,NA,0.032,NA,NA,0.000152,NA,NA,0.359,NA,NA,0.359,NA,NA,0.358,"Insufficient data","Insufficient data","No issues",NA,NA,NA,NA,NA,NA,NA,NA,"Insufficient data",FALSE,NA
10,2026-07-14 05:18:10,2026-07-14 05:22:40,2026-07-14 05:14:10,28,NA,NA,-0.182,NA,NA,0.546,NA,NA,7.2e-06,NA,NA,0.0325,NA,NA,0.000155,NA,NA,0.36,NA,NA,0.36,NA,NA,0.359,"Insufficient data","Insufficient data","No issues",NA,NA,NA,NA,NA,NA,NA,NA,"Insufficient data",FALSE,NA
2,2026-07-14 05:28:20,2026-07-14 05:32:50,2026-07-14 05:24:20,28,NA,NA,-0.00795,NA,NA,0.00151,NA,NA,0.844,NA,NA,0.04,NA,NA,0.000191,NA,NA,0.36,NA,NA,0.36,NA,NA,0.359,"Insufficient data","Insufficient data","No issues",NA,NA,NA,NA,NA,NA,NA,NA,"Insufficient data",FALSE,NA
11,2026-07-14 05:38:30,2026-07-14 05:43:00,2026-07-14 05:34:30,28,NA,NA,-0.112,NA,NA,0.269,NA,NA,0.00472,NA,NA,0.0362,NA,NA,0.000173,NA,NA,0.359,NA,NA,0.36,NA,NA,0.359,"Insufficient data","Insufficient data","No issues",NA,NA,NA,NA,NA,NA,NA,NA,"Insufficient data",FALSE,NA
4,2026-07-14 05:48:40,2026-07-14 05:53:10,2026-07-14 05:44:40,28,NA,NA,-0.064,NA,NA,0.184,NA,NA,0.0228,NA,NA,0.0264,NA,NA,0.000126,NA,NA,0.359,NA,NA,0.359,NA,NA,0.358,"Insufficient data","Insufficient data","No issues",NA,NA,NA,NA,NA,NA,NA,NA,"Insufficient data",FALSE,NA
8,2026-07-14 05:58:50,2026-07-14 06:03:20,2026-07-14 05:54:50,28,NA,NA,-0.0332,NA,NA,0.0319,NA,NA,0.364,NA,NA,0.0359,NA,NA,0.000171,NA,NA,0.36,NA,NA,0.36,NA,NA,0.36,"Insufficient data","Insufficient data","No issues",NA,NA,NA,NA,NA,NA,NA,NA,"Insufficient data",FALSE,NA
5,2026-07-14 06:09:00,2026-07-14 06:13:30,2026-07-14 06:05:00,28,NA,NA,-0.0114,NA,NA,0.0043,NA,NA,0.74,NA,NA,0.034,NA,NA,0.000162,NA,NA,0.359,NA,NA,0.359,NA,NA,0.359,"Insufficient data","Insufficient data","No issues",NA,NA,NA,NA,NA,NA,NA,NA,"Insufficient data",FALSE,NA
9,2026-07-14 06:19:20,2026-07-14 06:23:40,2026-07-14 06:15:10,27,NA,NA,-0.0966,NA,NA,0.27,NA,NA,0.00544,NA,NA,0.0317,NA,NA,0.000143,NA,NA,0.359,NA,NA,0.359,NA,NA,0.358,"Insufficient data","Insufficient data","No issues",NA,NA,NA,NA,NA,NA,NA,NA,"Insufficient data",FALSE,NA
12,2026-07-14 06:29:20,2026-07-14 06:33:50,2026-07-14 06:25:20,28,NA,NA,-0.00106,NA,NA,3.15e-05,NA,NA,0.977,NA,NA,0.037,NA,NA,0.000176,NA,NA,0.359,NA,NA,0.359,NA,NA,0.359,"Insufficient data","Insufficient data","No issues",NA,NA,NA,NA,NA,NA,NA,NA,"Insufficient data",FALSE,NA
3,2026-07-14 06:39:40,2026-07-14 06:44:00,2026-07-14 06:35:30,27,NA,NA,-0.144,NA,NA,0.364,NA,NA,0.000872,NA,NA,0.0381,NA,NA,0.000172,NA,NA,0.36,NA,NA,0.36,NA,NA,0.359,"Insufficient data","Insufficient data","No issues",NA,NA,NA,NA,NA,NA,NA,NA,"Insufficient data",FALSE,NA
6,2026-07-14 06:49:50,2026-07-14 06:54:10,2026-07-14 06:45:40,27,NA,NA,-0.304,NA,NA,0.675,NA,NA,1.49e-07,NA,NA,0.0422,NA,NA,0.00019,NA,NA,0.361,NA,NA,0.361,NA,NA,0.36,"Insufficient data","Insufficient data","No issues",NA,NA,NA,NA,NA,NA,NA,NA,"Insufficient data",FALSE,NA
1,2026-07-14 07:00:00,2026-07-14 07:04:20,2026-07-14 06:55:50,27,NA,NA,-0.152,NA,NA,0.345,NA,NA,0.00127,NA,NA,0.042,NA,NA,0.000189,NA,NA,0.359,NA,NA,0.359,NA,NA,0.358,"Insufficient data","Insufficient data","No issues",NA,NA,NA,NA,NA,NA,NA,NA,"Insufficient data",FALSE,NA
7,2026-07-14 07:10:10,2026-07-14 07:14:30,2026-07-14 07:06:00,27,NA,NA,-0.203,NA,NA,0.47,NA,NA,7.91e-05,NA,NA,0.0432,NA,NA,0.000195,NA,NA,0.359,NA,NA,0.359,NA,NA,0.358,"Insufficient data","Insufficient data","No issues",NA,NA,NA,NA,NA,NA,NA,NA,"Insufficient data",FALSE,NA
10,2026-07-14 07:20:10,2026-07-14 07:24:40,2026-07-14 07:16:10,28,NA,NA,-0.263,NA,NA,0.606,NA,NA,1.08e-06,NA,NA,0.0415,NA,NA,0.000198,NA,NA,0.359,NA,NA,0.359,NA,NA,0.358,"Insufficient data","Insufficient data","No issues",NA,NA,NA,NA,NA,NA,NA,NA,"Insufficient data",FALSE,NA
2,2026-07-14 07:30:30,2026-07-14 07:34:50,2026-07-14 07:26:20,27,NA,NA,-0.0607,NA,NA,0.0388,NA,NA,0.325,NA,NA,0.0604,NA,NA,0.000272,NA,NA,0.359,NA,NA,0.359,NA,NA,0.358,"Insufficient data","Insufficient data","No issues",NA,NA,NA,NA,NA,NA,NA,NA,"Insufficient data",FALSE,NA
11,2026-07-14 07:40:40,2026-07-14 07:45:00,2026-07-14 07:36:30,27,NA,NA,-0.225,NA,NA,0.558,NA,NA,7.56e-06,NA,NA,0.04,NA,NA,0.00018,NA,NA,0.358,NA,NA,0.358,NA,NA,0.357,"Insufficient data","Insufficient data","No issues",NA,NA,NA,NA,NA,NA,NA,NA,"Insufficient data",FALSE,NA
4,2026-07-14 07:50:40,2026-07-14 07:55:10,2026-07-14 07:46:40,28,NA,NA,-0.0605,NA,NA,0.0561,NA,NA,0.225,NA,NA,0.0487,NA,NA,0.000232,NA,NA,0.356,NA,NA,0.356,NA,NA,0.355,"Insufficient data","Insufficient data","No issues",NA,NA,NA,NA,NA,NA,NA,NA,"Insufficient data",FALSE,NA
8,2026-07-14 08:00:50,2026-07-14 08:05:20,2026-07-14 07:56:50,28,NA,NA,-0.162,NA,NA,0.329,NA,NA,0.00143,NA,NA,0.0454,NA,NA,0.000216,NA,NA,0.359,NA,NA,0.36,NA,NA,0.359,"Insufficient data","Insufficient data","No issues",NA,NA,NA,NA,NA,NA,NA,NA,"Insufficient data",FALSE,NA
5,2026-07-14 08:11:00,2026-07-14 08:15:30,2026-07-14 08:07:00,28,NA,NA,NA,NA,NA,NA,NA,NA,NA,NA,NA,NA,NA,NA,NA,NA,NA,NA,NA,NA,NA,NA,NA,NA,"Insufficient data; maintenance","Insufficient data; maintenance","maintenance",NA,NA,NA,NA,NA,NA,NA,NA,"Insufficient data",FALSE,NA
9,2026-07-14 08:21:20,2026-07-14 08:25:40,2026-07-14 08:17:10,27,NA,NA,NA,NA,NA,NA,NA,NA,NA,NA,NA,NA,NA,NA,NA,NA,NA,NA,NA,NA,NA,NA,NA,NA,"Insufficient data; maintenance","Insufficient data; maintenance","maintenance",NA,NA,NA,NA,NA,NA,NA,NA,"Insufficient data",FALSE,NA
12,2026-07-14 08:31:30,2026-07-14 08:35:50,2026-07-14 08:27:20,27,NA,NA,NA,NA,NA,NA,NA,NA,NA,NA,NA,NA,NA,NA,NA,NA,NA,NA,NA,NA,NA,NA,NA,NA,"Insufficient data; maintenance","Insufficient data; maintenance","maintenance",NA,NA,NA,NA,NA,NA,NA,NA,"Insufficient data",FALSE,NA
3,2026-07-14 08:41:30,2026-07-14 08:46:00,2026-07-14 08:37:30,28,NA,NA,NA,NA,NA,NA,NA,NA,NA,NA,NA,NA,NA,NA,NA,NA,NA,NA,NA,NA,NA,NA,NA,NA,"Insufficient data; maintenance","Insufficient data; maintenance","maintenance",NA,NA,NA,NA,NA,NA,NA,NA,"Insufficient data",FALSE,NA
6,2026-07-14 08:51:40,2026-07-14 08:56:10,2026-07-14 08:47:40,28,NA,NA,NA,NA,NA,NA,NA,NA,NA,NA,NA,NA,NA,NA,NA,NA,NA,NA,NA,NA,NA,NA,NA,NA,"Insufficient data; maintenance","Insufficient data; maintenance","maintenance",NA,NA,NA,NA,NA,NA,NA,NA,"Insufficient data",FALSE,NA
1,2026-07-14 09:01:50,2026-07-14 09:06:20,2026-07-14 08:57:50,28,NA,NA,NA,NA,NA,NA,NA,NA,NA,NA,NA,NA,NA,NA,NA,NA,NA,NA,NA,NA,NA,NA,NA,NA,"Insufficient data; maintenance","Insufficient data; maintenance","maintenance",NA,NA,NA,NA,NA,NA,NA,NA,"Insufficient data",FALSE,NA
7,2026-07-14 09:12:00,2026-07-14 09:16:30,2026-07-14 09:08:00,28,NA,NA,NA,NA,NA,NA,NA,NA,NA,NA,NA,NA,NA,NA,NA,NA,NA,NA,NA,NA,NA,NA,NA,NA,"Insufficient data; maintenance","Insufficient data; maintenance","maintenance",NA,NA,NA,NA,NA,NA,NA,NA,"Insufficient data",FALSE,NA
10,2026-07-14 09:22:10,2026-07-14 09:26:40,2026-07-14 09:18:10,28,NA,NA,NA,NA,NA,NA,NA,NA,NA,NA,NA,NA,NA,NA,NA,NA,NA,NA,NA,NA,NA,NA,NA,NA,"Insufficient data; maintenance","Insufficient data; maintenance","maintenance",NA,NA,NA,NA,NA,NA,NA,NA,"Insufficient data",FALSE,NA
2,2026-07-14 09:32:20,2026-07-14 09:36:50,2026-07-14 09:28:20,28,NA,NA,NA,NA,NA,NA,NA,NA,NA,NA,NA,NA,NA,NA,NA,NA,NA,NA,NA,NA,NA,NA,NA,NA,"Insufficient data; maintenance","Insufficient data; maintenance","maintenance",NA,NA,NA,NA,NA,NA,NA,NA,"Insufficient data",FALSE,NA
11,2026-07-14 09:42:30,2026-07-14 09:47:00,2026-07-14 09:38:30,28,NA,NA,NA,NA,NA,NA,NA,NA,NA,NA,NA,NA,NA,NA,NA,NA,NA,NA,NA,NA,NA,NA,NA,NA,"Insufficient data; maintenance","Insufficient data; maintenance","maintenance",NA,NA,NA,NA,NA,NA,NA,NA,"Insufficient data",FALSE,NA
4,2026-07-14 09:52:40,2026-07-14 09:57:10,2026-07-14 09:48:40,28,NA,NA,NA,NA,NA,NA,NA,NA,NA,NA,NA,NA,NA,NA,NA,NA,NA,NA,NA,NA,NA,NA,NA,NA,"Insufficient data; maintenance","Insufficient data; maintenance","maintenance",NA,NA,NA,NA,NA,NA,NA,NA,"Insufficient data",FALSE,NA
8,2026-07-14 10:02:50,2026-07-14 10:07:20,2026-07-14 09:58:50,28,NA,NA,NA,NA,NA,NA,NA,NA,NA,NA,NA,NA,NA,NA,NA,NA,NA,NA,NA,NA,NA,NA,NA,NA,"Insufficient data; maintenance","Insufficient data; maintenance","maintenance",NA,NA,NA,NA,NA,NA,NA,NA,"Insufficient data",FALSE,NA
5,2026-07-14 10:13:00,2026-07-14 10:17:30,2026-07-14 10:09:00,28,NA,NA,NA,NA,NA,NA,NA,NA,NA,NA,NA,NA,NA,NA,NA,NA,NA,NA,NA,NA,NA,NA,NA,NA,"Insufficient data; maintenance","Insufficient data; maintenance","maintenance",NA,NA,NA,NA,NA,NA,NA,NA,"Insufficient data",FALSE,NA
9,2026-07-14 10:23:10,2026-07-14 10:27:40,2026-07-14 10:19:10,28,NA,NA,NA,NA,NA,NA,NA,NA,NA,NA,NA,NA,NA,NA,NA,NA,NA,NA,NA,NA,NA,NA,NA,NA,"Insufficient data; maintenance","Insufficient data; maintenance","maintenance",NA,NA,NA,NA,NA,NA,NA,NA,"Insufficient data",FALSE,NA
12,2026-07-14 10:33:20,2026-07-14 10:37:50,2026-07-14 10:29:20,28,NA,NA,NA,NA,NA,NA,NA,NA,NA,NA,NA,NA,NA,NA,NA,NA,NA,NA,NA,NA,NA,NA,NA,NA,"Insufficient data; maintenance","Insufficient data; maintenance","maintenance",NA,NA,NA,NA,NA,NA,NA,NA,"Insufficient data",FALSE,NA
3,2026-07-14 10:43:30,2026-07-14 10:48:00,2026-07-14 10:39:30,28,NA,NA,NA,NA,NA,NA,NA,NA,NA,NA,NA,NA,NA,NA,NA,NA,NA,NA,NA,NA,NA,NA,NA,NA,"Insufficient data; maintenance","Insufficient data; maintenance","maintenance",NA,NA,NA,NA,NA,NA,NA,NA,"Insufficient data",FALSE,NA
6,2026-07-14 10:53:40,2026-07-14 10:58:10,2026-07-14 10:49:40,28,NA,NA,NA,NA,NA,NA,NA,NA,NA,NA,NA,NA,NA,NA,NA,NA,NA,NA,NA,NA,NA,NA,NA,NA,"Insufficient data; maintenance","Insufficient data; maintenance","maintenance",NA,NA,NA,NA,NA,NA,NA,NA,"Insufficient data",FALSE,NA
1,2026-07-14 11:03:50,2026-07-14 11:08:20,2026-07-14 10:59:50,28,NA,NA,NA,NA,NA,NA,NA,NA,NA,NA,NA,NA,NA,NA,NA,NA,NA,NA,NA,NA,NA,NA,NA,NA,"Insufficient data; maintenance","Insufficient data; maintenance","maintenance",NA,NA,NA,NA,NA,NA,NA,NA,"Insufficient data",FALSE,NA
7,2026-07-14 11:14:10,2026-07-14 11:18:30,2026-07-14 11:10:00,27,NA,NA,NA,NA,NA,NA,NA,NA,NA,NA,NA,NA,NA,NA,NA,NA,NA,NA,NA,NA,NA,NA,NA,NA,"Insufficient data; maintenance","Insufficient data; maintenance","maintenance",NA,NA,NA,NA,NA,NA,NA,NA,"Insufficient data",FALSE,NA
10,2026-07-14 11:24:20,2026-07-14 11:28:40,2026-07-14 11:20:10,27,NA,NA,NA,NA,NA,NA,NA,NA,NA,NA,NA,NA,NA,NA,NA,NA,NA,NA,NA,NA,NA,NA,NA,NA,"Insufficient data; maintenance","Insufficient data; maintenance","maintenance",NA,NA,NA,NA,NA,NA,NA,NA,"Insufficient data",FALSE,NA
2,2026-07-14 11:34:20,2026-07-14 11:38:50,2026-07-14 11:30:20,28,NA,NA,NA,NA,NA,NA,NA,NA,NA,NA,NA,NA,NA,NA,NA,NA,NA,NA,NA,NA,NA,NA,NA,NA,"Insufficient data; maintenance","Insufficient data; maintenance","maintenance",NA,NA,NA,NA,NA,NA,NA,NA,"Insufficient data",FALSE,NA
11,2026-07-14 11:44:30,2026-07-14 11:49:00,2026-07-14 11:40:30,28,NA,NA,NA,NA,NA,NA,NA,NA,NA,NA,NA,NA,NA,NA,NA,NA,NA,NA,NA,NA,NA,NA,NA,NA,"Insufficient data; maintenance","Insufficient data; maintenance","maintenance",NA,NA,NA,NA,NA,NA,NA,NA,"Insufficient data",FALSE,NA
4,2026-07-14 11:54:40,2026-07-14 11:59:10,2026-07-14 11:50:40,28,NA,NA,NA,NA,NA,NA,NA,NA,NA,NA,NA,NA,NA,NA,NA,NA,NA,NA,NA,NA,NA,NA,NA,NA,"Insufficient data; maintenance","Insufficient data; maintenance","maintenance",NA,NA,NA,NA,NA,NA,NA,NA,"Insufficient data",FALSE,NA
8,2026-07-14 12:04:50,2026-07-14 12:09:20,2026-07-14 12:00:50,28,NA,NA,NA,NA,NA,NA,NA,NA,NA,NA,NA,NA,NA,NA,NA,NA,NA,NA,NA,NA,NA,NA,NA,NA,"Insufficient data; maintenance","Insufficient data; maintenance","maintenance",NA,NA,NA,NA,NA,NA,NA,NA,"Insufficient data",FALSE,NA
5,2026-07-14 12:15:00,2026-07-14 12:19:30,2026-07-14 12:11:00,28,NA,NA,NA,NA,NA,NA,NA,NA,NA,NA,NA,NA,NA,NA,NA,NA,NA,NA,NA,NA,NA,NA,NA,NA,"Insufficient data; maintenance","Insufficient data; maintenance","maintenance",NA,NA,NA,NA,NA,NA,NA,NA,"Insufficient data",FALSE,NA
9,2026-07-14 12:25:10,2026-07-14 12:29:40,2026-07-14 12:21:10,28,NA,NA,NA,NA,NA,NA,NA,NA,NA,NA,NA,NA,NA,NA,NA,NA,NA,NA,NA,NA,NA,NA,NA,NA,"Insufficient data; maintenance","Insufficient data; maintenance","maintenance",NA,NA,NA,NA,NA,NA,NA,NA,"Insufficient data",FALSE,NA
12,2026-07-14 12:35:20,2026-07-14 12:39:50,2026-07-14 12:31:20,28,NA,NA,NA,NA,NA,NA,NA,NA,NA,NA,NA,NA,NA,NA,NA,NA,NA,NA,NA,NA,NA,NA,NA,NA,"Insufficient data; maintenance","Insufficient data; maintenance","maintenance",NA,NA,NA,NA,NA,NA,NA,NA,"Insufficient data",FALSE,NA
3,2026-07-14 12:45:30,2026-07-14 12:50:00,2026-07-14 12:41:30,28,NA,NA,NA,NA,NA,NA,NA,NA,NA,NA,NA,NA,NA,NA,NA,NA,NA,NA,NA,NA,NA,NA,NA,NA,"Insufficient data; maintenance","Insufficient data; maintenance","maintenance",NA,NA,NA,NA,NA,NA,NA,NA,"Insufficient data",FALSE,NA
6,2026-07-14 12:55:40,2026-07-14 13:00:10,2026-07-14 12:51:40,28,NA,NA,NA,NA,NA,NA,NA,NA,NA,NA,NA,NA,NA,NA,NA,NA,NA,NA,NA,NA,NA,NA,NA,NA,"Insufficient data; maintenance","Insufficient data; maintenance","maintenance",NA,NA,NA,NA,NA,NA,NA,NA,"Insufficient data",FALSE,NA
1,2026-07-14 13:05:50,2026-07-14 13:10:20,2026-07-14 13:01:50,28,NA,NA,NA,NA,NA,NA,NA,NA,NA,NA,NA,NA,NA,NA,NA,NA,NA,NA,NA,NA,NA,NA,NA,NA,"Insufficient data; maintenance","Insufficient data; maintenance","maintenance",NA,NA,NA,NA,NA,NA,NA,NA,"Insufficient data",FALSE,NA
7,2026-07-14 13:16:00,2026-07-14 13:20:30,2026-07-14 13:12:00,28,NA,NA,NA,NA,NA,NA,NA,NA,NA,NA,NA,NA,NA,NA,NA,NA,NA,NA,NA,NA,NA,NA,NA,NA,"Insufficient data; maintenance","Insufficient data; maintenance","maintenance",NA,NA,NA,NA,NA,NA,NA,NA,"Insufficient data",FALSE,NA
10,2026-07-14 13:26:10,2026-07-14 13:30:40,2026-07-14 13:22:10,28,NA,NA,NA,NA,NA,NA,NA,NA,NA,NA,NA,NA,NA,NA,NA,NA,NA,NA,NA,NA,NA,NA,NA,NA,"Insufficient data; maintenance","Insufficient data; maintenance","maintenance",NA,NA,NA,NA,NA,NA,NA,NA,"Insufficient data",FALSE,NA
2,2026-07-14 13:36:20,2026-07-14 13:40:50,2026-07-14 13:32:20,28,NA,NA,NA,NA,NA,NA,NA,NA,NA,NA,NA,NA,NA,NA,NA,NA,NA,NA,NA,NA,NA,NA,NA,NA,"Insufficient data; maintenance","Insufficient data; maintenance","maintenance",NA,NA,NA,NA,NA,NA,NA,NA,"Insufficient data",FALSE,NA
11,2026-07-14 13:46:30,2026-07-14 13:51:00,2026-07-14 13:42:30,28,NA,NA,NA,NA,NA,NA,NA,NA,NA,NA,NA,NA,NA,NA,NA,NA,NA,NA,NA,NA,NA,NA,NA,NA,"Insufficient data; maintenance","Insufficient data; maintenance","maintenance",NA,NA,NA,NA,NA,NA,NA,NA,"Insufficient data",FALSE,NA
4,2026-07-14 13:56:40,2026-07-14 14:01:10,2026-07-14 13:52:40,27,NA,NA,NA,NA,NA,NA,NA,NA,NA,NA,NA,NA,NA,NA,NA,NA,NA,NA,NA,NA,NA,NA,NA,NA,"Insufficient data; maintenance","Insufficient data; maintenance","maintenance",NA,NA,NA,NA,NA,NA,NA,NA,"Insufficient data",FALSE,NA
8,2026-07-14 14:06:50,2026-07-14 14:11:20,2026-07-14 14:02:50,27,NA,NA,NA,NA,NA,NA,NA,NA,NA,NA,NA,NA,NA,NA,NA,NA,NA,NA,NA,NA,NA,NA,NA,NA,"Insufficient data; maintenance","Insufficient data; maintenance","maintenance",NA,NA,NA,NA,NA,NA,NA,NA,"Insufficient data",FALSE,NA
5,2026-07-14 14:17:00,2026-07-14 14:21:30,2026-07-14 14:13:00,28,NA,NA,NA,NA,NA,NA,NA,NA,NA,NA,NA,NA,NA,NA,NA,NA,NA,NA,NA,NA,NA,NA,NA,NA,"Insufficient data; maintenance","Insufficient data; maintenance","maintenance",NA,NA,NA,NA,NA,NA,NA,NA,"Insufficient data",FALSE,NA
9,2026-07-14 14:27:10,2026-07-14 14:31:40,2026-07-14 14:23:10,28,NA,NA,NA,NA,NA,NA,NA,NA,NA,NA,NA,NA,NA,NA,NA,NA,NA,NA,NA,NA,NA,NA,NA,NA,"Insufficient data; maintenance","Insufficient data; maintenance","maintenance",NA,NA,NA,NA,NA,NA,NA,NA,"Insufficient data",FALSE,NA
12,2026-07-14 14:37:20,2026-07-14 14:41:50,2026-07-14 14:33:20,28,NA,NA,NA,NA,NA,NA,NA,NA,NA,NA,NA,NA,NA,NA,NA,NA,NA,NA,NA,NA,NA,NA,NA,NA,"Insufficient data; maintenance","Insufficient data; maintenance","maintenance",NA,NA,NA,NA,NA,NA,NA,NA,"Insufficient data",FALSE,NA
3,2026-07-14 14:47:30,2026-07-14 14:52:00,2026-07-14 14:43:30,28,NA,NA,NA,NA,NA,NA,NA,NA,NA,NA,NA,NA,NA,NA,NA,NA,NA,NA,NA,NA,NA,NA,NA,NA,"Insufficient data; maintenance","Insufficient data; maintenance","maintenance",NA,NA,NA,NA,NA,NA,NA,NA,"Insufficient data",FALSE,NA
6,2026-07-14 14:57:40,2026-07-14 15:02:10,2026-07-14 14:53:40,28,NA,NA,NA,NA,NA,NA,NA,NA,NA,NA,NA,NA,NA,NA,NA,NA,NA,NA,NA,NA,NA,NA,NA,NA,"Insufficient data; maintenance","Insufficient data; maintenance","maintenance",NA,NA,NA,NA,NA,NA,NA,NA,"Insufficient data",FALSE,NA
1,2026-07-14 15:07:50,2026-07-14 15:12:20,2026-07-14 15:03:50,28,NA,NA,NA,NA,NA,NA,NA,NA,NA,NA,NA,NA,NA,NA,NA,NA,NA,NA,NA,NA,NA,NA,NA,NA,"Insufficient data; maintenance","Insufficient data; maintenance","maintenance",NA,NA,NA,NA,NA,NA,NA,NA,"Insufficient data",FALSE,NA
7,2026-07-14 15:18:00,2026-07-14 15:22:30,2026-07-14 15:14:00,28,NA,NA,NA,NA,NA,NA,NA,NA,NA,NA,NA,NA,NA,NA,NA,NA,NA,NA,NA,NA,NA,NA,NA,NA,"Insufficient data; maintenance","Insufficient data; maintenance","maintenance",NA,NA,NA,NA,NA,NA,NA,NA,"Insufficient data",FALSE,NA
10,2026-07-14 15:28:10,2026-07-14 15:32:40,2026-07-14 15:24:10,28,NA,NA,NA,NA,NA,NA,NA,NA,NA,NA,NA,NA,NA,NA,NA,NA,NA,NA,NA,NA,NA,NA,NA,NA,"Insufficient data; maintenance","Insufficient data; maintenance","maintenance",NA,NA,NA,NA,NA,NA,NA,NA,"Insufficient data",FALSE,NA
2,2026-07-14 15:38:20,2026-07-14 15:42:50,2026-07-14 15:34:20,28,NA,NA,NA,NA,NA,NA,NA,NA,NA,NA,NA,NA,NA,NA,NA,NA,NA,NA,NA,NA,NA,NA,NA,NA,"Insufficient data; maintenance","Insufficient data; maintenance","maintenance",NA,NA,NA,NA,NA,NA,NA,NA,"Insufficient data",FALSE,NA
11,2026-07-14 15:48:30,2026-07-14 15:53:00,2026-07-14 15:44:30,28,NA,NA,NA,NA,NA,NA,NA,NA,NA,NA,NA,NA,NA,NA,NA,NA,NA,NA,NA,NA,NA,NA,NA,NA,"Insufficient data; maintenance","Insufficient data; maintenance","maintenance",NA,NA,NA,NA,NA,NA,NA,NA,"Insufficient data",FALSE,NA
4,2026-07-14 15:58:40,2026-07-14 16:03:10,2026-07-14 15:54:40,28,NA,NA,NA,NA,NA,NA,NA,NA,NA,NA,NA,NA,NA,NA,NA,NA,NA,NA,NA,NA,NA,NA,NA,NA,"Insufficient data; maintenance","Insufficient data; maintenance","maintenance",NA,NA,NA,NA,NA,NA,NA,NA,"Insufficient data",FALSE,NA
8,2026-07-14 16:08:50,2026-07-14 16:13:20,2026-07-14 16:04:50,28,NA,NA,NA,NA,NA,NA,NA,NA,NA,NA,NA,NA,NA,NA,NA,NA,NA,NA,NA,NA,NA,NA,NA,NA,"Insufficient data; maintenance","Insufficient data; maintenance","maintenance",NA,NA,NA,NA,NA,NA,NA,NA,"Insufficient data",FALSE,NA
5,2026-07-14 16:19:10,2026-07-14 16:23:30,2026-07-14 16:15:00,26,NA,NA,NA,NA,NA,NA,NA,NA,NA,NA,NA,NA,NA,NA,NA,NA,NA,NA,NA,NA,NA,NA,NA,NA,"Insufficient data; maintenance","Insufficient data; maintenance","maintenance",NA,NA,NA,NA,NA,NA,NA,NA,"Insufficient data",FALSE,NA
9,2026-07-14 16:29:20,2026-07-14 16:33:40,2026-07-14 16:25:10,26,NA,NA,NA,NA,NA,NA,NA,NA,NA,NA,NA,NA,NA,NA,NA,NA,NA,NA,NA,NA,NA,NA,NA,NA,"Insufficient data; maintenance","Insufficient data; maintenance","maintenance",NA,NA,NA,NA,NA,NA,NA,NA,"Insufficient data",FALSE,NA
12,2026-07-14 16:39:20,2026-07-14 16:43:50,2026-07-14 16:35:20,28,NA,NA,NA,NA,NA,NA,NA,NA,NA,NA,NA,NA,NA,NA,NA,NA,NA,NA,NA,NA,NA,NA,NA,NA,"Insufficient data; maintenance","Insufficient data; maintenance","maintenance",NA,NA,NA,NA,NA,NA,NA,NA,"Insufficient data",FALSE,NA
3,2026-07-14 16:49:30,2026-07-14 16:54:00,2026-07-14 16:45:30,28,NA,NA,NA,NA,NA,NA,NA,NA,NA,NA,NA,NA,NA,NA,NA,NA,NA,NA,NA,NA,NA,NA,NA,NA,"Insufficient data; maintenance","Insufficient data; maintenance","maintenance",NA,NA,NA,NA,NA,NA,NA,NA,"Insufficient data",FALSE,NA
6,2026-07-14 16:59:40,2026-07-14 17:04:10,2026-07-14 16:55:40,28,NA,NA,NA,NA,NA,NA,NA,NA,NA,NA,NA,NA,NA,NA,NA,NA,NA,NA,NA,NA,NA,NA,NA,NA,"Insufficient data; maintenance","Insufficient data; maintenance","maintenance",NA,NA,NA,NA,NA,NA,NA,NA,"Insufficient data",FALSE,NA
1,2026-07-14 17:09:50,2026-07-14 17:14:20,2026-07-14 17:05:50,28,NA,NA,NA,NA,NA,NA,NA,NA,NA,NA,NA,NA,NA,NA,NA,NA,NA,NA,NA,NA,NA,NA,NA,NA,"Insufficient data; maintenance","Insufficient data; maintenance","maintenance",NA,NA,NA,NA,NA,NA,NA,NA,"Insufficient data",FALSE,NA
7,2026-07-14 17:20:00,2026-07-14 17:24:30,2026-07-14 17:16:00,28,NA,NA,NA,NA,NA,NA,NA,NA,NA,NA,NA,NA,NA,NA,NA,NA,NA,NA,NA,NA,NA,NA,NA,NA,"Insufficient data; maintenance","Insufficient data; maintenance","maintenance",NA,NA,NA,NA,NA,NA,NA,NA,"Insufficient data",FALSE,NA
10,2026-07-14 17:30:10,2026-07-14 17:34:40,2026-07-14 17:26:10,28,NA,NA,NA,NA,NA,NA,NA,NA,NA,NA,NA,NA,NA,NA,NA,NA,NA,NA,NA,NA,NA,NA,NA,NA,"Insufficient data; maintenance","Insufficient data; maintenance","maintenance",NA,NA,NA,NA,NA,NA,NA,NA,"Insufficient data",FALSE,NA
2,2026-07-14 17:40:20,2026-07-14 17:44:50,2026-07-14 17:36:20,28,NA,NA,NA,NA,NA,NA,NA,NA,NA,NA,NA,NA,NA,NA,NA,NA,NA,NA,NA,NA,NA,NA,NA,NA,"Insufficient data; maintenance","Insufficient data; maintenance","maintenance",NA,NA,NA,NA,NA,NA,NA,NA,"Insufficient data",FALSE,NA
11,2026-07-14 17:50:30,2026-07-14 17:55:00,2026-07-14 17:46:30,28,NA,NA,NA,NA,NA,NA,NA,NA,NA,NA,NA,NA,NA,NA,NA,NA,NA,NA,NA,NA,NA,NA,NA,NA,"Insufficient data; maintenance","Insufficient data; maintenance","maintenance",NA,NA,NA,NA,NA,NA,NA,NA,"Insufficient data",FALSE,NA
4,2026-07-14 18:00:40,2026-07-14 18:05:10,2026-07-14 17:56:40,28,NA,NA,NA,NA,NA,NA,NA,NA,NA,NA,NA,NA,NA,NA,NA,NA,NA,NA,NA,NA,NA,NA,NA,NA,"Insufficient data; maintenance","Insufficient data; maintenance","maintenance",NA,NA,NA,NA,NA,NA,NA,NA,"Insufficient data",FALSE,NA
8,2026-07-14 18:10:50,2026-07-14 18:15:20,2026-07-14 18:06:50,28,NA,NA,NA,NA,NA,NA,NA,NA,NA,NA,NA,NA,NA,NA,NA,NA,NA,NA,NA,NA,NA,NA,NA,NA,"Insufficient data; maintenance","Insufficient data; maintenance","maintenance",NA,NA,NA,NA,NA,NA,NA,NA,"Insufficient data",FALSE,NA
5,2026-07-14 18:21:00,2026-07-14 18:25:30,2026-07-14 18:17:00,28,NA,NA,NA,NA,NA,NA,NA,NA,NA,NA,NA,NA,NA,NA,NA,NA,NA,NA,NA,NA,NA,NA,NA,NA,"Insufficient data; maintenance","Insufficient data; maintenance","maintenance",NA,NA,NA,NA,NA,NA,NA,NA,"Insufficient data",FALSE,NA
9,2026-07-14 18:31:10,2026-07-14 18:35:40,2026-07-14 18:27:10,28,NA,NA,NA,NA,NA,NA,NA,NA,NA,NA,NA,NA,NA,NA,NA,NA,NA,NA,NA,NA,NA,NA,NA,NA,"Insufficient data; maintenance","Insufficient data; maintenance","maintenance",NA,NA,NA,NA,NA,NA,NA,NA,"Insufficient data",FALSE,NA
12,2026-07-14 18:41:20,2026-07-14 18:45:50,2026-07-14 18:37:20,28,NA,NA,NA,NA,NA,NA,NA,NA,NA,NA,NA,NA,NA,NA,NA,NA,NA,NA,NA,NA,NA,NA,NA,NA,"Insufficient data; maintenance","Insufficient data; maintenance","maintenance",NA,NA,NA,NA,NA,NA,NA,NA,"Insufficient data",FALSE,NA
3,2026-07-14 18:51:30,2026-07-14 18:56:00,2026-07-14 18:47:30,28,NA,NA,NA,NA,NA,NA,NA,NA,NA,NA,NA,NA,NA,NA,NA,NA,NA,NA,NA,NA,NA,NA,NA,NA,"Insufficient data; maintenance","Insufficient data; maintenance","maintenance",NA,NA,NA,NA,NA,NA,NA,NA,"Insufficient data",FALSE,NA
6,2026-07-14 19:01:40,2026-07-14 19:06:10,2026-07-14 18:57:40,28,NA,NA,NA,NA,NA,NA,NA,NA,NA,NA,NA,NA,NA,NA,NA,NA,NA,NA,NA,NA,NA,NA,NA,NA,"Insufficient data; maintenance","Insufficient data; maintenance","maintenance",NA,NA,NA,NA,NA,NA,NA,NA,"Insufficient data",FALSE,NA
1,2026-07-14 19:11:50,2026-07-14 19:16:20,2026-07-14 19:07:50,28,NA,NA,NA,NA,NA,NA,NA,NA,NA,NA,NA,NA,NA,NA,NA,NA,NA,NA,NA,NA,NA,NA,NA,NA,"Insufficient data; maintenance","Insufficient data; maintenance","maintenance",NA,NA,NA,NA,NA,NA,NA,NA,"Insufficient data",FALSE,NA
7,2026-07-14 19:22:00,2026-07-14 19:26:30,2026-07-14 19:18:00,28,NA,NA,NA,NA,NA,NA,NA,NA,NA,NA,NA,NA,NA,NA,NA,NA,NA,NA,NA,NA,NA,NA,NA,NA,"Insufficient data; maintenance","Insufficient data; maintenance","maintenance",NA,NA,NA,NA,NA,NA,NA,NA,"Insufficient data",FALSE,NA
10,2026-07-14 19:32:10,2026-07-14 19:36:40,2026-07-14 19:28:10,28,NA,NA,NA,NA,NA,NA,NA,NA,NA,NA,NA,NA,NA,NA,NA,NA,NA,NA,NA,NA,NA,NA,NA,NA,"Insufficient data; maintenance","Insufficient data; maintenance","maintenance",NA,NA,NA,NA,NA,NA,NA,NA,"Insufficient data",FALSE,NA
2,2026-07-14 19:42:20,2026-07-14 19:46:50,2026-07-14 19:38:20,28,NA,NA,NA,NA,NA,NA,NA,NA,NA,NA,NA,NA,NA,NA,NA,NA,NA,NA,NA,NA,NA,NA,NA,NA,"Insufficient data; maintenance","Insufficient data; maintenance","maintenance",NA,NA,NA,NA,NA,NA,NA,NA,"Insufficient data",FALSE,NA
11,2026-07-14 19:52:30,2026-07-14 19:57:00,2026-07-14 19:48:30,28,NA,NA,NA,NA,NA,NA,NA,NA,NA,NA,NA,NA,NA,NA,NA,NA,NA,NA,NA,NA,NA,NA,NA,NA,"Insufficient data; maintenance","Insufficient data; maintenance","maintenance",NA,NA,NA,NA,NA,NA,NA,NA,"Insufficient data",FALSE,NA
4,2026-07-14 20:02:40,2026-07-14 20:07:10,2026-07-14 19:58:40,28,NA,NA,NA,NA,NA,NA,NA,NA,NA,NA,NA,NA,NA,NA,NA,NA,NA,NA,NA,NA,NA,NA,NA,NA,"Insufficient data; maintenance","Insufficient data; maintenance","maintenance",NA,NA,NA,NA,NA,NA,NA,NA,"Insufficient data",FALSE,NA
8,2026-07-14 20:12:50,2026-07-14 20:17:20,2026-07-14 20:08:50,28,NA,NA,NA,NA,NA,NA,NA,NA,NA,NA,NA,NA,NA,NA,NA,NA,NA,NA,NA,NA,NA,NA,NA,NA,"Insufficient data; maintenance","Insufficient data; maintenance","maintenance",NA,NA,NA,NA,NA,NA,NA,NA,"Insufficient data",FALSE,NA
5,2026-07-14 20:23:00,2026-07-14 20:27:30,2026-07-14 20:19:00,28,NA,NA,NA,NA,NA,NA,NA,NA,NA,NA,NA,NA,NA,NA,NA,NA,NA,NA,NA,NA,NA,NA,NA,NA,"Insufficient data; maintenance","Insufficient data; maintenance","maintenance",NA,NA,NA,NA,NA,NA,NA,NA,"Insufficient data",FALSE,NA
9,2026-07-14 20:33:10,2026-07-14 20:37:40,2026-07-14 20:29:10,28,NA,NA,NA,NA,NA,NA,NA,NA,NA,NA,NA,NA,NA,NA,NA,NA,NA,NA,NA,NA,NA,NA,NA,NA,"Insufficient data; maintenance","Insufficient data; maintenance","maintenance",NA,NA,NA,NA,NA,NA,NA,NA,"Insufficient data",FALSE,NA
12,2026-07-14 20:43:20,2026-07-14 20:47:50,2026-07-14 20:39:20,28,NA,NA,NA,NA,NA,NA,NA,NA,NA,NA,NA,NA,NA,NA,NA,NA,NA,NA,NA,NA,NA,NA,NA,NA,"Insufficient data; maintenance","Insufficient data; maintenance","maintenance",NA,NA,NA,NA,NA,NA,NA,NA,"Insufficient data",FALSE,NA
3,2026-07-14 20:53:30,2026-07-14 20:58:00,2026-07-14 20:49:30,28,NA,NA,NA,NA,NA,NA,NA,NA,NA,NA,NA,NA,NA,NA,NA,NA,NA,NA,NA,NA,NA,NA,NA,NA,"Insufficient data; maintenance","Insufficient data; maintenance","maintenance",NA,NA,NA,NA,NA,NA,NA,NA,"Insufficient data",FALSE,NA
6,2026-07-14 21:03:40,2026-07-14 21:08:10,2026-07-14 20:59:40,28,NA,NA,NA,NA,NA,NA,NA,NA,NA,NA,NA,NA,NA,NA,NA,NA,NA,NA,NA,NA,NA,NA,NA,NA,"Insufficient data; maintenance","Insufficient data; maintenance","maintenance",NA,NA,NA,NA,NA,NA,NA,NA,"Insufficient data",FALSE,NA
1,2026-07-14 21:13:50,2026-07-14 21:18:20,2026-07-14 21:09:50,28,NA,NA,NA,NA,NA,NA,NA,NA,NA,NA,NA,NA,NA,NA,NA,NA,NA,NA,NA,NA,NA,NA,NA,NA,"Insufficient data; maintenance","Insufficient data; maintenance","maintenance",NA,NA,NA,NA,NA,NA,NA,NA,"Insufficient data",FALSE,NA
7,2026-07-14 21:24:10,2026-07-14 21:28:30,2026-07-14 21:20:00,27,NA,NA,NA,NA,NA,NA,NA,NA,NA,NA,NA,NA,NA,NA,NA,NA,NA,NA,NA,NA,NA,NA,NA,NA,"Insufficient data; maintenance","Insufficient data; maintenance","maintenance",NA,NA,NA,NA,NA,NA,NA,NA,"Insufficient data",FALSE,NA
10,2026-07-14 21:34:20,2026-07-14 21:38:40,2026-07-14 21:30:10,27,NA,NA,NA,NA,NA,NA,NA,NA,NA,NA,NA,NA,NA,NA,NA,NA,NA,NA,NA,NA,NA,NA,NA,NA,"Insufficient data; maintenance","Insufficient data; maintenance","maintenance",NA,NA,NA,NA,NA,NA,NA,NA,"Insufficient data",FALSE,NA
2,2026-07-14 21:44:20,2026-07-14 21:48:50,2026-07-14 21:40:20,28,NA,NA,NA,NA,NA,NA,NA,NA,NA,NA,NA,NA,NA,NA,NA,NA,NA,NA,NA,NA,NA,NA,NA,NA,"Insufficient data; maintenance","Insufficient data; maintenance","maintenance",NA,NA,NA,NA,NA,NA,NA,NA,"Insufficient data",FALSE,NA
11,2026-07-14 21:54:30,2026-07-14 21:59:00,2026-07-14 21:50:30,28,NA,NA,NA,NA,NA,NA,NA,NA,NA,NA,NA,NA,NA,NA,NA,NA,NA,NA,NA,NA,NA,NA,NA,NA,"Insufficient data; maintenance","Insufficient data; maintenance","maintenance",NA,NA,NA,NA,NA,NA,NA,NA,"Insufficient data",FALSE,NA
4,2026-07-14 22:04:40,2026-07-14 22:09:10,2026-07-14 22:00:40,28,NA,NA,NA,NA,NA,NA,NA,NA,NA,NA,NA,NA,NA,NA,NA,NA,NA,NA,NA,NA,NA,NA,NA,NA,"Insufficient data; maintenance","Insufficient data; maintenance","maintenance",NA,NA,NA,NA,NA,NA,NA,NA,"Insufficient data",FALSE,NA
8,2026-07-14 22:14:50,2026-07-14 22:19:20,2026-07-14 22:10:50,28,NA,NA,NA,NA,NA,NA,NA,NA,NA,NA,NA,NA,NA,NA,NA,NA,NA,NA,NA,NA,NA,NA,NA,NA,"Insufficient data; maintenance","Insufficient data; maintenance","maintenance",NA,NA,NA,NA,NA,NA,NA,NA,"Insufficient data",FALSE,NA
5,2026-07-14 22:25:00,2026-07-14 22:29:30,2026-07-14 22:21:00,28,NA,NA,NA,NA,NA,NA,NA,NA,NA,NA,NA,NA,NA,NA,NA,NA,NA,NA,NA,NA,NA,NA,NA,NA,"Insufficient data; maintenance","Insufficient data; maintenance","maintenance",NA,NA,NA,NA,NA,NA,NA,NA,"Insufficient data",FALSE,NA
9,2026-07-14 22:35:10,2026-07-14 22:39:40,2026-07-14 22:31:10,28,NA,NA,NA,NA,NA,NA,NA,NA,NA,NA,NA,NA,NA,NA,NA,NA,NA,NA,NA,NA,NA,NA,NA,NA,"Insufficient data; maintenance","Insufficient data; maintenance","maintenance",NA,NA,NA,NA,NA,NA,NA,NA,"Insufficient data",FALSE,NA
12,2026-07-14 22:45:20,2026-07-14 22:49:50,2026-07-14 22:41:20,28,NA,NA,NA,NA,NA,NA,NA,NA,NA,NA,NA,NA,NA,NA,NA,NA,NA,NA,NA,NA,NA,NA,NA,NA,"Insufficient data; maintenance","Insufficient data; maintenance","maintenance",NA,NA,NA,NA,NA,NA,NA,NA,"Insufficient data",FALSE,NA
3,2026-07-14 22:55:30,2026-07-14 23:00:00,2026-07-14 22:51:30,28,NA,NA,NA,NA,NA,NA,NA,NA,NA,NA,NA,NA,NA,NA,NA,NA,NA,NA,NA,NA,NA,NA,NA,NA,"Insufficient data; maintenance","Insufficient data; maintenance","maintenance",NA,NA,NA,NA,NA,NA,NA,NA,"Insufficient data",FALSE,NA
6,2026-07-14 23:05:40,2026-07-14 23:10:10,2026-07-14 23:01:40,28,NA,NA,NA,NA,NA,NA,NA,NA,NA,NA,NA,NA,NA,NA,NA,NA,NA,NA,NA,NA,NA,NA,NA,NA,"Insufficient data; maintenance","Insufficient data; maintenance","maintenance",NA,NA,NA,NA,NA,NA,NA,NA,"Insufficient data",FALSE,NA
1,2026-07-14 23:15:50,2026-07-14 23:20:20,2026-07-14 23:11:50,28,NA,NA,NA,NA,NA,NA,NA,NA,NA,NA,NA,NA,NA,NA,NA,NA,NA,NA,NA,NA,NA,NA,NA,NA,"Insufficient data; maintenance","Insufficient data; maintenance","maintenance",NA,NA,NA,NA,NA,NA,NA,NA,"Insufficient data",FALSE,NA
7,2026-07-14 23:26:00,2026-07-14 23:30:30,2026-07-14 23:22:00,28,NA,NA,NA,NA,NA,NA,NA,NA,NA,NA,NA,NA,NA,NA,NA,NA,NA,NA,NA,NA,NA,NA,NA,NA,"Insufficient data; maintenance","Insufficient data; maintenance","maintenance",NA,NA,NA,NA,NA,NA,NA,NA,"Insufficient data",FALSE,NA
10,2026-07-14 23:36:10,2026-07-14 23:40:40,2026-07-14 23:32:10,28,NA,NA,NA,NA,NA,NA,NA,NA,NA,NA,NA,NA,NA,NA,NA,NA,NA,NA,NA,NA,NA,NA,NA,NA,"Insufficient data; maintenance","Insufficient data; maintenance","maintenance",NA,NA,NA,NA,NA,NA,NA,NA,"Insufficient data",FALSE,NA
2,2026-07-14 23:46:20,2026-07-14 23:50:50,2026-07-14 23:42:20,28,NA,NA,NA,NA,NA,NA,NA,NA,NA,NA,NA,NA,NA,NA,NA,NA,NA,NA,NA,NA,NA,NA,NA,NA,"Insufficient data; maintenance","Insufficient data; maintenance","maintenance",NA,NA,NA,NA,NA,NA,NA,NA,"Insufficient data",FALSE,NA
11,2026-07-14 23:56:30,2026-07-15 00:01:00,2026-07-14 23:52:30,28,NA,NA,NA,NA,NA,NA,NA,NA,NA,NA,NA,NA,NA,NA,NA,NA,NA,NA,NA,NA,NA,NA,NA,NA,"Insufficient data; maintenance","Insufficient data; maintenance","maintenance",NA,NA,NA,NA,NA,NA,NA,NA,"Insufficient data",FALSE,NA
4,2026-07-15 00:06:40,2026-07-15 00:11:10,2026-07-15 00:02:40,28,NA,NA,NA,NA,NA,NA,NA,NA,NA,NA,NA,NA,NA,NA,NA,NA,NA,NA,NA,NA,NA,NA,NA,NA,"Insufficient data; maintenance","Insufficient data; maintenance","maintenance",NA,NA,NA,NA,NA,NA,NA,NA,"Insufficient data",FALSE,NA
8,2026-07-15 00:16:50,2026-07-15 00:21:20,2026-07-15 00:12:50,28,NA,NA,NA,NA,NA,NA,NA,NA,NA,NA,NA,NA,NA,NA,NA,NA,NA,NA,NA,NA,NA,NA,NA,NA,"Insufficient data; maintenance","Insufficient data; maintenance","maintenance",NA,NA,NA,NA,NA,NA,NA,NA,"Insufficient data",FALSE,NA
5,2026-07-15 00:27:00,2026-07-15 00:31:30,2026-07-15 00:23:00,28,NA,NA,NA,NA,NA,NA,NA,NA,NA,NA,NA,NA,NA,NA,NA,NA,NA,NA,NA,NA,NA,NA,NA,NA,"Insufficient data; maintenance","Insufficient data; maintenance","maintenance",NA,NA,NA,NA,NA,NA,NA,NA,"Insufficient data",FALSE,NA
9,2026-07-15 00:37:10,2026-07-15 00:41:40,2026-07-15 00:33:10,28,NA,NA,NA,NA,NA,NA,NA,NA,NA,NA,NA,NA,NA,NA,NA,NA,NA,NA,NA,NA,NA,NA,NA,NA,"Insufficient data; maintenance","Insufficient data; maintenance","maintenance",NA,NA,NA,NA,NA,NA,NA,NA,"Insufficient data",FALSE,NA
12,2026-07-15 00:47:20,2026-07-15 00:51:50,2026-07-15 00:43:20,28,NA,NA,NA,NA,NA,NA,NA,NA,NA,NA,NA,NA,NA,NA,NA,NA,NA,NA,NA,NA,NA,NA,NA,NA,"Insufficient data; maintenance","Insufficient data; maintenance","maintenance",NA,NA,NA,NA,NA,NA,NA,NA,"Insufficient data",FALSE,NA
3,2026-07-15 00:57:30,2026-07-15 01:02:00,2026-07-15 00:53:30,28,NA,NA,NA,NA,NA,NA,NA,NA,NA,NA,NA,NA,NA,NA,NA,NA,NA,NA,NA,NA,NA,NA,NA,NA,"Insufficient data; maintenance","Insufficient data; maintenance","maintenance",NA,NA,NA,NA,NA,NA,NA,NA,"Insufficient data",FALSE,NA
6,2026-07-15 01:07:40,2026-07-15 01:12:10,2026-07-15 01:03:40,28,NA,NA,NA,NA,NA,NA,NA,NA,NA,NA,NA,NA,NA,NA,NA,NA,NA,NA,NA,NA,NA,NA,NA,NA,"Insufficient data; maintenance","Insufficient data; maintenance","maintenance",NA,NA,NA,NA,NA,NA,NA,NA,"Insufficient data",FALSE,NA
1,2026-07-15 01:17:50,2026-07-15 01:22:20,2026-07-15 01:13:50,28,NA,NA,NA,NA,NA,NA,NA,NA,NA,NA,NA,NA,NA,NA,NA,NA,NA,NA,NA,NA,NA,NA,NA,NA,"Insufficient data; maintenance","Insufficient data; maintenance","maintenance",NA,NA,NA,NA,NA,NA,NA,NA,"Insufficient data",FALSE,NA
7,2026-07-15 01:28:00,2026-07-15 01:32:30,2026-07-15 01:24:00,28,NA,NA,NA,NA,NA,NA,NA,NA,NA,NA,NA,NA,NA,NA,NA,NA,NA,NA,NA,NA,NA,NA,NA,NA,"Insufficient data; maintenance","Insufficient data; maintenance","maintenance",NA,NA,NA,NA,NA,NA,NA,NA,"Insufficient data",FALSE,NA
10,2026-07-15 01:38:10,2026-07-15 01:42:40,2026-07-15 01:34:10,28,NA,NA,NA,NA,NA,NA,NA,NA,NA,NA,NA,NA,NA,NA,NA,NA,NA,NA,NA,NA,NA,NA,NA,NA,"Insufficient data; maintenance","Insufficient data; maintenance","maintenance",NA,NA,NA,NA,NA,NA,NA,NA,"Insufficient data",FALSE,NA
2,2026-07-15 01:48:20,2026-07-15 01:52:50,2026-07-15 01:44:20,28,NA,NA,NA,NA,NA,NA,NA,NA,NA,NA,NA,NA,NA,NA,NA,NA,NA,NA,NA,NA,NA,NA,NA,NA,"Insufficient data; maintenance","Insufficient data; maintenance","maintenance",NA,NA,NA,NA,NA,NA,NA,NA,"Insufficient data",FALSE,NA
11,2026-07-15 01:58:30,2026-07-15 02:03:00,2026-07-15 01:54:30,28,NA,NA,NA,NA,NA,NA,NA,NA,NA,NA,NA,NA,NA,NA,NA,NA,NA,NA,NA,NA,NA,NA,NA,NA,"Insufficient data; maintenance","Insufficient data; maintenance","maintenance",NA,NA,NA,NA,NA,NA,NA,NA,"Insufficient data",FALSE,NA
4,2026-07-15 02:08:40,2026-07-15 02:13:10,2026-07-15 02:04:40,27,NA,NA,NA,NA,NA,NA,NA,NA,NA,NA,NA,NA,NA,NA,NA,NA,NA,NA,NA,NA,NA,NA,NA,NA,"Insufficient data; maintenance","Insufficient data; maintenance","maintenance",NA,NA,NA,NA,NA,NA,NA,NA,"Insufficient data",FALSE,NA
8,2026-07-15 02:18:50,2026-07-15 02:23:20,2026-07-15 02:14:50,28,NA,NA,NA,NA,NA,NA,NA,NA,NA,NA,NA,NA,NA,NA,NA,NA,NA,NA,NA,NA,NA,NA,NA,NA,"Insufficient data; maintenance","Insufficient data; maintenance","maintenance",NA,NA,NA,NA,NA,NA,NA,NA,"Insufficient data",FALSE,NA
5,2026-07-15 02:29:10,2026-07-15 02:33:30,2026-07-15 02:25:00,27,NA,NA,NA,NA,NA,NA,NA,NA,NA,NA,NA,NA,NA,NA,NA,NA,NA,NA,NA,NA,NA,NA,NA,NA,"Insufficient data; maintenance","Insufficient data; maintenance","maintenance",NA,NA,NA,NA,NA,NA,NA,NA,"Insufficient data",FALSE,NA
9,2026-07-15 02:39:20,2026-07-15 02:43:40,2026-07-15 02:35:10,27,NA,NA,NA,NA,NA,NA,NA,NA,NA,NA,NA,NA,NA,NA,NA,NA,NA,NA,NA,NA,NA,NA,NA,NA,"Insufficient data; maintenance","Insufficient data; maintenance","maintenance",NA,NA,NA,NA,NA,NA,NA,NA,"Insufficient data",FALSE,NA
12,2026-07-15 02:49:20,2026-07-15 02:53:50,2026-07-15 02:45:20,28,NA,NA,NA,NA,NA,NA,NA,NA,NA,NA,NA,NA,NA,NA,NA,NA,NA,NA,NA,NA,NA,NA,NA,NA,"Insufficient data; maintenance","Insufficient data; maintenance","maintenance",NA,NA,NA,NA,NA,NA,NA,NA,"Insufficient data",FALSE,NA
3,2026-07-15 02:59:30,2026-07-15 03:04:00,2026-07-15 02:55:30,28,NA,NA,NA,NA,NA,NA,NA,NA,NA,NA,NA,NA,NA,NA,NA,NA,NA,NA,NA,NA,NA,NA,NA,NA,"Insufficient data; maintenance","Insufficient data; maintenance","maintenance",NA,NA,NA,NA,NA,NA,NA,NA,"Insufficient data",FALSE,NA
6,2026-07-15 03:09:40,2026-07-15 03:14:10,2026-07-15 03:05:40,28,NA,NA,NA,NA,NA,NA,NA,NA,NA,NA,NA,NA,NA,NA,NA,NA,NA,NA,NA,NA,NA,NA,NA,NA,"Insufficient data; maintenance","Insufficient data; maintenance","maintenance",NA,NA,NA,NA,NA,NA,NA,NA,"Insufficient data",FALSE,NA
1,2026-07-15 03:19:50,2026-07-15 03:24:20,2026-07-15 03:15:50,28,NA,NA,NA,NA,NA,NA,NA,NA,NA,NA,NA,NA,NA,NA,NA,NA,NA,NA,NA,NA,NA,NA,NA,NA,"Insufficient data; maintenance","Insufficient data; maintenance","maintenance",NA,NA,NA,NA,NA,NA,NA,NA,"Insufficient data",FALSE,NA
7,2026-07-15 03:30:00,2026-07-15 03:34:30,2026-07-15 03:26:00,28,NA,NA,NA,NA,NA,NA,NA,NA,NA,NA,NA,NA,NA,NA,NA,NA,NA,NA,NA,NA,NA,NA,NA,NA,"Insufficient data; maintenance","Insufficient data; maintenance","maintenance",NA,NA,NA,NA,NA,NA,NA,NA,"Insufficient data",FALSE,NA
10,2026-07-15 03:40:10,2026-07-15 03:44:40,2026-07-15 03:36:10,28,NA,NA,NA,NA,NA,NA,NA,NA,NA,NA,NA,NA,NA,NA,NA,NA,NA,NA,NA,NA,NA,NA,NA,NA,"Insufficient data; maintenance","Insufficient data; maintenance","maintenance",NA,NA,NA,NA,NA,NA,NA,NA,"Insufficient data",FALSE,NA
2,2026-07-15 03:50:20,2026-07-15 03:54:50,2026-07-15 03:46:20,28,NA,NA,NA,NA,NA,NA,NA,NA,NA,NA,NA,NA,NA,NA,NA,NA,NA,NA,NA,NA,NA,NA,NA,NA,"Insufficient data; maintenance","Insufficient data; maintenance","maintenance",NA,NA,NA,NA,NA,NA,NA,NA,"Insufficient data",FALSE,NA
11,2026-07-15 04:00:30,2026-07-15 04:05:00,2026-07-15 03:56:30,28,NA,NA,NA,NA,NA,NA,NA,NA,NA,NA,NA,NA,NA,NA,NA,NA,NA,NA,NA,NA,NA,NA,NA,NA,"Insufficient data; maintenance","Insufficient data; maintenance","maintenance",NA,NA,NA,NA,NA,NA,NA,NA,"Insufficient data",FALSE,NA
4,2026-07-15 04:10:40,2026-07-15 04:15:10,2026-07-15 04:06:40,28,NA,NA,NA,NA,NA,NA,NA,NA,NA,NA,NA,NA,NA,NA,NA,NA,NA,NA,NA,NA,NA,NA,NA,NA,"Insufficient data; maintenance","Insufficient data; maintenance","maintenance",NA,NA,NA,NA,NA,NA,NA,NA,"Insufficient data",FALSE,NA
8,2026-07-15 04:20:50,2026-07-15 04:25:20,2026-07-15 04:16:50,28,NA,NA,NA,NA,NA,NA,NA,NA,NA,NA,NA,NA,NA,NA,NA,NA,NA,NA,NA,NA,NA,NA,NA,NA,"Insufficient data; maintenance","Insufficient data; maintenance","maintenance",NA,NA,NA,NA,NA,NA,NA,NA,"Insufficient data",FALSE,NA
5,2026-07-15 04:31:00,2026-07-15 04:35:30,2026-07-15 04:27:00,28,NA,NA,NA,NA,NA,NA,NA,NA,NA,NA,NA,NA,NA,NA,NA,NA,NA,NA,NA,NA,NA,NA,NA,NA,"Insufficient data; maintenance","Insufficient data; maintenance","maintenance",NA,NA,NA,NA,NA,NA,NA,NA,"Insufficient data",FALSE,NA
9,2026-07-15 04:41:10,2026-07-15 04:45:40,2026-07-15 04:37:10,28,NA,NA,NA,NA,NA,NA,NA,NA,NA,NA,NA,NA,NA,NA,NA,NA,NA,NA,NA,NA,NA,NA,NA,NA,"Insufficient data; maintenance","Insufficient data; maintenance","maintenance",NA,NA,NA,NA,NA,NA,NA,NA,"Insufficient data",FALSE,NA
12,2026-07-15 04:51:20,2026-07-15 04:55:50,2026-07-15 04:47:20,28,NA,NA,NA,NA,NA,NA,NA,NA,NA,NA,NA,NA,NA,NA,NA,NA,NA,NA,NA,NA,NA,NA,NA,NA,"Insufficient data; maintenance","Insufficient data; maintenance","maintenance",NA,NA,NA,NA,NA,NA,NA,NA,"Insufficient data",FALSE,NA
3,2026-07-15 05:01:30,2026-07-15 05:06:00,2026-07-15 04:57:30,28,NA,NA,NA,NA,NA,NA,NA,NA,NA,NA,NA,NA,NA,NA,NA,NA,NA,NA,NA,NA,NA,NA,NA,NA,"Insufficient data; maintenance","Insufficient data; maintenance","maintenance",NA,NA,NA,NA,NA,NA,NA,NA,"Insufficient data",FALSE,NA
6,2026-07-15 05:11:40,2026-07-15 05:16:10,2026-07-15 05:07:40,28,NA,NA,NA,NA,NA,NA,NA,NA,NA,NA,NA,NA,NA,NA,NA,NA,NA,NA,NA,NA,NA,NA,NA,NA,"Insufficient data; maintenance","Insufficient data; maintenance","maintenance",NA,NA,NA,NA,NA,NA,NA,NA,"Insufficient data",FALSE,NA
1,2026-07-15 05:21:50,2026-07-15 05:26:20,2026-07-15 05:17:50,28,NA,NA,NA,NA,NA,NA,NA,NA,NA,NA,NA,NA,NA,NA,NA,NA,NA,NA,NA,NA,NA,NA,NA,NA,"Insufficient data; maintenance","Insufficient data; maintenance","maintenance",NA,NA,NA,NA,NA,NA,NA,NA,"Insufficient data",FALSE,NA
7,2026-07-15 05:32:00,2026-07-15 05:36:30,2026-07-15 05:28:00,28,NA,NA,NA,NA,NA,NA,NA,NA,NA,NA,NA,NA,NA,NA,NA,NA,NA,NA,NA,NA,NA,NA,NA,NA,"Insufficient data; maintenance","Insufficient data; maintenance","maintenance",NA,NA,NA,NA,NA,NA,NA,NA,"Insufficient data",FALSE,NA
10,2026-07-15 05:42:10,2026-07-15 05:46:40,2026-07-15 05:38:10,28,NA,NA,NA,NA,NA,NA,NA,NA,NA,NA,NA,NA,NA,NA,NA,NA,NA,NA,NA,NA,NA,NA,NA,NA,"Insufficient data; maintenance","Insufficient data; maintenance","maintenance",NA,NA,NA,NA,NA,NA,NA,NA,"Insufficient data",FALSE,NA
2,2026-07-15 05:52:20,2026-07-15 05:56:50,2026-07-15 05:48:20,28,NA,NA,NA,NA,NA,NA,NA,NA,NA,NA,NA,NA,NA,NA,NA,NA,NA,NA,NA,NA,NA,NA,NA,NA,"Insufficient data; maintenance","Insufficient data; maintenance","maintenance",NA,NA,NA,NA,NA,NA,NA,NA,"Insufficient data",FALSE,NA
11,2026-07-15 06:02:30,2026-07-15 06:07:00,2026-07-15 05:58:30,28,NA,NA,NA,NA,NA,NA,NA,NA,NA,NA,NA,NA,NA,NA,NA,NA,NA,NA,NA,NA,NA,NA,NA,NA,"Insufficient data; maintenance","Insufficient data; maintenance","maintenance",NA,NA,NA,NA,NA,NA,NA,NA,"Insufficient data",FALSE,NA
4,2026-07-15 06:12:40,2026-07-15 06:17:10,2026-07-15 06:08:40,28,NA,NA,NA,NA,NA,NA,NA,NA,NA,NA,NA,NA,NA,NA,NA,NA,NA,NA,NA,NA,NA,NA,NA,NA,"Insufficient data; maintenance","Insufficient data; maintenance","maintenance",NA,NA,NA,NA,NA,NA,NA,NA,"Insufficient data",FALSE,NA
8,2026-07-15 06:22:50,2026-07-15 06:27:20,2026-07-15 06:18:50,28,NA,NA,NA,NA,NA,NA,NA,NA,NA,NA,NA,NA,NA,NA,NA,NA,NA,NA,NA,NA,NA,NA,NA,NA,"Insufficient data; maintenance","Insufficient data; maintenance","maintenance",NA,NA,NA,NA,NA,NA,NA,NA,"Insufficient data",FALSE,NA
5,2026-07-15 06:33:00,2026-07-15 06:37:30,2026-07-15 06:29:00,28,NA,NA,NA,NA,NA,NA,NA,NA,NA,NA,NA,NA,NA,NA,NA,NA,NA,NA,NA,NA,NA,NA,NA,NA,"Insufficient data; maintenance","Insufficient data; maintenance","maintenance",NA,NA,NA,NA,NA,NA,NA,NA,"Insufficient data",FALSE,NA
9,2026-07-15 06:43:10,2026-07-15 06:47:40,2026-07-15 06:39:10,28,NA,NA,NA,NA,NA,NA,NA,NA,NA,NA,NA,NA,NA,NA,NA,NA,NA,NA,NA,NA,NA,NA,NA,NA,"Insufficient data; maintenance","Insufficient data; maintenance","maintenance",NA,NA,NA,NA,NA,NA,NA,NA,"Insufficient data",FALSE,NA
12,2026-07-15 06:53:20,2026-07-15 06:57:50,2026-07-15 06:49:20,28,NA,NA,NA,NA,NA,NA,NA,NA,NA,NA,NA,NA,NA,NA,NA,NA,NA,NA,NA,NA,NA,NA,NA,NA,"Insufficient data; maintenance","Insufficient data; maintenance","maintenance",NA,NA,NA,NA,NA,NA,NA,NA,"Insufficient data",FALSE,NA
3,2026-07-15 07:03:30,2026-07-15 07:08:00,2026-07-15 06:59:30,28,NA,NA,NA,NA,NA,NA,NA,NA,NA,NA,NA,NA,NA,NA,NA,NA,NA,NA,NA,NA,NA,NA,NA,NA,"Insufficient data; maintenance","Insufficient data; maintenance","maintenance",NA,NA,NA,NA,NA,NA,NA,NA,"Insufficient data",FALSE,NA
6,2026-07-15 07:13:40,2026-07-15 07:18:10,2026-07-15 07:09:40,28,NA,NA,NA,NA,NA,NA,NA,NA,NA,NA,NA,NA,NA,NA,NA,NA,NA,NA,NA,NA,NA,NA,NA,NA,"Insufficient data; maintenance","Insufficient data; maintenance","maintenance",NA,NA,NA,NA,NA,NA,NA,NA,"Insufficient data",FALSE,NA
1,2026-07-15 07:23:50,2026-07-15 07:28:20,2026-07-15 07:19:50,28,NA,NA,NA,NA,NA,NA,NA,NA,NA,NA,NA,NA,NA,NA,NA,NA,NA,NA,NA,NA,NA,NA,NA,NA,"Insufficient data; maintenance","Insufficient data; maintenance","maintenance",NA,NA,NA,NA,NA,NA,NA,NA,"Insufficient data",FALSE,NA
7,2026-07-15 07:34:10,2026-07-15 07:38:30,2026-07-15 07:30:00,27,NA,NA,NA,NA,NA,NA,NA,NA,NA,NA,NA,NA,NA,NA,NA,NA,NA,NA,NA,NA,NA,NA,NA,NA,"Insufficient data; maintenance","Insufficient data; maintenance","maintenance",NA,NA,NA,NA,NA,NA,NA,NA,"Insufficient data",FALSE,NA
10,2026-07-15 07:44:20,2026-07-15 07:48:40,2026-07-15 07:40:10,27,NA,NA,NA,NA,NA,NA,NA,NA,NA,NA,NA,NA,NA,NA,NA,NA,NA,NA,NA,NA,NA,NA,NA,NA,"Insufficient data; maintenance","Insufficient data; maintenance","maintenance",NA,NA,NA,NA,NA,NA,NA,NA,"Insufficient data",FALSE,NA
2,2026-07-15 07:54:20,2026-07-15 07:58:50,2026-07-15 07:50:20,28,NA,NA,NA,NA,NA,NA,NA,NA,NA,NA,NA,NA,NA,NA,NA,NA,NA,NA,NA,NA,NA,NA,NA,NA,"Insufficient data; maintenance","Insufficient data; maintenance","maintenance",NA,NA,NA,NA,NA,NA,NA,NA,"Insufficient data",FALSE,NA
11,2026-07-15 08:04:30,2026-07-15 08:09:00,2026-07-15 08:00:30,28,NA,NA,NA,NA,NA,NA,NA,NA,NA,NA,NA,NA,NA,NA,NA,NA,NA,NA,NA,NA,NA,NA,NA,NA,"Insufficient data; maintenance","Insufficient data; maintenance","maintenance",NA,NA,NA,NA,NA,NA,NA,NA,"Insufficient data",FALSE,NA
4,2026-07-15 08:14:40,2026-07-15 08:19:10,2026-07-15 08:10:40,28,NA,NA,NA,NA,NA,NA,NA,NA,NA,NA,NA,NA,NA,NA,NA,NA,NA,NA,NA,NA,NA,NA,NA,NA,"Insufficient data; maintenance","Insufficient data; maintenance","maintenance",NA,NA,NA,NA,NA,NA,NA,NA,"Insufficient data",FALSE,NA
8,2026-07-15 08:24:50,2026-07-15 08:29:20,2026-07-15 08:20:50,28,NA,NA,NA,NA,NA,NA,NA,NA,NA,NA,NA,NA,NA,NA,NA,NA,NA,NA,NA,NA,NA,NA,NA,NA,"Insufficient data; maintenance","Insufficient data; maintenance","maintenance",NA,NA,NA,NA,NA,NA,NA,NA,"Insufficient data",FALSE,NA
5,2026-07-15 08:35:00,2026-07-15 08:39:30,2026-07-15 08:31:00,28,NA,NA,NA,NA,NA,NA,NA,NA,NA,NA,NA,NA,NA,NA,NA,NA,NA,NA,NA,NA,NA,NA,NA,NA,"Insufficient data; maintenance","Insufficient data; maintenance","maintenance",NA,NA,NA,NA,NA,NA,NA,NA,"Insufficient data",FALSE,NA
9,2026-07-15 08:45:10,2026-07-15 08:49:40,2026-07-15 08:41:10,28,NA,NA,NA,NA,NA,NA,NA,NA,NA,NA,NA,NA,NA,NA,NA,NA,NA,NA,NA,NA,NA,NA,NA,NA,"Insufficient data; maintenance","Insufficient data; maintenance","maintenance",NA,NA,NA,NA,NA,NA,NA,NA,"Insufficient data",FALSE,NA
12,2026-07-15 08:55:20,2026-07-15 08:59:50,2026-07-15 08:51:20,28,NA,NA,NA,NA,NA,NA,NA,NA,NA,NA,NA,NA,NA,NA,NA,NA,NA,NA,NA,NA,NA,NA,NA,NA,"Insufficient data; maintenance","Insufficient data; maintenance","maintenance",NA,NA,NA,NA,NA,NA,NA,NA,"Insufficient data",FALSE,NA
3,2026-07-15 09:05:30,2026-07-15 09:10:00,2026-07-15 09:01:30,28,NA,NA,NA,NA,NA,NA,NA,NA,NA,NA,NA,NA,NA,NA,NA,NA,NA,NA,NA,NA,NA,NA,NA,NA,"Insufficient data; maintenance","Insufficient data; maintenance","maintenance",NA,NA,NA,NA,NA,NA,NA,NA,"Insufficient data",FALSE,NA
6,2026-07-15 09:15:40,2026-07-15 09:20:10,2026-07-15 09:11:40,28,NA,NA,NA,NA,NA,NA,NA,NA,NA,NA,NA,NA,NA,NA,NA,NA,NA,NA,NA,NA,NA,NA,NA,NA,"Insufficient data; maintenance","Insufficient data; maintenance","maintenance",NA,NA,NA,NA,NA,NA,NA,NA,"Insufficient data",FALSE,NA
1,2026-07-15 09:25:50,2026-07-15 09:30:20,2026-07-15 09:21:50,28,NA,NA,NA,NA,NA,NA,NA,NA,NA,NA,NA,NA,NA,NA,NA,NA,NA,NA,NA,NA,NA,NA,NA,NA,"Insufficient data; maintenance","Insufficient data; maintenance","maintenance",NA,NA,NA,NA,NA,NA,NA,NA,"Insufficient data",FALSE,NA
7,2026-07-15 09:36:00,2026-07-15 09:40:30,2026-07-15 09:32:00,28,NA,NA,-1.37,NA,NA,0.908,NA,NA,5.85e-15,NA,NA,0.0855,NA,NA,0.000408,NA,NA,0.379,NA,NA,0.379,NA,NA,0.374,"Insufficient data; maintenance","Insufficient data; maintenance","No issues",NA,NA,NA,NA,NA,NA,NA,NA,"Insufficient data",FALSE,NA
10,2026-07-15 09:46:10,2026-07-15 09:50:40,2026-07-15 09:42:10,28,NA,NA,-1.3,NA,NA,0.973,NA,NA,7.29e-22,NA,NA,0.0426,NA,NA,0.000203,NA,NA,0.379,NA,NA,0.379,NA,NA,0.375,"Insufficient data; maintenance","Insufficient data; maintenance","No issues",NA,NA,NA,NA,NA,NA,NA,NA,"Insufficient data",FALSE,NA
2,2026-07-15 09:56:20,2026-07-15 10:00:50,2026-07-15 09:52:20,28,NA,NA,-0.191,NA,NA,0.463,NA,NA,6.82e-05,NA,NA,0.0403,NA,NA,0.000192,NA,NA,0.373,NA,NA,0.373,NA,NA,0.372,"Insufficient data; maintenance","Insufficient data; maintenance","No issues",NA,NA,NA,NA,NA,NA,NA,NA,"Insufficient data",FALSE,NA
11,2026-07-15 10:06:30,2026-07-15 10:11:00,2026-07-15 10:02:30,28,NA,NA,-0.491,NA,NA,0.894,NA,NA,3.41e-14,NA,NA,0.0331,NA,NA,0.000158,NA,NA,0.372,NA,NA,0.372,NA,NA,0.371,"Insufficient data; maintenance","Insufficient data; maintenance","No issues",NA,NA,NA,NA,NA,NA,NA,NA,"Insufficient data",FALSE,NA
4,2026-07-15 10:16:40,2026-07-15 10:21:10,2026-07-15 10:12:40,28,NA,NA,-0.136,NA,NA,0.494,NA,NA,3.02e-05,NA,NA,0.027,NA,NA,0.000128,NA,NA,0.369,NA,NA,0.369,NA,NA,0.369,"Insufficient data; maintenance","Insufficient data; maintenance","No issues",NA,NA,NA,NA,NA,NA,NA,NA,"Insufficient data",FALSE,NA
8,2026-07-15 10:26:50,2026-07-15 10:31:20,2026-07-15 10:22:50,28,NA,NA,0.602,NA,NA,0.863,NA,NA,1.01e-12,NA,NA,0.0471,NA,NA,0.000224,NA,NA,0.378,NA,NA,0.38,NA,NA,0.378,"Insufficient data; maintenance","Insufficient data; maintenance","No issues",NA,NA,NA,NA,NA,NA,NA,NA,"Insufficient data",FALSE,NA
5,2026-07-15 10:37:00,2026-07-15 10:41:30,2026-07-15 10:33:00,28,NA,NA,-0.678,NA,NA,0.921,NA,NA,7.42e-16,NA,NA,0.0389,NA,NA,0.000186,NA,NA,0.37,NA,NA,0.37,NA,NA,0.368,"Insufficient data; maintenance","Insufficient data; maintenance","No issues",NA,NA,NA,NA,NA,NA,NA,NA,"Insufficient data",FALSE,NA
9,2026-07-15 10:47:10,2026-07-15 10:51:40,2026-07-15 10:43:10,28,NA,NA,-0.354,NA,NA,0.739,NA,NA,4.67e-09,NA,NA,0.0413,NA,NA,0.000197,NA,NA,0.368,NA,NA,0.368,NA,NA,0.367,"Insufficient data; maintenance","Insufficient data; maintenance","No issues",NA,NA,NA,NA,NA,NA,NA,NA,"Insufficient data",FALSE,NA
12,2026-07-15 10:57:20,2026-07-15 11:01:50,2026-07-15 10:53:20,28,NA,NA,-0.458,NA,NA,0.849,NA,NA,3.46e-12,NA,NA,0.0378,NA,NA,0.00018,NA,NA,0.373,NA,NA,0.373,NA,NA,0.371,"Insufficient data; maintenance","Insufficient data; maintenance","No issues",NA,NA,NA,NA,NA,NA,NA,NA,"Insufficient data",FALSE,NA
3,2026-07-15 11:07:30,2026-07-15 11:12:00,2026-07-15 11:03:30,28,NA,NA,-1.74,NA,NA,0.983,NA,NA,1.09e-24,NA,NA,0.0442,NA,NA,0.000211,NA,NA,0.38,NA,NA,0.38,NA,NA,0.374,"Insufficient data; maintenance","Insufficient data; maintenance","No issues",NA,NA,NA,NA,NA,NA,NA,NA,"Insufficient data",FALSE,NA
6,2026-07-15 11:17:40,2026-07-15 11:22:10,2026-07-15 11:13:40,28,NA,NA,-2.37,NA,NA,0.958,NA,NA,1.87e-19,NA,NA,0.0971,NA,NA,0.000463,NA,NA,0.384,NA,NA,0.384,NA,NA,0.376,"Insufficient data; maintenance","Insufficient data; maintenance","No issues",NA,NA,NA,NA,NA,NA,NA,NA,"Insufficient data",FALSE,NA
1,2026-07-15 11:27:50,2026-07-15 11:32:20,2026-07-15 11:23:50,28,NA,NA,-0.624,NA,NA,0.892,NA,NA,4.19e-14,NA,NA,0.0425,NA,NA,0.000202,NA,NA,0.371,NA,NA,0.371,NA,NA,0.369,"Insufficient data; maintenance","Insufficient data; maintenance","No issues",NA,NA,NA,NA,NA,NA,NA,NA,"Insufficient data",FALSE,NA
7,2026-07-15 11:38:00,2026-07-15 11:42:30,2026-07-15 11:34:00,28,NA,NA,-0.696,NA,NA,0.838,NA,NA,8.65e-12,NA,NA,0.06,NA,NA,0.000286,NA,NA,0.377,NA,NA,0.377,NA,NA,0.374,"Insufficient data; maintenance","Insufficient data; maintenance","No issues",NA,NA,NA,NA,NA,NA,NA,NA,"Insufficient data",FALSE,NA
10,2026-07-15 11:48:10,2026-07-15 11:52:40,2026-07-15 11:44:10,28,NA,NA,-1.61,NA,NA,0.977,NA,NA,9.36e-23,NA,NA,0.0486,NA,NA,0.000232,NA,NA,0.379,NA,NA,0.379,NA,NA,0.373,"Insufficient data; maintenance","Insufficient data; maintenance","No issues",NA,NA,NA,NA,NA,NA,NA,NA,"Insufficient data",FALSE,NA
2,2026-07-15 11:58:20,2026-07-15 12:02:50,2026-07-15 11:54:20,28,NA,NA,-0.0536,NA,NA,0.0345,NA,NA,0.344,NA,NA,0.0557,NA,NA,0.000265,NA,NA,0.372,NA,NA,0.372,NA,NA,0.371,"Insufficient data; maintenance","Insufficient data; maintenance","No issues",NA,NA,NA,NA,NA,NA,NA,NA,"Insufficient data",FALSE,NA
11,2026-07-15 12:08:30,2026-07-15 12:13:00,2026-07-15 12:04:30,28,NA,NA,-0.468,NA,NA,0.635,NA,NA,3.95e-07,NA,NA,0.0696,NA,NA,0.000332,NA,NA,0.37,NA,NA,0.37,NA,NA,0.368,"Insufficient data; maintenance","Insufficient data; maintenance","No issues",NA,NA,NA,NA,NA,NA,NA,NA,"Insufficient data",FALSE,NA
4,2026-07-15 12:18:40,2026-07-15 12:23:10,2026-07-15 12:14:40,28,NA,NA,-0.194,NA,NA,0.277,NA,NA,0.00399,NA,NA,0.0615,NA,NA,0.000293,NA,NA,0.366,NA,NA,0.367,NA,NA,0.365,"Insufficient data; maintenance","Insufficient data; maintenance","No issues",NA,NA,NA,NA,NA,NA,NA,NA,"Insufficient data",FALSE,NA
8,2026-07-15 12:28:50,2026-07-15 12:33:20,2026-07-15 12:24:50,28,NA,NA,-0.0248,NA,NA,0.0043,NA,NA,0.74,NA,NA,0.0741,NA,NA,0.000353,NA,NA,0.38,NA,NA,0.381,NA,NA,0.379,"Insufficient data; maintenance","Insufficient data; maintenance","No issues",NA,NA,NA,NA,NA,NA,NA,NA,"Insufficient data",FALSE,NA
5,2026-07-15 12:39:10,2026-07-15 12:43:30,2026-07-15 12:35:00,27,NA,NA,-0.464,NA,NA,0.506,NA,NA,3.15e-05,NA,NA,0.0916,NA,NA,0.000413,NA,NA,0.368,NA,NA,0.368,NA,NA,0.366,"Insufficient data; maintenance","Insufficient data; maintenance","No issues",NA,NA,NA,NA,NA,NA,NA,NA,"Insufficient data",FALSE,NA
9,2026-07-15 12:49:20,2026-07-15 12:53:40,2026-07-15 12:45:10,27,NA,NA,-0.394,NA,NA,0.247,NA,NA,0.00837,NA,NA,0.138,NA,NA,0.00062,NA,NA,0.365,NA,NA,0.368,NA,NA,0.365,"Insufficient data; maintenance","Insufficient data; maintenance","No issues",NA,NA,NA,NA,NA,NA,NA,NA,"Insufficient data",FALSE,NA
12,2026-07-15 12:59:20,2026-07-15 13:03:50,2026-07-15 12:55:20,28,NA,NA,0.175,NA,NA,0.0486,NA,NA,0.26,NA,NA,0.152,NA,NA,0.000724,NA,NA,0.367,NA,NA,0.369,NA,NA,0.366,"Insufficient data; maintenance","Insufficient data; maintenance","No issues",NA,NA,NA,NA,NA,NA,NA,NA,"Insufficient data",FALSE,NA
3,2026-07-15 13:09:30,2026-07-15 13:14:00,2026-07-15 13:05:30,28,NA,NA,-1.17,NA,NA,0.705,NA,NA,2.32e-08,NA,NA,0.149,NA,NA,0.00071,NA,NA,0.375,NA,NA,0.376,NA,NA,0.371,"Insufficient data; maintenance","Insufficient data; maintenance","No issues",NA,NA,NA,NA,NA,NA,NA,NA,"Insufficient data",FALSE,NA
6,2026-07-15 13:19:40,2026-07-15 13:24:10,2026-07-15 13:15:40,28,NA,NA,-2.32,NA,NA,0.888,NA,NA,7.16e-14,NA,NA,0.162,NA,NA,0.000771,NA,NA,0.383,NA,NA,0.383,NA,NA,0.375,"Insufficient data; maintenance","Insufficient data; maintenance","No issues",NA,NA,NA,NA,NA,NA,NA,NA,"Insufficient data",FALSE,NA
1,2026-07-15 13:29:50,2026-07-15 13:34:20,2026-07-15 13:25:50,28,NA,NA,-0.475,NA,NA,0.378,NA,NA,0.000501,NA,NA,0.12,NA,NA,0.00057,NA,NA,0.37,NA,NA,0.37,NA,NA,0.367,"Insufficient data; maintenance","Insufficient data; maintenance","No issues",NA,NA,NA,NA,NA,NA,NA,NA,"Insufficient data",FALSE,NA
7,2026-07-15 13:40:00,2026-07-15 13:44:30,2026-07-15 13:36:00,28,NA,NA,-0.791,NA,NA,0.821,NA,NA,3.18e-11,NA,NA,0.0723,NA,NA,0.000345,NA,NA,0.377,NA,NA,0.377,NA,NA,0.373,"Insufficient data; maintenance","Insufficient data; maintenance","No issues",NA,NA,NA,NA,NA,NA,NA,NA,"Insufficient data",FALSE,NA
10,2026-07-15 13:50:10,2026-07-15 13:54:40,2026-07-15 13:46:10,28,NA,NA,-1.54,NA,NA,0.957,NA,NA,2.85e-19,NA,NA,0.0643,NA,NA,0.000307,NA,NA,0.379,NA,NA,0.379,NA,NA,0.374,"Insufficient data; maintenance","Insufficient data; maintenance","No issues",NA,NA,NA,NA,NA,NA,NA,NA,"Insufficient data",FALSE,NA
2,2026-07-15 14:00:20,2026-07-15 14:04:50,2026-07-15 13:56:20,28,NA,NA,-0.207,NA,NA,0.421,NA,NA,0.000188,NA,NA,0.0477,NA,NA,0.000227,NA,NA,0.371,NA,NA,0.371,NA,NA,0.37,"Insufficient data; maintenance","Insufficient data; maintenance","No issues",NA,NA,NA,NA,NA,NA,NA,NA,"Insufficient data",FALSE,NA
11,2026-07-15 14:10:30,2026-07-15 14:15:00,2026-07-15 14:06:30,28,NA,NA,-0.315,NA,NA,0.459,NA,NA,7.48e-05,NA,NA,0.067,NA,NA,0.000319,NA,NA,0.367,NA,NA,0.368,NA,NA,0.366,"Insufficient data; maintenance","Insufficient data; maintenance","No issues",NA,NA,NA,NA,NA,NA,NA,NA,"Insufficient data",FALSE,NA
4,2026-07-15 14:20:40,2026-07-15 14:25:10,2026-07-15 14:16:40,28,NA,NA,-0.00664,NA,NA,0.000427,NA,NA,0.917,NA,NA,0.0631,NA,NA,0.000301,NA,NA,0.363,NA,NA,0.364,NA,NA,0.363,"Insufficient data; maintenance","Insufficient data; maintenance","No issues",NA,NA,NA,NA,NA,NA,NA,NA,"Insufficient data",FALSE,NA
8,2026-07-15 14:30:50,2026-07-15 14:35:20,2026-07-15 14:26:50,28,NA,NA,0.523,NA,NA,0.537,NA,NA,9.25e-06,NA,NA,0.0952,NA,NA,0.000454,NA,NA,0.382,NA,NA,0.384,NA,NA,0.382,"Insufficient data; maintenance","Insufficient data; maintenance","No issues",NA,NA,NA,NA,NA,NA,NA,NA,"Insufficient data",FALSE,NA
5,2026-07-15 14:41:00,2026-07-15 14:45:30,2026-07-15 14:37:00,28,NA,NA,-0.806,NA,NA,0.873,NA,NA,3.65e-13,NA,NA,0.0603,NA,NA,0.000287,NA,NA,0.367,NA,NA,0.367,NA,NA,0.364,"Insufficient data; maintenance","Insufficient data; maintenance","No issues",NA,NA,NA,NA,NA,NA,NA,NA,"Insufficient data",FALSE,NA
9,2026-07-15 14:51:10,2026-07-15 14:55:40,2026-07-15 14:47:10,28,NA,NA,-0.75,NA,NA,0.815,NA,NA,5.11e-11,NA,NA,0.0701,NA,NA,0.000334,NA,NA,0.365,NA,NA,0.365,NA,NA,0.362,"Insufficient data; maintenance","Insufficient data; maintenance","No issues",NA,NA,NA,NA,NA,NA,NA,NA,"Insufficient data",FALSE,NA
12,2026-07-15 15:01:20,2026-07-15 15:05:50,2026-07-15 14:57:20,28,NA,NA,-0.0475,NA,NA,0.0604,NA,NA,0.208,NA,NA,0.0367,NA,NA,0.000175,NA,NA,0.366,NA,NA,0.366,NA,NA,0.365,"Insufficient data; maintenance","Insufficient data; maintenance","No issues",NA,NA,NA,NA,NA,NA,NA,NA,"Insufficient data",FALSE,NA
3,2026-07-15 15:11:30,2026-07-15 15:16:00,2026-07-15 15:07:30,28,NA,NA,-1.11,NA,NA,0.957,NA,NA,2.96e-19,NA,NA,0.0464,NA,NA,0.000221,NA,NA,0.372,NA,NA,0.372,NA,NA,0.369,"Insufficient data; maintenance","Insufficient data; maintenance","No issues",NA,NA,NA,NA,NA,NA,NA,NA,"Insufficient data",FALSE,NA
6,2026-07-15 15:21:40,2026-07-15 15:26:10,2026-07-15 15:17:40,28,NA,NA,-2.14,NA,NA,0.966,NA,NA,1.29e-20,NA,NA,0.0789,NA,NA,0.000376,NA,NA,0.378,NA,NA,0.378,NA,NA,0.371,"Insufficient data; maintenance","Insufficient data; maintenance","No issues",NA,NA,NA,NA,NA,NA,NA,NA,"Insufficient data",FALSE,NA
1,2026-07-15 15:31:50,2026-07-15 15:36:20,2026-07-15 15:27:50,28,NA,NA,-0.44,NA,NA,0.793,NA,NA,2.14e-10,NA,NA,0.044,NA,NA,0.00021,NA,NA,0.365,NA,NA,0.366,NA,NA,0.364,"Insufficient data; maintenance","Insufficient data; maintenance","No issues",NA,NA,NA,NA,NA,NA,NA,NA,"Insufficient data",FALSE,NA
7,2026-07-15 15:42:00,2026-07-15 15:46:30,2026-07-15 15:38:00,28,NA,NA,-0.765,NA,NA,0.926,NA,NA,3.03e-16,NA,NA,0.0423,NA,NA,0.000202,NA,NA,0.372,NA,NA,0.372,NA,NA,0.369,"Insufficient data; maintenance","Insufficient data; maintenance","No issues",NA,NA,NA,NA,NA,NA,NA,NA,"Insufficient data",FALSE,NA
10,2026-07-15 15:52:10,2026-07-15 15:56:40,2026-07-15 15:48:10,28,NA,NA,-1.45,NA,NA,0.953,NA,NA,8.87e-19,NA,NA,0.0633,NA,NA,0.000302,NA,NA,0.374,NA,NA,0.374,NA,NA,0.369,"Insufficient data; maintenance","Insufficient data; maintenance","No issues",NA,NA,NA,NA,NA,NA,NA,NA,"Insufficient data",FALSE,NA
2,2026-07-15 16:02:20,2026-07-15 16:06:50,2026-07-15 15:58:20,28,NA,NA,-0.153,NA,NA,0.264,NA,NA,0.00514,NA,NA,0.05,NA,NA,0.000239,NA,NA,0.367,NA,NA,0.368,NA,NA,0.367,"Insufficient data; maintenance","Insufficient data; maintenance","No issues",NA,NA,NA,NA,NA,NA,NA,NA,"Insufficient data",FALSE,NA
11,2026-07-15 16:12:30,2026-07-15 16:17:00,2026-07-15 16:08:30,28,NA,NA,-0.32,NA,NA,0.503,NA,NA,2.41e-05,NA,NA,0.0625,NA,NA,0.000298,NA,NA,0.364,NA,NA,0.364,NA,NA,0.362,"Insufficient data; maintenance","Insufficient data; maintenance","No issues",NA,NA,NA,NA,NA,NA,NA,NA,"Insufficient data",FALSE,NA
4,2026-07-15 16:22:40,2026-07-15 16:27:10,2026-07-15 16:18:40,28,NA,NA,-0.0767,NA,NA,0.0525,NA,NA,0.241,NA,NA,0.0639,NA,NA,0.000305,NA,NA,0.361,NA,NA,0.362,NA,NA,0.36,"Insufficient data; maintenance","Insufficient data; maintenance","No issues",NA,NA,NA,NA,NA,NA,NA,NA,"Insufficient data",FALSE,NA
8,2026-07-15 16:32:50,2026-07-15 16:37:20,2026-07-15 16:28:50,28,NA,NA,-0.575,NA,NA,0.739,NA,NA,4.7e-09,NA,NA,0.067,NA,NA,0.00032,NA,NA,0.377,NA,NA,0.377,NA,NA,0.375,"Insufficient data; maintenance","Insufficient data; maintenance","No issues",NA,NA,NA,NA,NA,NA,NA,NA,"Insufficient data",FALSE,NA
5,2026-07-15 16:43:00,2026-07-15 16:47:30,2026-07-15 16:39:00,28,NA,NA,-0.385,NA,NA,0.505,NA,NA,2.25e-05,NA,NA,0.0747,NA,NA,0.000356,NA,NA,0.364,NA,NA,0.364,NA,NA,0.361,"Insufficient data; maintenance","Insufficient data; maintenance","No issues",NA,NA,NA,NA,NA,NA,NA,NA,"Insufficient data",FALSE,NA
9,2026-07-15 16:53:10,2026-07-15 16:57:40,2026-07-15 16:49:10,28,NA,NA,-0.152,NA,NA,0.0737,NA,NA,0.162,NA,NA,0.106,NA,NA,0.000504,NA,NA,0.362,NA,NA,0.363,NA,NA,0.36,"Insufficient data; maintenance","Insufficient data; maintenance","No issues",NA,NA,NA,NA,NA,NA,NA,NA,"Insufficient data",FALSE,NA
12,2026-07-15 17:03:20,2026-07-15 17:07:50,2026-07-15 16:59:20,28,NA,NA,0.0746,NA,NA,0.00958,NA,NA,0.62,NA,NA,0.149,NA,NA,0.000709,NA,NA,0.363,NA,NA,0.364,NA,NA,0.362,"Insufficient data; maintenance","Insufficient data; maintenance","No issues",NA,NA,NA,NA,NA,NA,NA,NA,"Insufficient data",FALSE,NA
3,2026-07-15 17:13:30,2026-07-15 17:18:00,2026-07-15 17:09:30,28,NA,NA,-0.733,NA,NA,0.824,NA,NA,2.6e-11,NA,NA,0.0664,NA,NA,0.000317,NA,NA,0.369,NA,NA,0.369,NA,NA,0.367,"Insufficient data; maintenance","Insufficient data; maintenance","No issues",NA,NA,NA,NA,NA,NA,NA,NA,"Insufficient data",FALSE,NA
6,2026-07-15 17:23:40,2026-07-15 17:28:10,2026-07-15 17:19:40,28,NA,NA,-1.62,NA,NA,0.948,NA,NA,3.15e-18,NA,NA,0.0742,NA,NA,0.000354,NA,NA,0.374,NA,NA,0.374,NA,NA,0.369,"Insufficient data; maintenance","Insufficient data; maintenance","No issues",NA,NA,NA,NA,NA,NA,NA,NA,"Insufficient data",FALSE,NA
1,2026-07-15 17:33:50,2026-07-15 17:38:20,2026-07-15 17:29:50,28,NA,NA,-0.319,NA,NA,0.445,NA,NA,0.000104,NA,NA,0.0697,NA,NA,0.000332,NA,NA,0.365,NA,NA,0.365,NA,NA,0.364,"Insufficient data; maintenance","Insufficient data; maintenance","No issues",NA,NA,NA,NA,NA,NA,NA,NA,"Insufficient data",FALSE,NA
7,2026-07-15 17:44:10,2026-07-15 17:48:30,2026-07-15 17:40:00,27,NA,NA,-0.665,NA,NA,0.938,NA,NA,1.37e-16,NA,NA,0.0342,NA,NA,0.000154,NA,NA,0.369,NA,NA,0.369,NA,NA,0.367,"Insufficient data; maintenance","Insufficient data; maintenance","No issues",NA,NA,NA,NA,NA,NA,NA,NA,"Insufficient data",FALSE,NA
10,2026-07-15 17:54:20,2026-07-15 17:58:40,2026-07-15 17:50:10,27,NA,NA,-1.23,NA,NA,0.878,NA,NA,6.51e-13,NA,NA,0.0919,NA,NA,0.000414,NA,NA,0.372,NA,NA,0.372,NA,NA,0.368,"Insufficient data; maintenance","Insufficient data; maintenance","No issues",NA,NA,NA,NA,NA,NA,NA,NA,"Insufficient data",FALSE,NA
2,2026-07-15 18:04:20,2026-07-15 18:08:50,2026-07-15 18:00:20,28,NA,NA,-0.241,NA,NA,0.544,NA,NA,7.54e-06,NA,NA,0.0433,NA,NA,0.000206,NA,NA,0.368,NA,NA,0.368,NA,NA,0.367,"Insufficient data; maintenance","Insufficient data; maintenance","No issues",NA,NA,NA,NA,NA,NA,NA,NA,"Insufficient data",FALSE,NA
11,2026-07-15 18:14:30,2026-07-15 18:19:00,2026-07-15 18:10:30,28,NA,NA,-0.322,NA,NA,0.733,NA,NA,6.21e-09,NA,NA,0.0381,NA,NA,0.000182,NA,NA,0.364,NA,NA,0.364,NA,NA,0.363,"Insufficient data; maintenance","Insufficient data; maintenance","No issues",NA,NA,NA,NA,NA,NA,NA,NA,"Insufficient data",FALSE,NA
4,2026-07-15 18:24:40,2026-07-15 18:29:10,2026-07-15 18:20:40,28,NA,NA,-0.147,NA,NA,0.484,NA,NA,3.97e-05,NA,NA,0.0298,NA,NA,0.000142,NA,NA,0.363,NA,NA,0.363,NA,NA,0.362,"Insufficient data; maintenance","Insufficient data; maintenance","No issues",NA,NA,NA,NA,NA,NA,NA,NA,"Insufficient data",FALSE,NA
8,2026-07-15 18:34:50,2026-07-15 18:39:20,2026-07-15 18:30:50,28,NA,NA,-0.717,NA,NA,0.943,NA,NA,1.11e-17,NA,NA,0.0346,NA,NA,0.000165,NA,NA,0.368,NA,NA,0.368,NA,NA,0.366,"Insufficient data; maintenance","Insufficient data; maintenance","No issues",NA,NA,NA,NA,NA,NA,NA,NA,"Insufficient data",FALSE,NA
5,2026-07-15 18:45:00,2026-07-15 18:49:30,2026-07-15 18:41:00,28,NA,NA,-0.162,NA,NA,0.533,NA,NA,1.03e-05,NA,NA,0.0298,NA,NA,0.000142,NA,NA,0.362,NA,NA,0.363,NA,NA,0.362,"Insufficient data; maintenance","Insufficient data; maintenance","No issues",NA,NA,NA,NA,NA,NA,NA,NA,"Insufficient data",FALSE,NA
9,2026-07-15 18:55:10,2026-07-15 18:59:40,2026-07-15 18:51:10,28,NA,NA,-0.287,NA,NA,0.614,NA,NA,8.31e-07,NA,NA,0.0447,NA,NA,0.000213,NA,NA,0.362,NA,NA,0.362,NA,NA,0.361,"Insufficient data; maintenance","Insufficient data; maintenance","No issues",NA,NA,NA,NA,NA,NA,NA,NA,"Insufficient data",FALSE,NA
12,2026-07-15 19:05:20,2026-07-15 19:09:50,2026-07-15 19:01:20,28,NA,NA,-0.161,NA,NA,0.588,NA,NA,1.93e-06,NA,NA,0.0265,NA,NA,0.000126,NA,NA,0.363,NA,NA,0.363,NA,NA,0.362,"Insufficient data; maintenance","Insufficient data; maintenance","No issues",NA,NA,NA,NA,NA,NA,NA,NA,"Insufficient data",FALSE,NA
3,2026-07-15 19:15:30,2026-07-15 19:20:00,2026-07-15 19:11:30,28,NA,NA,-0.347,NA,NA,0.647,NA,NA,2.51e-07,NA,NA,0.0502,NA,NA,0.000239,NA,NA,0.367,NA,NA,0.368,NA,NA,0.367,"Insufficient data; maintenance","Insufficient data; maintenance","No issues",NA,NA,NA,NA,NA,NA,NA,NA,"Insufficient data",FALSE,NA
6,2026-07-15 19:25:40,2026-07-15 19:30:10,2026-07-15 19:21:40,28,NA,NA,-1.06,NA,NA,0.944,NA,NA,8.79e-18,NA,NA,0.0507,NA,NA,0.000242,NA,NA,0.372,NA,NA,0.372,NA,NA,0.368,"Insufficient data; maintenance","Insufficient data; maintenance","No issues",NA,NA,NA,NA,NA,NA,NA,NA,"Insufficient data",FALSE,NA
1,2026-07-15 19:35:50,2026-07-15 19:40:20,2026-07-15 19:31:50,28,NA,NA,-0.253,NA,NA,0.597,NA,NA,1.43e-06,NA,NA,0.0407,NA,NA,0.000194,NA,NA,0.366,NA,NA,0.367,NA,NA,0.366,"Insufficient data; maintenance","Insufficient data; maintenance","No issues",NA,NA,NA,NA,NA,NA,NA,NA,"Insufficient data",FALSE,NA
7,2026-07-15 19:46:00,2026-07-15 19:50:30,2026-07-15 19:42:00,28,NA,NA,-0.463,NA,NA,0.85,NA,NA,3.33e-12,NA,NA,0.0382,NA,NA,0.000182,NA,NA,0.37,NA,NA,0.37,NA,NA,0.369,"Insufficient data; maintenance","Insufficient data; maintenance","No issues",NA,NA,NA,NA,NA,NA,NA,NA,"Insufficient data",FALSE,NA
10,2026-07-15 19:56:10,2026-07-15 20:00:40,2026-07-15 19:52:10,28,NA,NA,-0.709,NA,NA,0.955,NA,NA,5.33e-19,NA,NA,0.0303,NA,NA,0.000144,NA,NA,0.373,NA,NA,0.373,NA,NA,0.37,"Insufficient data; maintenance","Insufficient data; maintenance","No issues",NA,NA,NA,NA,NA,NA,NA,NA,"Insufficient data",FALSE,NA
2,2026-07-15 20:06:20,2026-07-15 20:10:50,2026-07-15 20:02:20,28,NA,NA,-0.136,NA,NA,0.333,NA,NA,0.0013,NA,NA,0.0378,NA,NA,0.00018,NA,NA,0.37,NA,NA,0.371,NA,NA,0.37,"Insufficient data; maintenance","Insufficient data; maintenance","No issues",NA,NA,NA,NA,NA,NA,NA,NA,"Insufficient data",FALSE,NA
11,2026-07-15 20:16:30,2026-07-15 20:21:00,2026-07-15 20:12:30,28,NA,NA,-0.15,NA,NA,0.391,NA,NA,0.000376,NA,NA,0.0368,NA,NA,0.000175,NA,NA,0.365,NA,NA,0.365,NA,NA,0.364,"Insufficient data; maintenance","Insufficient data; maintenance","No issues",NA,NA,NA,NA,NA,NA,NA,NA,"Insufficient data",FALSE,NA
4,2026-07-15 20:26:40,2026-07-15 20:31:10,2026-07-15 20:22:40,28,NA,NA,-0.0082,NA,NA,0.00156,NA,NA,0.842,NA,NA,0.0407,NA,NA,0.000194,NA,NA,0.367,NA,NA,0.367,NA,NA,0.366,"Insufficient data; maintenance","Insufficient data; maintenance","No issues",NA,NA,NA,NA,NA,NA,NA,NA,"Insufficient data",FALSE,NA
8,2026-07-15 20:36:50,2026-07-15 20:41:20,2026-07-15 20:32:50,28,NA,NA,-0.285,NA,NA,0.714,NA,NA,1.52e-08,NA,NA,0.0353,NA,NA,0.000168,NA,NA,0.367,NA,NA,0.367,NA,NA,0.366,"Insufficient data; maintenance","Insufficient data; maintenance","No issues",NA,NA,NA,NA,NA,NA,NA,NA,"Insufficient data",FALSE,NA
5,2026-07-15 20:47:00,2026-07-15 20:51:30,2026-07-15 20:43:00,28,NA,NA,0.025,NA,NA,0.00815,NA,NA,0.648,NA,NA,0.054,NA,NA,0.000257,NA,NA,0.365,NA,NA,0.365,NA,NA,0.364,"Insufficient data; maintenance","Insufficient data; maintenance","No issues",NA,NA,NA,NA,NA,NA,NA,NA,"Insufficient data",FALSE,NA
9,2026-07-15 20:57:10,2026-07-15 21:01:40,2026-07-15 20:53:10,28,NA,NA,-0.186,NA,NA,0.612,NA,NA,8.84e-07,NA,NA,0.0291,NA,NA,0.000139,NA,NA,0.363,NA,NA,0.363,NA,NA,0.363,"Insufficient data; maintenance","Insufficient data; maintenance","No issues",NA,NA,NA,NA,NA,NA,NA,NA,"Insufficient data",FALSE,NA
12,2026-07-15 21:07:20,2026-07-15 21:11:50,2026-07-15 21:03:20,28,NA,NA,-0.0665,NA,NA,0.358,NA,NA,0.000771,NA,NA,0.0175,NA,NA,8.33e-05,NA,NA,0.363,NA,NA,0.363,NA,NA,0.363,"Insufficient data; maintenance","Insufficient data; maintenance","No issues",NA,NA,NA,NA,NA,NA,NA,NA,"Insufficient data",FALSE,NA
3,2026-07-15 21:17:30,2026-07-15 21:22:00,2026-07-15 21:13:30,28,NA,NA,-0.302,NA,NA,0.648,NA,NA,2.45e-07,NA,NA,0.0437,NA,NA,0.000209,NA,NA,0.367,NA,NA,0.367,NA,NA,0.366,"Insufficient data; maintenance","Insufficient data; maintenance","No issues",NA,NA,NA,NA,NA,NA,NA,NA,"Insufficient data",FALSE,NA
6,2026-07-15 21:27:40,2026-07-15 21:32:10,2026-07-15 21:23:40,28,NA,NA,-0.601,NA,NA,0.941,NA,NA,1.68e-17,NA,NA,0.0295,NA,NA,0.000141,NA,NA,0.368,NA,NA,0.368,NA,NA,0.366,"Insufficient data; maintenance","Insufficient data; maintenance","No issues",NA,NA,NA,NA,NA,NA,NA,NA,"Insufficient data",FALSE,NA
1,2026-07-15 21:37:50,2026-07-15 21:42:20,2026-07-15 21:33:50,28,NA,NA,-0.185,NA,NA,0.713,NA,NA,1.59e-08,NA,NA,0.023,NA,NA,0.00011,NA,NA,0.366,NA,NA,0.367,NA,NA,0.366,"Insufficient data; maintenance","Insufficient data; maintenance","No issues",NA,NA,NA,NA,NA,NA,NA,NA,"Insufficient data",FALSE,NA
7,2026-07-15 21:48:00,2026-07-15 21:52:30,2026-07-15 21:44:00,28,NA,NA,-0.238,NA,NA,0.706,NA,NA,2.26e-08,NA,NA,0.0301,NA,NA,0.000144,NA,NA,0.367,NA,NA,0.367,NA,NA,0.366,"Insufficient data; maintenance","Insufficient data; maintenance","No issues",NA,NA,NA,NA,NA,NA,NA,NA,"Insufficient data",FALSE,NA
10,2026-07-15 21:58:10,2026-07-15 22:02:40,2026-07-15 21:54:10,28,NA,NA,-0.5,NA,NA,0.939,NA,NA,2.62e-17,NA,NA,0.025,NA,NA,0.000119,NA,NA,0.369,NA,NA,0.369,NA,NA,0.367,"Insufficient data; maintenance","Insufficient data; maintenance","No issues",NA,NA,NA,NA,NA,NA,NA,NA,"Insufficient data",FALSE,NA
2,2026-07-15 22:08:20,2026-07-15 22:12:50,2026-07-15 22:04:20,28,NA,NA,-0.0765,NA,NA,0.189,NA,NA,0.0209,NA,NA,0.0311,NA,NA,0.000148,NA,NA,0.367,NA,NA,0.368,NA,NA,0.367,"Insufficient data; maintenance","Insufficient data; maintenance","No issues",NA,NA,NA,NA,NA,NA,NA,NA,"Insufficient data",FALSE,NA
11,2026-07-15 22:18:30,2026-07-15 22:23:00,2026-07-15 22:14:30,28,NA,NA,-0.194,NA,NA,0.489,NA,NA,3.5e-05,NA,NA,0.0389,NA,NA,0.000185,NA,NA,0.365,NA,NA,0.365,NA,NA,0.364,"Insufficient data; maintenance","Insufficient data; maintenance","No issues",NA,NA,NA,NA,NA,NA,NA,NA,"Insufficient data",FALSE,NA
4,2026-07-15 22:28:40,2026-07-15 22:33:10,2026-07-15 22:24:40,28,NA,NA,-0.255,NA,NA,0.469,NA,NA,5.84e-05,NA,NA,0.0533,NA,NA,0.000254,NA,NA,0.365,NA,NA,0.366,NA,NA,0.364,"Insufficient data; maintenance","Insufficient data; maintenance","No issues",NA,NA,NA,NA,NA,NA,NA,NA,"Insufficient data",FALSE,NA
8,2026-07-15 22:38:50,2026-07-15 22:43:20,2026-07-15 22:34:50,28,NA,NA,-0.142,NA,NA,0.279,NA,NA,0.00384,NA,NA,0.0448,NA,NA,0.000214,NA,NA,0.366,NA,NA,0.366,NA,NA,0.365,"Insufficient data; maintenance","Insufficient data; maintenance","No issues",NA,NA,NA,NA,NA,NA,NA,NA,"Insufficient data",FALSE,NA
5,2026-07-15 22:49:10,2026-07-15 22:53:30,2026-07-15 22:45:00,27,NA,NA,-0.0727,NA,NA,0.116,NA,NA,0.0816,NA,NA,0.0401,NA,NA,0.000181,NA,NA,0.363,NA,NA,0.364,NA,NA,0.363,"Insufficient data; maintenance","Insufficient data; maintenance","No issues",NA,NA,NA,NA,NA,NA,NA,NA,"Insufficient data",FALSE,NA
9,2026-07-15 22:59:20,2026-07-15 23:03:40,2026-07-15 22:55:10,27,NA,NA,-0.124,NA,NA,0.457,NA,NA,0.000108,NA,NA,0.027,NA,NA,0.000122,NA,NA,0.363,NA,NA,0.363,NA,NA,0.363,"Insufficient data; maintenance","Insufficient data; maintenance","No issues",NA,NA,NA,NA,NA,NA,NA,NA,"Insufficient data",FALSE,NA
12,2026-07-15 23:09:20,2026-07-15 23:13:50,2026-07-15 23:05:20,28,NA,NA,-0.112,NA,NA,0.466,NA,NA,6.22e-05,NA,NA,0.0236,NA,NA,0.000112,NA,NA,0.363,NA,NA,0.363,NA,NA,0.362,"Insufficient data; maintenance","Insufficient data; maintenance","No issues",NA,NA,NA,NA,NA,NA,NA,NA,"Insufficient data",FALSE,NA
3,2026-07-15 23:19:30,2026-07-15 23:24:00,2026-07-15 23:15:30,28,NA,NA,-0.199,NA,NA,0.568,NA,NA,3.65e-06,NA,NA,0.034,NA,NA,0.000162,NA,NA,0.366,NA,NA,0.367,NA,NA,0.366,"Insufficient data; maintenance","Insufficient data; maintenance","No issues",NA,NA,NA,NA,NA,NA,NA,NA,"Insufficient data",FALSE,NA
6,2026-07-15 23:29:40,2026-07-15 23:34:10,2026-07-15 23:25:40,28,NA,NA,-0.488,NA,NA,0.899,NA,NA,1.95e-14,NA,NA,0.0321,NA,NA,0.000153,NA,NA,0.368,NA,NA,0.368,NA,NA,0.366,"Insufficient data; maintenance","Insufficient data; maintenance","No issues",NA,NA,NA,NA,NA,NA,NA,NA,"Insufficient data",FALSE,NA
1,2026-07-15 23:39:50,2026-07-15 23:44:20,2026-07-15 23:35:50,28,NA,NA,-0.167,NA,NA,0.574,NA,NA,3.03e-06,NA,NA,0.0283,NA,NA,0.000135,NA,NA,0.366,NA,NA,0.366,NA,NA,0.365,"Insufficient data; maintenance","Insufficient data; maintenance","No issues",NA,NA,NA,NA,NA,NA,NA,NA,"Insufficient data",FALSE,NA
7,2026-07-15 23:50:00,2026-07-15 23:54:30,2026-07-15 23:46:00,28,NA,NA,-0.248,NA,NA,0.622,NA,NA,6.13e-07,NA,NA,0.0379,NA,NA,0.000181,NA,NA,0.367,NA,NA,0.367,NA,NA,0.366,"Insufficient data; maintenance","Insufficient data; maintenance","No issues",NA,NA,NA,NA,NA,NA,NA,NA,"Insufficient data",FALSE,NA
10,2026-07-16 00:00:10,2026-07-16 00:04:40,2026-07-15 23:56:10,28,NA,NA,-0.336,NA,NA,0.874,NA,NA,3.5e-13,NA,NA,0.0251,NA,NA,0.00012,NA,NA,0.367,NA,NA,0.368,NA,NA,0.366,"Insufficient data; maintenance","Insufficient data; maintenance","No issues",NA,NA,NA,NA,NA,NA,NA,NA,"Insufficient data",FALSE,NA
2,2026-07-16 00:10:20,2026-07-16 00:14:50,2026-07-16 00:06:20,28,NA,NA,-0.0587,NA,NA,0.108,NA,NA,0.0882,NA,NA,0.0332,NA,NA,0.000158,NA,NA,0.366,NA,NA,0.366,NA,NA,0.366,"Insufficient data; maintenance","Insufficient data; maintenance","No issues",NA,NA,NA,NA,NA,NA,NA,NA,"Insufficient data",FALSE,NA
11,2026-07-16 00:20:30,2026-07-16 00:25:00,2026-07-16 00:16:30,28,NA,NA,-0.224,NA,NA,0.481,NA,NA,4.25e-05,NA,NA,0.0457,NA,NA,0.000218,NA,NA,0.364,NA,NA,0.365,NA,NA,0.363,"Insufficient data; maintenance","Insufficient data; maintenance","No issues",NA,NA,NA,NA,NA,NA,NA,NA,"Insufficient data",FALSE,NA
4,2026-07-16 00:30:40,2026-07-16 00:35:10,2026-07-16 00:26:40,28,NA,NA,-0.0643,NA,NA,0.099,NA,NA,0.103,NA,NA,0.038,NA,NA,0.000181,NA,NA,0.365,NA,NA,0.365,NA,NA,0.364,"Insufficient data; maintenance","Insufficient data; maintenance","No issues",NA,NA,NA,NA,NA,NA,NA,NA,"Insufficient data",FALSE,NA
8,2026-07-16 00:40:50,2026-07-16 00:45:20,2026-07-16 00:36:50,28,NA,NA,-0.219,NA,NA,0.587,NA,NA,2e-06,NA,NA,0.036,NA,NA,0.000172,NA,NA,0.366,NA,NA,0.366,NA,NA,0.364,"Insufficient data; maintenance","Insufficient data; maintenance","No issues",NA,NA,NA,NA,NA,NA,NA,NA,"Insufficient data",FALSE,NA
5,2026-07-16 00:51:00,2026-07-16 00:55:30,2026-07-16 00:47:00,28,NA,NA,-0.0903,NA,NA,0.394,NA,NA,0.000347,NA,NA,0.022,NA,NA,0.000105,NA,NA,0.364,NA,NA,0.364,NA,NA,0.364,"Insufficient data; maintenance","Insufficient data; maintenance","No issues",NA,NA,NA,NA,NA,NA,NA,NA,"Insufficient data",FALSE,NA
9,2026-07-16 01:01:10,2026-07-16 01:05:40,2026-07-16 00:57:10,28,NA,NA,-0.0808,NA,NA,0.132,NA,NA,0.0571,NA,NA,0.0406,NA,NA,0.000193,NA,NA,0.364,NA,NA,0.364,NA,NA,0.363,"Insufficient data; maintenance","Insufficient data; maintenance","No issues",NA,NA,NA,NA,NA,NA,NA,NA,"Insufficient data",FALSE,NA
12,2026-07-16 01:11:20,2026-07-16 01:15:50,2026-07-16 01:07:20,28,NA,NA,-0.0435,NA,NA,0.0874,NA,NA,0.127,NA,NA,0.0275,NA,NA,0.000131,NA,NA,0.364,NA,NA,0.364,NA,NA,0.364,"Insufficient data; maintenance","Insufficient data; maintenance","No issues",NA,NA,NA,NA,NA,NA,NA,NA,"Insufficient data",FALSE,NA
3,2026-07-16 01:21:30,2026-07-16 01:26:00,2026-07-16 01:17:30,28,NA,NA,-0.197,NA,NA,0.429,NA,NA,0.000154,NA,NA,0.0446,NA,NA,0.000213,NA,NA,0.367,NA,NA,0.367,NA,NA,0.366,"Insufficient data; maintenance","Insufficient data; maintenance","No issues",NA,NA,NA,NA,NA,NA,NA,NA,"Insufficient data",FALSE,NA
6,2026-07-16 01:31:40,2026-07-16 01:36:10,2026-07-16 01:27:40,28,NA,NA,-0.556,NA,NA,0.917,NA,NA,1.42e-15,NA,NA,0.0328,NA,NA,0.000156,NA,NA,0.367,NA,NA,0.368,NA,NA,0.366,"Insufficient data; maintenance","Insufficient data; maintenance","No issues",NA,NA,NA,NA,NA,NA,NA,NA,"Insufficient data",FALSE,NA
1,2026-07-16 01:41:50,2026-07-16 01:46:20,2026-07-16 01:37:50,28,NA,NA,-0.155,NA,NA,0.641,NA,NA,3.1e-07,NA,NA,0.0228,NA,NA,0.000109,NA,NA,0.365,NA,NA,0.365,NA,NA,0.364,"Insufficient data; maintenance","Insufficient data; maintenance","No issues",NA,NA,NA,NA,NA,NA,NA,NA,"Insufficient data",FALSE,NA
7,2026-07-16 01:52:00,2026-07-16 01:56:30,2026-07-16 01:48:00,28,NA,NA,-0.288,NA,NA,0.746,NA,NA,3.26e-09,NA,NA,0.033,NA,NA,0.000157,NA,NA,0.366,NA,NA,0.366,NA,NA,0.365,"Insufficient data; maintenance","Insufficient data; maintenance","No issues",NA,NA,NA,NA,NA,NA,NA,NA,"Insufficient data",FALSE,NA
10,2026-07-16 02:02:10,2026-07-16 02:06:40,2026-07-16 01:58:10,28,NA,NA,-0.475,NA,NA,0.896,NA,NA,2.79e-14,NA,NA,0.0318,NA,NA,0.000151,NA,NA,0.367,NA,NA,0.367,NA,NA,0.365,"Insufficient data; maintenance","Insufficient data; maintenance","No issues",NA,NA,NA,NA,NA,NA,NA,NA,"Insufficient data",FALSE,NA
2,2026-07-16 02:12:20,2026-07-16 02:16:50,2026-07-16 02:08:20,28,NA,NA,-0.0757,NA,NA,0.271,NA,NA,0.00452,NA,NA,0.0243,NA,NA,0.000116,NA,NA,0.366,NA,NA,0.366,NA,NA,0.366,"Insufficient data; maintenance","Insufficient data; maintenance","No issues",NA,NA,NA,NA,NA,NA,NA,NA,"Insufficient data",FALSE,NA
11,2026-07-16 02:22:30,2026-07-16 02:27:00,2026-07-16 02:18:30,28,NA,NA,-0.0448,NA,NA,0.0536,NA,NA,0.236,NA,NA,0.0369,NA,NA,0.000176,NA,NA,0.364,NA,NA,0.364,NA,NA,0.363,"Insufficient data; maintenance","Insufficient data; maintenance","No issues",NA,NA,NA,NA,NA,NA,NA,NA,"Insufficient data",FALSE,NA
4,2026-07-16 02:32:40,2026-07-16 02:37:10,2026-07-16 02:28:40,28,NA,NA,-0.0725,NA,NA,0.177,NA,NA,0.0259,NA,NA,0.0307,NA,NA,0.000146,NA,NA,0.364,NA,NA,0.364,NA,NA,0.363,"Insufficient data; maintenance","Insufficient data; maintenance","No issues",NA,NA,NA,NA,NA,NA,NA,NA,"Insufficient data",FALSE,NA
8,2026-07-16 02:42:50,2026-07-16 02:47:20,2026-07-16 02:38:50,28,NA,NA,-0.149,NA,NA,0.553,NA,NA,5.83e-06,NA,NA,0.0263,NA,NA,0.000126,NA,NA,0.365,NA,NA,0.365,NA,NA,0.364,"Insufficient data; maintenance","Insufficient data; maintenance","No issues",NA,NA,NA,NA,NA,NA,NA,NA,"Insufficient data",FALSE,NA
5,2026-07-16 02:53:00,2026-07-16 02:57:30,2026-07-16 02:49:00,28,NA,NA,-0.0707,NA,NA,0.126,NA,NA,0.0633,NA,NA,0.0364,NA,NA,0.000174,NA,NA,0.364,NA,NA,0.364,NA,NA,0.363,"Insufficient data; maintenance","Insufficient data; maintenance","No issues",NA,NA,NA,NA,NA,NA,NA,NA,"Insufficient data",FALSE,NA
9,2026-07-16 03:03:10,2026-07-16 03:07:40,2026-07-16 02:59:10,28,NA,NA,-0.112,NA,NA,0.266,NA,NA,0.005,NA,NA,0.0364,NA,NA,0.000173,NA,NA,0.363,NA,NA,0.364,NA,NA,0.363,"Insufficient data; maintenance","Insufficient data; maintenance","No issues",NA,NA,NA,NA,NA,NA,NA,NA,"Insufficient data",FALSE,NA
12,2026-07-16 03:13:20,2026-07-16 03:17:50,2026-07-16 03:09:20,28,NA,NA,-0.0967,NA,NA,0.219,NA,NA,0.012,NA,NA,0.0358,NA,NA,0.000171,NA,NA,0.364,NA,NA,0.364,NA,NA,0.363,"Insufficient data; maintenance","Insufficient data; maintenance","No issues",NA,NA,NA,NA,NA,NA,NA,NA,"Insufficient data",FALSE,NA
3,2026-07-16 03:23:30,2026-07-16 03:28:00,2026-07-16 03:19:30,28,NA,NA,-0.203,NA,NA,0.73,NA,NA,7.33e-09,NA,NA,0.0243,NA,NA,0.000116,NA,NA,0.365,NA,NA,0.366,NA,NA,0.365,"Insufficient data; maintenance","Insufficient data; maintenance","No issues",NA,NA,NA,NA,NA,NA,NA,NA,"Insufficient data",FALSE,NA
6,2026-07-16 03:33:40,2026-07-16 03:38:10,2026-07-16 03:29:40,28,NA,NA,-0.492,NA,NA,0.799,NA,NA,1.47e-10,NA,NA,0.0484,NA,NA,0.000231,NA,NA,0.366,NA,NA,0.366,NA,NA,0.365,"Insufficient data; maintenance","Insufficient data; maintenance","No issues",NA,NA,NA,NA,NA,NA,NA,NA,"Insufficient data",FALSE,NA
1,2026-07-16 03:43:50,2026-07-16 03:48:20,2026-07-16 03:39:50,28,NA,NA,-0.209,NA,NA,0.612,NA,NA,8.81e-07,NA,NA,0.0326,NA,NA,0.000156,NA,NA,0.364,NA,NA,0.364,NA,NA,0.363,"Insufficient data; maintenance","Insufficient data; maintenance","No issues",NA,NA,NA,NA,NA,NA,NA,NA,"Insufficient data",FALSE,NA
7,2026-07-16 03:54:10,2026-07-16 03:58:30,2026-07-16 03:50:00,27,NA,NA,-0.245,NA,NA,0.584,NA,NA,3.54e-06,NA,NA,0.0414,NA,NA,0.000187,NA,NA,0.365,NA,NA,0.365,NA,NA,0.364,"Insufficient data; maintenance","Insufficient data; maintenance","No issues",NA,NA,NA,NA,NA,NA,NA,NA,"Insufficient data",FALSE,NA
10,2026-07-16 04:04:20,2026-07-16 04:08:40,2026-07-16 04:00:10,27,NA,NA,-0.418,NA,NA,0.793,NA,NA,5e-10,NA,NA,0.0427,NA,NA,0.000192,NA,NA,0.366,NA,NA,0.366,NA,NA,0.364,"Insufficient data; maintenance","Insufficient data; maintenance","No issues",NA,NA,NA,NA,NA,NA,NA,NA,"Insufficient data",FALSE,NA
2,2026-07-16 04:14:20,2026-07-16 04:18:50,2026-07-16 04:10:20,28,NA,NA,-0.0812,NA,NA,0.125,NA,NA,0.0646,NA,NA,0.042,NA,NA,2e-04,NA,NA,0.365,NA,NA,0.365,NA,NA,0.364,"Insufficient data; maintenance","Insufficient data; maintenance","No issues",NA,NA,NA,NA,NA,NA,NA,NA,"Insufficient data",FALSE,NA
11,2026-07-16 04:24:30,2026-07-16 04:29:00,2026-07-16 04:20:30,28,NA,NA,-0.0687,NA,NA,0.219,NA,NA,0.0121,NA,NA,0.0255,NA,NA,0.000121,NA,NA,0.363,NA,NA,0.363,NA,NA,0.363,"Insufficient data; maintenance","Insufficient data; maintenance","No issues",NA,NA,NA,NA,NA,NA,NA,NA,"Insufficient data",FALSE,NA
4,2026-07-16 04:34:40,2026-07-16 04:39:10,2026-07-16 04:30:40,28,NA,NA,-0.139,NA,NA,0.284,NA,NA,0.00353,NA,NA,0.0434,NA,NA,0.000207,NA,NA,0.364,NA,NA,0.364,NA,NA,0.363,"Insufficient data; maintenance","Insufficient data; maintenance","No issues",NA,NA,NA,NA,NA,NA,NA,NA,"Insufficient data",FALSE,NA
8,2026-07-16 04:44:50,2026-07-16 04:49:20,2026-07-16 04:40:50,28,NA,NA,-0.205,NA,NA,0.417,NA,NA,0.000208,NA,NA,0.0476,NA,NA,0.000227,NA,NA,0.366,NA,NA,0.366,NA,NA,0.364,"Insufficient data; maintenance","Insufficient data; maintenance","No issues",NA,NA,NA,NA,NA,NA,NA,NA,"Insufficient data",FALSE,NA
5,2026-07-16 04:55:00,2026-07-16 04:59:30,2026-07-16 04:51:00,28,NA,NA,-0.0654,NA,NA,0.0567,NA,NA,0.223,NA,NA,0.0524,NA,NA,0.00025,NA,NA,0.365,NA,NA,0.365,NA,NA,0.364,"Insufficient data; maintenance","Insufficient data; maintenance","No issues",NA,NA,NA,NA,NA,NA,NA,NA,"Insufficient data",FALSE,NA
9,2026-07-16 05:05:10,2026-07-16 05:09:40,2026-07-16 05:01:10,28,NA,NA,-0.0896,NA,NA,0.28,NA,NA,0.00379,NA,NA,0.0282,NA,NA,0.000134,NA,NA,0.366,NA,NA,0.366,NA,NA,0.365,"Insufficient data; maintenance","Insufficient data; maintenance","No issues",NA,NA,NA,NA,NA,NA,NA,NA,"Insufficient data",FALSE,NA
12,2026-07-16 05:15:20,2026-07-16 05:19:50,2026-07-16 05:11:20,28,NA,NA,-0.0481,NA,NA,0.0986,NA,NA,0.104,NA,NA,0.0285,NA,NA,0.000136,NA,NA,0.365,NA,NA,0.365,NA,NA,0.364,"Insufficient data; maintenance","Insufficient data; maintenance","No issues",NA,NA,NA,NA,NA,NA,NA,NA,"Insufficient data",FALSE,NA
3,2026-07-16 05:25:30,2026-07-16 05:30:00,2026-07-16 05:21:30,28,NA,NA,-0.201,NA,NA,0.717,NA,NA,1.38e-08,NA,NA,0.0247,NA,NA,0.000118,NA,NA,0.366,NA,NA,0.366,NA,NA,0.366,"Insufficient data; maintenance","Insufficient data; maintenance","No issues",NA,NA,NA,NA,NA,NA,NA,NA,"Insufficient data",FALSE,NA
6,2026-07-16 05:35:40,2026-07-16 05:40:10,2026-07-16 05:31:40,28,NA,NA,-0.455,NA,NA,0.795,NA,NA,1.98e-10,NA,NA,0.0454,NA,NA,0.000216,NA,NA,0.367,NA,NA,0.367,NA,NA,0.366,"Insufficient data; maintenance","Insufficient data; maintenance","No issues",NA,NA,NA,NA,NA,NA,NA,NA,"Insufficient data",FALSE,NA
1,2026-07-16 05:45:50,2026-07-16 05:50:20,2026-07-16 05:41:50,28,NA,NA,-0.113,NA,NA,0.252,NA,NA,0.00649,NA,NA,0.0381,NA,NA,0.000181,NA,NA,0.364,NA,NA,0.365,NA,NA,0.364,"Insufficient data; maintenance","Insufficient data; maintenance","No issues",NA,NA,NA,NA,NA,NA,NA,NA,"Insufficient data",FALSE,NA
7,2026-07-16 05:56:00,2026-07-16 06:00:30,2026-07-16 05:52:00,28,NA,NA,-0.218,NA,NA,0.661,NA,NA,1.45e-07,NA,NA,0.0306,NA,NA,0.000146,NA,NA,0.365,NA,NA,0.365,NA,NA,0.364,"Insufficient data; maintenance","Insufficient data; maintenance","No issues",NA,NA,NA,NA,NA,NA,NA,NA,"Insufficient data",FALSE,NA
10,2026-07-16 06:06:10,2026-07-16 06:10:40,2026-07-16 06:02:10,28,NA,NA,-0.295,NA,NA,0.863,NA,NA,1.02e-12,NA,NA,0.0231,NA,NA,0.00011,NA,NA,0.366,NA,NA,0.366,NA,NA,0.365,"Insufficient data; maintenance","Insufficient data; maintenance","No issues",NA,NA,NA,NA,NA,NA,NA,NA,"Insufficient data",FALSE,NA
2,2026-07-16 06:16:20,2026-07-16 06:20:50,2026-07-16 06:12:20,28,NA,NA,0.0111,NA,NA,0.00518,NA,NA,0.716,NA,NA,0.0303,NA,NA,0.000144,NA,NA,0.365,NA,NA,0.366,NA,NA,0.365,"Insufficient data; maintenance","Insufficient data; maintenance","No issues",NA,NA,NA,NA,NA,NA,NA,NA,"Insufficient data",FALSE,NA
11,2026-07-16 06:26:30,2026-07-16 06:31:00,2026-07-16 06:22:30,28,NA,NA,0.0206,NA,NA,0.0133,NA,NA,0.56,NA,NA,0.0349,NA,NA,0.000166,NA,NA,0.364,NA,NA,0.364,NA,NA,0.363,"Insufficient data; maintenance","Insufficient data; maintenance","No issues",NA,NA,NA,NA,NA,NA,NA,NA,"Insufficient data",FALSE,NA
4,2026-07-16 06:36:40,2026-07-16 06:41:10,2026-07-16 06:32:40,28,NA,NA,-0.121,NA,NA,0.476,NA,NA,4.88e-05,NA,NA,0.0249,NA,NA,0.000119,NA,NA,0.365,NA,NA,0.365,NA,NA,0.364,"Insufficient data; maintenance","Insufficient data; maintenance","No issues",NA,NA,NA,NA,NA,NA,NA,NA,"Insufficient data",FALSE,NA
8,2026-07-16 06:46:50,2026-07-16 06:51:20,2026-07-16 06:42:50,28,NA,NA,-0.108,NA,NA,0.263,NA,NA,0.00523,NA,NA,0.0355,NA,NA,0.000169,NA,NA,0.367,NA,NA,0.367,NA,NA,0.366,"Insufficient data; maintenance","Insufficient data; maintenance","No issues",NA,NA,NA,NA,NA,NA,NA,NA,"Insufficient data",FALSE,NA
5,2026-07-16 06:57:00,2026-07-16 07:01:30,2026-07-16 06:53:00,28,NA,NA,-0.226,NA,NA,0.647,NA,NA,2.5e-07,NA,NA,0.0327,NA,NA,0.000156,NA,NA,0.365,NA,NA,0.366,NA,NA,0.365,"Insufficient data; maintenance","Insufficient data; maintenance","No issues",NA,NA,NA,NA,NA,NA,NA,NA,"Insufficient data",FALSE,NA
9,2026-07-16 07:07:10,2026-07-16 07:11:40,2026-07-16 07:03:10,28,NA,NA,-0.04,NA,NA,0.0652,NA,NA,0.19,NA,NA,0.0297,NA,NA,0.000141,NA,NA,0.365,NA,NA,0.365,NA,NA,0.364,"Insufficient data; maintenance","Insufficient data; maintenance","No issues",NA,NA,NA,NA,NA,NA,NA,NA,"Insufficient data",FALSE,NA
12,2026-07-16 07:17:20,2026-07-16 07:21:50,2026-07-16 07:13:20,28,NA,NA,0.00743,NA,NA,0.00131,NA,NA,0.855,NA,NA,0.0403,NA,NA,0.000192,NA,NA,0.365,NA,NA,0.365,NA,NA,0.364,"Insufficient data; maintenance","Insufficient data; maintenance","No issues",NA,NA,NA,NA,NA,NA,NA,NA,"Insufficient data",FALSE,NA
3,2026-07-16 07:27:30,2026-07-16 07:32:00,2026-07-16 07:23:30,28,NA,NA,-0.659,NA,NA,0.915,NA,NA,2e-15,NA,NA,0.0394,NA,NA,0.000188,NA,NA,0.368,NA,NA,0.368,NA,NA,0.366,"Insufficient data; maintenance","Insufficient data; maintenance","No issues",NA,NA,NA,NA,NA,NA,NA,NA,"Insufficient data",FALSE,NA
6,2026-07-16 07:37:40,2026-07-16 07:42:10,2026-07-16 07:33:40,28,NA,NA,-0.677,NA,NA,0.895,NA,NA,2.93e-14,NA,NA,0.0454,NA,NA,0.000216,NA,NA,0.368,NA,NA,0.368,NA,NA,0.366,"Insufficient data; maintenance","Insufficient data; maintenance","No issues",NA,NA,NA,NA,NA,NA,NA,NA,"Insufficient data",FALSE,NA
1,2026-07-16 07:47:50,2026-07-16 07:52:20,2026-07-16 07:43:50,28,NA,NA,-0.218,NA,NA,0.317,NA,NA,0.00181,NA,NA,0.0626,NA,NA,0.000299,NA,NA,0.365,NA,NA,0.365,NA,NA,0.364,"Insufficient data; maintenance","Insufficient data; maintenance","No issues",NA,NA,NA,NA,NA,NA,NA,NA,"Insufficient data",FALSE,NA
7,2026-07-16 07:58:00,2026-07-16 08:02:30,2026-07-16 07:54:00,28,NA,NA,-0.455,NA,NA,0.742,NA,NA,3.89e-09,NA,NA,0.0525,NA,NA,0.00025,NA,NA,0.367,NA,NA,0.367,NA,NA,0.365,"Insufficient data; maintenance","Insufficient data; maintenance","No issues",NA,NA,NA,NA,NA,NA,NA,NA,"Insufficient data",FALSE,NA
10,2026-07-16 08:08:10,2026-07-16 08:12:40,2026-07-16 08:04:10,28,NA,NA,-0.742,NA,NA,0.903,NA,NA,1.06e-14,NA,NA,0.0477,NA,NA,0.000227,NA,NA,0.369,NA,NA,0.369,NA,NA,0.366,"Insufficient data; maintenance","Insufficient data; maintenance","No issues",NA,NA,NA,NA,NA,NA,NA,NA,"Insufficient data",FALSE,NA
2,2026-07-16 08:18:20,2026-07-16 08:22:50,2026-07-16 08:14:20,28,NA,NA,-0.256,NA,NA,0.621,NA,NA,6.31e-07,NA,NA,0.0392,NA,NA,0.000187,NA,NA,0.367,NA,NA,0.367,NA,NA,0.366,"Insufficient data; maintenance","Insufficient data; maintenance","No issues",NA,NA,NA,NA,NA,NA,NA,NA,"Insufficient data",FALSE,NA
11,2026-07-16 08:28:30,2026-07-16 08:33:00,2026-07-16 08:24:30,28,NA,NA,-0.596,NA,NA,0.928,NA,NA,2.1e-16,NA,NA,0.0325,NA,NA,0.000155,NA,NA,0.366,NA,NA,0.366,NA,NA,0.364,"Insufficient data; maintenance","Insufficient data; maintenance","No issues",NA,NA,NA,NA,NA,NA,NA,NA,"Insufficient data",FALSE,NA
4,2026-07-16 08:38:40,2026-07-16 08:43:10,2026-07-16 08:34:40,28,NA,NA,-0.279,NA,NA,0.703,NA,NA,2.55e-08,NA,NA,0.0355,NA,NA,0.000169,NA,NA,0.364,NA,NA,0.364,NA,NA,0.363,"Insufficient data; maintenance","Insufficient data; maintenance","No issues",NA,NA,NA,NA,NA,NA,NA,NA,"Insufficient data",FALSE,NA
8,2026-07-16 08:48:50,2026-07-16 08:53:20,2026-07-16 08:44:50,28,NA,NA,-0.188,NA,NA,0.306,NA,NA,0.00225,NA,NA,0.0554,NA,NA,0.000264,NA,NA,0.37,NA,NA,0.37,NA,NA,0.369,"Insufficient data; maintenance","Insufficient data; maintenance","No issues",NA,NA,NA,NA,NA,NA,NA,NA,"Insufficient data",FALSE,NA
5,2026-07-16 08:59:10,2026-07-16 09:03:30,2026-07-16 08:55:00,27,NA,NA,-0.469,NA,NA,0.882,NA,NA,4.03e-13,NA,NA,0.0343,NA,NA,0.000155,NA,NA,0.364,NA,NA,0.364,NA,NA,0.363,"Insufficient data; maintenance","Insufficient data; maintenance","No issues",NA,NA,NA,NA,NA,NA,NA,NA,"Insufficient data",FALSE,NA
9,2026-07-16 09:09:20,2026-07-16 09:13:40,2026-07-16 09:05:10,27,NA,NA,-0.243,NA,NA,0.684,NA,NA,1.03e-07,NA,NA,0.033,NA,NA,0.000149,NA,NA,0.363,NA,NA,0.363,NA,NA,0.362,"Insufficient data; maintenance","Insufficient data; maintenance","No issues",NA,NA,NA,NA,NA,NA,NA,NA,"Insufficient data",FALSE,NA
12,2026-07-16 09:19:20,2026-07-16 09:23:50,2026-07-16 09:15:20,28,NA,NA,0.0299,NA,NA,0.0488,NA,NA,0.258,NA,NA,0.0259,NA,NA,0.000123,NA,NA,0.364,NA,NA,0.364,NA,NA,0.363,"Insufficient data; maintenance","Insufficient data; maintenance","No issues",NA,NA,NA,NA,NA,NA,NA,NA,"Insufficient data",FALSE,NA
3,2026-07-16 09:29:30,2026-07-16 09:34:00,2026-07-16 09:25:30,28,NA,NA,-0.739,NA,NA,0.914,NA,NA,2.12e-15,NA,NA,0.0443,NA,NA,0.000211,NA,NA,0.368,NA,NA,0.369,NA,NA,0.366,"Insufficient data; maintenance","Insufficient data; maintenance","No issues",NA,NA,NA,NA,NA,NA,NA,NA,"Insufficient data",FALSE,NA
6,2026-07-16 09:39:40,2026-07-16 09:44:10,2026-07-16 09:35:40,28,NA,NA,-1.35,NA,NA,0.979,NA,NA,1.97e-23,NA,NA,0.0386,NA,NA,0.000184,NA,NA,0.371,NA,NA,0.371,NA,NA,0.367,"Insufficient data; maintenance","Insufficient data; maintenance","No issues",NA,NA,NA,NA,NA,NA,NA,NA,"Insufficient data",FALSE,NA
1,2026-07-16 09:49:50,2026-07-16 09:54:20,2026-07-16 09:45:50,28,NA,NA,-0.532,NA,NA,0.87,NA,NA,4.82e-13,NA,NA,0.0403,NA,NA,0.000192,NA,NA,0.364,NA,NA,0.364,NA,NA,0.363,"Insufficient data; maintenance","Insufficient data; maintenance","No issues",NA,NA,NA,NA,NA,NA,NA,NA,"Insufficient data",FALSE,NA
7,2026-07-16 10:00:00,2026-07-16 10:04:30,2026-07-16 09:56:00,28,NA,NA,-0.698,NA,NA,0.941,NA,NA,1.51e-17,NA,NA,0.0341,NA,NA,0.000163,NA,NA,0.368,NA,NA,0.368,NA,NA,0.366,"Insufficient data; maintenance","Insufficient data; maintenance","No issues",NA,NA,NA,NA,NA,NA,NA,NA,"Insufficient data",FALSE,NA
10,2026-07-16 10:10:10,2026-07-16 10:14:40,2026-07-16 10:06:10,28,NA,NA,-1.11,NA,NA,0.958,NA,NA,1.91e-19,NA,NA,0.0457,NA,NA,0.000218,NA,NA,0.371,NA,NA,0.371,NA,NA,0.367,"Insufficient data; maintenance","Insufficient data; maintenance","No issues",NA,NA,NA,NA,NA,NA,NA,NA,"Insufficient data",FALSE,NA
2,2026-07-16 10:20:20,2026-07-16 10:24:50,2026-07-16 10:16:20,28,NA,NA,-0.211,NA,NA,0.411,NA,NA,0.000239,NA,NA,0.0495,NA,NA,0.000236,NA,NA,0.366,NA,NA,0.367,NA,NA,0.365,"Insufficient data; maintenance","Insufficient data; maintenance","No issues",NA,NA,NA,NA,NA,NA,NA,NA,"Insufficient data",FALSE,NA
11,2026-07-16 10:30:30,2026-07-16 10:35:00,2026-07-16 10:26:30,28,NA,NA,-0.285,NA,NA,0.687,NA,NA,5.05e-08,NA,NA,0.0377,NA,NA,0.00018,NA,NA,0.364,NA,NA,0.364,NA,NA,0.363,"Insufficient data; maintenance","Insufficient data; maintenance","No issues",NA,NA,NA,NA,NA,NA,NA,NA,"Insufficient data",FALSE,NA
4,2026-07-16 10:40:40,2026-07-16 10:45:10,2026-07-16 10:36:40,28,NA,NA,-0.171,NA,NA,0.482,NA,NA,4.12e-05,NA,NA,0.0348,NA,NA,0.000166,NA,NA,0.362,NA,NA,0.362,NA,NA,0.361,"Insufficient data; maintenance","Insufficient data; maintenance","No issues",NA,NA,NA,NA,NA,NA,NA,NA,"Insufficient data",FALSE,NA
8,2026-07-16 10:50:50,2026-07-16 10:55:20,2026-07-16 10:46:50,28,NA,NA,-0.316,NA,NA,0.806,NA,NA,9.46e-11,NA,NA,0.0304,NA,NA,0.000145,NA,NA,0.371,NA,NA,0.371,NA,NA,0.37,"Insufficient data; maintenance","Insufficient data; maintenance","No issues",NA,NA,NA,NA,NA,NA,NA,NA,"Insufficient data",FALSE,NA
5,2026-07-16 11:01:00,2026-07-16 11:05:30,2026-07-16 10:57:00,28,NA,NA,-0.52,NA,NA,0.892,NA,NA,4.48e-14,NA,NA,0.0355,NA,NA,0.000169,NA,NA,0.363,NA,NA,0.363,NA,NA,0.361,"Insufficient data; maintenance","Insufficient data; maintenance","No issues",NA,NA,NA,NA,NA,NA,NA,NA,"Insufficient data",FALSE,NA
9,2026-07-16 11:11:10,2026-07-16 11:15:40,2026-07-16 11:07:10,28,NA,NA,-0.182,NA,NA,0.36,NA,NA,0.000733,NA,NA,0.0476,NA,NA,0.000227,NA,NA,0.362,NA,NA,0.362,NA,NA,0.361,"Insufficient data; maintenance","Insufficient data; maintenance","No issues",NA,NA,NA,NA,NA,NA,NA,NA,"Insufficient data",FALSE,NA
12,2026-07-16 11:21:20,2026-07-16 11:25:50,2026-07-16 11:17:20,28,NA,NA,0.114,NA,NA,0.375,NA,NA,0.000538,NA,NA,0.0289,NA,NA,0.000138,NA,NA,0.363,NA,NA,0.364,NA,NA,0.363,"Insufficient data; maintenance","Insufficient data; maintenance","No issues",NA,NA,NA,NA,NA,NA,NA,NA,"Insufficient data",FALSE,NA
3,2026-07-16 11:31:30,2026-07-16 11:36:00,2026-07-16 11:27:30,28,NA,NA,-0.743,NA,NA,0.893,NA,NA,3.8e-14,NA,NA,0.0504,NA,NA,0.00024,NA,NA,0.368,NA,NA,0.368,NA,NA,0.366,"Insufficient data; maintenance","Insufficient data; maintenance","No issues",NA,NA,NA,NA,NA,NA,NA,NA,"Insufficient data",FALSE,NA
6,2026-07-16 11:41:40,2026-07-16 11:46:10,2026-07-16 11:37:40,28,NA,NA,-1.55,NA,NA,0.965,NA,NA,2.12e-20,NA,NA,0.0581,NA,NA,0.000277,NA,NA,0.373,NA,NA,0.373,NA,NA,0.368,"Insufficient data; maintenance","Insufficient data; maintenance","No issues",NA,NA,NA,NA,NA,NA,NA,NA,"Insufficient data",FALSE,NA
1,2026-07-16 11:51:50,2026-07-16 11:56:20,2026-07-16 11:47:50,28,NA,NA,-0.471,NA,NA,0.77,NA,NA,9.04e-10,NA,NA,0.0506,NA,NA,0.000241,NA,NA,0.364,NA,NA,0.364,NA,NA,0.363,"Insufficient data; maintenance","Insufficient data; maintenance","No issues",NA,NA,NA,NA,NA,NA,NA,NA,"Insufficient data",FALSE,NA
7,2026-07-16 12:02:00,2026-07-16 12:06:30,2026-07-16 11:58:00,28,NA,NA,-0.81,NA,NA,0.937,NA,NA,3.71e-17,NA,NA,0.0411,NA,NA,0.000196,NA,NA,0.37,NA,NA,0.37,NA,NA,0.368,"Insufficient data; maintenance","Insufficient data; maintenance","No issues",NA,NA,NA,NA,NA,NA,NA,NA,"Insufficient data",FALSE,NA
10,2026-07-16 12:12:10,2026-07-16 12:16:40,2026-07-16 12:08:10,28,NA,NA,-1.39,NA,NA,0.949,NA,NA,2.34e-18,NA,NA,0.0632,NA,NA,0.000301,NA,NA,0.372,NA,NA,0.373,NA,NA,0.368,"Insufficient data; maintenance","Insufficient data; maintenance","No issues",NA,NA,NA,NA,NA,NA,NA,NA,"Insufficient data",FALSE,NA
2,2026-07-16 12:22:20,2026-07-16 12:26:50,2026-07-16 12:18:20,28,NA,NA,-0.189,NA,NA,0.425,NA,NA,0.00017,NA,NA,0.0432,NA,NA,0.000206,NA,NA,0.367,NA,NA,0.368,NA,NA,0.367,"Insufficient data; maintenance","Insufficient data; maintenance","No issues",NA,NA,NA,NA,NA,NA,NA,NA,"Insufficient data",FALSE,NA
11,2026-07-16 12:32:30,2026-07-16 12:37:00,2026-07-16 12:28:30,28,NA,NA,-0.383,NA,NA,0.688,NA,NA,4.85e-08,NA,NA,0.0506,NA,NA,0.000241,NA,NA,0.363,NA,NA,0.364,NA,NA,0.362,"Insufficient data; maintenance","Insufficient data; maintenance","No issues",NA,NA,NA,NA,NA,NA,NA,NA,"Insufficient data",FALSE,NA
4,2026-07-16 12:42:40,2026-07-16 12:47:10,2026-07-16 12:38:40,28,NA,NA,-0.246,NA,NA,0.219,NA,NA,0.0121,NA,NA,0.0912,NA,NA,0.000435,NA,NA,0.361,NA,NA,0.362,NA,NA,0.36,"Insufficient data; maintenance","Insufficient data; maintenance","No issues",NA,NA,NA,NA,NA,NA,NA,NA,"Insufficient data",FALSE,NA
8,2026-07-16 12:52:50,2026-07-16 12:57:20,2026-07-16 12:48:50,28,NA,NA,-0.457,NA,NA,0.493,NA,NA,3.13e-05,NA,NA,0.091,NA,NA,0.000434,NA,NA,0.374,NA,NA,0.374,NA,NA,0.371,"Insufficient data; maintenance","Insufficient data; maintenance","No issues",NA,NA,NA,NA,NA,NA,NA,NA,"Insufficient data",FALSE,NA
5,2026-07-16 13:03:00,2026-07-16 13:07:30,2026-07-16 12:59:00,28,NA,NA,-0.8,NA,NA,0.538,NA,NA,8.89e-06,NA,NA,0.145,NA,NA,0.000693,NA,NA,0.361,NA,NA,0.363,NA,NA,0.359,"Insufficient data; maintenance","Insufficient data; maintenance","No issues",NA,NA,NA,NA,NA,NA,NA,NA,"Insufficient data",FALSE,NA
9,2026-07-16 13:13:10,2026-07-16 13:17:40,2026-07-16 13:09:10,28,NA,NA,-0.513,NA,NA,0.34,NA,NA,0.00113,NA,NA,0.14,NA,NA,0.000669,NA,NA,0.362,NA,NA,0.362,NA,NA,0.359,"Insufficient data; maintenance","Insufficient data; maintenance","No issues",NA,NA,NA,NA,NA,NA,NA,NA,"Insufficient data",FALSE,NA
12,2026-07-16 13:23:20,2026-07-16 13:27:50,2026-07-16 13:19:20,28,NA,NA,0.195,NA,NA,0.0625,NA,NA,0.199,NA,NA,0.148,NA,NA,0.000707,NA,NA,0.362,NA,NA,0.363,NA,NA,0.361,"Insufficient data; maintenance","Insufficient data; maintenance","No issues",NA,NA,NA,NA,NA,NA,NA,NA,"Insufficient data",FALSE,NA
3,2026-07-16 13:33:30,2026-07-16 13:38:00,2026-07-16 13:29:30,28,NA,NA,-1.25,NA,NA,0.761,NA,NA,1.45e-09,NA,NA,0.137,NA,NA,0.000654,NA,NA,0.369,NA,NA,0.37,NA,NA,0.364,"Insufficient data; maintenance","Insufficient data; maintenance","No issues",NA,NA,NA,NA,NA,NA,NA,NA,"Insufficient data",FALSE,NA
6,2026-07-16 13:43:40,2026-07-16 13:48:10,2026-07-16 13:39:40,28,NA,NA,-2.43,NA,NA,0.952,NA,NA,1.14e-18,NA,NA,0.107,NA,NA,0.000511,NA,NA,0.374,NA,NA,0.375,NA,NA,0.367,"Insufficient data; maintenance","Insufficient data; maintenance","No issues",NA,NA,NA,NA,NA,NA,NA,NA,"Insufficient data",FALSE,NA
1,2026-07-16 13:53:50,2026-07-16 13:58:20,2026-07-16 13:49:50,28,NA,NA,-0.552,NA,NA,0.753,NA,NA,2.3e-09,NA,NA,0.0621,NA,NA,0.000296,NA,NA,0.362,NA,NA,0.362,NA,NA,0.36,"Insufficient data; maintenance","Insufficient data; maintenance","No issues",NA,NA,NA,NA,NA,NA,NA,NA,"Insufficient data",FALSE,NA
7,2026-07-16 14:04:10,2026-07-16 14:08:30,2026-07-16 14:00:00,27,NA,NA,-0.738,NA,NA,0.903,NA,NA,3.54e-14,NA,NA,0.0483,NA,NA,0.000218,NA,NA,0.368,NA,NA,0.369,NA,NA,0.366,"Insufficient data; maintenance","Insufficient data; maintenance","No issues",NA,NA,NA,NA,NA,NA,NA,NA,"Insufficient data",FALSE,NA
10,2026-07-16 14:14:20,2026-07-16 14:18:40,2026-07-16 14:10:10,27,NA,NA,-1.65,NA,NA,0.953,NA,NA,4.28e-18,NA,NA,0.0733,NA,NA,0.000331,NA,NA,0.371,NA,NA,0.371,NA,NA,0.366,"Insufficient data; maintenance","Insufficient data; maintenance","No issues",NA,NA,NA,NA,NA,NA,NA,NA,"Insufficient data",FALSE,NA
2,2026-07-16 14:24:20,2026-07-16 14:28:50,2026-07-16 14:20:20,28,NA,NA,-0.246,NA,NA,0.425,NA,NA,0.000172,NA,NA,0.0562,NA,NA,0.000268,NA,NA,0.364,NA,NA,0.365,NA,NA,0.363,"Insufficient data; maintenance","Insufficient data; maintenance","No issues",NA,NA,NA,NA,NA,NA,NA,NA,"Insufficient data",FALSE,NA
11,2026-07-16 14:34:30,2026-07-16 14:39:00,2026-07-16 14:30:30,28,NA,NA,-0.278,NA,NA,0.464,NA,NA,6.64e-05,NA,NA,0.0586,NA,NA,0.00028,NA,NA,0.359,NA,NA,0.359,NA,NA,0.358,"Insufficient data; maintenance","Insufficient data; maintenance","No issues",NA,NA,NA,NA,NA,NA,NA,NA,"Insufficient data",FALSE,NA
4,2026-07-16 14:44:40,2026-07-16 14:49:10,2026-07-16 14:40:40,28,NA,NA,-0.0902,NA,NA,0.077,NA,NA,0.153,NA,NA,0.0613,NA,NA,0.000292,NA,NA,0.357,NA,NA,0.357,NA,NA,0.356,"Insufficient data; maintenance","Insufficient data; maintenance","No issues",NA,NA,NA,NA,NA,NA,NA,NA,"Insufficient data",FALSE,NA
8,2026-07-16 14:54:50,2026-07-16 14:59:20,2026-07-16 14:50:50,28,NA,NA,-0.402,NA,NA,0.455,NA,NA,8.18e-05,NA,NA,0.0863,NA,NA,0.000411,NA,NA,0.376,NA,NA,0.376,NA,NA,0.373,"Insufficient data; maintenance","Insufficient data; maintenance","No issues",NA,NA,NA,NA,NA,NA,NA,NA,"Insufficient data",FALSE,NA
5,2026-07-16 15:05:00,2026-07-16 15:09:30,2026-07-16 15:01:00,28,NA,NA,-0.708,NA,NA,0.865,NA,NA,7.88e-13,NA,NA,0.0548,NA,NA,0.000261,NA,NA,0.359,NA,NA,0.36,NA,NA,0.357,"Insufficient data; maintenance","Insufficient data; maintenance","No issues",NA,NA,NA,NA,NA,NA,NA,NA,"Insufficient data",FALSE,NA
9,2026-07-16 15:15:10,2026-07-16 15:19:40,2026-07-16 15:11:10,28,NA,NA,-0.359,NA,NA,0.654,NA,NA,1.92e-07,NA,NA,0.0512,NA,NA,0.000244,NA,NA,0.357,NA,NA,0.357,NA,NA,0.356,"Insufficient data; maintenance","Insufficient data; maintenance","No issues",NA,NA,NA,NA,NA,NA,NA,NA,"Insufficient data",FALSE,NA
12,2026-07-16 15:25:20,2026-07-16 15:29:50,2026-07-16 15:21:20,28,NA,NA,0.0591,NA,NA,0.045,NA,NA,0.278,NA,NA,0.0534,NA,NA,0.000255,NA,NA,0.358,NA,NA,0.359,NA,NA,0.358,"Insufficient data; maintenance","Insufficient data; maintenance","No issues",NA,NA,NA,NA,NA,NA,NA,NA,"Insufficient data",FALSE,NA
3,2026-07-16 15:35:30,2026-07-16 15:40:00,2026-07-16 15:31:30,28,NA,NA,-1.01,NA,NA,0.923,NA,NA,5.38e-16,NA,NA,0.0569,NA,NA,0.000271,NA,NA,0.365,NA,NA,0.365,NA,NA,0.362,"Insufficient data; maintenance","Insufficient data; maintenance","No issues",NA,NA,NA,NA,NA,NA,NA,NA,"Insufficient data",FALSE,NA
6,2026-07-16 15:45:40,2026-07-16 15:50:10,2026-07-16 15:41:40,28,NA,NA,-2.01,NA,NA,0.962,NA,NA,6.42e-20,NA,NA,0.079,NA,NA,0.000376,NA,NA,0.371,NA,NA,0.371,NA,NA,0.364,"Insufficient data; maintenance","Insufficient data; maintenance","No issues",NA,NA,NA,NA,NA,NA,NA,NA,"Insufficient data",FALSE,NA
1,2026-07-16 15:55:50,2026-07-16 16:00:20,2026-07-16 15:51:50,28,NA,NA,-0.436,NA,NA,0.743,NA,NA,3.8e-09,NA,NA,0.0503,NA,NA,0.00024,NA,NA,0.36,NA,NA,0.36,NA,NA,0.358,"Insufficient data; maintenance","Insufficient data; maintenance","No issues",NA,NA,NA,NA,NA,NA,NA,NA,"Insufficient data",FALSE,NA
7,2026-07-16 16:06:00,2026-07-16 16:10:30,2026-07-16 16:02:00,28,NA,NA,-0.817,NA,NA,0.919,NA,NA,9.95e-16,NA,NA,0.0475,NA,NA,0.000226,NA,NA,0.365,NA,NA,0.365,NA,NA,0.362,"Insufficient data; maintenance","Insufficient data; maintenance","No issues",NA,NA,NA,NA,NA,NA,NA,NA,"Insufficient data",FALSE,NA
10,2026-07-16 16:16:10,2026-07-16 16:20:40,2026-07-16 16:12:10,28,NA,NA,-1.31,NA,NA,0.929,NA,NA,1.98e-16,NA,NA,0.0711,NA,NA,0.000339,NA,NA,0.368,NA,NA,0.368,NA,NA,0.363,"Insufficient data; maintenance","Insufficient data; maintenance","No issues",NA,NA,NA,NA,NA,NA,NA,NA,"Insufficient data",FALSE,NA
2,2026-07-16 16:26:20,2026-07-16 16:30:50,2026-07-16 16:22:20,28,NA,NA,-0.153,NA,NA,0.331,NA,NA,0.00135,NA,NA,0.0425,NA,NA,0.000203,NA,NA,0.363,NA,NA,0.363,NA,NA,0.362,"Insufficient data; maintenance","Insufficient data; maintenance","No issues",NA,NA,NA,NA,NA,NA,NA,NA,"Insufficient data",FALSE,NA
11,2026-07-16 16:36:30,2026-07-16 16:41:00,2026-07-16 16:32:30,28,NA,NA,-0.326,NA,NA,0.572,NA,NA,3.2e-06,NA,NA,0.0553,NA,NA,0.000264,NA,NA,0.358,NA,NA,0.359,NA,NA,0.357,"Insufficient data; maintenance","Insufficient data; maintenance","No issues",NA,NA,NA,NA,NA,NA,NA,NA,"Insufficient data",FALSE,NA
4,2026-07-16 16:46:40,2026-07-16 16:51:10,2026-07-16 16:42:40,28,NA,NA,0.12,NA,NA,0.0707,NA,NA,0.171,NA,NA,0.0853,NA,NA,0.000406,NA,NA,0.357,NA,NA,0.357,NA,NA,0.356,"Insufficient data; maintenance","Insufficient data; maintenance","No issues",NA,NA,NA,NA,NA,NA,NA,NA,"Insufficient data",FALSE,NA
8,2026-07-16 16:56:50,2026-07-16 17:01:20,2026-07-16 16:52:50,28,NA,NA,-1.03,NA,NA,0.773,NA,NA,7.3e-10,NA,NA,0.11,NA,NA,0.000524,NA,NA,0.372,NA,NA,0.372,NA,NA,0.368,"Insufficient data; maintenance","Insufficient data; maintenance","No issues",NA,NA,NA,NA,NA,NA,NA,NA,"Insufficient data",FALSE,NA
5,2026-07-16 17:07:00,2026-07-16 17:11:30,2026-07-16 17:03:00,28,NA,NA,-0.368,NA,NA,0.146,NA,NA,0.0448,NA,NA,0.175,NA,NA,0.000833,NA,NA,0.358,NA,NA,0.36,NA,NA,0.356,"Insufficient data; maintenance","Insufficient data; maintenance","No issues",NA,NA,NA,NA,NA,NA,NA,NA,"Insufficient data",FALSE,NA
9,2026-07-16 17:17:10,2026-07-16 17:21:40,2026-07-16 17:13:10,28,NA,NA,-0.19,NA,NA,0.204,NA,NA,0.0159,NA,NA,0.0737,NA,NA,0.000351,NA,NA,0.358,NA,NA,0.358,NA,NA,0.357,"Insufficient data; maintenance","Insufficient data; maintenance","No issues",NA,NA,NA,NA,NA,NA,NA,NA,"Insufficient data",FALSE,NA
12,2026-07-16 17:27:20,2026-07-16 17:31:50,2026-07-16 17:23:20,28,NA,NA,-0.0603,NA,NA,0.174,NA,NA,0.0272,NA,NA,0.0258,NA,NA,0.000123,NA,NA,0.359,NA,NA,0.359,NA,NA,0.359,"Insufficient data; maintenance","Insufficient data; maintenance","No issues",NA,NA,NA,NA,NA,NA,NA,NA,"Insufficient data",FALSE,NA
3,2026-07-16 17:37:30,2026-07-16 17:42:00,2026-07-16 17:33:30,28,NA,NA,-0.711,NA,NA,0.862,NA,NA,1.08e-12,NA,NA,0.0558,NA,NA,0.000266,NA,NA,0.365,NA,NA,0.366,NA,NA,0.363,"Insufficient data; maintenance","Insufficient data; maintenance","No issues",NA,NA,NA,NA,NA,NA,NA,NA,"Insufficient data",FALSE,NA
6,2026-07-16 17:47:40,2026-07-16 17:52:10,2026-07-16 17:43:40,28,NA,NA,-1.67,NA,NA,0.939,NA,NA,2.37e-17,NA,NA,0.0831,NA,NA,0.000396,NA,NA,0.371,NA,NA,0.371,NA,NA,0.365,"Insufficient data; maintenance","Insufficient data; maintenance","No issues",NA,NA,NA,NA,NA,NA,NA,NA,"Insufficient data",FALSE,NA
1,2026-07-16 17:57:50,2026-07-16 18:02:20,2026-07-16 17:53:50,28,NA,NA,-0.407,NA,NA,0.823,NA,NA,2.84e-11,NA,NA,0.037,NA,NA,0.000177,NA,NA,0.362,NA,NA,0.362,NA,NA,0.361,"Insufficient data; maintenance","Insufficient data; maintenance","No issues",NA,NA,NA,NA,NA,NA,NA,NA,"Insufficient data",FALSE,NA
7,2026-07-16 18:08:00,2026-07-16 18:12:30,2026-07-16 18:04:00,28,NA,NA,-0.787,NA,NA,0.935,NA,NA,6.13e-17,NA,NA,0.0408,NA,NA,0.000194,NA,NA,0.367,NA,NA,0.367,NA,NA,0.364,"Insufficient data; maintenance","Insufficient data; maintenance","No issues",NA,NA,NA,NA,NA,NA,NA,NA,"Insufficient data",FALSE,NA
10,2026-07-16 18:18:10,2026-07-16 18:22:40,2026-07-16 18:14:10,28,NA,NA,-1.15,NA,NA,0.973,NA,NA,6.65e-22,NA,NA,0.0375,NA,NA,0.000179,NA,NA,0.369,NA,NA,0.369,NA,NA,0.365,"Insufficient data; maintenance","Insufficient data; maintenance","No issues",NA,NA,NA,NA,NA,NA,NA,NA,"Insufficient data",FALSE,NA
2,2026-07-16 18:28:20,2026-07-16 18:32:50,2026-07-16 18:24:20,28,NA,NA,-0.215,NA,NA,0.542,NA,NA,7.98e-06,NA,NA,0.0387,NA,NA,0.000185,NA,NA,0.365,NA,NA,0.365,NA,NA,0.364,"Insufficient data; maintenance","Insufficient data; maintenance","No issues",NA,NA,NA,NA,NA,NA,NA,NA,"Insufficient data",FALSE,NA
11,2026-07-16 18:38:30,2026-07-16 18:43:00,2026-07-16 18:34:30,28,NA,NA,-0.126,NA,NA,0.495,NA,NA,2.92e-05,NA,NA,0.0249,NA,NA,0.000119,NA,NA,0.363,NA,NA,0.364,NA,NA,0.363,"Insufficient data; maintenance","Insufficient data; maintenance","No issues",NA,NA,NA,NA,NA,NA,NA,NA,"Insufficient data",FALSE,NA
4,2026-07-16 18:48:40,2026-07-16 18:53:10,2026-07-16 18:44:40,28,NA,NA,-0.0171,NA,NA,0.00919,NA,NA,0.628,NA,NA,0.0349,NA,NA,0.000166,NA,NA,0.362,NA,NA,0.362,NA,NA,0.362,"Insufficient data; maintenance","Insufficient data; maintenance","No issues",NA,NA,NA,NA,NA,NA,NA,NA,"Insufficient data",FALSE,NA
8,2026-07-16 18:58:50,2026-07-16 19:03:20,2026-07-16 18:54:50,28,NA,NA,-0.64,NA,NA,0.955,NA,NA,4.99e-19,NA,NA,0.0272,NA,NA,0.00013,NA,NA,0.368,NA,NA,0.368,NA,NA,0.365,"Insufficient data; maintenance","Insufficient data; maintenance","No issues",NA,NA,NA,NA,NA,NA,NA,NA,"Insufficient data",FALSE,NA
5,2026-07-16 19:09:10,2026-07-16 19:13:30,2026-07-16 19:05:00,27,NA,NA,-0.241,NA,NA,0.627,NA,NA,8.56e-07,NA,NA,0.0371,NA,NA,0.000167,NA,NA,0.363,NA,NA,0.363,NA,NA,0.362,"Insufficient data; maintenance","Insufficient data; maintenance","No issues",NA,NA,NA,NA,NA,NA,NA,NA,"Insufficient data",FALSE,NA
9,2026-07-16 19:19:20,2026-07-16 19:23:40,2026-07-16 19:15:10,27,NA,NA,-0.219,NA,NA,0.76,NA,NA,3.17e-09,NA,NA,0.0245,NA,NA,0.000111,NA,NA,0.362,NA,NA,0.363,NA,NA,0.362,"Insufficient data; maintenance","Insufficient data; maintenance","No issues",NA,NA,NA,NA,NA,NA,NA,NA,"Insufficient data",FALSE,NA
12,2026-07-16 19:29:20,2026-07-16 19:33:50,2026-07-16 19:25:20,28,NA,NA,0.136,NA,NA,0.182,NA,NA,0.0234,NA,NA,0.0565,NA,NA,0.000269,NA,NA,0.363,NA,NA,0.363,NA,NA,0.362,"Insufficient data; maintenance","Insufficient data; maintenance","No issues",NA,NA,NA,NA,NA,NA,NA,NA,"Insufficient data",FALSE,NA
3,2026-07-16 19:39:30,2026-07-16 19:44:00,2026-07-16 19:35:30,28,NA,NA,-0.49,NA,NA,0.858,NA,NA,1.54e-12,NA,NA,0.0391,NA,NA,0.000186,NA,NA,0.369,NA,NA,0.369,NA,NA,0.367,"Insufficient data; maintenance","Insufficient data; maintenance","No issues",NA,NA,NA,NA,NA,NA,NA,NA,"Insufficient data",FALSE,NA
6,2026-07-16 19:49:40,2026-07-16 19:54:10,2026-07-16 19:45:40,28,NA,NA,-0.961,NA,NA,0.959,NA,NA,1.68e-19,NA,NA,0.0392,NA,NA,0.000187,NA,NA,0.371,NA,NA,0.371,NA,NA,0.367,"Insufficient data; maintenance","Insufficient data; maintenance","No issues",NA,NA,NA,NA,NA,NA,NA,NA,"Insufficient data",FALSE,NA
1,2026-07-16 19:59:50,2026-07-16 20:04:20,2026-07-16 19:55:50,28,NA,NA,-0.259,NA,NA,0.831,NA,NA,1.6e-11,NA,NA,0.0229,NA,NA,0.000109,NA,NA,0.366,NA,NA,0.366,NA,NA,0.365,"Insufficient data; maintenance","Insufficient data; maintenance","No issues",NA,NA,NA,NA,NA,NA,NA,NA,"Insufficient data",FALSE,NA
7,2026-07-16 20:10:00,2026-07-16 20:14:30,2026-07-16 20:06:00,28,NA,NA,-0.379,NA,NA,0.705,NA,NA,2.3e-08,NA,NA,0.0481,NA,NA,0.000229,NA,NA,0.369,NA,NA,0.37,NA,NA,0.368,"Insufficient data; maintenance","Insufficient data; maintenance","No issues",NA,NA,NA,NA,NA,NA,NA,NA,"Insufficient data",FALSE,NA
10,2026-07-16 20:20:10,2026-07-16 20:24:40,2026-07-16 20:16:10,28,NA,NA,-0.656,NA,NA,0.97,NA,NA,2.5e-21,NA,NA,0.0226,NA,NA,0.000108,NA,NA,0.371,NA,NA,0.371,NA,NA,0.369,"Insufficient data; maintenance","Insufficient data; maintenance","No issues",NA,NA,NA,NA,NA,NA,NA,NA,"Insufficient data",FALSE,NA
2,2026-07-16 20:30:20,2026-07-16 20:34:50,2026-07-16 20:26:20,28,NA,NA,-0.231,NA,NA,0.71,NA,NA,1.83e-08,NA,NA,0.0289,NA,NA,0.000138,NA,NA,0.37,NA,NA,0.37,NA,NA,0.369,"Insufficient data; maintenance","Insufficient data; maintenance","No issues",NA,NA,NA,NA,NA,NA,NA,NA,"Insufficient data",FALSE,NA
11,2026-07-16 20:40:30,2026-07-16 20:45:00,2026-07-16 20:36:30,28,NA,NA,-0.109,NA,NA,0.303,NA,NA,0.00239,NA,NA,0.0325,NA,NA,0.000155,NA,NA,0.364,NA,NA,0.364,NA,NA,0.364,"Insufficient data; maintenance","Insufficient data; maintenance","No issues",NA,NA,NA,NA,NA,NA,NA,NA,"Insufficient data",FALSE,NA
4,2026-07-16 20:50:40,2026-07-16 20:55:10,2026-07-16 20:46:40,28,NA,NA,-0.144,NA,NA,0.186,NA,NA,0.0218,NA,NA,0.0588,NA,NA,0.00028,NA,NA,0.363,NA,NA,0.364,NA,NA,0.362,"Insufficient data; maintenance","Insufficient data; maintenance","No issues",NA,NA,NA,NA,NA,NA,NA,NA,"Insufficient data",FALSE,NA
8,2026-07-16 21:00:50,2026-07-16 21:05:20,2026-07-16 20:56:50,28,NA,NA,-0.395,NA,NA,0.834,NA,NA,1.26e-11,NA,NA,0.0346,NA,NA,0.000165,NA,NA,0.366,NA,NA,0.366,NA,NA,0.364,"Insufficient data; maintenance","Insufficient data; maintenance","No issues",NA,NA,NA,NA,NA,NA,NA,NA,"Insufficient data",FALSE,NA
5,2026-07-16 21:11:00,2026-07-16 21:15:30,2026-07-16 21:07:00,28,NA,NA,-0.129,NA,NA,0.414,NA,NA,0.000223,NA,NA,0.0302,NA,NA,0.000144,NA,NA,0.364,NA,NA,0.364,NA,NA,0.363,"Insufficient data; maintenance","Insufficient data; maintenance","No issues",NA,NA,NA,NA,NA,NA,NA,NA,"Insufficient data",FALSE,NA
9,2026-07-16 21:21:10,2026-07-16 21:25:40,2026-07-16 21:17:10,28,NA,NA,-0.0894,NA,NA,0.138,NA,NA,0.052,NA,NA,0.0439,NA,NA,0.000209,NA,NA,0.363,NA,NA,0.364,NA,NA,0.363,"Insufficient data; maintenance","Insufficient data; maintenance","No issues",NA,NA,NA,NA,NA,NA,NA,NA,"Insufficient data",FALSE,NA
12,2026-07-16 21:31:20,2026-07-16 21:35:50,2026-07-16 21:27:20,28,NA,NA,-0.00703,NA,NA,0.00126,NA,NA,0.857,NA,NA,0.0387,NA,NA,0.000185,NA,NA,0.365,NA,NA,0.365,NA,NA,0.364,"Insufficient data; maintenance","Insufficient data; maintenance","No issues",NA,NA,NA,NA,NA,NA,NA,NA,"Insufficient data",FALSE,NA
3,2026-07-16 21:41:30,2026-07-16 21:46:00,2026-07-16 21:37:30,28,NA,NA,-0.251,NA,NA,0.56,NA,NA,4.73e-06,NA,NA,0.0437,NA,NA,0.000208,NA,NA,0.37,NA,NA,0.37,NA,NA,0.368,"Insufficient data; maintenance","Insufficient data; maintenance","No issues",NA,NA,NA,NA,NA,NA,NA,NA,"Insufficient data",FALSE,NA
6,2026-07-16 21:51:40,2026-07-16 21:56:10,2026-07-16 21:47:40,28,NA,NA,-0.704,NA,NA,0.896,NA,NA,2.57e-14,NA,NA,0.0469,NA,NA,0.000224,NA,NA,0.372,NA,NA,0.372,NA,NA,0.37,"Insufficient data; maintenance","Insufficient data; maintenance","No issues",NA,NA,NA,NA,NA,NA,NA,NA,"Insufficient data",FALSE,NA
1,2026-07-16 22:01:50,2026-07-16 22:06:20,2026-07-16 21:57:50,28,NA,NA,-0.249,NA,NA,0.816,NA,NA,4.67e-11,NA,NA,0.0232,NA,NA,0.000111,NA,NA,0.368,NA,NA,0.368,NA,NA,0.367,"Insufficient data; maintenance","Insufficient data; maintenance","No issues",NA,NA,NA,NA,NA,NA,NA,NA,"Insufficient data",FALSE,NA
7,2026-07-16 22:12:00,2026-07-16 22:16:30,2026-07-16 22:08:00,28,NA,NA,-0.413,NA,NA,0.562,NA,NA,4.34e-06,NA,NA,0.0715,NA,NA,0.000341,NA,NA,0.368,NA,NA,0.368,NA,NA,0.367,"Insufficient data; maintenance","Insufficient data; maintenance","No issues",NA,NA,NA,NA,NA,NA,NA,NA,"Insufficient data",FALSE,NA
10,2026-07-16 22:22:10,2026-07-16 22:26:40,2026-07-16 22:18:10,28,NA,NA,-0.483,NA,NA,0.775,NA,NA,6.7e-10,NA,NA,0.0511,NA,NA,0.000243,NA,NA,0.369,NA,NA,0.37,NA,NA,0.368,"Insufficient data; maintenance","Insufficient data; maintenance","No issues",NA,NA,NA,NA,NA,NA,NA,NA,"Insufficient data",FALSE,NA
2,2026-07-16 22:32:20,2026-07-16 22:36:50,2026-07-16 22:28:20,28,NA,NA,-0.185,NA,NA,0.387,NA,NA,0.00041,NA,NA,0.0458,NA,NA,0.000218,NA,NA,0.367,NA,NA,0.367,NA,NA,0.366,"Insufficient data; maintenance","Insufficient data; maintenance","No issues",NA,NA,NA,NA,NA,NA,NA,NA,"Insufficient data",FALSE,NA
11,2026-07-16 22:42:30,2026-07-16 22:47:00,2026-07-16 22:38:30,28,NA,NA,-0.0567,NA,NA,0.14,NA,NA,0.0495,NA,NA,0.0275,NA,NA,0.000131,NA,NA,0.366,NA,NA,0.366,NA,NA,0.366,"Insufficient data; maintenance","Insufficient data; maintenance","No issues",NA,NA,NA,NA,NA,NA,NA,NA,"Insufficient data",FALSE,NA
4,2026-07-16 22:52:40,2026-07-16 22:57:10,2026-07-16 22:48:40,28,NA,NA,-0.0542,NA,NA,0.0625,NA,NA,0.2,NA,NA,0.0412,NA,NA,0.000196,NA,NA,0.365,NA,NA,0.365,NA,NA,0.364,"Insufficient data; maintenance","Insufficient data; maintenance","No issues",NA,NA,NA,NA,NA,NA,NA,NA,"Insufficient data",FALSE,NA
8,2026-07-16 23:02:50,2026-07-16 23:07:20,2026-07-16 22:58:50,28,NA,NA,-0.255,NA,NA,0.835,NA,NA,1.13e-11,NA,NA,0.0222,NA,NA,0.000106,NA,NA,0.365,NA,NA,0.365,NA,NA,0.365,"Insufficient data; maintenance","Insufficient data; maintenance","No issues",NA,NA,NA,NA,NA,NA,NA,NA,"Insufficient data",FALSE,NA
5,2026-07-16 23:13:00,2026-07-16 23:17:30,2026-07-16 23:09:00,28,NA,NA,-0.01,NA,NA,0.00221,NA,NA,0.812,NA,NA,0.0418,NA,NA,0.000199,NA,NA,0.363,NA,NA,0.363,NA,NA,0.363,"Insufficient data; maintenance","Insufficient data; maintenance","No issues",NA,NA,NA,NA,NA,NA,NA,NA,"Insufficient data",FALSE,NA
9,2026-07-16 23:23:10,2026-07-16 23:27:40,2026-07-16 23:19:10,28,NA,NA,-0.113,NA,NA,0.35,NA,NA,0.00091,NA,NA,0.0302,NA,NA,0.000144,NA,NA,0.363,NA,NA,0.363,NA,NA,0.362,"Insufficient data; maintenance","Insufficient data; maintenance","No issues",NA,NA,NA,NA,NA,NA,NA,NA,"Insufficient data",FALSE,NA
12,2026-07-16 23:33:20,2026-07-16 23:37:50,2026-07-16 23:29:20,28,NA,NA,-0.19,NA,NA,0.548,NA,NA,6.72e-06,NA,NA,0.0339,NA,NA,0.000162,NA,NA,0.362,NA,NA,0.362,NA,NA,0.361,"Insufficient data; maintenance","Insufficient data; maintenance","No issues",NA,NA,NA,NA,NA,NA,NA,NA,"Insufficient data",FALSE,NA
3,2026-07-16 23:43:30,2026-07-16 23:48:00,2026-07-16 23:39:30,28,NA,NA,-0.233,NA,NA,0.72,NA,NA,1.18e-08,NA,NA,0.0285,NA,NA,0.000136,NA,NA,0.365,NA,NA,0.365,NA,NA,0.364,"Insufficient data; maintenance","Insufficient data; maintenance","No issues",NA,NA,NA,NA,NA,NA,NA,NA,"Insufficient data",FALSE,NA
6,2026-07-16 23:53:40,2026-07-16 23:58:10,2026-07-16 23:49:40,28,NA,NA,-0.844,NA,NA,0.971,NA,NA,1.67e-21,NA,NA,0.0286,NA,NA,0.000137,NA,NA,0.367,NA,NA,0.367,NA,NA,0.364,"Insufficient data; maintenance","Insufficient data; maintenance","No issues",NA,NA,NA,NA,NA,NA,NA,NA,"Insufficient data",FALSE,NA
1,2026-07-17 00:03:50,2026-07-17 00:08:20,2026-07-16 23:59:50,28,NA,NA,-0.203,NA,NA,0.401,NA,NA,0.000296,NA,NA,0.0487,NA,NA,0.000232,NA,NA,0.364,NA,NA,0.364,NA,NA,0.363,"Insufficient data; maintenance","Insufficient data; maintenance","No issues",NA,NA,NA,NA,NA,NA,NA,NA,"Insufficient data",FALSE,NA
7,2026-07-17 00:14:10,2026-07-17 00:18:30,2026-07-17 00:10:00,27,NA,NA,-0.411,NA,NA,0.711,NA,NA,3.44e-08,NA,NA,0.0525,NA,NA,0.000237,NA,NA,0.364,NA,NA,0.364,NA,NA,0.363,"Insufficient data; maintenance","Insufficient data; maintenance","No issues",NA,NA,NA,NA,NA,NA,NA,NA,"Insufficient data",FALSE,NA
10,2026-07-17 00:24:20,2026-07-17 00:28:40,2026-07-17 00:20:10,27,NA,NA,-0.442,NA,NA,0.793,NA,NA,5.01e-10,NA,NA,0.0452,NA,NA,0.000204,NA,NA,0.366,NA,NA,0.366,NA,NA,0.364,"Insufficient data; maintenance","Insufficient data; maintenance","No issues",NA,NA,NA,NA,NA,NA,NA,NA,"Insufficient data",FALSE,NA
2,2026-07-17 00:34:20,2026-07-17 00:38:50,2026-07-17 00:30:20,28,NA,NA,-0.086,NA,NA,0.245,NA,NA,0.00739,NA,NA,0.0296,NA,NA,0.000141,NA,NA,0.364,NA,NA,0.364,NA,NA,0.363,"Insufficient data; maintenance","Insufficient data; maintenance","No issues",NA,NA,NA,NA,NA,NA,NA,NA,"Insufficient data",FALSE,NA
11,2026-07-17 00:44:30,2026-07-17 00:49:00,2026-07-17 00:40:30,28,NA,NA,-0.056,NA,NA,0.125,NA,NA,0.0651,NA,NA,0.0291,NA,NA,0.000139,NA,NA,0.363,NA,NA,0.363,NA,NA,0.363,"Insufficient data; maintenance","Insufficient data; maintenance","No issues",NA,NA,NA,NA,NA,NA,NA,NA,"Insufficient data",FALSE,NA
4,2026-07-17 00:54:40,2026-07-17 00:59:10,2026-07-17 00:50:40,28,NA,NA,-0.0517,NA,NA,0.0847,NA,NA,0.133,NA,NA,0.0333,NA,NA,0.000159,NA,NA,0.363,NA,NA,0.363,NA,NA,0.363,"Insufficient data; maintenance","Insufficient data; maintenance","No issues",NA,NA,NA,NA,NA,NA,NA,NA,"Insufficient data",FALSE,NA
8,2026-07-17 01:04:50,2026-07-17 01:09:20,2026-07-17 01:00:50,28,NA,NA,-0.192,NA,NA,0.578,NA,NA,2.66e-06,NA,NA,0.0322,NA,NA,0.000154,NA,NA,0.364,NA,NA,0.364,NA,NA,0.363,"Insufficient data; maintenance","Insufficient data; maintenance","No issues",NA,NA,NA,NA,NA,NA,NA,NA,"Insufficient data",FALSE,NA
5,2026-07-17 01:15:00,2026-07-17 01:19:30,2026-07-17 01:11:00,28,NA,NA,-0.0787,NA,NA,0.175,NA,NA,0.0268,NA,NA,0.0335,NA,NA,0.00016,NA,NA,0.362,NA,NA,0.363,NA,NA,0.362,"Insufficient data; maintenance","Insufficient data; maintenance","No issues",NA,NA,NA,NA,NA,NA,NA,NA,"Insufficient data",FALSE,NA
9,2026-07-17 01:25:10,2026-07-17 01:29:40,2026-07-17 01:21:10,28,NA,NA,-0.0395,NA,NA,0.0285,NA,NA,0.39,NA,NA,0.0452,NA,NA,0.000215,NA,NA,0.363,NA,NA,0.363,NA,NA,0.362,"Insufficient data; maintenance","Insufficient data; maintenance","No issues",NA,NA,NA,NA,NA,NA,NA,NA,"Insufficient data",FALSE,NA
12,2026-07-17 01:35:20,2026-07-17 01:39:50,2026-07-17 01:31:20,28,NA,NA,-0.112,NA,NA,0.43,NA,NA,0.000151,NA,NA,0.0253,NA,NA,0.000121,NA,NA,0.363,NA,NA,0.363,NA,NA,0.363,"Insufficient data; maintenance","Insufficient data; maintenance","No issues",NA,NA,NA,NA,NA,NA,NA,NA,"Insufficient data",FALSE,NA
3,2026-07-17 01:45:30,2026-07-17 01:50:00,2026-07-17 01:41:30,28,NA,NA,-0.255,NA,NA,0.715,NA,NA,1.46e-08,NA,NA,0.0316,NA,NA,0.000151,NA,NA,0.365,NA,NA,0.365,NA,NA,0.364,"Insufficient data; maintenance","Insufficient data; maintenance","No issues",NA,NA,NA,NA,NA,NA,NA,NA,"Insufficient data",FALSE,NA
6,2026-07-17 01:55:40,2026-07-17 02:00:10,2026-07-17 01:51:40,28,NA,NA,-0.513,NA,NA,0.796,NA,NA,1.83e-10,NA,NA,0.051,NA,NA,0.000243,NA,NA,0.366,NA,NA,0.366,NA,NA,0.363,"Insufficient data; maintenance","Insufficient data; maintenance","No issues",NA,NA,NA,NA,NA,NA,NA,NA,"Insufficient data",FALSE,NA
1,2026-07-17 02:05:50,2026-07-17 02:10:20,2026-07-17 02:01:50,28,NA,NA,-0.152,NA,NA,0.3,NA,NA,0.00258,NA,NA,0.0456,NA,NA,0.000217,NA,NA,0.363,NA,NA,0.363,NA,NA,0.362,"Insufficient data; maintenance","Insufficient data; maintenance","No issues",NA,NA,NA,NA,NA,NA,NA,NA,"Insufficient data",FALSE,NA
7,2026-07-17 02:16:00,2026-07-17 02:20:30,2026-07-17 02:12:00,28,NA,NA,-0.186,NA,NA,0.601,NA,NA,1.28e-06,NA,NA,0.0297,NA,NA,0.000141,NA,NA,0.364,NA,NA,0.364,NA,NA,0.363,"Insufficient data; maintenance","Insufficient data; maintenance","No issues",NA,NA,NA,NA,NA,NA,NA,NA,"Insufficient data",FALSE,NA
10,2026-07-17 02:26:10,2026-07-17 02:30:40,2026-07-17 02:22:10,28,NA,NA,-0.263,NA,NA,0.567,NA,NA,3.83e-06,NA,NA,0.0451,NA,NA,0.000215,NA,NA,0.365,NA,NA,0.365,NA,NA,0.363,"Insufficient data; maintenance","Insufficient data; maintenance","No issues",NA,NA,NA,NA,NA,NA,NA,NA,"Insufficient data",FALSE,NA
2,2026-07-17 02:36:20,2026-07-17 02:40:50,2026-07-17 02:32:20,28,NA,NA,-0.0941,NA,NA,0.444,NA,NA,0.000109,NA,NA,0.0207,NA,NA,9.85e-05,NA,NA,0.363,NA,NA,0.364,NA,NA,0.363,"Insufficient data; maintenance","Insufficient data; maintenance","No issues",NA,NA,NA,NA,NA,NA,NA,NA,"Insufficient data",FALSE,NA
11,2026-07-17 02:46:30,2026-07-17 02:51:00,2026-07-17 02:42:30,28,NA,NA,-0.00301,NA,NA,0.000758,NA,NA,0.889,NA,NA,0.0215,NA,NA,0.000102,NA,NA,0.363,NA,NA,0.363,NA,NA,0.362,"Insufficient data; maintenance","Insufficient data; maintenance","No issues",NA,NA,NA,NA,NA,NA,NA,NA,"Insufficient data",FALSE,NA
4,2026-07-17 02:56:40,2026-07-17 03:01:10,2026-07-17 02:52:40,28,NA,NA,-0.101,NA,NA,0.295,NA,NA,0.0028,NA,NA,0.0306,NA,NA,0.000146,NA,NA,0.362,NA,NA,0.363,NA,NA,0.362,"Insufficient data; maintenance","Insufficient data; maintenance","No issues",NA,NA,NA,NA,NA,NA,NA,NA,"Insufficient data",FALSE,NA
8,2026-07-17 03:06:50,2026-07-17 03:11:20,2026-07-17 03:02:50,28,NA,NA,-0.0657,NA,NA,0.124,NA,NA,0.0658,NA,NA,0.0342,NA,NA,0.000163,NA,NA,0.362,NA,NA,0.362,NA,NA,0.362,"Insufficient data; maintenance","Insufficient data; maintenance","No issues",NA,NA,NA,NA,NA,NA,NA,NA,"Insufficient data",FALSE,NA
5,2026-07-17 03:17:00,2026-07-17 03:21:30,2026-07-17 03:13:00,28,NA,NA,-0.0954,NA,NA,0.304,NA,NA,0.00235,NA,NA,0.0283,NA,NA,0.000135,NA,NA,0.362,NA,NA,0.362,NA,NA,0.362,"Insufficient data; maintenance","Insufficient data; maintenance","No issues",NA,NA,NA,NA,NA,NA,NA,NA,"Insufficient data",FALSE,NA
9,2026-07-17 03:27:10,2026-07-17 03:31:40,2026-07-17 03:23:10,28,NA,NA,-0.108,NA,NA,0.206,NA,NA,0.0153,NA,NA,0.0416,NA,NA,0.000198,NA,NA,0.362,NA,NA,0.362,NA,NA,0.361,"Insufficient data; maintenance","Insufficient data; maintenance","No issues",NA,NA,NA,NA,NA,NA,NA,NA,"Insufficient data",FALSE,NA
12,2026-07-17 03:37:20,2026-07-17 03:41:50,2026-07-17 03:33:20,28,NA,NA,0.047,NA,NA,0.0633,NA,NA,0.196,NA,NA,0.0355,NA,NA,0.000169,NA,NA,0.362,NA,NA,0.362,NA,NA,0.361,"Insufficient data; maintenance","Insufficient data; maintenance","No issues",NA,NA,NA,NA,NA,NA,NA,NA,"Insufficient data",FALSE,NA
3,2026-07-17 03:47:30,2026-07-17 03:52:00,2026-07-17 03:43:30,28,NA,NA,-0.112,NA,NA,0.369,NA,NA,0.000602,NA,NA,0.0286,NA,NA,0.000136,NA,NA,0.364,NA,NA,0.364,NA,NA,0.363,"Insufficient data; maintenance","Insufficient data; maintenance","No issues",NA,NA,NA,NA,NA,NA,NA,NA,"Insufficient data",FALSE,NA
6,2026-07-17 03:57:40,2026-07-17 04:02:10,2026-07-17 03:53:40,28,NA,NA,-0.344,NA,NA,0.895,NA,NA,3.24e-14,NA,NA,0.0231,NA,NA,0.00011,NA,NA,0.364,NA,NA,0.364,NA,NA,0.363,"Insufficient data; maintenance","Insufficient data; maintenance","No issues",NA,NA,NA,NA,NA,NA,NA,NA,"Insufficient data",FALSE,NA
1,2026-07-17 04:07:50,2026-07-17 04:12:20,2026-07-17 04:03:50,28,NA,NA,-0.0767,NA,NA,0.25,NA,NA,0.00672,NA,NA,0.0261,NA,NA,0.000124,NA,NA,0.363,NA,NA,0.363,NA,NA,0.362,"Insufficient data; maintenance","Insufficient data; maintenance","No issues",NA,NA,NA,NA,NA,NA,NA,NA,"Insufficient data",FALSE,NA
7,2026-07-17 04:18:00,2026-07-17 04:22:30,2026-07-17 04:14:00,28,NA,NA,-0.127,NA,NA,0.522,NA,NA,1.42e-05,NA,NA,0.0238,NA,NA,0.000114,NA,NA,0.363,NA,NA,0.363,NA,NA,0.362,"Insufficient data; maintenance","Insufficient data; maintenance","No issues",NA,NA,NA,NA,NA,NA,NA,NA,"Insufficient data",FALSE,NA
10,2026-07-17 04:28:10,2026-07-17 04:32:40,2026-07-17 04:24:10,28,NA,NA,-0.362,NA,NA,0.8,NA,NA,1.42e-10,NA,NA,0.0355,NA,NA,0.000169,NA,NA,0.363,NA,NA,0.363,NA,NA,0.362,"Insufficient data; maintenance","Insufficient data; maintenance","No issues",NA,NA,NA,NA,NA,NA,NA,NA,"Insufficient data",FALSE,NA
2,2026-07-17 04:38:20,2026-07-17 04:42:50,2026-07-17 04:34:20,27,NA,NA,-0.0944,NA,NA,0.232,NA,NA,0.0109,NA,NA,0.0343,NA,NA,0.000159,NA,NA,0.363,NA,NA,0.363,NA,NA,0.362,"Insufficient data; maintenance","Insufficient data; maintenance","No issues",NA,NA,NA,NA,NA,NA,NA,NA,"Insufficient data",FALSE,NA
11,2026-07-17 04:48:30,2026-07-17 04:53:00,2026-07-17 04:44:30,28,NA,NA,-0.0297,NA,NA,0.046,NA,NA,0.273,NA,NA,0.0265,NA,NA,0.000126,NA,NA,0.362,NA,NA,0.362,NA,NA,0.362,"Insufficient data; maintenance","Insufficient data; maintenance","No issues",NA,NA,NA,NA,NA,NA,NA,NA,"Insufficient data",FALSE,NA
4,2026-07-17 04:58:40,2026-07-17 05:03:10,2026-07-17 04:54:40,28,NA,NA,-0.0573,NA,NA,0.163,NA,NA,0.0329,NA,NA,0.0254,NA,NA,0.000121,NA,NA,0.362,NA,NA,0.362,NA,NA,0.361,"Insufficient data; maintenance","Insufficient data; maintenance","No issues",NA,NA,NA,NA,NA,NA,NA,NA,"Insufficient data",FALSE,NA
8,2026-07-17 05:08:50,2026-07-17 05:13:20,2026-07-17 05:04:50,28,NA,NA,-0.0187,NA,NA,0.0083,NA,NA,0.645,NA,NA,0.0401,NA,NA,0.000191,NA,NA,0.363,NA,NA,0.363,NA,NA,0.362,"Insufficient data; maintenance","Insufficient data; maintenance","No issues",NA,NA,NA,NA,NA,NA,NA,NA,"Insufficient data",FALSE,NA
5,2026-07-17 05:19:10,2026-07-17 05:23:30,2026-07-17 05:15:00,27,NA,NA,-0.0437,NA,NA,0.0588,NA,NA,0.223,NA,NA,0.035,NA,NA,0.000158,NA,NA,0.362,NA,NA,0.362,NA,NA,0.361,"Insufficient data; maintenance","Insufficient data; maintenance","No issues",NA,NA,NA,NA,NA,NA,NA,NA,"Insufficient data",FALSE,NA
9,2026-07-17 05:29:20,2026-07-17 05:33:40,2026-07-17 05:25:10,27,NA,NA,-0.00442,NA,NA,0.000299,NA,NA,0.932,NA,NA,0.0511,NA,NA,0.00023,NA,NA,0.361,NA,NA,0.362,NA,NA,0.361,"Insufficient data; maintenance","Insufficient data; maintenance","No issues",NA,NA,NA,NA,NA,NA,NA,NA,"Insufficient data",FALSE,NA
12,2026-07-17 05:39:20,2026-07-17 05:43:50,2026-07-17 05:35:20,28,NA,NA,-0.0891,NA,NA,0.138,NA,NA,0.0517,NA,NA,0.0437,NA,NA,0.000208,NA,NA,0.362,NA,NA,0.362,NA,NA,0.361,"Insufficient data; maintenance","Insufficient data; maintenance","No issues",NA,NA,NA,NA,NA,NA,NA,NA,"Insufficient data",FALSE,NA
3,2026-07-17 05:49:30,2026-07-17 05:54:00,2026-07-17 05:45:30,28,NA,NA,-0.0879,NA,NA,0.138,NA,NA,0.0521,NA,NA,0.0432,NA,NA,0.000206,NA,NA,0.363,NA,NA,0.364,NA,NA,0.363,"Insufficient data; maintenance","Insufficient data; maintenance","No issues",NA,NA,NA,NA,NA,NA,NA,NA,"Insufficient data",FALSE,NA
6,2026-07-17 05:59:40,2026-07-17 06:04:10,2026-07-17 05:55:40,28,NA,NA,-0.23,NA,NA,0.681,NA,NA,6.65e-08,NA,NA,0.031,NA,NA,0.000148,NA,NA,0.363,NA,NA,0.364,NA,NA,0.363,"Insufficient data; maintenance","Insufficient data; maintenance","No issues",NA,NA,NA,NA,NA,NA,NA,NA,"Insufficient data",FALSE,NA
1,2026-07-17 06:09:50,2026-07-17 06:14:20,2026-07-17 06:05:50,28,NA,NA,-0.102,NA,NA,0.394,NA,NA,0.000347,NA,NA,0.0247,NA,NA,0.000118,NA,NA,0.363,NA,NA,0.363,NA,NA,0.363,"Insufficient data; maintenance","Insufficient data; maintenance","No issues",NA,NA,NA,NA,NA,NA,NA,NA,"Insufficient data",FALSE,NA
7,2026-07-17 06:20:00,2026-07-17 06:24:30,2026-07-17 06:16:00,28,NA,NA,-0.17,NA,NA,0.471,NA,NA,5.49e-05,NA,NA,0.0354,NA,NA,0.000169,NA,NA,0.363,NA,NA,0.363,NA,NA,0.362,"Insufficient data; maintenance","Insufficient data; maintenance","No issues",NA,NA,NA,NA,NA,NA,NA,NA,"Insufficient data",FALSE,NA
10,2026-07-17 06:30:10,2026-07-17 06:34:40,2026-07-17 06:26:10,28,NA,NA,-0.259,NA,NA,0.665,NA,NA,1.26e-07,NA,NA,0.0361,NA,NA,0.000172,NA,NA,0.364,NA,NA,0.364,NA,NA,0.363,"Insufficient data; maintenance","Insufficient data; maintenance","No issues",NA,NA,NA,NA,NA,NA,NA,NA,"Insufficient data",FALSE,NA
2,2026-07-17 06:40:20,2026-07-17 06:44:50,2026-07-17 06:36:20,28,NA,NA,-0.0692,NA,NA,0.18,NA,NA,0.0243,NA,NA,0.0289,NA,NA,0.000138,NA,NA,0.363,NA,NA,0.363,NA,NA,0.363,"Insufficient data; maintenance","Insufficient data; maintenance","No issues",NA,NA,NA,NA,NA,NA,NA,NA,"Insufficient data",FALSE,NA
11,2026-07-17 06:50:30,2026-07-17 06:55:00,2026-07-17 06:46:30,28,NA,NA,-0.0132,NA,NA,0.00943,NA,NA,0.623,NA,NA,0.0266,NA,NA,0.000127,NA,NA,0.363,NA,NA,0.363,NA,NA,0.363,"Insufficient data; maintenance","Insufficient data; maintenance","No issues",NA,NA,NA,NA,NA,NA,NA,NA,"Insufficient data",FALSE,NA
4,2026-07-17 07:00:40,2026-07-17 07:05:10,2026-07-17 06:56:40,28,NA,NA,-0.0573,NA,NA,0.0667,NA,NA,0.185,NA,NA,0.042,NA,NA,2e-04,NA,NA,0.362,NA,NA,0.363,NA,NA,0.362,"Insufficient data; maintenance","Insufficient data; maintenance","No issues",NA,NA,NA,NA,NA,NA,NA,NA,"Insufficient data",FALSE,NA
8,2026-07-17 07:10:50,2026-07-17 07:15:20,2026-07-17 07:06:50,28,NA,NA,-0.0471,NA,NA,0.0526,NA,NA,0.24,NA,NA,0.0392,NA,NA,0.000187,NA,NA,0.364,NA,NA,0.364,NA,NA,0.363,"Insufficient data; maintenance","Insufficient data; maintenance","No issues",NA,NA,NA,NA,NA,NA,NA,NA,"Insufficient data",FALSE,NA
5,2026-07-17 07:21:00,2026-07-17 07:25:30,2026-07-17 07:17:00,28,NA,NA,0.0133,NA,NA,0.005,NA,NA,0.721,NA,NA,0.0368,NA,NA,0.000175,NA,NA,0.363,NA,NA,0.363,NA,NA,0.362,"Insufficient data; maintenance","Insufficient data; maintenance","No issues",NA,NA,NA,NA,NA,NA,NA,NA,"Insufficient data",FALSE,NA
9,2026-07-17 07:31:10,2026-07-17 07:35:40,2026-07-17 07:27:10,28,NA,NA,-0.146,NA,NA,0.442,NA,NA,0.000113,NA,NA,0.0322,NA,NA,0.000154,NA,NA,0.362,NA,NA,0.362,NA,NA,0.362,"Insufficient data; maintenance","Insufficient data; maintenance","No issues",NA,NA,NA,NA,NA,NA,NA,NA,"Insufficient data",FALSE,NA
12,2026-07-17 07:41:20,2026-07-17 07:45:50,2026-07-17 07:37:20,28,NA,NA,-0.105,NA,NA,0.215,NA,NA,0.0129,NA,NA,0.0392,NA,NA,0.000187,NA,NA,0.362,NA,NA,0.362,NA,NA,0.361,"Insufficient data; maintenance","Insufficient data; maintenance","No issues",NA,NA,NA,NA,NA,NA,NA,NA,"Insufficient data",FALSE,NA
3,2026-07-17 07:51:30,2026-07-17 07:56:00,2026-07-17 07:47:30,28,NA,NA,-0.169,NA,NA,0.356,NA,NA,0.000802,NA,NA,0.0446,NA,NA,0.000213,NA,NA,0.364,NA,NA,0.364,NA,NA,0.364,"Insufficient data; maintenance","Insufficient data; maintenance","No issues",NA,NA,NA,NA,NA,NA,NA,NA,"Insufficient data",FALSE,NA
6,2026-07-17 08:01:40,2026-07-17 08:06:10,2026-07-17 07:57:40,28,NA,NA,-0.593,NA,NA,0.927,NA,NA,2.72e-16,NA,NA,0.0326,NA,NA,0.000156,NA,NA,0.366,NA,NA,0.366,NA,NA,0.363,"Insufficient data; maintenance","Insufficient data; maintenance","No issues",NA,NA,NA,NA,NA,NA,NA,NA,"Insufficient data",FALSE,NA
1,2026-07-17 08:11:50,2026-07-17 08:16:20,2026-07-17 08:07:50,28,NA,NA,-0.227,NA,NA,0.686,NA,NA,5.42e-08,NA,NA,0.0302,NA,NA,0.000144,NA,NA,0.363,NA,NA,0.363,NA,NA,0.362,"Insufficient data; maintenance","Insufficient data; maintenance","No issues",NA,NA,NA,NA,NA,NA,NA,NA,"Insufficient data",FALSE,NA
7,2026-07-17 08:22:00,2026-07-17 08:26:30,2026-07-17 08:18:00,28,NA,NA,-0.416,NA,NA,0.768,NA,NA,9.71e-10,NA,NA,0.0448,NA,NA,0.000214,NA,NA,0.364,NA,NA,0.364,NA,NA,0.363,"Insufficient data; maintenance","Insufficient data; maintenance","No issues",NA,NA,NA,NA,NA,NA,NA,NA,"Insufficient data",FALSE,NA
10,2026-07-17 08:32:10,2026-07-17 08:36:40,2026-07-17 08:28:10,28,NA,NA,-0.484,NA,NA,0.818,NA,NA,4.1e-11,NA,NA,0.0448,NA,NA,0.000214,NA,NA,0.365,NA,NA,0.365,NA,NA,0.363,"Insufficient data; maintenance","Insufficient data; maintenance","No issues",NA,NA,NA,NA,NA,NA,NA,NA,"Insufficient data",FALSE,NA
2,2026-07-17 08:42:20,2026-07-17 08:46:50,2026-07-17 08:38:20,28,NA,NA,-0.22,NA,NA,0.438,NA,NA,0.000126,NA,NA,0.049,NA,NA,0.000233,NA,NA,0.364,NA,NA,0.364,NA,NA,0.363,"Insufficient data; maintenance","Insufficient data; maintenance","No issues",NA,NA,NA,NA,NA,NA,NA,NA,"Insufficient data",FALSE,NA
11,2026-07-17 08:52:30,2026-07-17 08:57:00,2026-07-17 08:48:30,28,NA,NA,-0.0873,NA,NA,0.0672,NA,NA,0.183,NA,NA,0.0638,NA,NA,0.000304,NA,NA,0.364,NA,NA,0.364,NA,NA,0.363,"Insufficient data; maintenance","Insufficient data; maintenance","No issues",NA,NA,NA,NA,NA,NA,NA,NA,"Insufficient data",FALSE,NA
4,2026-07-17 09:02:40,2026-07-17 09:07:10,2026-07-17 08:58:40,28,NA,NA,-0.208,NA,NA,0.292,NA,NA,0.00298,NA,NA,0.0635,NA,NA,0.000303,NA,NA,0.36,NA,NA,0.361,NA,NA,0.359,"Insufficient data; maintenance","Insufficient data; maintenance","No issues",NA,NA,NA,NA,NA,NA,NA,NA,"Insufficient data",FALSE,NA
8,2026-07-17 09:12:50,2026-07-17 09:17:20,2026-07-17 09:08:50,28,NA,NA,-0.135,NA,NA,0.046,NA,NA,0.273,NA,NA,0.121,NA,NA,0.000576,NA,NA,0.366,NA,NA,0.366,NA,NA,0.364,"Insufficient data; maintenance","Insufficient data; maintenance","maintenance",NA,NA,NA,NA,NA,NA,NA,NA,"Insufficient data",FALSE,NA
5,2026-07-17 09:23:00,2026-07-17 09:27:30,2026-07-17 09:19:00,28,NA,NA,-0.143,NA,NA,0.248,NA,NA,0.00704,NA,NA,0.0489,NA,NA,0.000233,NA,NA,0.359,NA,NA,0.36,NA,NA,0.359,"Insufficient data; maintenance","Insufficient data; maintenance","maintenance",NA,NA,NA,NA,NA,NA,NA,NA,"Insufficient data",FALSE,NA
1,2026-07-17 12:24:40,2026-07-17 12:29:10,2026-07-17 12:20:40,27,NA,NA,-0.0306,NA,NA,0.0161,NA,NA,0.529,NA,NA,0.0478,NA,NA,0.000223,NA,NA,0.357,NA,NA,0.357,NA,NA,0.356,"No issues","No issues","No issues",NA,NA,NA,NA,NA,NA,NA,NA,"No issues",FALSE,NA
8,2026-07-17 15:27:50,2026-07-17 15:32:10,2026-07-17 15:23:40,27,NA,NA,0.125,NA,NA,0.222,NA,NA,0.0131,NA,NA,0.0467,NA,NA,0.000211,NA,NA,0.359,NA,NA,0.36,NA,NA,0.358,"No issues","No issues","No issues",NA,NA,NA,NA,NA,NA,NA,NA,"No issues",FALSE,NA
1,2026-07-17 16:28:40,2026-07-17 16:33:10,2026-07-17 16:24:40,27,NA,NA,-0.198,NA,NA,0.483,NA,NA,5.72e-05,NA,NA,0.041,NA,NA,0.000189,NA,NA,0.355,NA,NA,0.355,NA,NA,0.354,"No issues","No issues","No issues",NA,NA,NA,NA,NA,NA,NA,NA,"No issues",FALSE,NA
1,2026-07-17 22:34:40,2026-07-17 22:39:10,2026-07-17 22:30:40,27,NA,NA,-0.0783,NA,NA,0.296,NA,NA,0.00332,NA,NA,0.0241,NA,NA,0.000114,NA,NA,0.359,NA,NA,0.359,NA,NA,0.359,"No issues","No issues","No issues",NA,NA,NA,NA,NA,NA,NA,NA,"No issues",FALSE,NA
8,2026-07-17 23:35:40,2026-07-17 23:40:10,2026-07-17 23:31:40,27,NA,NA,-0.08,NA,NA,0.252,NA,NA,0.0076,NA,NA,0.0276,NA,NA,0.000129,NA,NA,0.36,NA,NA,0.36,NA,NA,0.359,"No issues","No issues","No issues",NA,NA,NA,NA,NA,NA,NA,NA,"No issues",FALSE,NA
7,2026-07-18 04:50:50,2026-07-18 04:55:20,2026-07-18 04:46:50,27,NA,NA,0.0347,NA,NA,0.0213,NA,NA,0.468,NA,NA,0.0471,NA,NA,0.000216,NA,NA,0.36,NA,NA,0.36,NA,NA,0.359,"No issues","No issues","No issues",NA,NA,NA,NA,NA,NA,NA,NA,"No issues",FALSE,NA
6,2026-07-18 06:32:40,2026-07-18 06:37:00,2026-07-18 06:28:30,26,NA,NA,0.168,NA,NA,0.386,NA,NA,0.000706,NA,NA,0.0432,NA,NA,0.000194,NA,NA,0.36,NA,NA,0.361,NA,NA,0.36,"No issues","No issues","No issues",NA,NA,NA,NA,NA,NA,NA,NA,"No issues",FALSE,NA
8,2026-07-18 09:45:50,2026-07-18 09:50:10,2026-07-18 09:41:40,27,NA,NA,-0.0861,NA,NA,0.0821,NA,NA,0.147,NA,NA,0.0576,NA,NA,0.00026,NA,NA,0.361,NA,NA,0.361,NA,NA,0.36,"No issues","No issues","No issues",NA,NA,NA,NA,NA,NA,NA,NA,"No issues",FALSE,NA
4,2026-07-20 20:49:10,2026-07-20 20:53:30,2026-07-20 20:45:00,25,NA,NA,-0.0523,NA,NA,0.137,NA,NA,0.0686,NA,NA,0.0274,NA,NA,0.000112,NA,NA,0.357,NA,NA,0.357,NA,NA,0.356,"No issues","No issues","No issues",NA,NA,NA,NA,NA,NA,NA,NA,"No issues",FALSE,NA
4,2026-07-21 06:59:00,2026-07-21 07:03:20,2026-07-21 06:55:00,27,NA,NA,-0.00161,NA,NA,0.000103,NA,NA,0.96,NA,NA,0.0317,NA,NA,0.000143,NA,NA,0.357,NA,NA,0.358,NA,NA,0.357,"No issues","No issues","No issues",NA,NA,NA,NA,NA,NA,NA,NA,"No issues",FALSE,NA
7,2026-07-21 14:26:20,2026-07-21 14:30:50,2026-07-21 14:22:20,27,NA,NA,-0.328,NA,NA,0.726,NA,NA,1.73e-08,NA,NA,0.0404,NA,NA,0.000183,NA,NA,0.354,NA,NA,0.355,NA,NA,0.353,"No issues","No issues","No issues",NA,NA,NA,NA,NA,NA,NA,NA,"No issues",FALSE,NA
10,2026-07-21 20:54:30,2026-07-21 20:58:50,2026-07-21 20:50:30,26,NA,NA,-0.311,NA,NA,0.748,NA,NA,1.23e-08,NA,NA,0.0369,NA,NA,0.000161,NA,NA,0.36,NA,NA,0.36,NA,NA,0.359,"No issues","No issues","No issues",NA,NA,NA,NA,NA,NA,NA,NA,"No issues",FALSE,NA
1,2026-07-22 10:48:10,2026-07-22 10:52:30,2026-07-22 10:44:10,26,NA,NA,-0.2,NA,NA,0.519,NA,NA,3.35e-05,NA,NA,0.0394,NA,NA,0.000175,NA,NA,0.358,NA,NA,0.358,NA,NA,0.357,"No issues","No issues","No issues",NA,NA,NA,NA,NA,NA,NA,NA,"No issues",FALSE,NA
10,2026-07-22 13:10:30,2026-07-22 13:14:50,2026-07-22 13:06:30,26,NA,NA,-0.852,NA,NA,0.94,NA,NA,3.6e-16,NA,NA,0.0439,NA,NA,0.000197,NA,NA,0.363,NA,NA,0.363,NA,NA,0.36,"No issues","No issues","No issues",NA,NA,NA,NA,NA,NA,NA,NA,"No issues",FALSE,NA
4,2026-07-23 05:57:00,2026-07-23 06:01:20,2026-07-23 05:53:00,26,NA,NA,0.0114,NA,NA,0.00404,NA,NA,0.758,NA,NA,0.0366,NA,NA,0.000164,NA,NA,0.36,NA,NA,0.361,NA,NA,0.36,"No issues","No issues","No issues",NA,NA,NA,NA,NA,NA,NA,NA,"No issues",FALSE,NA
11,2026-07-24 12:16:40,2026-07-24 12:21:10,2026-07-24 12:12:40,26,NA,NA,-0.107,NA,NA,0.184,NA,NA,0.0288,NA,NA,0.0459,NA,NA,0.000212,NA,NA,0.354,NA,NA,0.355,NA,NA,0.353,"No issues","No issues","No issues",NA,NA,NA,NA,NA,NA,NA,NA,"No issues",FALSE,NA
4,2026-07-24 12:26:50,2026-07-24 12:31:20,2026-07-24 12:22:50,27,NA,NA,-0.0184,NA,NA,0.016,NA,NA,0.529,NA,NA,0.0288,NA,NA,0.000136,NA,NA,0.354,NA,NA,0.354,NA,NA,0.353,"No issues","No issues","No issues",NA,NA,NA,NA,NA,NA,NA,NA,"No issues",FALSE,NA
1,2026-07-24 13:38:00,2026-07-24 13:42:30,2026-07-24 13:34:00,27,NA,NA,-0.216,NA,NA,0.469,NA,NA,8.11e-05,NA,NA,0.046,NA,NA,0.000218,NA,NA,0.354,NA,NA,0.354,NA,NA,0.353,"No issues","No issues","No issues",NA,NA,NA,NA,NA,NA,NA,NA,"No issues",FALSE,NA
4,2026-07-24 14:29:00,2026-07-24 14:33:20,2026-07-24 14:24:50,26,NA,NA,-0.0787,NA,NA,0.186,NA,NA,0.0277,NA,NA,0.0336,NA,NA,0.000149,NA,NA,0.352,NA,NA,0.352,NA,NA,0.351,"No issues","No issues","No issues",NA,NA,NA,NA,NA,NA,NA,NA,"No issues",FALSE,NA
8,2026-07-24 14:39:00,2026-07-24 14:43:30,2026-07-24 14:35:00,27,NA,NA,0.477,NA,NA,0.849,NA,NA,9.45e-12,NA,NA,0.0403,NA,NA,0.000191,NA,NA,0.354,NA,NA,0.356,NA,NA,0.354,"No issues","No issues","No issues",NA,NA,NA,NA,NA,NA,NA,NA,"No issues",FALSE,NA
5,2026-07-25 05:03:10,2026-07-25 05:07:40,2026-07-25 04:59:10,27,NA,NA,-0.073,NA,NA,0.151,NA,NA,0.045,NA,NA,0.0346,NA,NA,0.000157,NA,NA,0.357,NA,NA,0.357,NA,NA,0.356,"No issues","No issues","No issues",NA,NA,NA,NA,NA,NA,NA,NA,"No issues",FALSE,NA
10,2026-07-25 06:14:20,2026-07-25 06:18:50,2026-07-25 06:10:20,27,NA,NA,-0.0818,NA,NA,0.337,NA,NA,0.0015,NA,NA,0.023,NA,NA,0.000106,NA,NA,0.358,NA,NA,0.358,NA,NA,0.358,"No issues","No issues","No issues",NA,NA,NA,NA,NA,NA,NA,NA,"No issues",FALSE,NA
8,2026-07-26 07:19:00,2026-07-26 07:23:30,2026-07-26 07:15:00,27,NA,NA,-0.0399,NA,NA,0.0179,NA,NA,0.506,NA,NA,0.0592,NA,NA,0.000282,NA,NA,0.36,NA,NA,0.361,NA,NA,0.36,"No issues","No issues","No issues",NA,NA,NA,NA,NA,NA,NA,NA,"No issues",FALSE,NA
8,NA,NA,NA,NA,NA,NA,NA,NA,NA,NA,NA,NA,NA,NA,NA,NA,NA,NA,NA,NA,NA,NA,NA,NA,NA,NA,NA,NA,NA,NA,NA,NA,NA,NA,NA,NA,NA,NA,NA,NA,FALSE,NA
8,NA,NA,2026-07-27 07:39:00,5,NA,NA,NA,NA,NA,NA,NA,NA,NA,NA,NA,NA,NA,NA,NA,NA,NA,NA,NA,NA,NA,NA,NA,NA,"Insufficient data","Insufficient data","Insufficient data",NA,NA,NA,NA,NA,NA,NA,NA,"Insufficient data",NA,NA
