"TIMESTAMP","Manifold_Timer","change","group","Chamber","CH4d_ppm","CO2d_ppm","N2Od_ppm","H2O_ppm"
2026-10-02 08:30:50,295,0.00335648148148148,193,8,2.160627,438.83,NA,25683.44
2026-10-02 08:30:40,284,0.00324074074074074,193,8,2.159996,438.7726,NA,25677.8
2026-10-02 08:30:30,274,0.003125,193,8,2.159418,440.3094,NA,25686.08
2026-10-02 08:30:20,264,0.00300925925925926,193,8,2.158732,440.6335,NA,25709.13
2026-10-02 08:30:10,254,0.00289351851851852,193,8,2.157924,442.0156,NA,25722.38
2026-10-02 08:30:00,244,0.00277777777777778,193,8,2.157379,443.4778,NA,25718.55
2026-10-02 08:29:50,234,0.00266203703703704,193,8,2.156829,444.0592,NA,25708.43
2026-10-02 08:29:40,224,0.0025462962962963,193,8,2.156328,445.3022,NA,25694.89
2026-10-02 08:29:30,214,0.00243055555555556,193,8,2.155748,445.7972,NA,25683.67
2026-10-02 08:29:20,204,0.00231481481481481,193,8,2.155223,447.3824,NA,25659.5
2026-10-02 08:29:10,194,0.00219907407407407,193,8,2.154792,447.062,NA,25645.17
2026-10-02 08:29:00,184,0.00208333333333333,193,8,2.15446,448.3704,NA,25641.13
2026-10-02 08:28:50,174,0.00196759259259259,193,8,2.153711,450.407,NA,25637.85
2026-10-02 08:28:40,164,0.00185185185185185,193,8,2.154121,450.3691,NA,25629.92
2026-10-02 08:28:30,154,0.00173611111111111,193,8,2.152682,450.3551,NA,25610.07
2026-10-02 08:28:20,144,0.00162037037037037,193,8,2.152911,451.3477,NA,25583.39
2026-10-02 08:28:10,134,0.00150462962962963,193,8,2.152488,451.4932,NA,25553.59
2026-10-02 08:28:00,124,0.00138888888888889,193,8,2.152792,451.58,NA,25528.33
2026-10-02 08:27:50,114,0.00127314814814815,193,8,2.151878,449.3931,NA,25508.28
2026-10-02 08:27:40,104,0.00115740740740741,193,8,2.152248,450.0182,NA,25487.59
2026-10-02 08:27:30,94,0.00104166666666667,193,8,2.153428,450.2456,NA,25482.21
2026-10-02 08:27:20,84,0.000925925925925926,193,8,2.154128,450.0259,NA,25466.57
2026-10-02 08:27:10,74,0.000810185185185185,193,8,2.15324,451.4144,NA,25441.94
2026-10-02 08:27:00,64,0.000694444444444444,193,8,2.153887,450.7191,NA,25425.44
2026-10-02 08:26:50,54,0.000578703703703704,193,8,2.153082,450.3281,NA,25409.78
2026-10-02 08:26:40,44,0.000462962962962963,193,8,2.152234,450.9321,NA,25368.72
2026-10-02 08:26:30,34,0.000347222222222222,193,8,2.151135,450.1375,NA,25293.3
2026-10-02 08:26:20,24,0.000231481481481481,193,8,2.152602,451.3029,NA,25192.01
2026-10-02 08:26:10,14,0.000115740740740741,193,8,2.154106,451.3731,NA,25036.1
2026-10-02 08:26:00,4,0,193,8,2.156249,456.6135,NA,24878.41
2026-10-02 08:25:50,0,0.00694444444444444,192,4,2.194097,469.8145,0.3511093,24743.72
2026-10-02 08:25:40,594,0.0068287037037037,192,4,2.164855,468.5782,NA,24705.29
2026-10-02 08:25:30,584,0.00671296296296296,192,4,2.163995,468.3712,NA,24651.57
2026-10-02 08:25:20,574,0.00659722222222222,192,4,2.168507,470.1493,NA,24576.43
2026-10-02 08:25:10,564,0.00648148148148148,192,4,2.176373,474.2655,NA,24466.24
2026-10-02 08:25:00,554,0.00636574074074074,192,4,2.177546,474.4914,NA,24500.82
2026-10-02 08:24:50,544,0.00625,192,4,2.153167,454.6526,NA,24668.38
2026-10-02 08:24:40,534,0.00613425925925926,192,4,2.153903,452.5194,NA,24695.78
2026-10-02 08:24:30,524,0.00601851851851852,192,4,2.156073,450.7865,NA,24735.95
2026-10-02 08:24:20,514,0.00590277777777778,192,4,2.156106,450.655,NA,24787.75
2026-10-02 08:24:10,504,0.00578703703703704,192,4,2.155794,450.2363,NA,24836.98
2026-10-02 08:24:00,494,0.0056712962962963,192,4,2.155874,451.7141,NA,24885.91
2026-10-02 08:23:50,484,0.00555555555555556,192,4,2.155484,450.8979,NA,24936.4
2026-10-02 08:23:40,474,0.00543981481481481,192,4,2.155592,450.4203,NA,24993.94
2026-10-02 08:23:30,464,0.00532407407407407,192,4,2.155259,450.158,NA,25055.28
2026-10-02 08:23:20,454,0.00520833333333333,192,4,2.155303,450.7367,NA,25114.22
2026-10-02 08:23:10,444,0.00509259259259259,192,4,2.155038,450.7848,NA,25186.45
2026-10-02 08:23:00,434,0.00497685185185185,192,4,2.154988,450.5499,NA,25258.95
2026-10-02 08:22:50,424,0.00486111111111111,192,4,2.154827,451.58,NA,25330.83
2026-10-02 08:22:40,414,0.00474537037037037,192,4,2.154615,450.9612,NA,25419.12
2026-10-02 08:22:30,404,0.00462962962962963,192,4,2.154543,450.7782,NA,25518.97
2026-10-02 08:22:20,394,0.00451388888888889,192,4,2.154307,450.6465,NA,25623.59
2026-10-02 08:22:10,384,0.00439814814814815,192,4,2.154302,452.4151,NA,25734.15
2026-10-02 08:22:00,374,0.00428240740740741,192,4,2.154267,451.5479,NA,25866.35
2026-10-02 08:21:50,364,0.00416666666666667,192,4,2.153941,450.5992,NA,26016.12
2026-10-02 08:21:40,354,0.00405092592592593,192,4,2.154006,450.8125,NA,26177.03
2026-10-02 08:21:30,344,0.00393518518518518,192,4,2.153925,451.1991,NA,26352.25
2026-10-02 08:21:20,334,0.00381944444444444,192,4,2.153778,450.666,NA,26529.21
2026-10-02 08:21:10,324,0.0037037037037037,192,4,2.153894,453.3406,0.35449,26683.29
2026-10-02 08:21:00,314,0.00358796296296296,192,4,2.153394,451.1432,NA,26804.95
2026-10-02 08:20:50,305,0.00347222222222222,192,4,2.153176,451.3018,NA,26878.93
2026-10-02 08:20:40,294,0.00335648148148148,192,4,2.153281,450.9965,NA,26922.11
2026-10-02 08:20:30,284,0.00324074074074074,192,4,2.153003,451.2041,NA,26962.01
2026-10-02 08:20:20,274,0.003125,192,4,2.152868,451.9222,0.3547287,26995.64
2026-10-02 08:20:10,264,0.00300925925925926,192,4,2.15267,451.3909,NA,27018.99
2026-10-02 08:20:00,254,0.00289351851851852,192,4,2.152631,452.1424,NA,27039.76
2026-10-02 08:19:50,244,0.00277777777777778,192,4,2.152535,452.7233,NA,27054.84
2026-10-02 08:19:40,234,0.00266203703703704,192,4,2.152354,452.1182,0.3560768,27078.68
2026-10-02 08:19:30,224,0.0025462962962963,192,4,2.152344,452.1685,NA,27099.25
2026-10-02 08:19:20,214,0.00243055555555556,192,4,2.15196,452.1478,NA,27123.2
2026-10-02 08:19:10,204,0.00231481481481481,192,4,2.152115,452.9091,NA,27154.44
2026-10-02 08:19:00,194,0.00219907407407407,192,4,2.151807,453.2869,NA,27178.53
2026-10-02 08:18:50,184,0.00208333333333333,192,4,2.151764,452.6595,0.3553847,27209.35
2026-10-02 08:18:40,174,0.00196759259259259,192,4,2.151506,452.825,NA,27244.89
2026-10-02 08:18:30,164,0.00185185185185185,192,4,2.151496,452.108,NA,27287.38
2026-10-02 08:18:20,154,0.00173611111111111,192,4,2.151639,453.2506,NA,27332.51
2026-10-02 08:18:10,144,0.00162037037037037,192,4,2.151819,451.9038,NA,27379.33
2026-10-02 08:18:00,134,0.00150462962962963,192,4,2.151439,452.5337,0.3559717,27438.32
2026-10-02 08:17:50,124,0.00138888888888889,192,4,2.151825,452.4385,NA,27501.66
2026-10-02 08:17:40,114,0.00127314814814815,192,4,2.152179,453.5901,NA,27575.03
2026-10-02 08:17:30,104,0.00115740740740741,192,4,2.153148,452.9128,NA,27659.8
2026-10-02 08:17:20,94,0.00104166666666667,192,4,2.152446,452.4469,NA,27753.28
2026-10-02 08:17:10,84,0.000925925925925926,192,4,2.152085,452.9089,NA,27843.25
2026-10-02 08:17:00,74,0.000810185185185185,192,4,2.152037,452.2881,NA,27912.28
2026-10-02 08:16:50,64,0.000694444444444444,192,4,2.152171,452.0894,NA,27928.23
2026-10-02 08:16:40,54,0.000578703703703704,192,4,2.15162,452.3613,NA,27901.29
2026-10-02 08:16:30,44,0.000462962962962963,192,4,2.152323,453.1975,NA,27866.85
2026-10-02 08:16:20,34,0.000347222222222222,192,4,2.152994,453.3997,NA,27833.34
2026-10-02 08:16:10,24,0.000231481481481481,192,4,2.153123,454.6583,NA,27813.48
2026-10-02 08:16:00,14,0.000115740740740741,192,4,2.153936,455.3362,NA,27827.52
2026-10-02 08:15:50,4,0,192,4,2.164069,453.8904,NA,27851.31
2026-10-02 08:15:40,0,0.00694444444444444,191,11,2.228743,494.5511,NA,27725.11
2026-10-02 08:15:30,594,0.0068287037037037,191,11,2.215757,492.8089,NA,27744.83
2026-10-02 08:15:20,585,0.00671296296296296,191,11,2.226098,516.5493,NA,27747.83
2026-10-02 08:15:10,574,0.00659722222222222,191,11,2.2478,515.816,NA,27760.77
2026-10-02 08:15:00,564,0.00648148148148148,191,11,2.173329,470.6496,NA,27793.01
2026-10-02 08:14:50,554,0.00636574074074074,191,11,2.17028,471.9842,NA,27799.39
2026-10-02 08:14:40,544,0.00625,191,11,2.165271,445.9935,NA,27919.09
2026-10-02 08:14:30,534,0.00613425925925926,191,11,2.179748,440.4278,NA,27878.75
2026-10-02 08:14:20,524,0.00601851851851852,191,11,2.181562,437.6165,NA,27840.26
2026-10-02 08:14:10,514,0.00590277777777778,191,11,2.18063,439.3229,NA,27786.47
2026-10-02 08:14:00,504,0.00578703703703704,191,11,2.179761,440.1707,NA,27743.37
2026-10-02 08:13:50,494,0.0056712962962963,191,11,2.179399,439.2984,NA,27700.29
2026-10-02 08:13:40,484,0.00555555555555556,191,11,2.178555,440.0359,NA,27646.2
2026-10-02 08:13:30,474,0.00543981481481481,191,11,2.177662,439.7927,NA,27591.15
2026-10-02 08:13:20,464,0.00532407407407407,191,11,2.176746,437.6587,NA,27531.21
2026-10-02 08:13:10,454,0.00520833333333333,191,11,2.176431,440.4336,NA,27472.94
2026-10-02 08:13:00,444,0.00509259259259259,191,11,2.175955,441.8169,NA,27409.39
2026-10-02 08:12:50,434,0.00497685185185185,191,11,2.175046,440.5966,NA,27341.71
2026-10-02 08:12:40,424,0.00486111111111111,191,11,2.174498,442.3752,NA,27277.98
2026-10-02 08:12:30,414,0.00474537037037037,191,11,2.173728,442.9692,NA,27205.41
2026-10-02 08:12:20,404,0.00462962962962963,191,11,2.173334,442.4382,NA,27121.73
2026-10-02 08:12:10,394,0.00451388888888889,191,11,2.17178,442.6852,NA,27029.44
2026-10-02 08:12:00,384,0.00439814814814815,191,11,2.1708,441.9194,NA,26943.97
2026-10-02 08:11:50,374,0.00428240740740741,191,11,2.170458,443.7898,NA,26856.94
2026-10-02 08:11:40,364,0.00416666666666667,191,11,2.170198,443.1802,NA,26761.69
2026-10-02 08:11:30,354,0.00405092592592593,191,11,2.168863,443.8552,NA,26658.44
2026-10-02 08:11:20,344,0.00393518518518518,191,11,2.168472,444.5255,NA,26552.94
2026-10-02 08:11:10,334,0.00381944444444444,191,11,2.167855,444.503,0.3558386,26444.2
2026-10-02 08:11:00,324,0.0037037037037037,191,11,2.166885,445.116,0.3567231,26325.03
2026-10-02 08:10:50,315,0.00358796296296296,191,11,2.16622,446.0491,NA,26203.27
2026-10-02 08:10:40,304,0.00347222222222222,191,11,2.165454,447.7434,NA,26090.43
2026-10-02 08:10:30,294,0.00335648148148148,191,11,2.165179,447.024,NA,25969.94
2026-10-02 08:10:20,285,0.00324074074074074,191,11,2.164098,448.8133,NA,25831.71
2026-10-02 08:10:10,274,0.003125,191,11,2.163189,449.4419,NA,25673.62
2026-10-02 08:10:00,264,0.00300925925925926,191,11,2.162719,448.3304,NA,25485.64
2026-10-02 08:09:50,254,0.00289351851851852,191,11,2.161545,448.8997,NA,25324.45
2026-10-02 08:09:40,244,0.00277777777777778,191,11,2.160759,449.5978,NA,25172.2
2026-10-02 08:09:30,234,0.00266203703703704,191,11,2.15925,450.7422,NA,25078.6
2026-10-02 08:09:20,224,0.0025462962962963,191,11,2.159239,451.1376,NA,25064.1
2026-10-02 08:09:10,214,0.00243055555555556,191,11,2.157842,449.3025,NA,25025.83
2026-10-02 08:09:00,204,0.00231481481481481,191,11,2.157104,450.2664,NA,25014.87
2026-10-02 08:08:50,194,0.00219907407407407,191,11,2.156906,450.1189,NA,24985.59
2026-10-02 08:08:40,184,0.00208333333333333,191,11,2.155511,449.947,NA,24962.3
2026-10-02 08:08:30,174,0.00196759259259259,191,11,2.156541,452.0214,NA,24950.06
2026-10-02 08:08:20,164,0.00185185185185185,191,11,2.183443,452.3079,NA,24929.14
2026-10-02 08:08:10,154,0.00173611111111111,191,11,2.154555,453.0921,NA,24905.76
2026-10-02 08:08:00,144,0.00162037037037037,191,11,2.15864,455.2873,NA,24875.44
2026-10-02 08:07:50,134,0.00150462962962963,191,11,2.155494,453.4943,0.3559315,24869.13
2026-10-02 08:07:40,124,0.00138888888888889,191,11,2.156519,454.1596,NA,24828.5
2026-10-02 08:07:30,114,0.00127314814814815,191,11,2.158954,455.6784,NA,24792.28
2026-10-02 08:07:20,104,0.00115740740740741,191,11,2.166672,460.7582,NA,24756.72
2026-10-02 08:07:10,94,0.00104166666666667,191,11,2.155957,453.5937,NA,24759.48
2026-10-02 08:07:00,84,0.000925925925925926,191,11,2.152881,453.2678,NA,24761.45
2026-10-02 08:06:50,74,0.000810185185185185,191,11,2.154383,453.6917,0.3567657,24751.72
2026-10-02 08:06:40,64,0.000694444444444444,191,11,2.158262,454.605,NA,24740.84
2026-10-02 08:06:30,54,0.000578703703703704,191,11,2.158076,454.8301,NA,24724.23
2026-10-02 08:06:20,44,0.000462962962962963,191,11,2.157676,455.8008,NA,24728.39
2026-10-02 08:06:10,34,0.000347222222222222,191,11,2.158764,456.3546,NA,24751.02
2026-10-02 08:06:00,24,0.000231481481481481,191,11,2.164514,455.4413,NA,24800.77
2026-10-02 08:05:50,15,0.000115740740740741,191,11,2.159058,454.2876,NA,24822.33
2026-10-02 08:05:40,4,0,191,11,2.177711,469.5634,NA,24802.78
2026-10-02 08:05:30,0,0.00694444444444444,190,2,2.229414,528.8757,NA,24697.44
2026-10-02 08:05:20,594,0.0068287037037037,190,2,2.202127,501.6359,NA,24715.94
2026-10-02 08:05:10,584,0.00671296296296296,190,2,2.190851,484.0436,NA,24721.54
2026-10-02 08:05:00,574,0.00659722222222222,190,2,2.19315,484.8781,NA,24722.27
2026-10-02 08:04:50,564,0.00648148148148148,190,2,2.193135,481.213,NA,24716.85
2026-10-02 08:04:40,554,0.00636574074074074,190,2,2.175872,471.1906,NA,24690.35
2026-10-02 08:04:30,544,0.00625,190,2,2.154984,449.6301,NA,24740.72
2026-10-02 08:04:20,534,0.00613425925925926,190,2,2.159604,449.9216,NA,24668.74
2026-10-02 08:04:10,524,0.00601851851851852,190,2,2.159135,449.1563,0.3565468,24650.25
2026-10-02 08:04:00,514,0.00590277777777778,190,2,2.158593,448.1905,NA,24618.99
2026-10-02 08:03:50,504,0.00578703703703704,190,2,2.157951,448.8693,NA,24587.92
2026-10-02 08:03:40,494,0.0056712962962963,190,2,2.158229,451.1479,NA,24535.55
2026-10-02 08:03:30,484,0.00555555555555556,190,2,2.158579,451.4599,NA,24478.82
2026-10-02 08:03:20,474,0.00543981481481481,190,2,2.158304,453.871,NA,24410.72
2026-10-02 08:03:10,464,0.00532407407407407,190,2,2.157281,450.5755,NA,24331.73
2026-10-02 08:03:00,454,0.00520833333333333,190,2,2.157457,452.3005,NA,24263.63
2026-10-02 08:02:50,444,0.00509259259259259,190,2,2.157177,451.4343,NA,24191.8
2026-10-02 08:02:40,434,0.00497685185185185,190,2,2.157974,453.1759,NA,24118.17
2026-10-02 08:02:30,424,0.00486111111111111,190,2,2.157187,453.9372,NA,24016.98
2026-10-02 08:02:20,414,0.00474537037037037,190,2,2.157283,455.7435,NA,23904.31
2026-10-02 08:02:10,404,0.00462962962962963,190,2,2.156636,452.0303,NA,23815.22
2026-10-02 08:02:00,394,0.00451388888888889,190,2,2.156729,453.6326,0.3563803,23786.52
2026-10-02 08:01:50,384,0.00439814814814815,190,2,2.168743,456.1532,NA,23736.15
2026-10-02 08:01:40,374,0.00428240740740741,190,2,2.164119,453.6218,NA,23612.57
2026-10-02 08:01:30,364,0.00416666666666667,190,2,2.167003,456.3903,NA,23577.5
2026-10-02 08:01:20,354,0.00405092592592593,190,2,2.161031,457.666,NA,23556.8
2026-10-02 08:01:10,344,0.00393518518518518,190,2,2.164052,458.6943,NA,23520.88
2026-10-02 08:01:00,334,0.00381944444444444,190,2,2.168338,457.443,NA,23466.13
2026-10-02 08:00:50,325,0.0037037037037037,190,2,2.166462,459.1818,NA,23413.79
2026-10-02 08:00:40,314,0.00358796296296296,190,2,2.158561,460.352,NA,23348.48
2026-10-02 08:00:30,304,0.00347222222222222,190,2,2.159597,459.7461,NA,23308.27
2026-10-02 08:00:20,294,0.00335648148148148,190,2,2.155555,459.8668,NA,23291.41
2026-10-02 08:00:10,284,0.00324074074074074,190,2,2.155791,461.9105,NA,23260.03
2026-10-02 08:00:00,274,0.003125,190,2,2.157642,462.4474,NA,23221.4
2026-10-02 07:59:50,264,0.00300925925925926,190,2,2.15737,459.9916,NA,23185.64
2026-10-02 07:59:40,254,0.00289351851851852,190,2,2.156216,460.2141,NA,23155.1
2026-10-02 07:59:30,244,0.00277777777777778,190,2,2.156806,460.7933,NA,23101.44
2026-10-02 07:59:20,234,0.00266203703703704,190,2,2.156045,461.169,NA,23071.15
2026-10-02 07:59:10,224,0.0025462962962963,190,2,2.156985,463.5311,NA,23047.34
2026-10-02 07:59:00,214,0.00243055555555556,190,2,2.155686,462.2427,NA,23014.44
2026-10-02 07:58:50,204,0.00231481481481481,190,2,2.155292,462.9872,NA,22982.14
2026-10-02 07:58:40,194,0.00219907407407407,190,2,2.155604,463.1296,NA,22966.14
2026-10-02 07:58:30,184,0.00208333333333333,190,2,2.156837,462.8383,NA,22933.2
2026-10-02 07:58:20,174,0.00196759259259259,190,2,2.156443,463.4376,NA,22886.92
2026-10-02 07:58:10,164,0.00185185185185185,190,2,2.156475,463.1558,NA,22834.61
2026-10-02 07:58:00,154,0.00173611111111111,190,2,2.158088,461.4269,NA,22805.46
2026-10-02 07:57:50,144,0.00162037037037037,190,2,2.1605,459.3727,NA,22784.94
2026-10-02 07:57:40,134,0.00150462962962963,190,2,2.158124,458.6805,NA,22722.74
2026-10-02 07:57:30,124,0.00138888888888889,190,2,2.157035,460.2589,NA,22687.1
2026-10-02 07:57:20,114,0.00127314814814815,190,2,2.157004,459.3212,NA,22700.48
2026-10-02 07:57:10,104,0.00115740740740741,190,2,2.153697,458.9034,0.3556636,22718.89
2026-10-02 07:57:00,94,0.00104166666666667,190,2,2.153409,458.256,NA,22724.28
2026-10-02 07:56:50,84,0.000925925925925926,190,2,2.153958,458.7821,NA,22688.59
2026-10-02 07:56:40,74,0.000810185185185185,190,2,2.154019,458.436,0.3560326,22654.4
2026-10-02 07:56:30,64,0.000694444444444444,190,2,2.154698,459.8618,NA,22610.08
2026-10-02 07:56:20,54,0.000578703703703704,190,2,2.15572,459.7931,NA,22550.25
2026-10-02 07:56:10,44,0.000462962962962963,190,2,2.155616,459.7325,NA,22507.81
2026-10-02 07:56:00,34,0.000347222222222222,190,2,2.157031,458.7851,NA,22489.98
2026-10-02 07:55:50,25,0.000231481481481481,190,2,2.162651,462.795,NA,22479.09
2026-10-02 07:55:40,14,0.000115740740740741,190,2,2.209532,498.636,0.3574955,22468.34
2026-10-02 07:55:30,4,0,190,2,2.191845,499.4199,NA,22458.56
2026-10-02 07:55:20,0,0.00694444444444444,189,10,2.198129,517.1386,NA,22421.59
2026-10-02 07:55:10,594,0.0068287037037037,189,10,2.194154,505.1793,NA,22414.78
2026-10-02 07:55:00,584,0.00671296296296296,189,10,2.199152,490.5107,NA,22413.37
2026-10-02 07:54:50,574,0.00659722222222222,189,10,2.182679,473.4743,NA,22441.5
2026-10-02 07:54:40,564,0.00648148148148148,189,10,2.183124,474.735,NA,22458.24
2026-10-02 07:54:30,554,0.00636574074074074,189,10,2.182378,472.4519,NA,22519.62
2026-10-02 07:54:20,544,0.00625,189,10,2.187489,464.8325,NA,22541.34
2026-10-02 07:54:10,534,0.00613425925925926,189,10,2.186774,465.2697,NA,22561.96
2026-10-02 07:54:00,524,0.00601851851851852,189,10,2.19056,463.1328,NA,22558.21
2026-10-02 07:53:50,514,0.00590277777777778,189,10,2.198889,464.3827,NA,22561.18
2026-10-02 07:53:40,504,0.00578703703703704,189,10,2.200259,463.9132,NA,22586.93
2026-10-02 07:53:30,494,0.0056712962962963,189,10,2.180825,461.8405,0.355434,22609.84
2026-10-02 07:53:20,484,0.00555555555555556,189,10,2.18164,463.9013,NA,22608.54
2026-10-02 07:53:10,474,0.00543981481481481,189,10,2.179959,464.9366,NA,22617.4
2026-10-02 07:53:00,464,0.00532407407407407,189,10,2.179113,464.1352,0.3559392,22634.83
2026-10-02 07:52:50,454,0.00520833333333333,189,10,2.178181,464.3581,0.3546868,22594.02
2026-10-02 07:52:40,444,0.00509259259259259,189,10,2.178783,464.2868,0.3468411,22549.29
2026-10-02 07:52:30,434,0.00497685185185185,189,10,2.178765,463.7208,6.709433,22528.47
2026-10-02 07:52:20,424,0.00486111111111111,189,10,2.17629,465.4713,NA,22510.97
2026-10-02 07:52:10,414,0.00474537037037037,189,10,2.170471,465.2627,NA,22490.54
2026-10-02 07:52:00,404,0.00462962962962963,189,10,2.171286,464.5878,0.3557781,22471.13
2026-10-02 07:51:50,394,0.00451388888888889,189,10,2.172392,462.9833,NA,22359.99
2026-10-02 07:51:40,384,0.00439814814814815,189,10,2.175335,463.8962,NA,21745.55
2026-10-02 07:51:30,374,0.00428240740740741,189,10,2.169481,476.9703,0.3546115,21923.54
2026-10-02 07:51:20,364,0.00416666666666667,189,10,2.170248,461.9098,NA,21629.04
2026-10-02 07:51:10,354,0.00405092592592593,189,10,2.154504,474.4015,NA,20845.27
2026-10-02 07:51:00,344,0.00393518518518518,189,10,2.149191,461.4789,NA,20020.95
2026-10-02 07:50:50,334,0.00381944444444444,189,10,2.155484,464.4566,NA,20269.42
2026-10-02 07:50:40,324,0.0037037037037037,189,10,2.152455,466.698,0.3536481,20988.56
2026-10-02 07:50:30,314,0.00358796296296296,189,10,2.172377,462.715,NA,21999.72
2026-10-02 07:50:20,305,0.00347222222222222,189,10,2.169756,462.8262,NA,22123.8
2026-10-02 07:50:10,294,0.00335648148148148,189,10,2.167955,464.2502,0.3555918,22151.43
2026-10-02 07:50:00,284,0.00324074074074074,189,10,2.168077,463.8186,0.3551111,22213.82
2026-10-02 07:49:50,274,0.003125,189,10,2.168847,464.0696,0.3555819,22231.96
2026-10-02 07:49:40,264,0.00300925925925926,189,10,2.16867,465.3949,0.3556476,22210.37
2026-10-02 07:49:30,254,0.00289351851851852,189,10,2.169276,464.593,NA,22203.24
2026-10-02 07:49:20,244,0.00277777777777778,189,10,2.164608,463.7607,NA,22230.26
2026-10-02 07:49:10,234,0.00266203703703704,189,10,2.166511,464.4231,NA,22283.36
2026-10-02 07:49:00,224,0.0025462962962963,189,10,2.164469,463.8484,NA,22297.86
2026-10-02 07:48:50,214,0.00243055555555556,189,10,2.163053,463.5294,0.35602,22294.05
2026-10-02 07:48:40,204,0.00231481481481481,189,10,2.161613,463.8691,0.3548513,22306.48
2026-10-02 07:48:30,194,0.00219907407407407,189,10,2.165752,465.736,NA,22309.2
2026-10-02 07:48:20,184,0.00208333333333333,189,10,2.165904,466.2166,0.3555136,22325.5
2026-10-02 07:48:10,174,0.00196759259259259,189,10,2.168118,465.5982,NA,22338.59
2026-10-02 07:48:00,164,0.00185185185185185,189,10,2.162003,465.2302,NA,22360.36
2026-10-02 07:47:50,154,0.00173611111111111,189,10,2.15474,465.9082,NA,22377.58
2026-10-02 07:47:40,144,0.00162037037037037,189,10,2.157654,468.1688,NA,22381.17
2026-10-02 07:47:30,134,0.00150462962962963,189,10,2.158752,467.7744,NA,22414.29
2026-10-02 07:47:20,124,0.00138888888888889,189,10,2.160126,464.3899,NA,22441.53
2026-10-02 07:47:10,114,0.00127314814814815,189,10,2.159827,461.3382,NA,22496.67
2026-10-02 07:47:00,104,0.00115740740740741,189,10,2.163198,462.3368,NA,22524.14
2026-10-02 07:46:50,94,0.00104166666666667,189,10,2.163131,461.5546,NA,22524.38
2026-10-02 07:46:40,84,0.000925925925925926,189,10,2.161114,461.8053,NA,22530.03
2026-10-02 07:46:30,74,0.000810185185185185,189,10,2.160085,462.4619,NA,22534.84
2026-10-02 07:46:20,64,0.000694444444444444,189,10,2.160816,462.2721,NA,22534.88
2026-10-02 07:46:10,54,0.000578703703703704,189,10,2.162588,462.8993,NA,22540.77
2026-10-02 07:46:00,44,0.000462962962962963,189,10,2.164163,463.4636,NA,22555.05
2026-10-02 07:45:50,35,0.000347222222222222,189,10,2.163583,464.6166,NA,22571.99
2026-10-02 07:45:40,24,0.000231481481481481,189,10,2.171308,469.1499,NA,22597.73
2026-10-02 07:45:30,14,0.000115740740740741,189,10,2.244777,544.7604,NA,22624.08
2026-10-02 07:45:20,4,0,189,10,2.241942,514.1467,NA,22632.71
2026-10-02 07:45:10,0,0.00694444444444444,188,7,2.230387,518.9188,NA,22601.82
2026-10-02 07:45:00,594,0.0068287037037037,188,7,2.196171,473.4803,NA,22558.11
2026-10-02 07:44:50,584,0.00671296296296296,188,7,2.190466,471.612,0.3587144,22475.66
2026-10-02 07:44:40,574,0.00659722222222222,188,7,2.191955,472.4478,NA,22377.11
2026-10-02 07:44:30,564,0.00648148148148148,188,7,2.193574,472.0005,NA,22301.41
2026-10-02 07:44:20,554,0.00636574074074074,188,7,2.178768,470.1874,NA,22326.2
2026-10-02 07:44:10,544,0.00625,188,7,2.158983,454.1976,NA,22344.74
2026-10-02 07:44:00,534,0.00613425925925926,188,7,2.159199,453.6414,0.3543213,22334.34
2026-10-02 07:43:50,524,0.00601851851851852,188,7,2.157525,453.5894,NA,22323.94
2026-10-02 07:43:40,514,0.00590277777777778,188,7,2.157846,454.0179,NA,22314.88
2026-10-02 07:43:30,504,0.00578703703703704,188,7,2.157393,455.221,NA,22309.08
2026-10-02 07:43:20,494,0.0056712962962963,188,7,2.157605,455.3565,NA,22293.04
2026-10-02 07:43:10,484,0.00555555555555556,188,7,2.157697,455.5677,NA,22278.7
2026-10-02 07:43:00,474,0.00543981481481481,188,7,2.157581,455.8099,NA,22261.11
2026-10-02 07:42:50,464,0.00532407407407407,188,7,2.157284,456.2193,NA,22252.96
2026-10-02 07:42:40,454,0.00520833333333333,188,7,2.156442,455.6552,0.3558665,22248.88
2026-10-02 07:42:30,444,0.00509259259259259,188,7,2.156629,456.0408,NA,22241.01
2026-10-02 07:42:20,434,0.00497685185185185,188,7,2.15762,456.093,NA,22229.93
2026-10-02 07:42:10,424,0.00486111111111111,188,7,2.159399,456.4638,NA,22214.81
2026-10-02 07:42:00,414,0.00474537037037037,188,7,2.159766,456.8404,NA,22200.4
2026-10-02 07:41:50,404,0.00462962962962963,188,7,2.15908,457.6481,NA,22186.54
2026-10-02 07:41:40,394,0.00451388888888889,188,7,2.159642,457.9368,NA,22173.15
2026-10-02 07:41:30,384,0.00439814814814815,188,7,2.157875,457.5735,NA,22158.37
2026-10-02 07:41:20,374,0.00428240740740741,188,7,2.157937,457.9618,NA,22143.59
2026-10-02 07:41:10,364,0.00416666666666667,188,7,2.159517,458.3704,NA,22130.82
2026-10-02 07:41:00,354,0.00405092592592593,188,7,2.156868,457.4285,NA,22123.2
2026-10-02 07:40:50,345,0.00393518518518518,188,7,2.157393,458.0729,NA,22113.97
2026-10-02 07:40:40,334,0.00381944444444444,188,7,2.158431,458.7696,NA,22102.53
2026-10-02 07:40:30,324,0.0037037037037037,188,7,2.159346,458.7425,NA,22098.42
2026-10-02 07:40:20,314,0.00358796296296296,188,7,2.159357,459.2962,NA,22093.71
2026-10-02 07:40:10,304,0.00347222222222222,188,7,2.165772,458.4838,NA,22089.04
2026-10-02 07:40:00,294,0.00335648148148148,188,7,2.160355,458.2827,NA,22078.22
2026-10-02 07:39:50,284,0.00324074074074074,188,7,2.154372,459.5515,NA,22069.26
2026-10-02 07:39:40,274,0.003125,188,7,2.154743,460.0004,NA,22052.1
2026-10-02 07:39:30,264,0.00300925925925926,188,7,2.155687,458.338,NA,22034.96
2026-10-02 07:39:20,254,0.00289351851851852,188,7,2.156567,459.1184,NA,22019.2
2026-10-02 07:39:10,244,0.00277777777777778,188,7,2.155622,459.4062,NA,21999.45
2026-10-02 07:39:00,234,0.00266203703703704,188,7,2.15609,460.3982,NA,21979.52
2026-10-02 07:38:50,224,0.0025462962962963,188,7,2.157531,460.211,0.3553982,21957.66
2026-10-02 07:38:40,214,0.00243055555555556,188,7,2.163782,459.6938,NA,21941.93
2026-10-02 07:38:30,204,0.00231481481481481,188,7,2.15319,460.1562,NA,21928.15
2026-10-02 07:38:20,194,0.00219907407407407,188,7,2.1522,460.0342,NA,21918.42
2026-10-02 07:38:10,184,0.00208333333333333,188,7,2.152601,459.901,NA,21906.15
2026-10-02 07:38:00,174,0.00196759259259259,188,7,2.153282,459.9944,NA,21895.51
2026-10-02 07:37:50,164,0.00185185185185185,188,7,2.153049,459.979,NA,21880.35
2026-10-02 07:37:40,154,0.00173611111111111,188,7,2.153782,459.0211,NA,21865.06
2026-10-02 07:37:30,144,0.00162037037037037,188,7,2.154783,459.7342,NA,21843.18
2026-10-02 07:37:20,134,0.00150462962962963,188,7,2.154109,459.6405,NA,21835.01
2026-10-02 07:37:10,124,0.00138888888888889,188,7,2.154264,458.8798,NA,21826.7
2026-10-02 07:37:00,114,0.00127314814814815,188,7,2.154158,459.0609,NA,21818.81
2026-10-02 07:36:50,104,0.00115740740740741,188,7,2.152406,459.514,NA,21808
2026-10-02 07:36:40,94,0.00104166666666667,188,7,2.152073,459.6616,NA,21801.2
2026-10-02 07:36:30,84,0.000925925925925926,188,7,2.153457,458.8766,NA,21798.31
2026-10-02 07:36:20,74,0.000810185185185185,188,7,2.152349,459.5591,NA,21788.03
2026-10-02 07:36:10,64,0.000694444444444444,188,7,2.153409,459.6133,NA,21777.79
2026-10-02 07:36:00,54,0.000578703703703704,188,7,2.15357,460.314,NA,21769.46
2026-10-02 07:35:50,45,0.000462962962962963,188,7,2.154131,460.1744,NA,21758.58
2026-10-02 07:35:40,34,0.000347222222222222,188,7,2.155747,461.1325,NA,21758.21
2026-10-02 07:35:30,24,0.000231481481481481,188,7,2.168234,468.0543,NA,21758.54
2026-10-02 07:35:20,14,0.000115740740740741,188,7,2.246335,524.9276,NA,21758.06
2026-10-02 07:35:10,4,0,188,7,2.237985,551.7786,NA,21763.64
2026-10-02 07:35:00,0,0.00694444444444444,187,1,2.21554,515.1982,0.3562015,21775.4
2026-10-02 07:34:50,595,0.0068287037037037,187,1,2.202869,517.1653,NA,21778.68
2026-10-02 07:34:40,585,0.00671296296296296,187,1,2.174372,472.3171,NA,21726.96
2026-10-02 07:34:30,575,0.00659722222222222,187,1,2.163695,472.0156,NA,21671.57
2026-10-02 07:34:20,565,0.00648148148148148,187,1,2.166978,470.5761,NA,21613.81
2026-10-02 07:34:10,555,0.00636574074074074,187,1,2.16545,470.0697,0.3588301,21680.13
2026-10-02 07:34:00,545,0.00625,187,1,2.160966,456.6848,NA,21710.91
2026-10-02 07:33:50,535,0.00613425925925926,187,1,2.161505,457.3675,NA,21715.66
2026-10-02 07:33:40,525,0.00601851851851852,187,1,2.161742,457.0519,0.3550771,21722.09
2026-10-02 07:33:30,515,0.00590277777777778,187,1,2.163726,456.7116,NA,21729.18
2026-10-02 07:33:20,505,0.00578703703703704,187,1,2.16246,458.0661,NA,21746.5
2026-10-02 07:33:10,495,0.0056712962962963,187,1,2.163374,457.9333,NA,21765.06
2026-10-02 07:33:00,485,0.00555555555555556,187,1,2.165868,458.1646,NA,21787.94
2026-10-02 07:32:50,475,0.00543981481481481,187,1,2.167185,458.5408,NA,21811.35
2026-10-02 07:32:40,465,0.00532407407407407,187,1,2.165894,458.4944,NA,21845.27
2026-10-02 07:32:30,455,0.00520833333333333,187,1,2.163037,458.5747,NA,21877.94
2026-10-02 07:32:20,445,0.00509259259259259,187,1,2.161214,458.3981,0.355017,21917.96
2026-10-02 07:32:10,435,0.00497685185185185,187,1,2.159731,458.6007,NA,21964.69
2026-10-02 07:32:00,425,0.00486111111111111,187,1,2.157774,458.4577,NA,22013.82
2026-10-02 07:31:50,415,0.00474537037037037,187,1,2.157939,458.5714,NA,22073.46
2026-10-02 07:31:40,405,0.00462962962962963,187,1,2.160184,458.9085,NA,22142.31
2026-10-02 07:31:30,395,0.00451388888888889,187,1,2.157845,458.2801,NA,22208.71
2026-10-02 07:31:20,385,0.00439814814814815,187,1,2.157279,459.0933,NA,22262.95
2026-10-02 07:31:10,375,0.00428240740740741,187,1,2.158249,458.013,NA,22280.55
2026-10-02 07:31:00,365,0.00416666666666667,187,1,2.157397,459.1108,NA,22268.43
2026-10-02 07:30:50,355,0.00405092592592593,187,1,2.159884,459.2507,NA,22243.93
2026-10-02 07:30:40,345,0.00393518518518518,187,1,2.160513,459.6421,NA,22220.89
2026-10-02 07:30:30,335,0.00381944444444444,187,1,2.160362,459.3913,NA,22190.39
2026-10-02 07:30:20,325,0.0037037037037037,187,1,2.155314,459.2527,NA,22168.04
2026-10-02 07:30:10,315,0.00358796296296296,187,1,2.154915,459.1483,NA,22140.47
2026-10-02 07:30:00,305,0.00347222222222222,187,1,2.154671,458.9316,NA,22116.26
2026-10-02 07:29:50,295,0.00335648148148148,187,1,2.154827,459.5989,NA,22096.34
2026-10-02 07:29:40,285,0.00324074074074074,187,1,2.15346,458.6259,0.3543026,22075.6
2026-10-02 07:29:30,275,0.003125,187,1,2.153563,458.4774,NA,22049.52
2026-10-02 07:29:20,265,0.00300925925925926,187,1,2.1528,459.6653,NA,22024.28
2026-10-02 07:29:10,255,0.00289351851851852,187,1,2.152686,459.1044,NA,22002
2026-10-02 07:29:00,245,0.00277777777777778,187,1,2.152764,459.6139,NA,21976.32
2026-10-02 07:28:50,235,0.00266203703703704,187,1,2.153506,459.3697,0.3555762,21948.54
2026-10-02 07:28:40,225,0.0025462962962963,187,1,2.153063,460.3103,NA,21927.89
2026-10-02 07:28:30,215,0.00243055555555556,187,1,2.153723,460.6406,NA,21901.18
2026-10-02 07:28:20,205,0.00231481481481481,187,1,2.154417,461.0381,NA,21867.32
2026-10-02 07:28:10,195,0.00219907407407407,187,1,2.157141,461.5553,NA,21841.93
2026-10-02 07:28:00,185,0.00208333333333333,187,1,2.154468,461.0734,NA,21819.21
2026-10-02 07:27:50,175,0.00196759259259259,187,1,2.15591,461.546,NA,21786.87
2026-10-02 07:27:40,165,0.00185185185185185,187,1,2.158978,461.6665,NA,21753.54
2026-10-02 07:27:30,155,0.00173611111111111,187,1,2.161011,459.7585,NA,21729.2
2026-10-02 07:27:20,145,0.00162037037037037,187,1,2.152673,460.1555,NA,21696.21
2026-10-02 07:27:10,135,0.00150462962962963,187,1,2.152128,460.4055,NA,21663.05
2026-10-02 07:27:00,125,0.00138888888888889,187,1,2.15175,460.774,NA,21626.76
2026-10-02 07:26:50,115,0.00127314814814815,187,1,2.151772,460.7577,NA,21584.12
2026-10-02 07:26:40,105,0.00115740740740741,187,1,2.153851,461.5289,NA,21540.68
2026-10-02 07:26:30,95,0.00104166666666667,187,1,2.154486,460.7932,NA,21495.55
2026-10-02 07:26:20,85,0.000925925925925926,187,1,2.155718,461.8149,NA,21447.74
2026-10-02 07:26:10,75,0.000810185185185185,187,1,2.160252,461.1707,NA,21395.02
2026-10-02 07:26:00,65,0.000694444444444444,187,1,2.165494,462.46,NA,21341.65
2026-10-02 07:25:50,55,0.000578703703703704,187,1,2.162104,461.5253,NA,21284.97
2026-10-02 07:25:40,45,0.000462962962962963,187,1,2.166483,461.7769,NA,21217.75
2026-10-02 07:25:30,35,0.000347222222222222,187,1,2.166283,463.118,NA,21139.5
2026-10-02 07:25:20,25,0.000231481481481481,187,1,2.207926,488.242,NA,21044.38
2026-10-02 07:25:10,15,0.000115740740740741,187,1,2.195282,538.7878,NA,20944.44
2026-10-02 07:25:00,5,0,187,1,2.174766,513.5726,NA,20891.08
2026-10-02 07:24:50,0,0.00694444444444444,186,6,2.177858,515.3549,NA,20832.13
2026-10-02 07:24:40,595,0.0068287037037037,186,6,2.17547,503.8564,NA,20792.92
2026-10-02 07:24:30,585,0.00671296296296296,186,6,2.173,508.0488,NA,20749.68
2026-10-02 07:24:20,575,0.00659722222222222,186,6,2.17525,505.0381,NA,20697.36
2026-10-02 07:24:10,565,0.00648148148148148,186,6,2.163189,471.3232,NA,20672.14
2026-10-02 07:24:00,555,0.00636574074074074,186,6,2.16412,470.4948,NA,20759.11
2026-10-02 07:23:50,545,0.00625,186,6,2.160761,460.7327,0.3561195,20812.08
2026-10-02 07:23:40,535,0.00613425925925926,186,6,2.160039,460.1798,NA,20837.43
2026-10-02 07:23:30,525,0.00601851851851852,186,6,2.158456,460.9608,NA,20869.06
2026-10-02 07:23:20,515,0.00590277777777778,186,6,2.158088,461.3188,NA,20906.29
2026-10-02 07:23:10,505,0.00578703703703704,186,6,2.156877,460.6775,NA,20951.57
2026-10-02 07:23:00,495,0.0056712962962963,186,6,2.156646,460.7787,NA,21006.07
2026-10-02 07:22:50,485,0.00555555555555556,186,6,2.155994,460.0439,NA,21070.24
2026-10-02 07:22:40,475,0.00543981481481481,186,6,2.155585,460.8594,NA,21149.07
2026-10-02 07:22:30,465,0.00532407407407407,186,6,2.15585,461.3635,NA,21247.39
2026-10-02 07:22:20,455,0.00520833333333333,186,6,2.15589,461.1721,NA,21346.6
2026-10-02 07:22:10,445,0.00509259259259259,186,6,2.155155,461.6311,NA,21425.63
2026-10-02 07:22:00,435,0.00497685185185185,186,6,2.154846,462.2092,NA,21448.4
2026-10-02 07:21:50,425,0.00486111111111111,186,6,2.155031,462.5625,NA,21429.97
2026-10-02 07:21:40,415,0.00474537037037037,186,6,2.155085,462.5388,NA,21404.93
2026-10-02 07:21:30,405,0.00462962962962963,186,6,2.15545,462.7562,NA,21378.07
2026-10-02 07:21:20,395,0.00451388888888889,186,6,2.155216,462.4463,NA,21353.45
2026-10-02 07:21:10,385,0.00439814814814815,186,6,2.155244,462.2758,NA,21329.67
2026-10-02 07:21:00,375,0.00428240740740741,186,6,2.155145,463.7125,NA,21301.19
2026-10-02 07:20:50,365,0.00416666666666667,186,6,2.154922,463.714,NA,21281.39
2026-10-02 07:20:40,355,0.00405092592592593,186,6,2.154066,462.6882,NA,21258.32
2026-10-02 07:20:30,345,0.00393518518518518,186,6,2.152906,462.3538,NA,21233.42
2026-10-02 07:20:20,335,0.00381944444444444,186,6,2.153284,462.7132,NA,21208.78
2026-10-02 07:20:10,325,0.0037037037037037,186,6,2.153191,462.5875,NA,21173.75
2026-10-02 07:20:00,315,0.00358796296296296,186,6,2.153372,463.3036,NA,21149.24
2026-10-02 07:19:50,305,0.00347222222222222,186,6,2.153173,463.7568,NA,21125.71
2026-10-02 07:19:40,295,0.00335648148148148,186,6,2.152865,463.7604,0.3559738,21096.65
2026-10-02 07:19:30,285,0.00324074074074074,186,6,2.152816,464.1491,NA,21065.72
2026-10-02 07:19:20,275,0.003125,186,6,2.154116,463.8298,NA,21032.48
2026-10-02 07:19:10,265,0.00300925925925926,186,6,2.153134,464.1098,NA,21001.34
2026-10-02 07:19:00,255,0.00289351851851852,186,6,2.154651,465.123,NA,20969.6
2026-10-02 07:18:50,245,0.00277777777777778,186,6,2.156368,466.3579,NA,20935.84
2026-10-02 07:18:40,235,0.00266203703703704,186,6,2.15625,467.1294,NA,20906.84
2026-10-02 07:18:30,225,0.0025462962962963,186,6,2.155368,466.6936,NA,20876.76
2026-10-02 07:18:20,215,0.00243055555555556,186,6,2.156825,467.4603,NA,20844.82
2026-10-02 07:18:10,205,0.00231481481481481,186,6,2.159954,467.6646,0.3565996,20809.95
2026-10-02 07:18:00,195,0.00219907407407407,186,6,2.156405,467.4443,NA,20775.14
2026-10-02 07:17:50,185,0.00208333333333333,186,6,2.152696,467.5109,NA,20738.19
2026-10-02 07:17:40,175,0.00196759259259259,186,6,2.151331,468.0164,0.3572453,20700.85
2026-10-02 07:17:30,165,0.00185185185185185,186,6,2.151133,468.0459,NA,20662.24
2026-10-02 07:17:20,155,0.00173611111111111,186,6,2.151541,468.0002,NA,20623.01
2026-10-02 07:17:10,145,0.00162037037037037,186,6,2.153848,468.5514,NA,20584.8
2026-10-02 07:17:00,135,0.00150462962962963,186,6,2.15267,467.2943,NA,20540.96
2026-10-02 07:16:50,125,0.00138888888888889,186,6,2.154129,465.8487,NA,20492.16
2026-10-02 07:16:40,115,0.00127314814814815,186,6,2.159201,463.1018,NA,20440.26
2026-10-02 07:16:30,105,0.00115740740740741,186,6,2.155753,462.7221,0.3559495,20383.73
2026-10-02 07:16:20,95,0.00104166666666667,186,6,2.152007,462.3804,NA,20321.09
2026-10-02 07:16:10,85,0.000925925925925926,186,6,2.151026,463.0507,NA,20258.22
2026-10-02 07:16:00,75,0.000810185185185185,186,6,2.154508,465.0399,NA,20187.63
2026-10-02 07:15:50,65,0.000694444444444444,186,6,2.187283,481.2721,NA,20106.84
2026-10-02 07:15:40,55,0.000578703703703704,186,6,2.228776,544.6362,NA,20017.6
2026-10-02 07:15:30,45,0.000462962962962963,186,6,2.255998,587.6175,NA,19904.6
2026-10-02 07:15:20,35,0.000347222222222222,186,6,2.163753,476.6281,NA,19776.54
2026-10-02 07:15:10,25,0.000231481481481481,186,6,2.157831,473.479,NA,19601.97
2026-10-02 07:15:00,15,0.000115740740740741,186,6,2.156142,472.4599,NA,19418.61
2026-10-02 07:14:50,5,0,186,6,2.15055,466.2519,NA,19447.25
2026-10-02 07:14:40,0,0.00694444444444444,185,3,2.151349,465.0628,NA,19428.34
2026-10-02 07:14:30,595,0.0068287037037037,185,3,2.153342,465.6214,NA,19429.46
2026-10-02 07:14:20,585,0.00671296296296296,185,3,2.155444,465.5691,NA,19439.33
2026-10-02 07:14:10,575,0.00659722222222222,185,3,2.159567,466.8192,NA,19465.66
2026-10-02 07:14:00,565,0.00648148148148148,185,3,2.166296,468.0668,NA,19507.95
2026-10-02 07:13:50,555,0.00636574074074074,185,3,2.155927,471.6604,NA,19609.9
2026-10-02 07:13:40,545,0.00625,185,3,2.158526,465.7278,NA,19629.61
2026-10-02 07:13:30,535,0.00613425925925926,185,3,2.157634,466.3311,NA,19624.52
2026-10-02 07:13:20,525,0.00601851851851852,185,3,2.157905,465.8464,NA,19613.77
2026-10-02 07:13:10,515,0.00590277777777778,185,3,2.156608,465.4422,NA,19605.99
2026-10-02 07:13:00,505,0.00578703703703704,185,3,2.156259,465.962,NA,19591.3
2026-10-02 07:12:50,494,0.0056712962962963,185,3,2.155995,465.6259,NA,19583.3
2026-10-02 07:12:40,485,0.00555555555555556,185,3,2.155189,465.9194,NA,19574.78
2026-10-02 07:12:30,475,0.00543981481481481,185,3,2.154752,465.9971,NA,19568.17
2026-10-02 07:12:20,465,0.00532407407407407,185,3,2.154242,466.5485,NA,19562.69
2026-10-02 07:12:10,455,0.00520833333333333,185,3,2.153704,465.9058,0.3548215,19555.47
2026-10-02 07:12:00,445,0.00509259259259259,185,3,2.153831,465.4029,NA,19548.77
2026-10-02 07:11:50,435,0.00497685185185185,185,3,2.15369,466.0315,NA,19546.08
2026-10-02 07:11:40,425,0.00486111111111111,185,3,2.154057,466.5187,NA,19540.84
2026-10-02 07:11:30,415,0.00474537037037037,185,3,2.154071,466.6518,NA,19540.91
2026-10-02 07:11:20,405,0.00462962962962963,185,3,2.153944,466.9074,NA,19538.63
2026-10-02 07:11:10,395,0.00451388888888889,185,3,2.154326,467.2357,NA,19543.8
2026-10-02 07:11:00,385,0.00439814814814815,185,3,2.153857,467.0601,NA,19548.28
2026-10-02 07:10:50,375,0.00428240740740741,185,3,2.153917,467.9484,NA,19553.92
2026-10-02 07:10:40,365,0.00416666666666667,185,3,2.153167,467.9454,0.3554413,19552.76
2026-10-02 07:10:30,355,0.00405092592592593,185,3,2.152643,467.5942,NA,19557.8
2026-10-02 07:10:20,345,0.00393518518518518,185,3,2.151855,467.6667,NA,19561.5
2026-10-02 07:10:10,335,0.00381944444444444,185,3,2.151082,467.5166,NA,19562.4
2026-10-02 07:10:00,325,0.0037037037037037,185,3,2.150928,467.1138,NA,19567.02
2026-10-02 07:09:50,315,0.00358796296296296,185,3,2.151356,468.7426,NA,19573.02
2026-10-02 07:09:40,305,0.00347222222222222,185,3,2.151386,468.7855,NA,19584.91
2026-10-02 07:09:30,295,0.00335648148148148,185,3,2.152365,470.5254,NA,19601.9
2026-10-02 07:09:20,285,0.00324074074074074,185,3,2.151584,470.4771,NA,19624.76
2026-10-02 07:09:10,275,0.003125,185,3,2.151242,470.3637,NA,19642.49
2026-10-02 07:09:00,265,0.00300925925925926,185,3,2.152197,469.6849,0.3558048,19664.32
2026-10-02 07:08:50,255,0.00289351851851852,185,3,2.153426,470.3436,NA,19704.56
2026-10-02 07:08:40,245,0.00277777777777778,185,3,2.156247,472.2964,NA,19742.93
2026-10-02 07:08:30,235,0.00266203703703704,185,3,2.1552,472.1182,NA,19794.44
2026-10-02 07:08:20,225,0.0025462962962963,185,3,2.153037,471.0546,NA,19856.53
2026-10-02 07:08:10,215,0.00243055555555556,185,3,2.152841,472.7061,NA,19939.32
2026-10-02 07:08:00,205,0.00231481481481481,185,3,2.154538,472.2897,0.3564362,20043.05
2026-10-02 07:07:50,195,0.00219907407407407,185,3,2.154055,472.3962,0.3568801,20091.21
2026-10-02 07:07:40,185,0.00208333333333333,185,3,2.154984,472.3462,NA,20080.09
2026-10-02 07:07:30,175,0.00196759259259259,185,3,2.158921,470.746,NA,20061.92
2026-10-02 07:07:20,165,0.00185185185185185,185,3,2.157519,470.3545,NA,20034.3
2026-10-02 07:07:10,155,0.00173611111111111,185,3,2.156353,468.74,NA,20004.62
2026-10-02 07:07:00,145,0.00162037037037037,185,3,2.15367,467.3929,NA,19977.97
2026-10-02 07:06:50,135,0.00150462962962963,185,3,2.152944,466.7877,NA,19956.62
2026-10-02 07:06:40,125,0.00138888888888889,185,3,2.152847,466.1175,NA,19931.09
2026-10-02 07:06:30,115,0.00127314814814815,185,3,2.151831,466.1796,NA,19904.24
2026-10-02 07:06:20,105,0.00115740740740741,185,3,2.15034,466.6455,0.3562068,19874.72
2026-10-02 07:06:10,95,0.00104166666666667,185,3,2.14852,466.0513,NA,19843.54
2026-10-02 07:06:00,85,0.000925925925925926,185,3,2.148216,466.2317,NA,19813.44
2026-10-02 07:05:50,75,0.000810185185185185,185,3,2.149741,467.1898,NA,19775.34
2026-10-02 07:05:40,65,0.000694444444444444,185,3,2.150736,468.1696,NA,19743.37
2026-10-02 07:05:30,55,0.000578703703703704,185,3,2.153219,468.4807,NA,19700.53
2026-10-02 07:05:20,45,0.000462962962962963,185,3,2.153074,468.9847,NA,19659.17
2026-10-02 07:05:10,34,0.000347222222222222,185,3,2.154108,470.0168,NA,19616.14
2026-10-02 07:05:00,25,0.000231481481481481,185,3,2.153896,470.5178,NA,19574.13
2026-10-02 07:04:50,15,0.000115740740740741,185,3,2.154347,470.0515,NA,19527.1
2026-10-02 07:04:40,5,0,185,3,2.162941,474.7025,NA,19472.38
2026-10-02 07:04:30,0,0.00694444444444444,184,12,2.205607,534.1879,NA,19413.81
2026-10-02 07:04:20,595,0.0068287037037037,184,12,2.228415,595.024,NA,19345.2
2026-10-02 07:04:10,585,0.00671296296296296,184,12,2.255481,593.3796,NA,19256.78
2026-10-02 07:04:00,575,0.00659722222222222,184,12,2.162088,476.5822,NA,19162.72
2026-10-02 07:03:50,565,0.00648148148148148,184,12,2.163845,477.764,NA,19043.91
2026-10-02 07:03:40,555,0.00636574074074074,184,12,2.166527,478.0007,NA,19075.85
2026-10-02 07:03:30,545,0.00625,184,12,2.175068,475.5258,NA,19141.27
2026-10-02 07:03:20,535,0.00613425925925926,184,12,2.192039,478.5935,NA,19128.04
2026-10-02 07:03:10,525,0.00601851851851852,184,12,2.216726,481.8659,NA,19113.15
2026-10-02 07:03:00,515,0.00590277777777778,184,12,2.215561,481.8178,NA,19102.85
2026-10-02 07:02:50,505,0.00578703703703704,184,12,2.21296,481.1848,NA,19091.92
2026-10-02 07:02:40,495,0.0056712962962963,184,12,2.212178,481.261,NA,19086.3
2026-10-02 07:02:30,485,0.00555555555555556,184,12,2.210483,480.8729,NA,19076.6
2026-10-02 07:02:20,475,0.00543981481481481,184,12,2.209023,480.1507,NA,19066.29
2026-10-02 07:02:10,465,0.00532407407407407,184,12,2.207751,480.3735,0.3545987,19056.59
2026-10-02 07:02:00,455,0.00520833333333333,184,12,2.206235,480.7589,NA,19050.86
2026-10-02 07:01:50,445,0.00509259259259259,184,12,2.204094,480.2745,NA,19041.9
2026-10-02 07:01:40,434,0.00497685185185185,184,12,2.202854,480.4376,NA,19025.56
2026-10-02 07:01:30,425,0.00486111111111111,184,12,2.200998,479.6884,NA,19015.88
2026-10-02 07:01:20,415,0.00474537037037037,184,12,2.199459,479.7866,NA,19010.57
2026-10-02 07:01:10,405,0.00462962962962963,184,12,2.198152,479.3908,NA,19003.86
2026-10-02 07:01:00,395,0.00451388888888889,184,12,2.196607,479.3782,NA,19000.27
2026-10-02 07:00:50,385,0.00439814814814815,184,12,2.194392,479.149,NA,18994.25
2026-10-02 07:00:40,375,0.00428240740740741,184,12,2.193203,478.6849,NA,18982.04
2026-10-02 07:00:30,365,0.00416666666666667,184,12,2.192014,479.1906,NA,18975.28
2026-10-02 07:00:20,355,0.00405092592592593,184,12,2.190441,478.4877,NA,18974.85
2026-10-02 07:00:10,345,0.00393518518518518,184,12,2.188566,478.2285,NA,18971.2
2026-10-02 07:00:00,335,0.00381944444444444,184,12,2.187628,478.3295,NA,18967.2
2026-10-02 06:59:50,325,0.0037037037037037,184,12,2.186012,478.3519,NA,18957.52
2026-10-02 06:59:40,315,0.00358796296296296,184,12,2.184316,478.0944,NA,18950.35
2026-10-02 06:59:30,305,0.00347222222222222,184,12,2.182941,476.9774,NA,18943.47
2026-10-02 06:59:20,295,0.00335648148148148,184,12,2.181245,477.121,NA,18934.85
2026-10-02 06:59:10,285,0.00324074074074074,184,12,2.17962,477.347,NA,18925.06
2026-10-02 06:59:00,275,0.003125,184,12,2.178184,476.5059,NA,18911.16
2026-10-02 06:58:50,265,0.00300925925925926,184,12,2.176821,476.5256,0.3554339,18899.44
2026-10-02 06:58:40,255,0.00289351851851852,184,12,2.175387,476.1129,NA,18888.79
2026-10-02 06:58:30,245,0.00277777777777778,184,12,2.174371,477.1632,NA,18875.62
2026-10-02 06:58:20,235,0.00266203703703704,184,12,2.17289,476.8444,NA,18867.6
2026-10-02 06:58:10,225,0.0025462962962963,184,12,2.171005,476.2847,NA,18855.37
2026-10-02 06:58:00,215,0.00243055555555556,184,12,2.169874,476.6688,NA,18841.53
2026-10-02 06:57:50,205,0.00231481481481481,184,12,2.167961,476.5216,NA,18828.12
2026-10-02 06:57:40,195,0.00219907407407407,184,12,2.166637,476.9103,NA,18813.7
2026-10-02 06:57:30,185,0.00208333333333333,184,12,2.165217,475.8366,NA,18801.45
2026-10-02 06:57:20,175,0.00196759259259259,184,12,2.162178,475.7402,0.3546306,18792.61
2026-10-02 06:57:10,165,0.00185185185185185,184,12,2.161486,475.2293,NA,18779.73
2026-10-02 06:57:00,155,0.00173611111111111,184,12,2.159181,474.692,NA,18768.44
2026-10-02 06:56:50,145,0.00162037037037037,184,12,2.158206,475.9068,NA,18756.63
2026-10-02 06:56:40,135,0.00150462962962963,184,12,2.161777,478.6083,NA,18744.6
2026-10-02 06:56:30,125,0.00138888888888889,184,12,2.1623,479.8091,NA,18729.64
2026-10-02 06:56:20,115,0.00127314814814815,184,12,2.162761,480.2231,NA,18713.2
2026-10-02 06:56:10,105,0.00115740740740741,184,12,2.163362,480.6642,NA,18702.27
2026-10-02 06:56:00,95,0.00104166666666667,184,12,2.163861,480.4214,NA,18685.79
2026-10-02 06:55:50,85,0.000925925925925926,184,12,2.161204,480.1869,NA,18676.39
2026-10-02 06:55:40,75,0.000810185185185185,184,12,2.163009,477.2321,NA,18663.97
2026-10-02 06:55:30,65,0.000694444444444444,184,12,2.162426,474.792,NA,18651.68
2026-10-02 06:55:20,55,0.000578703703703704,184,12,2.160764,468.9826,NA,18642.4
2026-10-02 06:55:10,45,0.000462962962962963,184,12,2.155648,466.3273,NA,18631.91
2026-10-02 06:55:00,35,0.000347222222222222,184,12,2.148176,466.1089,NA,18625.66
2026-10-02 06:54:50,25,0.000231481481481481,184,12,2.151708,467.8149,NA,18617.29
2026-10-02 06:54:40,15,0.000115740740740741,184,12,2.156557,471.6273,NA,18600.96
2026-10-02 06:54:30,5,0,184,12,2.159078,478.0491,NA,18567.77
2026-10-02 06:54:20,0,0.00694444444444444,183,9,2.16393,482.2852,NA,18503.04
2026-10-02 06:54:10,595,0.0068287037037037,183,9,2.161631,480.5281,NA,18494.48
2026-10-02 06:54:00,585,0.00671296296296296,183,9,2.162224,481.4027,NA,18483.73
2026-10-02 06:53:50,575,0.00659722222222222,183,9,2.163036,481.9609,NA,18473.34
2026-10-02 06:53:40,565,0.00648148148148148,183,9,2.163743,482.4808,NA,18461.44
2026-10-02 06:53:30,555,0.00636574074074074,183,9,2.165163,482.3888,0.3549377,18449.13
2026-10-02 06:53:20,545,0.00625,183,9,2.165112,483.5402,NA,18438.31
2026-10-02 06:53:10,535,0.00613425925925926,183,9,2.165568,483.5122,NA,18424.08
2026-10-02 06:53:00,525,0.00601851851851852,183,9,2.166018,484.0852,NA,18413.81
2026-10-02 06:52:50,515,0.00590277777777778,183,9,2.167095,484.9031,NA,18404.62
2026-10-02 06:52:40,505,0.00578703703703704,183,9,2.167136,484.2355,NA,18393.94
2026-10-02 06:52:30,495,0.0056712962962963,183,9,2.166821,483.6347,NA,18381.83
2026-10-02 06:52:20,485,0.00555555555555556,183,9,2.167305,481.9663,NA,18376.56
2026-10-02 06:52:10,475,0.00543981481481481,183,9,2.165204,481.4677,NA,18367.19
2026-10-02 06:52:00,465,0.00532407407407407,183,9,2.168469,482.6974,0.3548717,18356.71
2026-10-02 06:51:50,455,0.00520833333333333,183,9,2.17085,484.1764,NA,18346.69
2026-10-02 06:51:40,444,0.00509259259259259,183,9,2.169379,482.8441,0.3544867,18339.21
2026-10-02 06:51:30,435,0.00497685185185185,183,9,2.166913,484.2248,NA,18332.43
2026-10-02 06:51:20,425,0.00486111111111111,183,9,2.169162,486.8058,0.3553457,18321.17
2026-10-02 06:51:10,415,0.00474537037037037,183,9,2.168698,485.8567,NA,18309.09
2026-10-02 06:51:00,405,0.00462962962962963,183,9,2.169188,484.1939,NA,18297.75
2026-10-02 06:50:50,395,0.00451388888888889,183,9,2.169899,483.0664,NA,18286.24
2026-10-02 06:50:40,385,0.00439814814814815,183,9,2.169623,482.9579,NA,18275.45
2026-10-02 06:50:30,375,0.00428240740740741,183,9,2.168192,481.3612,NA,18265.13
2026-10-02 06:50:20,365,0.00416666666666667,183,9,2.168744,480.4393,NA,18255.25
2026-10-02 06:50:10,355,0.00405092592592593,183,9,2.166756,479.3916,NA,18245.55
2026-10-02 06:50:00,345,0.00393518518518518,183,9,2.167765,478.7695,NA,18236.95
2026-10-02 06:49:50,335,0.00381944444444444,183,9,2.164473,479.034,NA,18225
2026-10-02 06:49:40,325,0.0037037037037037,183,9,2.162034,477.8145,NA,18218.74
2026-10-02 06:49:30,315,0.00358796296296296,183,9,2.163072,479.357,NA,18207.57
2026-10-02 06:49:20,305,0.00347222222222222,183,9,2.16361,479.7037,NA,18198.59
2026-10-02 06:49:10,295,0.00335648148148148,183,9,2.16618,481.88,NA,18188.34
2026-10-02 06:49:00,285,0.00324074074074074,183,9,2.16667,481.7524,NA,18175.62
2026-10-02 06:48:50,275,0.003125,183,9,2.162965,480.976,NA,18168.69
2026-10-02 06:48:40,265,0.00300925925925926,183,9,2.163327,481.683,NA,18161.34
2026-10-02 06:48:30,255,0.00289351851851852,183,9,2.165104,482.0332,NA,18150.13
2026-10-02 06:48:20,245,0.00277777777777778,183,9,2.165127,482.3859,NA,18140.89
2026-10-02 06:48:10,235,0.00266203703703704,183,9,2.165232,481.6933,NA,18135.01
2026-10-02 06:48:00,224,0.0025462962962963,183,9,2.166438,482.8617,NA,18125.46
2026-10-02 06:47:50,215,0.00243055555555556,183,9,2.165982,482.7178,NA,18114.16
2026-10-02 06:47:40,205,0.00231481481481481,183,9,2.164277,481.9404,NA,18101.93
2026-10-02 06:47:30,195,0.00219907407407407,183,9,2.167353,482.5316,NA,18091.38
2026-10-02 06:47:20,185,0.00208333333333333,183,9,2.169635,483.24,NA,18083.83
2026-10-02 06:47:10,175,0.00196759259259259,183,9,2.172966,483.9636,NA,18071.88
2026-10-02 06:47:00,165,0.00185185185185185,183,9,2.176583,485.1465,NA,18061.22
2026-10-02 06:46:50,155,0.00173611111111111,183,9,2.177356,486.0263,NA,18051.54
2026-10-02 06:46:40,145,0.00162037037037037,183,9,2.170298,485.7074,NA,18038.13
2026-10-02 06:46:30,135,0.00150462962962963,183,9,2.171164,485.8817,NA,18029.35
2026-10-02 06:46:20,125,0.00138888888888889,183,9,2.170169,485.197,NA,18025.05
2026-10-02 06:46:10,115,0.00127314814814815,183,9,2.168408,484.1088,NA,18023.51
2026-10-02 06:46:00,105,0.00115740740740741,183,9,2.167403,483.514,0.3545952,18021.85
2026-10-02 06:45:50,95,0.00104166666666667,183,9,2.166967,484.3304,NA,18017.46
2026-10-02 06:45:40,85,0.000925925925925926,183,9,2.173832,489.2707,NA,18017.46
2026-10-02 06:45:30,75,0.000810185185185185,183,9,2.175772,494.0438,NA,18021.51
2026-10-02 06:45:20,65,0.000694444444444444,183,9,2.179779,496.9087,NA,18028.46
2026-10-02 06:45:10,55,0.000578703703703704,183,9,2.177807,497.5847,NA,18035.75
2026-10-02 06:45:00,45,0.000462962962962963,183,9,2.175129,495.9933,NA,18053.5
2026-10-02 06:44:50,35,0.000347222222222222,183,9,2.172785,494.5211,NA,18079.4
2026-10-02 06:44:40,25,0.000231481481481481,183,9,2.204937,506.0408,NA,18097.29
2026-10-02 06:44:30,15,0.000115740740740741,183,9,2.201624,540.9582,NA,18078.22
2026-10-02 06:44:20,5,0,183,9,2.175795,493.0147,NA,18033.07
2026-10-02 06:44:10,0,0.00694444444444444,182,5,2.176,491.3278,NA,17972.78
2026-10-02 06:44:00,594,0.0068287037037037,182,5,2.180593,492.2514,NA,17926.16
2026-10-02 06:43:50,584,0.00671296296296296,182,5,2.182091,491.4518,NA,17875.3
2026-10-02 06:43:40,574,0.00659722222222222,182,5,2.183637,491.6995,NA,17830.51
2026-10-02 06:43:30,565,0.00648148148148148,182,5,2.185867,491.4231,NA,17847.45
2026-10-02 06:43:20,555,0.00636574074074074,182,5,2.193975,491.2103,0.3544053,17868.27
2026-10-02 06:43:10,545,0.00625,182,5,2.193974,494.6907,NA,17874.44
2026-10-02 06:43:00,535,0.00613425925925926,182,5,2.191495,494.7307,NA,17860.15
2026-10-02 06:42:50,525,0.00601851851851852,182,5,2.197602,494.4038,NA,17847.43
2026-10-02 06:42:40,515,0.00590277777777778,182,5,2.206988,493.6921,NA,17834.49
2026-10-02 06:42:30,505,0.00578703703703704,182,5,2.216927,493.9829,NA,17825.47
2026-10-02 06:42:20,495,0.0056712962962963,182,5,2.214851,493.5863,NA,17814.6
2026-10-02 06:42:10,485,0.00555555555555556,182,5,2.193288,493.6753,NA,17800.12
2026-10-02 06:42:00,475,0.00543981481481481,182,5,2.200681,493.021,NA,17791.09
2026-10-02 06:41:50,465,0.00532407407407407,182,5,2.22985,492.1348,NA,17783.33
2026-10-02 06:41:40,455,0.00520833333333333,182,5,2.24825,491.6298,NA,17771.29
2026-10-02 06:41:30,445,0.00509259259259259,182,5,2.274453,492.3945,NA,17760.65
2026-10-02 06:41:20,435,0.00497685185185185,182,5,2.316889,492.5348,NA,17749.69
2026-10-02 06:41:10,425,0.00486111111111111,182,5,2.389098,491.209,NA,17738.28
2026-10-02 06:41:00,415,0.00474537037037037,182,5,2.506268,489.643,NA,17726.98
2026-10-02 06:40:50,405,0.00462962962962963,182,5,2.526105,486.4197,NA,17717.42
2026-10-02 06:40:40,395,0.00451388888888889,182,5,2.194529,481.8947,0.3551621,17705.45
2026-10-02 06:40:30,384,0.00439814814814815,182,5,2.200344,480.5444,NA,17694.39
2026-10-02 06:40:20,375,0.00428240740740741,182,5,2.204684,479.8254,0.3551975,17684.86
2026-10-02 06:40:10,365,0.00416666666666667,182,5,2.21072,477.9559,0.3549246,17674.79
2026-10-02 06:40:00,355,0.00405092592592593,182,5,2.212749,477.6131,NA,17668.49
2026-10-02 06:39:50,345,0.00393518518518518,182,5,2.236642,477.2643,NA,17663.99
2026-10-02 06:39:40,335,0.00381944444444444,182,5,2.286721,476.5499,NA,17650.09
2026-10-02 06:39:30,325,0.0037037037037037,182,5,2.363091,477.5974,0.3551504,17634.97
2026-10-02 06:39:20,315,0.00358796296296296,182,5,2.446944,478.7406,0.3548457,17620.87
2026-10-02 06:39:10,305,0.00347222222222222,182,5,2.362927,480.991,NA,17605.66
2026-10-02 06:39:00,295,0.00335648148148148,182,5,2.171788,483.6929,NA,17589.43
2026-10-02 06:38:50,285,0.00324074074074074,182,5,2.172971,484.3956,NA,17573.95
2026-10-02 06:38:40,275,0.003125,182,5,2.168937,483.7267,NA,17559.46
2026-10-02 06:38:30,265,0.00300925925925926,182,5,2.165475,481.9131,NA,17543.18
2026-10-02 06:38:20,255,0.00289351851851852,182,5,2.162241,479.4915,NA,17524.87
2026-10-02 06:38:10,245,0.00277777777777778,182,5,2.165325,479.153,NA,17505.77
2026-10-02 06:38:00,235,0.00266203703703704,182,5,2.166555,479.2177,NA,17488.14
2026-10-02 06:37:50,225,0.0025462962962963,182,5,2.168854,479.973,NA,17471.52
2026-10-02 06:37:40,215,0.00243055555555556,182,5,2.166114,479.5668,NA,17452.16
2026-10-02 06:37:30,205,0.00231481481481481,182,5,2.167258,479.6352,NA,17433.84
2026-10-02 06:37:20,195,0.00219907407407407,182,5,2.169036,483.7917,NA,17418.7
2026-10-02 06:37:10,185,0.00208333333333333,182,5,2.159792,479.9702,NA,17398.8
2026-10-02 06:37:00,175,0.00196759259259259,182,5,2.162224,480.7137,NA,17378.6
2026-10-02 06:36:50,165,0.00185185185185185,182,5,2.167763,484.0305,NA,17361.42
2026-10-02 06:36:40,155,0.00173611111111111,182,5,2.180603,490.2115,0.3545935,17340.14
2026-10-02 06:36:30,145,0.00162037037037037,182,5,2.178797,491.6524,NA,17321.79
2026-10-02 06:36:20,135,0.00150462962962963,182,5,2.183008,490.2614,NA,17298.05
2026-10-02 06:36:10,124,0.00138888888888889,182,5,2.184161,488.863,NA,17279.67
2026-10-02 06:36:00,115,0.00127314814814815,182,5,2.1848,486.4508,NA,17260.98
2026-10-02 06:35:50,105,0.00115740740740741,182,5,2.183891,482.4585,NA,17234.86
2026-10-02 06:35:40,95,0.00104166666666667,182,5,2.184734,478.6234,0.3551203,17213.33
2026-10-02 06:35:30,85,0.000925925925925926,182,5,2.208164,475.3469,NA,17189.9
2026-10-02 06:35:20,75,0.000810185185185185,182,5,2.196012,473.0141,NA,17163.34
2026-10-02 06:35:10,65,0.000694444444444444,182,5,2.159255,473.8255,NA,17137.7
2026-10-02 06:35:00,55,0.000578703703703704,182,5,2.160377,474.2008,NA,17111.19
2026-10-02 06:34:50,45,0.000462962962962963,182,5,2.163412,474.0142,0.3549214,17084.57
2026-10-02 06:34:40,35,0.000347222222222222,182,5,2.167958,471.1565,NA,17057.81
2026-10-02 06:34:30,25,0.000231481481481481,182,5,2.162349,474.2891,NA,17026.05
2026-10-02 06:34:20,15,0.000115740740740741,182,5,2.183441,491.718,NA,16982.81
2026-10-02 06:34:10,5,0,182,5,2.213661,534.2225,NA,16946.32
2026-10-02 06:34:00,0,0.00694444444444444,181,8,2.195009,514.2272,NA,16911.52
2026-10-02 06:33:50,595,0.0068287037037037,181,8,2.189347,504.6255,NA,16892.78
2026-10-02 06:33:40,584,0.00671296296296296,181,8,2.178195,488.1947,0.3548447,16875.84
2026-10-02 06:33:30,574,0.00659722222222222,181,8,2.178654,488.6949,NA,16863.37
2026-10-02 06:33:20,565,0.00648148148148148,181,8,2.17943,488.4689,NA,16909.85
2026-10-02 06:33:10,555,0.00636574074074074,181,8,2.180153,487.6362,NA,17011.3
2026-10-02 06:33:00,545,0.00625,181,8,2.191951,490.5971,NA,17026.39
2026-10-02 06:32:50,535,0.00613425925925926,181,8,2.192819,490.549,NA,17022.35
2026-10-02 06:32:40,525,0.00601851851851852,181,8,2.193659,491.0483,NA,17014.74
2026-10-02 06:32:30,515,0.00590277777777778,181,8,2.19479,490.7906,NA,17006.71
2026-10-02 06:32:20,504,0.00578703703703704,181,8,2.198487,491.1623,NA,16996.53
2026-10-02 06:32:10,495,0.0056712962962963,181,8,2.2007,491.2859,NA,16983.97
2026-10-02 06:32:00,485,0.00555555555555556,181,8,2.204087,490.4041,NA,16974.82
2026-10-02 06:31:50,475,0.00543981481481481,181,8,2.207976,489.7601,NA,16967.25
2026-10-02 06:31:40,465,0.00532407407407407,181,8,2.210719,488.6876,NA,16962.88
2026-10-02 06:31:30,455,0.00520833333333333,181,8,2.229598,489.2872,NA,16960.2
2026-10-02 06:31:20,445,0.00509259259259259,181,8,2.269146,490.4806,NA,16953.78
2026-10-02 06:31:10,435,0.00497685185185185,181,8,2.306738,490.3076,NA,16946.32
2026-10-02 06:31:00,425,0.00486111111111111,181,8,2.369252,491.7782,NA,16936.21
2026-10-02 06:30:50,415,0.00474537037037037,181,8,2.471707,494.3297,NA,16927.82
2026-10-02 06:30:40,405,0.00462962962962963,181,8,2.409898,494.09,NA,16915.81
2026-10-02 06:30:30,395,0.00451388888888889,181,8,2.362318,493.1097,NA,16903.54
2026-10-02 06:30:20,385,0.00439814814814815,181,8,2.431,495.2249,NA,16896.09
2026-10-02 06:30:10,375,0.00428240740740741,181,8,2.558378,496.8785,NA,16887.4
2026-10-02 06:30:00,365,0.00416666666666667,181,8,2.530212,498.4645,NA,16879.93
2026-10-02 06:29:50,355,0.00405092592592593,181,8,2.38492,499.5054,NA,16872.09
2026-10-02 06:29:40,344,0.00393518518518518,181,8,2.194844,500.0813,NA,16860.99
2026-10-02 06:29:30,334,0.00381944444444444,181,8,2.194561,501.3431,NA,16851.17
2026-10-02 06:29:20,325,0.0037037037037037,181,8,2.194104,499.6573,NA,16838.71
2026-10-02 06:29:10,314,0.00358796296296296,181,8,2.197847,500.9412,NA,16821.34
2026-10-02 06:29:00,305,0.00347222222222222,181,8,2.188767,498.9792,NA,16808.88
2026-10-02 06:28:50,294,0.00335648148148148,181,8,2.184312,493.053,NA,16790.83
2026-10-02 06:28:40,285,0.00324074074074074,181,8,2.177472,491.2533,NA,16771.13
2026-10-02 06:28:30,274,0.003125,181,8,2.180078,494.8293,NA,16755.66
2026-10-02 06:28:20,265,0.00300925925925926,181,8,2.184758,498.4556,NA,16739.91
2026-10-02 06:28:10,255,0.00289351851851852,181,8,2.182104,494.8164,NA,16725.67
2026-10-02 06:28:00,245,0.00277777777777778,181,8,2.180676,493.4589,0.3552975,16711
2026-10-02 06:27:50,235,0.00266203703703704,181,8,2.179042,492.3524,NA,16700.6
2026-10-02 06:27:40,225,0.0025462962962963,181,8,2.178745,492.7183,NA,16691.55
2026-10-02 06:27:30,215,0.00243055555555556,181,8,2.18121,494.7901,NA,16677.2
2026-10-02 06:27:20,205,0.00231481481481481,181,8,2.189367,498.4204,NA,16665.54
2026-10-02 06:27:10,195,0.00219907407407407,181,8,2.185808,498.5257,NA,16655.09
2026-10-02 06:27:00,185,0.00208333333333333,181,8,2.184897,501.598,NA,16640.28
2026-10-02 06:26:50,174,0.00196759259259259,181,8,2.193391,505.0283,NA,16627.49
2026-10-02 06:26:40,164,0.00185185185185185,181,8,2.195127,507.2623,NA,16609.24
2026-10-02 06:26:30,155,0.00173611111111111,181,8,2.201763,507.8412,NA,16598.21
2026-10-02 06:26:20,145,0.00162037037037037,181,8,2.200186,506.5533,NA,16584.1
2026-10-02 06:26:10,134,0.00150462962962963,181,8,2.200667,506.5876,NA,16570.34
2026-10-02 06:26:00,125,0.00138888888888889,181,8,2.199237,506.0276,NA,16561.29
2026-10-02 06:25:50,115,0.00127314814814815,181,8,2.204137,504.834,NA,16550.75
2026-10-02 06:25:40,104,0.00115740740740741,181,8,2.202881,503.5193,NA,16542.98
2026-10-02 06:25:30,95,0.00104166666666667,181,8,2.202087,503.5663,0.3557061,16536.79
2026-10-02 06:25:20,85,0.000925925925925926,181,8,2.193826,506.9249,NA,16529.36
2026-10-02 06:25:10,75,0.000810185185185185,181,8,2.19871,505.4164,NA,16527.42
2026-10-02 06:25:00,65,0.000694444444444444,181,8,2.199098,503.0169,NA,16524.44
2026-10-02 06:24:50,54,0.000578703703703704,181,8,2.2049,496.5841,NA,16522.39
2026-10-02 06:24:40,45,0.000462962962962963,181,8,2.200298,493.4052,NA,16525.75
2026-10-02 06:24:30,35,0.000347222222222222,181,8,2.192763,492.2795,NA,16525.98
2026-10-02 06:24:20,24,0.000231481481481481,181,8,2.241353,509.861,NA,16519.72
2026-10-02 06:24:10,15,0.000115740740740741,181,8,2.222249,498.8178,NA,16536.6
2026-10-02 06:24:00,5,0,181,8,2.190871,490.7284,NA,16538.99
2026-10-02 06:23:50,0,0.00694444444444444,180,4,2.191987,491.4637,NA,16522.8
2026-10-02 06:23:40,595,0.0068287037037037,180,4,2.188424,491.0778,NA,16519.68
2026-10-02 06:23:30,585,0.00671296296296296,180,4,2.193135,494.0177,NA,16520.23
2026-10-02 06:23:20,575,0.00659722222222222,180,4,2.193025,496.5126,NA,16528.89
2026-10-02 06:23:10,565,0.00648148148148148,180,4,2.193026,496.2447,NA,16552.52
2026-10-02 06:23:00,554,0.00636574074074074,180,4,2.190212,495.1667,NA,16672.82
2026-10-02 06:22:50,544,0.00625,180,4,2.175913,493.3623,NA,16689.53
2026-10-02 06:22:40,534,0.00613425925925926,180,4,2.178032,494.8577,NA,16681.81
2026-10-02 06:22:30,525,0.00601851851851852,180,4,2.180568,495.2018,NA,16672.98
2026-10-02 06:22:20,515,0.00590277777777778,180,4,2.179218,494.2361,NA,16663.62
2026-10-02 06:22:10,505,0.00578703703703704,180,4,2.174703,491.7939,0.3554991,16663.48
2026-10-02 06:22:00,495,0.0056712962962963,180,4,2.1705,490.9997,NA,16658.9
2026-10-02 06:21:50,484,0.00555555555555556,180,4,2.168944,490.8774,NA,16657.38
2026-10-02 06:21:40,475,0.00543981481481481,180,4,2.168783,491.5197,0.3552884,16651.47
2026-10-02 06:21:30,465,0.00532407407407407,180,4,2.16924,491.6513,0.3551806,16645.73
2026-10-02 06:21:20,455,0.00520833333333333,180,4,2.170992,491.0894,NA,16643.04
2026-10-02 06:21:10,445,0.00509259259259259,180,4,2.173311,492.7711,NA,16635.76
2026-10-02 06:21:00,435,0.00497685185185185,180,4,2.174654,492.986,NA,16631.81
2026-10-02 06:20:50,425,0.00486111111111111,180,4,2.175738,493.3488,NA,16628.38
2026-10-02 06:20:40,415,0.00474537037037037,180,4,2.176079,493.6428,NA,16625.4
2026-10-02 06:20:30,405,0.00462962962962963,180,4,2.178319,494.7743,0.3554965,16621.3
2026-10-02 06:20:20,395,0.00451388888888889,180,4,2.183018,496.3878,0.3553144,16613.9
2026-10-02 06:20:10,385,0.00439814814814815,180,4,2.185387,497.6403,NA,16601.97
2026-10-02 06:20:00,375,0.00428240740740741,180,4,2.190012,497.9909,NA,16591.1
2026-10-02 06:19:50,364,0.00416666666666667,180,4,2.192946,498.6633,NA,16585.06
2026-10-02 06:19:40,354,0.00405092592592593,180,4,2.196764,497.0111,NA,16580.78
2026-10-02 06:19:30,345,0.00393518518518518,180,4,2.203197,496.1738,0.3538296,16573.6
2026-10-02 06:19:20,335,0.00381944444444444,180,4,2.203811,494.6972,NA,16574.34
2026-10-02 06:19:10,325,0.0037037037037037,180,4,2.182578,492.785,NA,16570.28
2026-10-02 06:19:00,315,0.00358796296296296,180,4,2.185885,495.0142,NA,16565.5
2026-10-02 06:18:50,305,0.00347222222222222,180,4,2.192102,496.0121,NA,16560.93
2026-10-02 06:18:40,294,0.00335648148148148,180,4,2.195788,496.4311,NA,16555.69
2026-10-02 06:18:30,285,0.00324074074074074,180,4,2.206774,500.3615,NA,16549.38
2026-10-02 06:18:20,275,0.003125,180,4,2.207463,500.4554,NA,16548.21
2026-10-02 06:18:10,264,0.00300925925925926,180,4,2.195823,498.1612,NA,16544.13
2026-10-02 06:18:00,255,0.00289351851851852,180,4,2.192514,496.4508,NA,16541.11
2026-10-02 06:17:50,244,0.00277777777777778,180,4,2.183277,490.9746,NA,16538.75
2026-10-02 06:17:40,234,0.00266203703703704,180,4,2.179298,487.4667,NA,16537.18
2026-10-02 06:17:30,224,0.0025462962962963,180,4,2.177378,487.1243,NA,16535.52
2026-10-02 06:17:20,214,0.00243055555555556,180,4,2.175415,484.9256,NA,16531.89
2026-10-02 06:17:10,204,0.00231481481481481,180,4,2.172506,483.6465,NA,16528.74
2026-10-02 06:17:00,194,0.00219907407407407,180,4,2.169822,482.568,NA,16521.15
2026-10-02 06:16:50,184,0.00208333333333333,180,4,2.169573,482.8654,NA,16516.16
2026-10-02 06:16:40,174,0.00196759259259259,180,4,2.171457,483.7691,NA,16510.05
2026-10-02 06:16:30,164,0.00185185185185185,180,4,2.174766,486.8558,NA,16499.63
2026-10-02 06:16:20,155,0.00173611111111111,180,4,2.176858,486.6753,NA,16484.57
2026-10-02 06:16:10,145,0.00162037037037037,180,4,2.169837,485.6786,NA,16470.66
2026-10-02 06:16:00,134,0.00150462962962963,180,4,2.172465,485.936,NA,16455.26
2026-10-02 06:15:50,125,0.00138888888888889,180,4,2.171344,489.5585,NA,16442.69
2026-10-02 06:15:40,115,0.00127314814814815,180,4,2.171419,487.7932,NA,16430.57
2026-10-02 06:15:30,105,0.00115740740740741,180,4,2.170114,486.908,NA,16414.16
2026-10-02 06:15:20,95,0.00104166666666667,180,4,2.169993,490.0287,NA,16403.38
2026-10-02 06:15:10,85,0.000925925925925926,180,4,2.179589,496.8025,0.3544841,16390.49
2026-10-02 06:15:00,75,0.000810185185185185,180,4,2.18059,500.3668,NA,16376.52
2026-10-02 06:14:50,65,0.000694444444444444,180,4,2.185154,502.7881,NA,16360.63
2026-10-02 06:14:40,55,0.000578703703703704,180,4,2.196403,501.8064,NA,16338.74
2026-10-02 06:14:30,45,0.000462962962962963,180,4,2.180461,503.2257,NA,16322.78
2026-10-02 06:14:20,35,0.000347222222222222,180,4,2.17642,503.37,NA,16306.27
2026-10-02 06:14:10,25,0.000231481481481481,180,4,2.177198,504.9626,NA,16286.29
2026-10-02 06:14:00,15,0.000115740740740741,180,4,2.188369,527.0523,NA,16260.21
2026-10-02 06:13:50,5,0,180,4,2.210671,528.5903,NA,16242.4
2026-10-02 06:13:40,0,0.00694444444444444,179,11,2.208222,542.3716,NA,16216.32
2026-10-02 06:13:30,595,0.0068287037037037,179,11,2.395589,529.6548,NA,16211
2026-10-02 06:13:20,585,0.00671296296296296,179,11,2.199326,537.0695,NA,16201.11
2026-10-02 06:13:10,575,0.00659722222222222,179,11,2.178975,501.947,NA,16197.62
2026-10-02 06:13:00,565,0.00648148148148148,179,11,2.179324,501.768,NA,16201.9
2026-10-02 06:12:50,555,0.00636574074074074,179,11,2.180646,500.8136,NA,16284.67
2026-10-02 06:12:40,545,0.00625,179,11,2.198287,503.2943,NA,16312.22
2026-10-02 06:12:30,535,0.00613425925925926,179,11,2.19786,502.8712,NA,16307.32
2026-10-02 06:12:20,525,0.00601851851851852,179,11,2.19714,503.3818,NA,16303.38
2026-10-02 06:12:10,514,0.00590277777777778,179,11,2.199344,503.2951,NA,16302.27
2026-10-02 06:12:00,505,0.00578703703703704,179,11,2.205692,503.5999,NA,16297.82
2026-10-02 06:11:50,495,0.0056712962962963,179,11,2.210677,504.5409,NA,16294.84
2026-10-02 06:11:40,485,0.00555555555555556,179,11,2.215787,504.8408,NA,16292.35
2026-10-02 06:11:30,475,0.00543981481481481,179,11,2.21884,504.3708,NA,16289.5
2026-10-02 06:11:20,465,0.00532407407407407,179,11,2.215272,504.7158,NA,16289.03
2026-10-02 06:11:10,455,0.00520833333333333,179,11,2.21892,504.0358,NA,16287.39
2026-10-02 06:11:00,445,0.00509259259259259,179,11,2.222006,503.3059,NA,16287.74
2026-10-02 06:10:50,435,0.00497685185185185,179,11,2.223847,503.6229,NA,16284.7
2026-10-02 06:10:40,425,0.00486111111111111,179,11,2.222563,503.6515,NA,16285.1
2026-10-02 06:10:30,415,0.00474537037037037,179,11,2.212849,502.0595,NA,16287.53
2026-10-02 06:10:20,405,0.00462962962962963,179,11,2.196769,498.4561,NA,16290.61
2026-10-02 06:10:10,395,0.00451388888888889,179,11,2.197399,499.0982,NA,16294.19
2026-10-02 06:10:00,385,0.00439814814814815,179,11,2.199613,500.1018,NA,16295.8
2026-10-02 06:09:50,375,0.00428240740740741,179,11,2.20105,499.8244,NA,16295.46
2026-10-02 06:09:40,365,0.00416666666666667,179,11,2.197761,499.2449,NA,16294.38
2026-10-02 06:09:30,355,0.00405092592592593,179,11,2.19496,498.2341,NA,16298.19
2026-10-02 06:09:20,345,0.00393518518518518,179,11,2.192161,497.3135,NA,16299.28
2026-10-02 06:09:10,335,0.00381944444444444,179,11,2.192307,496.4818,NA,16296.3
2026-10-02 06:09:00,325,0.0037037037037037,179,11,2.191936,496.043,0.3559586,16294.78
2026-10-02 06:08:50,314,0.00358796296296296,179,11,2.194389,495.4397,NA,16296.51
2026-10-02 06:08:40,305,0.00347222222222222,179,11,2.191616,495.2366,NA,16296.07
2026-10-02 06:08:30,295,0.00335648148148148,179,11,2.188875,495.0149,NA,16297.33
2026-10-02 06:08:20,285,0.00324074074074074,179,11,2.190984,495.562,NA,16295.51
2026-10-02 06:08:10,275,0.003125,179,11,2.185579,495.4493,NA,16295.73
2026-10-02 06:08:00,265,0.00300925925925926,179,11,2.184825,495.3546,NA,16297.21
2026-10-02 06:07:50,255,0.00289351851851852,179,11,2.185659,495.6884,0.3549846,16296.5
2026-10-02 06:07:40,245,0.00277777777777778,179,11,2.186099,495.4406,NA,16296.6
2026-10-02 06:07:30,235,0.00266203703703704,179,11,2.1894,495.5541,0.3549012,16297.03
2026-10-02 06:07:20,225,0.0025462962962963,179,11,2.193275,496.577,NA,16299.5
2026-10-02 06:07:10,215,0.00243055555555556,179,11,2.194355,496.4475,NA,16298.33
2026-10-02 06:07:00,205,0.00231481481481481,179,11,2.198411,496.6921,NA,16296.49
2026-10-02 06:06:50,195,0.00219907407407407,179,11,2.198252,497.2005,NA,16297.4
2026-10-02 06:06:40,185,0.00208333333333333,179,11,2.197344,494.9041,NA,16295.49
2026-10-02 06:06:30,175,0.00196759259259259,179,11,2.200185,496.107,NA,16297.45
2026-10-02 06:06:20,165,0.00185185185185185,179,11,2.202006,494.0936,NA,16298.51
2026-10-02 06:06:10,155,0.00173611111111111,179,11,2.190822,492.7719,NA,16297.29
2026-10-02 06:06:00,145,0.00162037037037037,179,11,2.186392,493.1734,NA,16301
2026-10-02 06:05:50,135,0.00150462962962963,179,11,2.182965,491.288,NA,16304.03
2026-10-02 06:05:40,124,0.00138888888888889,179,11,2.180137,489.8498,NA,16305.35
2026-10-02 06:05:30,115,0.00127314814814815,179,11,2.181154,491.2027,NA,16308.7
2026-10-02 06:05:20,105,0.00115740740740741,179,11,2.181541,490.953,NA,16313.06
2026-10-02 06:05:10,95,0.00104166666666667,179,11,2.188193,491.7736,NA,16312.04
2026-10-02 06:05:00,84,0.000925925925925926,179,11,2.18978,492.4859,NA,16314.56
2026-10-02 06:04:50,75,0.000810185185185185,179,11,2.189403,492.8142,NA,16315.73
2026-10-02 06:04:40,65,0.000694444444444444,179,11,2.189929,492.8048,NA,16316.34
2026-10-02 06:04:30,55,0.000578703703703704,179,11,2.186416,492.6127,NA,16317.99
2026-10-02 06:04:20,45,0.000462962962962963,179,11,2.188107,491.8612,NA,16318.54
2026-10-02 06:04:10,35,0.000347222222222222,179,11,2.193336,492.8981,NA,16314.88
2026-10-02 06:04:00,25,0.000231481481481481,179,11,2.239779,513.2334,NA,16305.52
2026-10-02 06:03:50,15,0.000115740740740741,179,11,2.217377,527.596,NA,16302.32
2026-10-02 06:03:40,5,0,179,11,2.188529,498.3493,NA,16294.98
2026-10-02 06:03:30,0,0.00694444444444444,178,2,2.1771,490.3716,0.3553912,16282.33
2026-10-02 06:03:20,595,0.0068287037037037,178,2,2.175657,488.978,NA,16288.19
2026-10-02 06:03:10,585,0.00671296296296296,178,2,2.18699,493.3449,NA,16297.69
2026-10-02 06:03:00,575,0.00659722222222222,178,2,2.18773,493.2851,NA,16304.46
2026-10-02 06:02:50,564,0.00648148148148148,178,2,2.189014,496.5337,NA,16325.03
2026-10-02 06:02:40,555,0.00636574074074074,178,2,2.189324,494.9666,NA,16377.38
2026-10-02 06:02:30,545,0.00625,178,2,2.186845,495.1931,NA,16393.61
2026-10-02 06:02:20,535,0.00613425925925926,178,2,2.185799,494.2373,NA,16391.74
2026-10-02 06:02:10,525,0.00601851851851852,178,2,2.185886,493.3462,NA,16386.69
2026-10-02 06:02:00,515,0.00590277777777778,178,2,2.185665,491.2624,NA,16383.77
2026-10-02 06:01:50,505,0.00578703703703704,178,2,2.178304,489.3034,NA,16383.92
2026-10-02 06:01:40,494,0.0056712962962963,178,2,2.178456,490.2495,NA,16383.31
2026-10-02 06:01:30,485,0.00555555555555556,178,2,2.181612,492.1541,NA,16382.8
2026-10-02 06:01:20,475,0.00543981481481481,178,2,2.18557,494.3613,NA,16376.64
2026-10-02 06:01:10,465,0.00532407407407407,178,2,2.192633,499.0472,NA,16374.21
2026-10-02 06:01:00,455,0.00520833333333333,178,2,2.192167,499.271,NA,16372.89
2026-10-02 06:00:50,445,0.00509259259259259,178,2,2.190653,497.9997,NA,16371.36
2026-10-02 06:00:40,435,0.00497685185185185,178,2,2.194707,498.054,NA,16368.54
2026-10-02 06:00:30,425,0.00486111111111111,178,2,2.193035,498.4836,NA,16367.5
2026-10-02 06:00:20,415,0.00474537037037037,178,2,2.190125,497.569,NA,16365.71
2026-10-02 06:00:10,405,0.00462962962962963,178,2,2.191115,497.6181,NA,16362.31
2026-10-02 06:00:00,395,0.00451388888888889,178,2,2.192815,497.5916,NA,16363.63
2026-10-02 05:59:50,385,0.00439814814814815,178,2,2.192883,496.8088,0.3560978,16365.66
2026-10-02 05:59:40,375,0.00428240740740741,178,2,2.190674,496.7633,NA,16368.38
2026-10-02 05:59:30,365,0.00416666666666667,178,2,2.192475,496.9194,NA,16365.9
2026-10-02 05:59:20,355,0.00405092592592593,178,2,2.193632,495.9592,0.3546155,16365.67
2026-10-02 05:59:10,345,0.00393518518518518,178,2,2.194633,495.8992,NA,16367.37
2026-10-02 05:59:00,335,0.00381944444444444,178,2,2.196835,495.9208,NA,16372.98
2026-10-02 05:58:50,325,0.0037037037037037,178,2,2.189877,495.2267,NA,16375.6
2026-10-02 05:58:40,315,0.00358796296296296,178,2,2.187663,493.6618,NA,16377.49
2026-10-02 05:58:30,305,0.00347222222222222,178,2,2.185155,492.2711,NA,16381.64
2026-10-02 05:58:20,295,0.00335648148148148,178,2,2.185088,491.9245,0.3552946,16382.76
2026-10-02 05:58:10,285,0.00324074074074074,178,2,2.183921,491.2216,NA,16384.5
2026-10-02 05:58:00,275,0.003125,178,2,2.18558,490.799,NA,16383.56
2026-10-02 05:57:50,265,0.00300925925925926,178,2,2.190935,491.8846,NA,16382.99
2026-10-02 05:57:40,255,0.00289351851851852,178,2,2.187797,490.0825,NA,16387.33
2026-10-02 05:57:30,245,0.00277777777777778,178,2,2.185452,488.8365,NA,16385.49
2026-10-02 05:57:20,235,0.00266203703703704,178,2,2.188696,489.4357,0.355547,16385.21
2026-10-02 05:57:10,225,0.0025462962962963,178,2,2.193281,490.9131,NA,16385.45
2026-10-02 05:57:00,215,0.00243055555555556,178,2,2.189108,490.2078,NA,16388.12
2026-10-02 05:56:50,205,0.00231481481481481,178,2,2.189389,490.7749,NA,16384.59
2026-10-02 05:56:40,195,0.00219907407407407,178,2,2.193478,490.2545,NA,16385.38
2026-10-02 05:56:30,185,0.00208333333333333,178,2,2.200768,494.5328,NA,16386.34
2026-10-02 05:56:20,175,0.00196759259259259,178,2,2.201672,495.3835,NA,16383.53
2026-10-02 05:56:10,165,0.00185185185185185,178,2,2.208198,496.9196,NA,16383.92
2026-10-02 05:56:00,155,0.00173611111111111,178,2,2.211528,496.9577,NA,16386.78
2026-10-02 05:55:50,145,0.00162037037037037,178,2,2.221747,498.1757,NA,16393.83
2026-10-02 05:55:40,135,0.00150462962962963,178,2,2.224485,498.5482,NA,16397.75
2026-10-02 05:55:30,125,0.00138888888888889,178,2,2.214464,495.3929,NA,16404.8
2026-10-02 05:55:20,115,0.00127314814814815,178,2,2.200402,493.0808,NA,16408.07
2026-10-02 05:55:10,105,0.00115740740740741,178,2,2.199284,491.7391,NA,16410.94
2026-10-02 05:55:00,95,0.00104166666666667,178,2,2.202314,490.9414,NA,16418.49
2026-10-02 05:54:50,85,0.000925925925925926,178,2,2.201236,491.4762,NA,16424.99
2026-10-02 05:54:40,74,0.000810185185185185,178,2,2.197853,491.208,NA,16435.5
2026-10-02 05:54:30,65,0.000694444444444444,178,2,2.205405,493.5214,NA,16447.07
2026-10-02 05:54:20,55,0.000578703703703704,178,2,2.216074,495.9918,NA,16456.11
2026-10-02 05:54:10,45,0.000462962962962963,178,2,2.21703,499.3828,NA,16472.63
2026-10-02 05:54:00,35,0.000347222222222222,178,2,2.223352,499.7226,NA,16489.6
2026-10-02 05:53:50,25,0.000231481481481481,178,2,2.222719,502.1408,NA,16513.04
2026-10-02 05:53:40,15,0.000115740740740741,178,2,2.217905,517.7731,NA,16549.89
2026-10-02 05:53:30,5,0,178,2,2.237595,528.0991,NA,16559.3
2026-10-02 05:53:20,0,0.00694444444444444,177,10,2.234257,540.6274,NA,16548.57
2026-10-02 05:53:10,595,0.0068287037037037,177,10,2.237651,531.5786,NA,16557.94
2026-10-02 05:53:00,585,0.00671296296296296,177,10,2.240703,519.0908,NA,16573.63
2026-10-02 05:52:50,575,0.00659722222222222,177,10,2.219796,496.7123,NA,16597.79
2026-10-02 05:52:40,565,0.00648148148148148,177,10,2.219031,496.6603,NA,16644.66
2026-10-02 05:52:30,555,0.00636574074074074,177,10,2.225189,496.4757,NA,16771.43
2026-10-02 05:52:20,545,0.00625,177,10,2.272728,507.4695,NA,16791.21
2026-10-02 05:52:10,535,0.00613425925925926,177,10,2.274043,505.9967,NA,16796.42
2026-10-02 05:52:00,525,0.00601851851851852,177,10,2.279692,505.8424,NA,16803.02
2026-10-02 05:51:50,515,0.00590277777777778,177,10,2.281258,505.6608,NA,16810.16
2026-10-02 05:51:40,505,0.00578703703703704,177,10,2.285069,505.8014,NA,16815.76
2026-10-02 05:51:30,495,0.0056712962962963,177,10,2.255597,503.8557,NA,16819.29
2026-10-02 05:51:20,485,0.00555555555555556,177,10,2.243739,502.4271,NA,16818.95
2026-10-02 05:51:10,475,0.00543981481481481,177,10,2.24036,502.4404,NA,16827.57
2026-10-02 05:51:00,465,0.00532407407407407,177,10,2.232015,502.5476,NA,16831.82
2026-10-02 05:50:50,455,0.00520833333333333,177,10,2.230697,500.6401,NA,16828.65
2026-10-02 05:50:40,445,0.00509259259259259,177,10,2.223814,500.3836,NA,16829.81
2026-10-02 05:50:30,435,0.00497685185185185,177,10,2.223336,498.8992,NA,16834.28
2026-10-02 05:50:20,425,0.00486111111111111,177,10,2.221175,498.5937,NA,16831.49
2026-10-02 05:50:10,415,0.00474537037037037,177,10,2.21579,497.8884,NA,16833.46
2026-10-02 05:50:00,405,0.00462962962962963,177,10,2.216223,497.2495,NA,16835.22
2026-10-02 05:49:50,395,0.00451388888888889,177,10,2.212783,497.0071,NA,16837.97
2026-10-02 05:49:40,385,0.00439814814814815,177,10,2.211006,497.3325,0.3554437,16844.85
2026-10-02 05:49:30,375,0.00428240740740741,177,10,2.210637,496.4486,NA,16849.28
2026-10-02 05:49:20,365,0.00416666666666667,177,10,2.209495,496.5341,NA,16854.64
2026-10-02 05:49:10,355,0.00405092592592593,177,10,2.207789,495.654,NA,16855.16
2026-10-02 05:49:00,345,0.00393518518518518,177,10,2.201936,494.6344,NA,16856.45
2026-10-02 05:48:50,335,0.00381944444444444,177,10,2.199122,494.4987,NA,16857.31
2026-10-02 05:48:40,325,0.0037037037037037,177,10,2.202883,494.3957,NA,16855.89
2026-10-02 05:48:30,315,0.00358796296296296,177,10,2.204227,495.0873,NA,16853.09
2026-10-02 05:48:20,305,0.00347222222222222,177,10,2.206216,495.9885,NA,16848.63
2026-10-02 05:48:10,295,0.00335648148148148,177,10,2.207601,497.1538,NA,16840.7
2026-10-02 05:48:00,285,0.00324074074074074,177,10,2.212209,498.0709,NA,16838.07
2026-10-02 05:47:50,275,0.003125,177,10,2.209144,496.4929,NA,16835.98
2026-10-02 05:47:40,264,0.00300925925925926,177,10,2.209031,497.1804,0.3557077,16840.62
2026-10-02 05:47:30,255,0.00289351851851852,177,10,2.210965,498.0174,NA,16843.05
2026-10-02 05:47:20,245,0.00277777777777778,177,10,2.204272,497.557,NA,16843.88
2026-10-02 05:47:10,235,0.00266203703703704,177,10,2.200291,496.344,NA,16848.29
2026-10-02 05:47:00,225,0.0025462962962963,177,10,2.199053,496.0102,NA,16853.12
2026-10-02 05:46:50,215,0.00243055555555556,177,10,2.199512,496.6017,NA,16855.18
2026-10-02 05:46:40,205,0.00231481481481481,177,10,2.19805,496.446,NA,16858.96
2026-10-02 05:46:30,195,0.00219907407407407,177,10,2.193107,493.6915,NA,16861.76
2026-10-02 05:46:20,185,0.00208333333333333,177,10,2.181664,488.2553,NA,16860.88
2026-10-02 05:46:10,175,0.00196759259259259,177,10,2.181891,490.439,0.3557316,16856.56
2026-10-02 05:46:00,165,0.00185185185185185,177,10,2.181378,490.7827,NA,16851.79
2026-10-02 05:45:50,155,0.00173611111111111,177,10,2.181448,490.1657,NA,16848.37
2026-10-02 05:45:40,145,0.00162037037037037,177,10,2.182805,490.1646,NA,16846.46
2026-10-02 05:45:30,135,0.00150462962962963,177,10,2.18277,490.3864,NA,16840.97
2026-10-02 05:45:20,125,0.00138888888888889,177,10,2.187637,492.0614,NA,16837.95
2026-10-02 05:45:10,115,0.00127314814814815,177,10,2.187162,492.0801,0.3554679,16835.24
2026-10-02 05:45:00,105,0.00115740740740741,177,10,2.188125,492.2607,NA,16833.73
2026-10-02 05:44:50,95,0.00104166666666667,177,10,2.184485,490.7433,NA,16839.55
2026-10-02 05:44:40,84,0.000925925925925926,177,10,2.18449,491.3059,NA,16843.48
2026-10-02 05:44:30,75,0.000810185185185185,177,10,2.183208,490.8951,NA,16841.81
2026-10-02 05:44:20,65,0.000694444444444444,177,10,2.18699,490.4113,NA,16844.63
2026-10-02 05:44:10,55,0.000578703703703704,177,10,2.187839,491.0405,NA,16844.79
2026-10-02 05:44:00,45,0.000462962962962963,177,10,2.181997,489.7378,NA,16844.7
2026-10-02 05:43:50,35,0.000347222222222222,177,10,2.181847,490.9143,NA,16843.95
2026-10-02 05:43:40,25,0.000231481481481481,177,10,2.201576,499.0079,NA,16840.8
2026-10-02 05:43:30,15,0.000115740740740741,177,10,2.264691,566.1528,0.3571049,16841.68
2026-10-02 05:43:20,5,0,177,10,2.258775,556.055,NA,16838.63
2026-10-02 05:43:10,0,0.00694444444444444,176,7,2.240888,553.7317,NA,16816.55
2026-10-02 05:43:00,595,0.0068287037037037,176,7,2.202883,497.0745,NA,16811.95
2026-10-02 05:42:50,585,0.00671296296296296,176,7,2.204274,496.1743,NA,16805.82
2026-10-02 05:42:40,575,0.00659722222222222,176,7,2.204223,496.4264,NA,16800.01
2026-10-02 05:42:30,565,0.00648148148148148,176,7,2.211165,498.4847,NA,16801.41
2026-10-02 05:42:20,555,0.00636574074074074,176,7,2.18514,498.5313,NA,16844.05
2026-10-02 05:42:10,545,0.00625,176,7,2.180137,498.7957,NA,16869.39
2026-10-02 05:42:00,535,0.00613425925925926,176,7,2.182767,497.7831,NA,16874.7
2026-10-02 05:41:50,525,0.00601851851851852,176,7,2.180114,496.9414,NA,16876.87
2026-10-02 05:41:40,515,0.00590277777777778,176,7,2.180652,496.6828,NA,16881.5
2026-10-02 05:41:30,505,0.00578703703703704,176,7,2.178041,495.2497,NA,16886.71
2026-10-02 05:41:20,495,0.0056712962962963,176,7,2.178078,494.0532,NA,16889.34
2026-10-02 05:41:10,485,0.00555555555555556,176,7,2.182978,494.1576,NA,16890.5
2026-10-02 05:41:00,475,0.00543981481481481,176,7,2.190117,492.5168,NA,16894.1
2026-10-02 05:40:50,465,0.00532407407407407,176,7,2.187194,494.0346,NA,16896.8
2026-10-02 05:40:40,455,0.00520833333333333,176,7,2.18057,494.3989,NA,16896.8
2026-10-02 05:40:30,444,0.00509259259259259,176,7,2.179178,495.9696,NA,16897.01
2026-10-02 05:40:20,435,0.00497685185185185,176,7,2.176215,495.716,NA,16900.34
2026-10-02 05:40:10,425,0.00486111111111111,176,7,2.174354,494.4087,NA,16903.94
2026-10-02 05:40:00,415,0.00474537037037037,176,7,2.171327,494.1616,NA,16910.2
2026-10-02 05:39:50,405,0.00462962962962963,176,7,2.170881,493.8486,NA,16914.01
2026-10-02 05:39:40,395,0.00451388888888889,176,7,2.172522,493.2888,NA,16923.55
2026-10-02 05:39:30,385,0.00439814814814815,176,7,2.175545,493.8043,NA,16926.38
2026-10-02 05:39:20,375,0.00428240740740741,176,7,2.183128,495.3018,NA,16931.51
2026-10-02 05:39:10,365,0.00416666666666667,176,7,2.173056,494.2429,NA,16936.72
2026-10-02 05:39:00,355,0.00405092592592593,176,7,2.163333,490.7666,NA,16946.47
2026-10-02 05:38:50,345,0.00393518518518518,176,7,2.161877,489.0498,NA,16954.9
2026-10-02 05:38:40,335,0.00381944444444444,176,7,2.16344,489.8833,NA,16962.62
2026-10-02 05:38:30,325,0.0037037037037037,176,7,2.166615,492.0901,NA,16966.73
2026-10-02 05:38:20,315,0.00358796296296296,176,7,2.169605,493.9054,NA,16968.75
2026-10-02 05:38:10,305,0.00347222222222222,176,7,2.169073,492.8857,NA,16972.67
2026-10-02 05:38:00,295,0.00335648148148148,176,7,2.170582,492.7209,NA,16976.58
2026-10-02 05:37:50,285,0.00324074074074074,176,7,2.168585,491.9529,NA,16978.09
2026-10-02 05:37:40,275,0.003125,176,7,2.166691,491.6471,NA,16979.07
2026-10-02 05:37:30,265,0.00300925925925926,176,7,2.166351,490.0698,NA,16980.81
2026-10-02 05:37:20,255,0.00289351851851852,176,7,2.166104,489.855,NA,16985.42
2026-10-02 05:37:10,245,0.00277777777777778,176,7,2.163983,487.9554,NA,16987.84
2026-10-02 05:37:00,235,0.00266203703703704,176,7,2.159145,484.7117,NA,16987.62
2026-10-02 05:36:50,225,0.0025462962962963,176,7,2.160164,486.3832,NA,16986.37
2026-10-02 05:36:40,215,0.00243055555555556,176,7,2.161518,488.0835,NA,16985.93
2026-10-02 05:36:30,205,0.00231481481481481,176,7,2.160584,488.8908,0.3555595,16984.51
2026-10-02 05:36:20,195,0.00219907407407407,176,7,2.159101,487.6542,NA,16980.84
2026-10-02 05:36:10,185,0.00208333333333333,176,7,2.160674,487.1839,NA,16977.8
2026-10-02 05:36:00,175,0.00196759259259259,176,7,2.162972,486.7655,NA,16974.99
2026-10-02 05:35:50,165,0.00185185185185185,176,7,2.163007,486.5281,NA,16973.61
2026-10-02 05:35:40,155,0.00173611111111111,176,7,2.164267,486.2863,NA,16969.85
2026-10-02 05:35:30,145,0.00162037037037037,176,7,2.167164,488.183,NA,16967.6
2026-10-02 05:35:20,135,0.00150462962962963,176,7,2.169023,489.389,NA,16970.01
2026-10-02 05:35:10,125,0.00138888888888889,176,7,2.170639,489.3432,NA,16974.9
2026-10-02 05:35:00,115,0.00127314814814815,176,7,2.171821,489.8509,NA,16982.34
2026-10-02 05:34:50,105,0.00115740740740741,176,7,2.172877,490.9878,NA,16989.17
2026-10-02 05:34:40,95,0.00104166666666667,176,7,2.175079,491.3405,NA,16991.14
2026-10-02 05:34:30,85,0.000925925925925926,176,7,2.177825,491.9095,NA,16990.09
2026-10-02 05:34:20,75,0.000810185185185185,176,7,2.170437,487.9865,NA,16992.03
2026-10-02 05:34:10,65,0.000694444444444444,176,7,2.169327,488.3164,NA,16992.42
2026-10-02 05:34:00,55,0.000578703703703704,176,7,2.170085,487.5666,NA,16993.05
2026-10-02 05:33:50,45,0.000462962962962963,176,7,2.171195,487.2161,NA,16995.51
2026-10-02 05:33:40,35,0.000347222222222222,176,7,2.171451,488.4922,NA,16995.21
2026-10-02 05:33:30,25,0.000231481481481481,176,7,2.183038,494.3139,0.3506885,16997.46
2026-10-02 05:33:20,15,0.000115740740740741,176,7,2.271585,554.7829,NA,16997.9
2026-10-02 05:33:10,5,0,176,7,2.24045,567.9551,NA,16987.74
2026-10-02 05:33:00,0,0.00694444444444444,175,1,2.235761,545.3923,NA,16972.11
2026-10-02 05:32:50,595,0.0068287037037037,175,1,2.213657,540.4109,NA,16974.11
2026-10-02 05:32:40,585,0.00671296296296296,175,1,2.182177,492.3092,NA,16980.66
2026-10-02 05:32:30,575,0.00659722222222222,175,1,2.169597,493.2109,NA,16989.3
2026-10-02 05:32:20,565,0.00648148148148148,175,1,2.169873,493.9926,NA,17003.66
2026-10-02 05:32:10,555,0.00636574074074074,175,1,2.17192,494.0404,NA,17099.49
2026-10-02 05:32:00,545,0.00625,175,1,2.176357,491.3486,NA,17129.85
2026-10-02 05:31:50,535,0.00613425925925926,175,1,2.176053,490.6805,NA,17134.85
2026-10-02 05:31:40,525,0.00601851851851852,175,1,2.17697,490.4065,NA,17141.13
2026-10-02 05:31:30,515,0.00590277777777778,175,1,2.17878,490.6145,NA,17144.4
2026-10-02 05:31:20,505,0.00578703703703704,175,1,2.180341,489.61,NA,17142.8
2026-10-02 05:31:10,495,0.0056712962962963,175,1,2.17457,489.2931,NA,17140.93
2026-10-02 05:31:00,485,0.00555555555555556,175,1,2.172671,488.5548,NA,17139.5
2026-10-02 05:30:50,475,0.00543981481481481,175,1,2.171114,488.3361,NA,17134.34
2026-10-02 05:30:40,465,0.00532407407407407,175,1,2.172115,487.5717,NA,17128.39
2026-10-02 05:30:30,455,0.00520833333333333,175,1,2.172903,486.7102,NA,17121.55
2026-10-02 05:30:20,445,0.00509259259259259,175,1,2.173433,486.2578,NA,17118.11
2026-10-02 05:30:10,435,0.00497685185185185,175,1,2.174155,485.0891,NA,17111.1
2026-10-02 05:30:00,425,0.00486111111111111,175,1,2.180228,490.6841,NA,17103.78
2026-10-02 05:29:50,414,0.00474537037037037,175,1,2.183249,490.475,NA,17097.25
2026-10-02 05:29:40,405,0.00462962962962963,175,1,2.183291,490.5626,NA,17089.29
2026-10-02 05:29:30,395,0.00451388888888889,175,1,2.185052,489.8362,NA,17085.68
2026-10-02 05:29:20,385,0.00439814814814815,175,1,2.186951,489.2845,NA,17075.43
2026-10-02 05:29:10,375,0.00428240740740741,175,1,2.18964,488.68,NA,17069.4
2026-10-02 05:29:00,365,0.00416666666666667,175,1,2.19635,488.1931,NA,17070.96
2026-10-02 05:28:50,355,0.00405092592592593,175,1,2.197754,487.5837,NA,17077.63
2026-10-02 05:28:40,345,0.00393518518518518,175,1,2.19459,486.9419,NA,17078
2026-10-02 05:28:30,335,0.00381944444444444,175,1,2.176006,486.797,NA,17079.88
2026-10-02 05:28:20,325,0.0037037037037037,175,1,2.172692,485.9433,NA,17085.65
2026-10-02 05:28:10,315,0.00358796296296296,175,1,2.171313,485.5762,NA,17092.21
2026-10-02 05:28:00,305,0.00347222222222222,175,1,2.16846,484.7296,NA,17099.72
2026-10-02 05:27:50,295,0.00335648148148148,175,1,2.168837,484.1365,NA,17101.69
2026-10-02 05:27:40,285,0.00324074074074074,175,1,2.168622,483.384,NA,17104.28
2026-10-02 05:27:30,275,0.003125,175,1,2.169399,482.1812,NA,17104.79
2026-10-02 05:27:20,265,0.00300925925925926,175,1,2.170723,481.5924,NA,17102.94
2026-10-02 05:27:10,255,0.00289351851851852,175,1,2.164901,481.2991,NA,17102.42
2026-10-02 05:27:00,245,0.00277777777777778,175,1,2.163568,480.2239,NA,17103.55
2026-10-02 05:26:50,235,0.00266203703703704,175,1,2.164017,480.1501,NA,17106.01
2026-10-02 05:26:40,225,0.0025462962962963,175,1,2.164745,481.666,NA,17106.96
2026-10-02 05:26:30,215,0.00243055555555556,175,1,2.167318,482.1489,NA,17101.16
2026-10-02 05:26:20,204,0.00231481481481481,175,1,2.168338,482.9922,NA,17096.2
2026-10-02 05:26:10,195,0.00219907407407407,175,1,2.172593,483.4496,NA,17089.06
2026-10-02 05:26:00,185,0.00208333333333333,175,1,2.168543,481.8137,NA,17084.27
2026-10-02 05:25:50,175,0.00196759259259259,175,1,2.167948,480.9751,NA,17081.6
2026-10-02 05:25:40,165,0.00185185185185185,175,1,2.167223,478.5626,NA,17080.97
2026-10-02 05:25:30,155,0.00173611111111111,175,1,2.162697,478.5205,NA,17084.67
2026-10-02 05:25:20,145,0.00162037037037037,175,1,2.163198,480.682,NA,17088.85
2026-10-02 05:25:10,135,0.00150462962962963,175,1,2.163654,480.4635,NA,17088.68
2026-10-02 05:25:00,125,0.00138888888888889,175,1,2.163405,480.3889,NA,17089.21
2026-10-02 05:24:50,115,0.00127314814814815,175,1,2.164796,479.7142,NA,17091.17
2026-10-02 05:24:40,105,0.00115740740740741,175,1,2.164203,479.781,NA,17090.89
2026-10-02 05:24:30,95,0.00104166666666667,175,1,2.163422,482.0755,NA,17091.55
2026-10-02 05:24:20,85,0.000925925925925926,175,1,2.161463,481.4703,NA,17092.67
2026-10-02 05:24:10,75,0.000810185185185185,175,1,2.158052,479.8543,NA,17093.38
2026-10-02 05:24:00,65,0.000694444444444444,175,1,2.157745,477.6997,NA,17092.52
2026-10-02 05:23:50,55,0.000578703703703704,175,1,2.157348,477.4337,0.3554943,17091.86
2026-10-02 05:23:40,45,0.000462962962962963,175,1,2.161547,481.6615,NA,17092.69
2026-10-02 05:23:30,35,0.000347222222222222,175,1,2.161767,481.4007,NA,17087.24
2026-10-02 05:23:20,25,0.000231481481481481,175,1,2.225945,510.166,NA,17071.88
2026-10-02 05:23:10,15,0.000115740740740741,175,1,2.193949,550.8846,NA,17059.74
2026-10-02 05:23:00,5,0,175,1,2.174542,529.9946,NA,17051.29
2026-10-02 05:22:50,0,0.00694444444444444,174,6,2.17549,530.3721,NA,17029.34
2026-10-02 05:22:40,595,0.0068287037037037,174,6,2.172795,518.0596,NA,17025.49
2026-10-02 05:22:30,585,0.00671296296296296,174,6,2.174287,523.9718,0.3557932,17018.84
2026-10-02 05:22:20,575,0.00659722222222222,174,6,2.173499,520.1862,NA,17019.67
2026-10-02 05:22:10,565,0.00648148148148148,174,6,2.160281,484.5552,NA,17036.46
2026-10-02 05:22:00,555,0.00636574074074074,174,6,2.156554,483.3235,NA,17127.49
2026-10-02 05:21:50,545,0.00625,174,6,2.157902,481.2191,NA,17144.83
2026-10-02 05:21:40,535,0.00613425925925926,174,6,2.158696,481.2393,NA,17140.78
2026-10-02 05:21:30,525,0.00601851851851852,174,6,2.159381,481.6971,NA,17137.77
2026-10-02 05:21:20,515,0.00590277777777778,174,6,2.159952,483.1422,0.3546739,17136.2
2026-10-02 05:21:10,505,0.00578703703703704,174,6,2.161061,484.7235,NA,17132.91
2026-10-02 05:21:00,495,0.0056712962962963,174,6,2.161585,484.7028,NA,17134.04
2026-10-02 05:20:50,485,0.00555555555555556,174,6,2.159691,484.9734,NA,17134.01
2026-10-02 05:20:40,475,0.00543981481481481,174,6,2.159321,485.2402,NA,17132.66
2026-10-02 05:20:30,465,0.00532407407407407,174,6,2.160927,485.1056,NA,17132.07
2026-10-02 05:20:20,455,0.00520833333333333,174,6,2.163373,486.2573,NA,17127.71
2026-10-02 05:20:10,445,0.00509259259259259,174,6,2.163683,486.1512,NA,17122.57
2026-10-02 05:20:00,435,0.00497685185185185,174,6,2.16484,486.0044,NA,17120.37
2026-10-02 05:19:50,425,0.00486111111111111,174,6,2.162638,486.0898,NA,17119.28
2026-10-02 05:19:40,415,0.00474537037037037,174,6,2.160632,485.0592,NA,17122.51
2026-10-02 05:19:30,405,0.00462962962962963,174,6,2.163231,486.0335,NA,17120.18
2026-10-02 05:19:20,395,0.00451388888888889,174,6,2.166028,486.5555,NA,17122.58
2026-10-02 05:19:10,385,0.00439814814814815,174,6,2.171457,487.4329,NA,17128.21
2026-10-02 05:19:00,375,0.00428240740740741,174,6,2.166879,485.199,NA,17131.7
2026-10-02 05:18:50,365,0.00416666666666667,174,6,2.16356,485.6693,NA,17133.79
2026-10-02 05:18:40,355,0.00405092592592593,174,6,2.164248,485.1306,0.3561458,17136.67
2026-10-02 05:18:30,345,0.00393518518518518,174,6,2.165089,484.7948,NA,17138.39
2026-10-02 05:18:20,335,0.00381944444444444,174,6,2.164623,484.3641,NA,17138.57
2026-10-02 05:18:10,325,0.0037037037037037,174,6,2.162927,483.453,NA,17138
2026-10-02 05:18:00,315,0.00358796296296296,174,6,2.163256,483.9791,NA,17136.11
2026-10-02 05:17:50,305,0.00347222222222222,174,6,2.163149,483.4249,NA,17138.13
2026-10-02 05:17:40,295,0.00335648148148148,174,6,2.161341,481.4725,NA,17142.63
2026-10-02 05:17:30,285,0.00324074074074074,174,6,2.16054,481.16,0.3557417,17149.89
2026-10-02 05:17:20,275,0.003125,174,6,2.161292,480.2497,NA,17154.93
2026-10-02 05:17:10,265,0.00300925925925926,174,6,2.158235,478.8573,NA,17163.64
2026-10-02 05:17:00,255,0.00289351851851852,174,6,2.157518,478.0738,NA,17166.1
2026-10-02 05:16:50,245,0.00277777777777778,174,6,2.154118,477.4467,NA,17172.77
2026-10-02 05:16:40,235,0.00266203703703704,174,6,2.153269,477.2285,NA,17179.45
2026-10-02 05:16:30,225,0.0025462962962963,174,6,2.152976,477.7322,NA,17186.96
2026-10-02 05:16:20,215,0.00243055555555556,174,6,2.152441,477.4109,NA,17192.28
2026-10-02 05:16:10,205,0.00231481481481481,174,6,2.151836,476.751,NA,17195.37
2026-10-02 05:16:00,195,0.00219907407407407,174,6,2.149679,475.5317,NA,17195.46
2026-10-02 05:15:50,185,0.00208333333333333,174,6,2.148231,475.0608,NA,17197.45
2026-10-02 05:15:40,175,0.00196759259259259,174,6,2.149964,474.4309,0.3553701,17197.93
2026-10-02 05:15:30,165,0.00185185185185185,174,6,2.151554,473.6689,NA,17195.71
2026-10-02 05:15:20,155,0.00173611111111111,174,6,2.151521,474.6392,NA,17193.2
2026-10-02 05:15:10,144,0.00162037037037037,174,6,2.153738,475.287,0.3561833,17191.96
2026-10-02 05:15:00,135,0.00150462962962963,174,6,2.152235,474.9726,NA,17194.27
2026-10-02 05:14:50,125,0.00138888888888889,174,6,2.15484,475.9995,NA,17192.25
2026-10-02 05:14:40,115,0.00127314814814815,174,6,2.156712,476.7839,NA,17187.2
2026-10-02 05:14:30,105,0.00115740740740741,174,6,2.162035,476.8392,NA,17182.42
2026-10-02 05:14:20,95,0.00104166666666667,174,6,2.164972,476.5901,NA,17177.07
2026-10-02 05:14:10,85,0.000925925925925926,174,6,2.167147,475.5938,NA,17171.09
2026-10-02 05:14:00,75,0.000810185185185185,174,6,2.171394,476.4803,NA,17160.02
2026-10-02 05:13:50,65,0.000694444444444444,174,6,2.201406,489.0881,NA,17146.26
2026-10-02 05:13:40,55,0.000578703703703704,174,6,2.262615,555.9385,NA,17130.81
2026-10-02 05:13:30,45,0.000462962962962963,174,6,2.306839,598.4733,NA,17109.19
2026-10-02 05:13:20,35,0.000347222222222222,174,6,2.165567,484.9968,NA,17087.59
2026-10-02 05:13:10,25,0.000231481481481481,174,6,2.160555,484.1737,NA,17046.38
2026-10-02 05:13:00,15,0.000115740740740741,174,6,2.161593,484.1259,NA,17015.88
2026-10-02 05:12:50,4,0,174,6,2.158861,472.6629,NA,17079.3
2026-10-02 05:12:40,0,0.00694444444444444,173,3,2.157987,472.6445,NA,17075.06
2026-10-02 05:12:30,595,0.0068287037037037,173,3,2.158548,472.164,NA,17082.19
2026-10-02 05:12:20,585,0.00671296296296296,173,3,2.158583,472.3088,NA,17094.16
2026-10-02 05:12:10,575,0.00659722222222222,173,3,2.15897,476.1736,NA,17113.17
2026-10-02 05:12:00,565,0.00648148148148148,173,3,2.166181,478.4105,NA,17182.91
2026-10-02 05:11:50,555,0.00636574074074074,173,3,2.157029,483.8969,NA,17352.81
2026-10-02 05:11:40,545,0.00625,173,3,2.16328,478.7899,NA,17363.22
2026-10-02 05:11:30,535,0.00613425925925926,173,3,2.164919,480.0616,0.354006,17357.15
2026-10-02 05:11:20,525,0.00601851851851852,173,3,2.165597,480.9381,0.3544754,17345.4
2026-10-02 05:11:10,515,0.00590277777777778,173,3,2.164389,479.9553,0.3547981,17332.48
2026-10-02 05:11:00,505,0.00578703703703704,173,3,2.16496,478.5156,NA,17321.02
2026-10-02 05:10:50,495,0.0056712962962963,173,3,2.168273,480.3835,NA,17317.68
2026-10-02 05:10:40,485,0.00555555555555556,173,3,2.172801,481.1598,NA,17313.18
2026-10-02 05:10:30,475,0.00543981481481481,173,3,2.176993,483.3264,NA,17306.57
2026-10-02 05:10:20,465,0.00532407407407407,173,3,2.175475,482.6762,NA,17304.57
2026-10-02 05:10:10,455,0.00520833333333333,173,3,2.178061,482.9619,NA,17299.79
2026-10-02 05:10:00,445,0.00509259259259259,173,3,2.17764,484.0191,NA,17295.86
2026-10-02 05:09:50,435,0.00497685185185185,173,3,2.180202,484.0989,NA,17297.28
2026-10-02 05:09:40,425,0.00486111111111111,173,3,2.186564,484.3438,NA,17299.66
2026-10-02 05:09:30,415,0.00474537037037037,173,3,2.188056,484.3609,NA,17306.4
2026-10-02 05:09:20,405,0.00462962962962963,173,3,2.169679,483.5294,0.3559269,17309.01
2026-10-02 05:09:10,395,0.00451388888888889,173,3,2.166369,483.1875,NA,17309.08
2026-10-02 05:09:00,385,0.00439814814814815,173,3,2.167083,483.4065,NA,17310.38
2026-10-02 05:08:50,375,0.00428240740740741,173,3,2.169644,482.745,NA,17313.91
2026-10-02 05:08:40,365,0.00416666666666667,173,3,2.173863,481.5397,NA,17320.41
2026-10-02 05:08:30,355,0.00405092592592593,173,3,2.179717,482.3782,NA,17323.11
2026-10-02 05:08:20,345,0.00393518518518518,173,3,2.192029,482.4101,NA,17321.49
2026-10-02 05:08:10,335,0.00381944444444444,173,3,2.196949,481.4834,NA,17322.56
2026-10-02 05:08:00,325,0.0037037037037037,173,3,2.164303,481.047,NA,17327.61
2026-10-02 05:07:50,315,0.00358796296296296,173,3,2.16431,481.101,NA,17336.26
2026-10-02 05:07:40,305,0.00347222222222222,173,3,2.167333,482.0235,NA,17343.24
2026-10-02 05:07:30,295,0.00335648148148148,173,3,2.170324,482.6065,NA,17350.4
2026-10-02 05:07:20,285,0.00324074074074074,173,3,2.170367,482.3343,NA,17358.85
2026-10-02 05:07:10,275,0.003125,173,3,2.171994,481.2397,NA,17366.43
2026-10-02 05:07:00,265,0.00300925925925926,173,3,2.161514,480.5684,NA,17375.36
2026-10-02 05:06:50,255,0.00289351851851852,173,3,2.161114,480.493,0.3552414,17382.34
2026-10-02 05:06:40,245,0.00277777777777778,173,3,2.159747,478.7479,NA,17388.61
2026-10-02 05:06:30,235,0.00266203703703704,173,3,2.158997,477.4542,NA,17395.11
2026-10-02 05:06:20,225,0.0025462962962963,173,3,2.156969,475.5692,NA,17400.69
2026-10-02 05:06:10,215,0.00243055555555556,173,3,2.155848,474.1473,NA,17404.67
2026-10-02 05:06:00,205,0.00231481481481481,173,3,2.154496,473.0678,NA,17404.93
2026-10-02 05:05:50,195,0.00219907407407407,173,3,2.152692,472.8244,NA,17403.56
2026-10-02 05:05:40,185,0.00208333333333333,173,3,2.15195,470.6702,NA,17404.56
2026-10-02 05:05:30,175,0.00196759259259259,173,3,2.150385,467.8416,NA,17402.93
2026-10-02 05:05:20,165,0.00185185185185185,173,3,2.150146,466.1992,NA,17401.66
2026-10-02 05:05:10,155,0.00173611111111111,173,3,2.14923,466.0925,NA,17401.48
2026-10-02 05:05:00,145,0.00162037037037037,173,3,2.151325,467.2825,NA,17403.58
2026-10-02 05:04:50,135,0.00150462962962963,173,3,2.152666,469.6017,NA,17406.8
2026-10-02 05:04:40,125,0.00138888888888889,173,3,2.156767,473.6002,NA,17410.34
2026-10-02 05:04:30,115,0.00127314814814815,173,3,2.159491,474.161,NA,17410.96
2026-10-02 05:04:20,105,0.00115740740740741,173,3,2.156636,472.9749,NA,17411.79
2026-10-02 05:04:10,95,0.00104166666666667,173,3,2.157595,473.3923,NA,17409.74
2026-10-02 05:04:00,85,0.000925925925925926,173,3,2.154665,473.1738,NA,17405.48
2026-10-02 05:03:50,75,0.000810185185185185,173,3,2.15484,471.6461,NA,17399.91
2026-10-02 05:03:40,65,0.000694444444444444,173,3,2.154831,471.0146,NA,17399.75
2026-10-02 05:03:30,55,0.000578703703703704,173,3,2.153471,470.4432,NA,17392.54
2026-10-02 05:03:20,45,0.000462962962962963,173,3,2.15356,470.8672,NA,17383.72
2026-10-02 05:03:10,35,0.000347222222222222,173,3,2.157949,472.033,NA,17379.15
2026-10-02 05:03:00,25,0.000231481481481481,173,3,2.162017,472.2816,NA,17374.58
2026-10-02 05:02:50,15,0.000115740740740741,173,3,2.165688,474.1082,NA,17368.04
2026-10-02 05:02:40,5,0,173,3,2.177822,481.0942,0.3513504,17362.89
2026-10-02 05:02:30,0,0.00694444444444444,172,12,2.225893,539.4211,NA,17355.98
2026-10-02 05:02:20,595,0.0068287037037037,172,12,2.270904,603.5761,NA,17343.54
2026-10-02 05:02:10,585,0.00671296296296296,172,12,2.28636,600.5266,NA,17332.94
2026-10-02 05:02:00,575,0.00659722222222222,172,12,2.176734,484.6554,NA,17333.23
2026-10-02 05:01:50,565,0.00648148148148148,172,12,2.17434,484.3358,NA,17333.59
2026-10-02 05:01:40,555,0.00636574074074074,172,12,2.178356,483.559,NA,17430.12
2026-10-02 05:01:30,545,0.00625,172,12,2.20979,480.0416,NA,17508.29
2026-10-02 05:01:20,535,0.00613425925925926,172,12,2.202239,479.8077,NA,17506.28
2026-10-02 05:01:10,525,0.00601851851851852,172,12,2.238117,486.1027,NA,17505.37
2026-10-02 05:01:00,515,0.00590277777777778,172,12,2.235885,486.0182,NA,17501.77
2026-10-02 05:00:50,505,0.00578703703703704,172,12,2.234139,485.8516,NA,17496.97
2026-10-02 05:00:40,495,0.0056712962962963,172,12,2.232147,484.9921,NA,17496.56
2026-10-02 05:00:30,485,0.00555555555555556,172,12,2.230605,484.5399,NA,17496.78
2026-10-02 05:00:20,475,0.00543981481481481,172,12,2.228764,484.1326,NA,17502.27
2026-10-02 05:00:10,465,0.00532407407407407,172,12,2.226183,484.3215,NA,17506.8
2026-10-02 05:00:00,455,0.00520833333333333,172,12,2.224688,483.0544,NA,17509.89
2026-10-02 04:59:50,445,0.00509259259259259,172,12,2.222846,482.5095,NA,17506.48
2026-10-02 04:59:40,435,0.00497685185185185,172,12,2.220923,481.6173,NA,17502.21
2026-10-02 04:59:30,425,0.00486111111111111,172,12,2.219595,481.769,NA,17499.98
2026-10-02 04:59:20,415,0.00474537037037037,172,12,2.217421,481.8376,NA,17492.44
2026-10-02 04:59:10,405,0.00462962962962963,172,12,2.21495,480.7506,NA,17488.16
2026-10-02 04:59:00,395,0.00451388888888889,172,12,2.213474,480.4175,NA,17484.33
2026-10-02 04:58:50,385,0.00439814814814815,172,12,2.21155,480.9999,NA,17484.57
2026-10-02 04:58:40,375,0.00428240740740741,172,12,2.209763,479.9509,NA,17487.32
2026-10-02 04:58:30,365,0.00416666666666667,172,12,2.207258,479.7307,NA,17488.5
2026-10-02 04:58:20,355,0.00405092592592593,172,12,2.205222,479.1121,NA,17488.8
2026-10-02 04:58:10,345,0.00393518518518518,172,12,2.203081,479.3776,NA,17491.13
2026-10-02 04:58:00,334,0.00381944444444444,172,12,2.201335,478.7054,NA,17497.43
2026-10-02 04:57:50,325,0.0037037037037037,172,12,2.199331,478.4713,NA,17504.82
2026-10-02 04:57:40,315,0.00358796296296296,172,12,2.19664,478.585,NA,17513.17
2026-10-02 04:57:30,305,0.00347222222222222,172,12,2.194288,477.9913,NA,17521.21
2026-10-02 04:57:20,295,0.00335648148148148,172,12,2.191351,477.0259,NA,17528.15
2026-10-02 04:57:10,285,0.00324074074074074,172,12,2.189028,475.4131,NA,17532.91
2026-10-02 04:57:00,275,0.003125,172,12,2.187146,475.0262,NA,17538.17
2026-10-02 04:56:50,265,0.00300925925925926,172,12,2.184861,474.0847,NA,17542.36
2026-10-02 04:56:40,255,0.00289351851851852,172,12,2.182499,473.0554,NA,17548.2
2026-10-02 04:56:30,245,0.00277777777777778,172,12,2.180024,473.1438,NA,17552.58
2026-10-02 04:56:20,235,0.00266203703703704,172,12,2.177931,472.4873,NA,17554.48
2026-10-02 04:56:10,225,0.0025462962962963,172,12,2.175243,471.1162,NA,17552.29
2026-10-02 04:56:00,215,0.00243055555555556,172,12,2.173263,471.1589,NA,17550.18
2026-10-02 04:55:50,205,0.00231481481481481,172,12,2.170501,470.5761,NA,17546.62
2026-10-02 04:55:40,195,0.00219907407407407,172,12,2.168368,470.1653,NA,17539.71
2026-10-02 04:55:30,185,0.00208333333333333,172,12,2.166144,469.0805,NA,17534.75
2026-10-02 04:55:20,175,0.00196759259259259,172,12,2.164096,468.9449,NA,17529.58
2026-10-02 04:55:10,165,0.00185185185185185,172,12,2.163065,468.215,NA,17526.39
2026-10-02 04:55:00,155,0.00173611111111111,172,12,2.154734,467.4243,NA,17523.82
2026-10-02 04:54:50,145,0.00162037037037037,172,12,2.162459,469.756,0.3553326,17520.46
2026-10-02 04:54:40,135,0.00150462962962963,172,12,2.154017,470.1592,NA,17516.6
2026-10-02 04:54:30,125,0.00138888888888889,172,12,2.149077,468.9347,NA,17513.13
2026-10-02 04:54:20,115,0.00127314814814815,172,12,2.143992,469.2484,NA,17509.27
2026-10-02 04:54:10,105,0.00115740740740741,172,12,2.147111,470.9904,0.355093,17509.37
2026-10-02 04:54:00,95,0.00104166666666667,172,12,2.152881,474.6133,0.3546181,17504.14
2026-10-02 04:53:50,85,0.000925925925925926,172,12,2.155507,477.6626,NA,17502.19
2026-10-02 04:53:40,75,0.000810185185185185,172,12,2.155397,478.2261,NA,17503.74
2026-10-02 04:53:30,65,0.000694444444444444,172,12,2.156667,477.8321,NA,17507.88
2026-10-02 04:53:20,55,0.000578703703703704,172,12,2.154822,478.578,NA,17506.65
2026-10-02 04:53:10,45,0.000462962962962963,172,12,2.158381,480.8324,NA,17508.39
2026-10-02 04:53:00,35,0.000347222222222222,172,12,2.161536,482.5405,NA,17508.64
2026-10-02 04:52:50,25,0.000231481481481481,172,12,2.163155,481.7358,NA,17515.33
2026-10-02 04:52:40,15,0.000115740740740741,172,12,2.159292,476.8292,NA,17521.54
2026-10-02 04:52:30,5,0,172,12,2.155813,475.5108,NA,17504.97
2026-10-02 04:52:20,0,0.00694444444444444,171,9,2.157189,474.0618,NA,17457.35
2026-10-02 04:52:10,595,0.0068287037037037,171,9,2.160646,473.3999,0.3541858,17460.21
2026-10-02 04:52:00,585,0.00671296296296296,171,9,2.172112,477.824,NA,17462.97
2026-10-02 04:51:50,575,0.00659722222222222,171,9,2.179206,483.9592,NA,17467.32
2026-10-02 04:51:40,565,0.00648148148148148,171,9,2.178827,486.5411,NA,17470.82
2026-10-02 04:51:30,555,0.00636574074074074,171,9,2.175658,489.1918,NA,17471.9
2026-10-02 04:51:20,545,0.00625,171,9,2.174589,489.5726,NA,17473.33
2026-10-02 04:51:10,535,0.00613425925925926,171,9,2.172018,488.5333,NA,17475.05
2026-10-02 04:51:00,525,0.00601851851851852,171,9,2.169989,487.6359,NA,17474.6
2026-10-02 04:50:50,515,0.00590277777777778,171,9,2.16967,487.2267,NA,17482.77
2026-10-02 04:50:40,504,0.00578703703703704,171,9,2.169399,486.2712,0.3550021,17487
2026-10-02 04:50:30,495,0.0056712962962963,171,9,2.170446,484.9761,NA,17492.39
2026-10-02 04:50:20,485,0.00555555555555556,171,9,2.169819,484.3904,NA,17496.07
2026-10-02 04:50:10,475,0.00543981481481481,171,9,2.167359,484.8385,NA,17501.42
2026-10-02 04:50:00,465,0.00532407407407407,171,9,2.166363,484.6026,NA,17504.51
2026-10-02 04:49:50,455,0.00520833333333333,171,9,2.163532,483.181,NA,17511.41
2026-10-02 04:49:40,445,0.00509259259259259,171,9,2.163743,482.4244,NA,17517.27
2026-10-02 04:49:30,435,0.00497685185185185,171,9,2.165107,479.8381,NA,17521.71
2026-10-02 04:49:20,425,0.00486111111111111,171,9,2.172226,480.9561,NA,17525.46
2026-10-02 04:49:10,415,0.00474537037037037,171,9,2.161441,479.8702,NA,17531.07
2026-10-02 04:49:00,405,0.00462962962962963,171,9,2.164943,479.6464,NA,17538.51
2026-10-02 04:48:50,395,0.00451388888888889,171,9,2.165173,479.9296,NA,17536.13
2026-10-02 04:48:40,385,0.00439814814814815,171,9,2.15682,478.833,NA,17533.8
2026-10-02 04:48:30,375,0.00428240740740741,171,9,2.155861,479.1327,NA,17531.37
2026-10-02 04:48:20,365,0.00416666666666667,171,9,2.156318,479.5651,NA,17525.19
2026-10-02 04:48:10,355,0.00405092592592593,171,9,2.156391,478.9187,NA,17522.55
2026-10-02 04:48:00,345,0.00393518518518518,171,9,2.153708,478.4745,NA,17525.4
2026-10-02 04:47:50,335,0.00381944444444444,171,9,2.153056,477.9365,NA,17527.9
2026-10-02 04:47:40,325,0.0037037037037037,171,9,2.152936,479.2623,0.3533181,17532.53
2026-10-02 04:47:30,315,0.00358796296296296,171,9,2.153838,479.7563,NA,17529.33
2026-10-02 04:47:20,305,0.00347222222222222,171,9,2.155162,480.723,NA,17519.54
2026-10-02 04:47:10,294,0.00335648148148148,171,9,2.156579,481.2586,NA,17504.1
2026-10-02 04:47:00,285,0.00324074074074074,171,9,2.15621,480.7253,NA,17488.43
2026-10-02 04:46:50,275,0.003125,171,9,2.154911,477.6818,NA,17479.5
2026-10-02 04:46:40,265,0.00300925925925926,171,9,2.157385,477.5445,NA,17474.52
2026-10-02 04:46:30,255,0.00289351851851852,171,9,2.157445,476.8604,NA,17467.85
2026-10-02 04:46:20,245,0.00277777777777778,171,9,2.153271,477.495,NA,17462.71
2026-10-02 04:46:10,235,0.00266203703703704,171,9,2.153852,477.9012,NA,17457.38
2026-10-02 04:46:00,225,0.0025462962962963,171,9,2.156301,479.5195,NA,17454.37
2026-10-02 04:45:50,215,0.00243055555555556,171,9,2.160266,481.9341,NA,17453.96
2026-10-02 04:45:40,205,0.00231481481481481,171,9,2.161608,482.5116,NA,17456.86
2026-10-02 04:45:30,195,0.00219907407407407,171,9,2.165957,485.0904,NA,17454.91
2026-10-02 04:45:20,185,0.00208333333333333,171,9,2.166721,484.691,NA,17451.28
2026-10-02 04:45:10,175,0.00196759259259259,171,9,2.172015,483.7704,NA,17445.83
2026-10-02 04:45:00,165,0.00185185185185185,171,9,2.163214,482.3387,NA,17437.16
2026-10-02 04:44:50,155,0.00173611111111111,171,9,2.16493,480.402,NA,17425.23
2026-10-02 04:44:40,145,0.00162037037037037,171,9,2.167259,481.1801,NA,17418.95
2026-10-02 04:44:30,135,0.00150462962962963,171,9,2.165286,479.7345,NA,17419.49
2026-10-02 04:44:20,125,0.00138888888888889,171,9,2.162378,478.5466,NA,17414.37
2026-10-02 04:44:10,115,0.00127314814814815,171,9,2.158323,478.0948,NA,17409.18
2026-10-02 04:44:00,105,0.00115740740740741,171,9,2.160473,478.6319,NA,17410.26
2026-10-02 04:43:50,95,0.00104166666666667,171,9,2.154603,479.3164,NA,17413.31
2026-10-02 04:43:40,85,0.000925925925925926,171,9,2.156558,479.6888,0.3546864,17409.26
2026-10-02 04:43:30,75,0.000810185185185185,171,9,2.156191,479.6771,NA,17396.67
2026-10-02 04:43:20,65,0.000694444444444444,171,9,2.155825,479.5107,NA,17385.21
2026-10-02 04:43:10,55,0.000578703703703704,171,9,2.155365,480.4856,NA,17381.36
2026-10-02 04:43:00,45,0.000462962962962963,171,9,2.15613,478.8716,NA,17377.84
2026-10-02 04:42:50,35,0.000347222222222222,171,9,2.153747,479.2362,NA,17366.58
2026-10-02 04:42:40,25,0.000231481481481481,171,9,2.192758,498.7241,NA,17343.81
2026-10-02 04:42:30,15,0.000115740740740741,171,9,2.172487,536.9145,NA,17315.22
2026-10-02 04:42:20,5,0,171,9,2.14611,483.8368,NA,17298.13
2026-10-02 04:42:10,0,0.00694444444444444,170,5,2.14717,485.8079,NA,17282.04
2026-10-02 04:42:00,595,0.0068287037037037,170,5,2.147111,486.5033,NA,17279.88
2026-10-02 04:41:50,585,0.00671296296296296,170,5,2.146159,488.2236,NA,17275.85
2026-10-02 04:41:40,575,0.00659722222222222,170,5,2.147154,489.4284,NA,17265.1
2026-10-02 04:41:30,565,0.00648148148148148,170,5,2.147432,489.3428,NA,17282.55
2026-10-02 04:41:20,555,0.00636574074074074,170,5,2.151079,486.4866,NA,17322.6
2026-10-02 04:41:10,545,0.00625,170,5,2.158304,484.3004,NA,17343.26
2026-10-02 04:41:00,535,0.00613425925925926,170,5,2.159021,483.5843,NA,17343.59
2026-10-02 04:40:50,525,0.00601851851851852,170,5,2.160191,484.0918,NA,17344.82
2026-10-02 04:40:40,515,0.00590277777777778,170,5,2.162722,484.8097,NA,17341.7
2026-10-02 04:40:30,505,0.00578703703703704,170,5,2.17036,486.5483,NA,17339.7
2026-10-02 04:40:20,495,0.0056712962962963,170,5,2.162202,485.3602,NA,17341.76
2026-10-02 04:40:10,485,0.00555555555555556,170,5,2.16325,484.6204,NA,17342.91
2026-10-02 04:40:00,475,0.00543981481481481,170,5,2.160941,484.5336,NA,17348.2
2026-10-02 04:39:50,465,0.00532407407407407,170,5,2.165473,484.5807,NA,17352.07
2026-10-02 04:39:40,455,0.00520833333333333,170,5,2.164737,484.2278,NA,17354.24
2026-10-02 04:39:30,445,0.00509259259259259,170,5,2.15826,484.2891,NA,17354.31
2026-10-02 04:39:20,435,0.00497685185185185,170,5,2.154806,483.6879,0.3549189,17354.82
2026-10-02 04:39:10,425,0.00486111111111111,170,5,2.15118,479.8145,NA,17358.51
2026-10-02 04:39:00,415,0.00474537037037037,170,5,2.149147,477.3079,NA,17359.43
2026-10-02 04:38:50,405,0.00462962962962963,170,5,2.149781,476.6871,NA,17359.47
2026-10-02 04:38:40,395,0.00451388888888889,170,5,2.148172,476.6613,NA,17357.84
2026-10-02 04:38:30,385,0.00439814814814815,170,5,2.14773,475.6941,NA,17358.11
2026-10-02 04:38:20,375,0.00428240740740741,170,5,2.147666,476.2044,NA,17354.55
2026-10-02 04:38:10,365,0.00416666666666667,170,5,2.147689,475.0844,NA,17350.75
2026-10-02 04:38:00,355,0.00405092592592593,170,5,2.14917,476.1086,NA,17344.24
2026-10-02 04:37:50,345,0.00393518518518518,170,5,2.150517,477.0169,NA,17336.42
2026-10-02 04:37:40,335,0.00381944444444444,170,5,2.149454,476.298,NA,17326.77
2026-10-02 04:37:30,325,0.0037037037037037,170,5,2.150729,474.8682,NA,17316.47
2026-10-02 04:37:20,315,0.00358796296296296,170,5,2.146134,473.9294,NA,17311.65
2026-10-02 04:37:10,305,0.00347222222222222,170,5,2.144853,473.9534,NA,17313.72
2026-10-02 04:37:00,295,0.00335648148148148,170,5,2.144823,473.5146,NA,17313.79
2026-10-02 04:36:50,285,0.00324074074074074,170,5,2.145667,474.5282,NA,17312.52
2026-10-02 04:36:40,274,0.003125,170,5,2.144998,475.0508,NA,17312.74
2026-10-02 04:36:30,265,0.00300925925925926,170,5,2.145793,477.346,NA,17311.95
2026-10-02 04:36:20,255,0.00289351851851852,170,5,2.1483,479.1121,NA,17314.56
2026-10-02 04:36:10,245,0.00277777777777778,170,5,2.148689,482.9225,NA,17315.39
2026-10-02 04:36:00,235,0.00266203703703704,170,5,2.150545,486.2952,NA,17312.35
2026-10-02 04:35:50,225,0.0025462962962963,170,5,2.151564,485.9923,NA,17311.7
2026-10-02 04:35:40,215,0.00243055555555556,170,5,2.155782,484.7947,NA,17306.86
2026-10-02 04:35:30,205,0.00231481481481481,170,5,2.157609,482.5528,NA,17300.07
2026-10-02 04:35:20,195,0.00219907407407407,170,5,2.156562,479.2288,NA,17297.71
2026-10-02 04:35:10,185,0.00208333333333333,170,5,2.151328,479.0457,NA,17298.82
2026-10-02 04:35:00,175,0.00196759259259259,170,5,2.149426,478.5477,NA,17300.98
2026-10-02 04:34:50,165,0.00185185185185185,170,5,2.150244,479.3382,NA,17303.27
2026-10-02 04:34:40,155,0.00173611111111111,170,5,2.145762,479.1457,NA,17303.43
2026-10-02 04:34:30,145,0.00162037037037037,170,5,2.142682,478.8271,NA,17304.75
2026-10-02 04:34:20,135,0.00150462962962963,170,5,2.142281,477.8895,NA,17305.79
2026-10-02 04:34:10,125,0.00138888888888889,170,5,2.137378,477.6326,NA,17307.19
2026-10-02 04:34:00,115,0.00127314814814815,170,5,2.13775,478.6783,NA,17308.68
2026-10-02 04:33:50,105,0.00115740740740741,170,5,2.138753,480.6614,NA,17308.36
2026-10-02 04:33:40,95,0.00104166666666667,170,5,2.139617,481.4174,NA,17304.48
2026-10-02 04:33:30,85,0.000925925925925926,170,5,2.139918,482.8288,NA,17295.84
2026-10-02 04:33:20,75,0.000810185185185185,170,5,2.141937,485.7298,NA,17285.59
2026-10-02 04:33:10,65,0.000694444444444444,170,5,2.143226,487.9141,NA,17275.05
2026-10-02 04:33:00,55,0.000578703703703704,170,5,2.145265,491.8179,NA,17263.63
2026-10-02 04:32:50,45,0.000462962962962963,170,5,2.14643,493.8855,NA,17250.23
2026-10-02 04:32:40,35,0.000347222222222222,170,5,2.148899,494.9865,NA,17234.49
2026-10-02 04:32:30,25,0.000231481481481481,170,5,2.15241,495.3885,NA,17217.4
2026-10-02 04:32:20,15,0.000115740740740741,170,5,2.172039,497.2287,NA,17189.79
2026-10-02 04:32:10,5,0,170,5,2.204613,535.7709,NA,17169.73
2026-10-02 04:32:00,0,0.00694444444444444,169,8,2.186197,518.5713,NA,17159.49
2026-10-02 04:31:50,595,0.0068287037037037,169,8,2.185193,509.6434,NA,17167.31
2026-10-02 04:31:40,585,0.00671296296296296,169,8,2.164616,487.1656,NA,17180.83
2026-10-02 04:31:30,575,0.00659722222222222,169,8,2.170152,489.8831,NA,17193.19
2026-10-02 04:31:20,565,0.00648148148148148,169,8,2.170245,488.9379,NA,17249.33
2026-10-02 04:31:10,555,0.00636574074074074,169,8,2.171324,489.2793,NA,17383.07
2026-10-02 04:31:00,545,0.00625,169,8,2.18532,492.7051,NA,17415.24
2026-10-02 04:30:50,535,0.00613425925925926,169,8,2.187538,492.2178,NA,17425.93
2026-10-02 04:30:40,525,0.00601851851851852,169,8,2.186373,490.2168,NA,17436.04
2026-10-02 04:30:30,515,0.00590277777777778,169,8,2.18868,490.3573,NA,17448.37
2026-10-02 04:30:20,505,0.00578703703703704,169,8,2.188541,490.1258,NA,17459.72
2026-10-02 04:30:10,495,0.0056712962962963,169,8,2.183959,487.609,NA,17467.72
2026-10-02 04:30:00,485,0.00555555555555556,169,8,2.182244,489.829,NA,17474.54
2026-10-02 04:29:50,475,0.00543981481481481,169,8,2.170014,487.4984,NA,17484.26
2026-10-02 04:29:40,465,0.00532407407407407,169,8,2.174677,491.0108,NA,17495.26
2026-10-02 04:29:30,455,0.00520833333333333,169,8,2.175255,490.2689,NA,17502.56
2026-10-02 04:29:20,445,0.00509259259259259,169,8,2.171726,491.3226,NA,17504.41
2026-10-02 04:29:10,435,0.00497685185185185,169,8,2.171569,492.3887,NA,17505.74
2026-10-02 04:29:00,425,0.00486111111111111,169,8,2.177006,494.6751,NA,17507.94
2026-10-02 04:28:50,415,0.00474537037037037,169,8,2.17343,491.2668,NA,17506.29
2026-10-02 04:28:40,405,0.00462962962962963,169,8,2.171447,489.9533,NA,17504.97
2026-10-02 04:28:30,395,0.00451388888888889,169,8,2.168979,489.1766,NA,17506
2026-10-02 04:28:20,385,0.00439814814814815,169,8,2.162601,483.8768,NA,17510.72
2026-10-02 04:28:10,375,0.00428240740740741,169,8,2.163412,481.3603,NA,17515.91
2026-10-02 04:28:00,365,0.00416666666666667,169,8,2.169957,482.5163,NA,17520.09
2026-10-02 04:27:50,355,0.00405092592592593,169,8,2.165102,481.1321,NA,17523.17
2026-10-02 04:27:40,345,0.00393518518518518,169,8,2.16262,482.7053,NA,17526.63
2026-10-02 04:27:30,335,0.00381944444444444,169,8,2.167565,485.6123,NA,17524.51
2026-10-02 04:27:20,325,0.0037037037037037,169,8,2.182377,491.7962,NA,17526.52
2026-10-02 04:27:10,315,0.00358796296296296,169,8,2.173242,496.3706,NA,17522.11
2026-10-02 04:27:00,305,0.00347222222222222,169,8,2.159092,495.6749,NA,17515.68
2026-10-02 04:26:50,295,0.00335648148148148,169,8,2.166823,496.9249,NA,17501.34
2026-10-02 04:26:40,285,0.00324074074074074,169,8,2.162851,496.3406,NA,17493.29
2026-10-02 04:26:30,275,0.003125,169,8,2.155316,494.1687,NA,17485.09
2026-10-02 04:26:20,265,0.00300925925925926,169,8,2.157343,494.5855,NA,17484.17
2026-10-02 04:26:10,255,0.00289351851851852,169,8,2.153716,492.7933,NA,17486.72
2026-10-02 04:26:00,245,0.00277777777777778,169,8,2.15876,493.3104,NA,17490.43
2026-10-02 04:25:50,235,0.00266203703703704,169,8,2.153236,491.2261,NA,17493.71
2026-10-02 04:25:40,225,0.0025462962962963,169,8,2.153962,490.1206,0.3557531,17500.71
2026-10-02 04:25:30,215,0.00243055555555556,169,8,2.155735,490.4379,NA,17506.17
2026-10-02 04:25:20,205,0.00231481481481481,169,8,2.161223,488.4291,NA,17513.51
2026-10-02 04:25:10,195,0.00219907407407407,169,8,2.150205,486.2511,NA,17522.26
2026-10-02 04:25:00,185,0.00208333333333333,169,8,2.150286,485.4781,NA,17528.4
2026-10-02 04:24:50,175,0.00196759259259259,169,8,2.171239,490.6428,NA,17533.53
2026-10-02 04:24:40,165,0.00185185185185185,169,8,2.16977,491.981,NA,17530
2026-10-02 04:24:30,155,0.00173611111111111,169,8,2.147426,483.9622,NA,17528.15
2026-10-02 04:24:20,145,0.00162037037037037,169,8,2.170308,479.8917,NA,17526
2026-10-02 04:24:10,135,0.00150462962962963,169,8,2.163851,478.7401,NA,17525.62
2026-10-02 04:24:00,125,0.00138888888888889,169,8,2.15933,475.8206,NA,17530.26
2026-10-02 04:23:50,115,0.00127314814814815,169,8,2.168745,474.3939,NA,17530.79
2026-10-02 04:23:40,105,0.00115740740740741,169,8,2.171404,474.0781,NA,17527.09
2026-10-02 04:23:30,95,0.00104166666666667,169,8,2.19901,481.4395,NA,17524.86
2026-10-02 04:23:20,85,0.000925925925925926,169,8,2.23208,486.7893,NA,17523.68
2026-10-02 04:23:10,75,0.000810185185185185,169,8,2.261288,494.7719,NA,17518.52
2026-10-02 04:23:00,65,0.000694444444444444,169,8,2.343932,495.4599,NA,17511.42
2026-10-02 04:22:50,55,0.000578703703703704,169,8,2.425483,494.6326,NA,17505.68
2026-10-02 04:22:40,45,0.000462962962962963,169,8,2.413351,491.6859,NA,17501.55
2026-10-02 04:22:30,35,0.000347222222222222,169,8,2.339577,489.9238,NA,17503.84
2026-10-02 04:22:20,25,0.000231481481481481,169,8,2.418503,504.0214,NA,17507.43
2026-10-02 04:22:10,15,0.000115740740740741,169,8,2.316701,495.6829,NA,17531.5
2026-10-02 04:22:00,5,0,169,8,2.152133,490.0918,NA,17547.88
2026-10-02 04:21:50,0,0.00694444444444444,168,4,2.166355,492.0026,NA,17543.48
2026-10-02 04:21:40,595,0.0068287037037037,168,4,2.149451,489.1613,NA,17562.95
2026-10-02 04:21:30,585,0.00671296296296296,168,4,2.156659,490.9969,NA,17584.18
2026-10-02 04:21:20,575,0.00659722222222222,168,4,2.161345,490.7228,NA,17610.39
2026-10-02 04:21:10,565,0.00648148148148148,168,4,2.192695,492.2329,NA,17649.3
2026-10-02 04:21:00,555,0.00636574074074074,168,4,2.185535,487.8443,NA,17791.02
2026-10-02 04:20:50,545,0.00625,168,4,2.142012,482.0955,NA,17829
2026-10-02 04:20:40,535,0.00613425925925926,168,4,2.142228,481.869,NA,17832.92
2026-10-02 04:20:30,525,0.00601851851851852,168,4,2.142838,483.6391,NA,17832.84
2026-10-02 04:20:20,515,0.00590277777777778,168,4,2.142663,481.9368,NA,17835.25
2026-10-02 04:20:10,505,0.00578703703703704,168,4,2.143631,482.2849,NA,17835.47
2026-10-02 04:20:00,495,0.0056712962962963,168,4,2.143705,482.0605,0.3544423,17830.49
2026-10-02 04:19:50,485,0.00555555555555556,168,4,2.143146,480.2175,NA,17824.77
2026-10-02 04:19:40,475,0.00543981481481481,168,4,2.144033,480.4879,NA,17826.05
2026-10-02 04:19:30,465,0.00532407407407407,168,4,2.143397,479.6148,NA,17825.55
2026-10-02 04:19:20,455,0.00520833333333333,168,4,2.143459,478.9817,NA,17826.35
2026-10-02 04:19:10,445,0.00509259259259259,168,4,2.144394,478.088,NA,17826.39
2026-10-02 04:19:00,435,0.00497685185185185,168,4,2.146576,478.1127,NA,17827.86
2026-10-02 04:18:50,424,0.00486111111111111,168,4,2.148525,477.7924,NA,17829.85
2026-10-02 04:18:40,415,0.00474537037037037,168,4,2.145172,477.1927,NA,17835.72
2026-10-02 04:18:30,405,0.00462962962962963,168,4,2.147372,477.9983,NA,17838.6
2026-10-02 04:18:20,395,0.00451388888888889,168,4,2.145501,477.7981,NA,17840.98
2026-10-02 04:18:10,385,0.00439814814814815,168,4,2.146686,479.6065,NA,17841.48
2026-10-02 04:18:00,375,0.00428240740740741,168,4,2.143978,480.6044,NA,17838.9
2026-10-02 04:17:50,365,0.00416666666666667,168,4,2.146238,480.1382,NA,17836.97
2026-10-02 04:17:40,355,0.00405092592592593,168,4,2.147443,476.5046,NA,17836.17
2026-10-02 04:17:30,345,0.00393518518518518,168,4,2.144082,475.6298,NA,17831.96
2026-10-02 04:17:20,335,0.00381944444444444,168,4,2.143079,475.0496,NA,17825.38
2026-10-02 04:17:10,325,0.0037037037037037,168,4,2.14642,475.0974,NA,17818.94
2026-10-02 04:17:00,315,0.00358796296296296,168,4,2.151179,476.6624,NA,17814.29
2026-10-02 04:16:50,305,0.00347222222222222,168,4,2.154508,476.5947,NA,17813.03
2026-10-02 04:16:40,295,0.00335648148148148,168,4,2.157699,477.4062,NA,17807.4
2026-10-02 04:16:30,285,0.00324074074074074,168,4,2.161945,477.4422,NA,17803.03
2026-10-02 04:16:20,275,0.003125,168,4,2.169825,475.7175,NA,17797.36
2026-10-02 04:16:10,265,0.00300925925925926,168,4,2.175123,474.8685,NA,17790.58
2026-10-02 04:16:00,255,0.00289351851851852,168,4,2.18361,474.638,NA,17780.63
2026-10-02 04:15:50,245,0.00277777777777778,168,4,2.208175,474.2161,NA,17771.8
2026-10-02 04:15:40,235,0.00266203703703704,168,4,2.240027,475.7124,NA,17757.76
2026-10-02 04:15:30,225,0.0025462962962963,168,4,2.300181,475.8098,0.3540199,17748.62
2026-10-02 04:15:20,215,0.00243055555555556,168,4,2.377899,476.9962,NA,17742.79
2026-10-02 04:15:10,205,0.00231481481481481,168,4,2.48443,477.5118,NA,17732.08
2026-10-02 04:15:00,195,0.00219907407407407,168,4,2.70048,477.3962,NA,17728.21
2026-10-02 04:14:50,185,0.00208333333333333,168,4,2.877415,478.5921,NA,17717.71
2026-10-02 04:14:40,175,0.00196759259259259,168,4,3.417284,478.0051,NA,17705.95
2026-10-02 04:14:30,165,0.00185185185185185,168,4,3.637233,478.4448,NA,17704.58
2026-10-02 04:14:20,155,0.00173611111111111,168,4,3.523269,479.8227,NA,17701.1
2026-10-02 04:14:10,145,0.00162037037037037,168,4,3.518865,480.403,NA,17697.29
2026-10-02 04:14:00,135,0.00150462962962963,168,4,2.306722,479.0978,NA,17695.52
2026-10-02 04:13:50,125,0.00138888888888889,168,4,2.145704,477.1907,NA,17697.03
2026-10-02 04:13:40,115,0.00127314814814815,168,4,2.140329,472.918,NA,17697.3
2026-10-02 04:13:30,105,0.00115740740740741,168,4,2.136376,466.2255,NA,17693.73
2026-10-02 04:13:20,95,0.00104166666666667,168,4,2.132021,465.7156,NA,17689.47
2026-10-02 04:13:10,85,0.000925925925925926,168,4,2.133911,468.6205,NA,17682.85
2026-10-02 04:13:00,75,0.000810185185185185,168,4,2.133161,466.7311,NA,17676.49
2026-10-02 04:12:50,65,0.000694444444444444,168,4,2.136496,469.9506,NA,17667.52
2026-10-02 04:12:40,55,0.000578703703703704,168,4,2.135507,468.093,NA,17652.78
2026-10-02 04:12:30,45,0.000462962962962963,168,4,2.135323,468.9316,NA,17635.85
2026-10-02 04:12:20,35,0.000347222222222222,168,4,2.137628,471.8194,0.3536843,17615.92
2026-10-02 04:12:10,25,0.000231481481481481,168,4,2.148992,477.0198,NA,17585.97
2026-10-02 04:12:00,15,0.000115740740740741,168,4,2.160323,510.9473,NA,17550.9
2026-10-02 04:11:50,5,0,168,4,2.178342,513.3384,NA,17530.84
2026-10-02 04:11:40,0,0.00694444444444444,167,11,2.177235,529.2902,NA,17508.63
2026-10-02 04:11:30,595,0.0068287037037037,167,11,2.354173,520.6786,NA,17504.39
2026-10-02 04:11:20,585,0.00671296296296296,167,11,2.174322,527.0865,NA,17499.17
2026-10-02 04:11:10,575,0.00659722222222222,167,11,2.153394,495.6959,NA,17498.63
2026-10-02 04:11:00,565,0.00648148148148148,167,11,2.155455,498.9083,NA,17504.46
2026-10-02 04:10:50,555,0.00636574074074074,167,11,2.156723,496.1212,NA,17610.18
2026-10-02 04:10:40,545,0.00625,167,11,2.167868,488.1486,NA,17651.72
2026-10-02 04:10:30,535,0.00613425925925926,167,11,2.165112,486.4808,NA,17653.08
2026-10-02 04:10:20,525,0.00601851851851852,167,11,2.160565,482.7676,NA,17657.95
2026-10-02 04:10:10,515,0.00590277777777778,167,11,2.162375,484.5302,NA,17661.65
2026-10-02 04:10:00,505,0.00578703703703704,167,11,2.163298,484.6458,NA,17664.46
2026-10-02 04:09:50,495,0.0056712962962963,167,11,2.162618,485.5956,NA,17669.16
2026-10-02 04:09:40,485,0.00555555555555556,167,11,2.163935,484.7852,NA,17675.52
2026-10-02 04:09:30,475,0.00543981481481481,167,11,2.164639,484.4261,NA,17676.33
2026-10-02 04:09:20,465,0.00532407407407407,167,11,2.165011,484.3022,NA,17680.43
2026-10-02 04:09:10,455,0.00520833333333333,167,11,2.16692,482.4185,0.3554904,17679.65
2026-10-02 04:09:00,445,0.00509259259259259,167,11,2.16554,480.3584,NA,17678.29
2026-10-02 04:08:50,435,0.00497685185185185,167,11,2.165713,480.1964,NA,17680.82
2026-10-02 04:08:40,425,0.00486111111111111,167,11,2.157482,479.4076,NA,17684.1
2026-10-02 04:08:30,415,0.00474537037037037,167,11,2.156941,478.4245,NA,17684.85
2026-10-02 04:08:20,405,0.00462962962962963,167,11,2.157787,479.6857,NA,17688.55
2026-10-02 04:08:10,395,0.00451388888888889,167,11,2.158773,480.2561,NA,17693.74
2026-10-02 04:08:00,385,0.00439814814814815,167,11,2.163018,481.0626,NA,17700.47
2026-10-02 04:07:50,375,0.00428240740740741,167,11,2.164061,478.7355,NA,17705.52
2026-10-02 04:07:40,365,0.00416666666666667,167,11,2.163573,475.9504,NA,17713.5
2026-10-02 04:07:30,355,0.00405092592592593,167,11,2.166485,474.5849,NA,17719.05
2026-10-02 04:07:20,345,0.00393518518518518,167,11,2.168888,473.8694,NA,17722.29
2026-10-02 04:07:10,335,0.00381944444444444,167,11,2.161621,474.5078,NA,17724.31
2026-10-02 04:07:00,325,0.0037037037037037,167,11,2.14996,472.7529,NA,17728.2
2026-10-02 04:06:50,315,0.00358796296296296,167,11,2.148392,472.0864,NA,17735.11
2026-10-02 04:06:40,305,0.00347222222222222,167,11,2.147923,470.9831,NA,17740.17
2026-10-02 04:06:30,295,0.00335648148148148,167,11,2.147108,470.9833,NA,17746.34
2026-10-02 04:06:20,285,0.00324074074074074,167,11,2.147534,471.5582,NA,17748.19
2026-10-02 04:06:10,275,0.003125,167,11,2.149233,471.6101,NA,17750.79
2026-10-02 04:06:00,264,0.00300925925925926,167,11,2.148597,470.5922,NA,17754.75
2026-10-02 04:05:50,255,0.00289351851851852,167,11,2.145247,469.9618,NA,17760.23
2026-10-02 04:05:40,245,0.00277777777777778,167,11,2.143476,468.3832,NA,17765.83
2026-10-02 04:05:30,235,0.00266203703703704,167,11,2.140924,467.7746,NA,17770.43
2026-10-02 04:05:20,225,0.0025462962962963,167,11,2.142317,466.9599,NA,17769.85
2026-10-02 04:05:10,215,0.00243055555555556,167,11,2.145128,468.9643,NA,17772.04
2026-10-02 04:05:00,205,0.00231481481481481,167,11,2.145295,468.7649,NA,17771.71
2026-10-02 04:04:50,195,0.00219907407407407,167,11,2.13913,468.4178,NA,17768.63
2026-10-02 04:04:40,185,0.00208333333333333,167,11,2.144894,469.7058,NA,17764.8
2026-10-02 04:04:30,175,0.00196759259259259,167,11,2.136226,466.6214,NA,17758.22
2026-10-02 04:04:20,165,0.00185185185185185,167,11,2.135607,465.262,NA,17749.56
2026-10-02 04:04:10,155,0.00173611111111111,167,11,2.13728,466.3274,NA,17740.69
2026-10-02 04:04:00,145,0.00162037037037037,167,11,2.131558,464.0802,NA,17733.13
2026-10-02 04:03:50,135,0.00150462962962963,167,11,2.131299,463.0384,NA,17725.79
2026-10-02 04:03:40,125,0.00138888888888889,167,11,2.135824,464.4186,NA,17717.91
2026-10-02 04:03:30,115,0.00127314814814815,167,11,2.134176,463.3386,NA,17708.52
2026-10-02 04:03:20,105,0.00115740740740741,167,11,2.131847,463.116,NA,17695.03
2026-10-02 04:03:10,95,0.00104166666666667,167,11,2.13669,467.3803,NA,17680.24
2026-10-02 04:03:00,85,0.000925925925925926,167,11,2.138378,469.1256,NA,17666.59
2026-10-02 04:02:50,75,0.000810185185185185,167,11,2.138694,469.6297,NA,17660.31
2026-10-02 04:02:40,65,0.000694444444444444,167,11,2.143675,474.0306,NA,17649.1
2026-10-02 04:02:30,54,0.000578703703703704,167,11,2.146454,474.99,NA,17640.92
2026-10-02 04:02:20,44,0.000462962962962963,167,11,2.145576,474.1754,NA,17635.17
2026-10-02 04:02:10,35,0.000347222222222222,167,11,2.15167,475.9153,NA,17626.94
2026-10-02 04:02:00,25,0.000231481481481481,167,11,2.225461,512.1028,NA,17612.5
2026-10-02 04:01:50,15,0.000115740740740741,167,11,2.171672,515.7713,NA,17612.89
2026-10-02 04:01:40,5,0,167,11,2.14172,482.4269,NA,17604.71
2026-10-02 04:01:30,0,0.00694444444444444,166,2,2.134411,475.7917,NA,17592.72
2026-10-02 04:01:20,595,0.0068287037037037,166,2,2.135761,478.1926,NA,17600.94
2026-10-02 04:01:10,585,0.00671296296296296,166,2,2.136561,479.3825,NA,17618.04
2026-10-02 04:01:00,575,0.00659722222222222,166,2,2.140618,483.7304,NA,17639.85
2026-10-02 04:00:50,565,0.00648148148148148,166,2,2.142223,485.0955,NA,17676.19
2026-10-02 04:00:40,555,0.00636574074074074,166,2,2.141669,481.5851,NA,17743.02
2026-10-02 04:00:30,545,0.00625,166,2,2.135671,473.074,NA,17763.87
2026-10-02 04:00:20,535,0.00613425925925926,166,2,2.135378,472.526,NA,17767.55
2026-10-02 04:00:10,525,0.00601851851851852,166,2,2.135819,472.1803,NA,17769.19
2026-10-02 04:00:00,515,0.00590277777777778,166,2,2.136967,472.9886,NA,17772.81
2026-10-02 03:59:50,505,0.00578703703703704,166,2,2.139393,473.1151,NA,17781.62
2026-10-02 03:59:40,495,0.0056712962962963,166,2,2.142729,474.57,NA,17781.18
2026-10-02 03:59:30,485,0.00555555555555556,166,2,2.14353,474.2134,NA,17780.58
2026-10-02 03:59:20,475,0.00543981481481481,166,2,2.14579,473.842,NA,17776.6
2026-10-02 03:59:10,465,0.00532407407407407,166,2,2.139273,473.7665,NA,17776.87
2026-10-02 03:59:00,454,0.00520833333333333,166,2,2.138124,473.5234,NA,17778.41
2026-10-02 03:58:50,445,0.00509259259259259,166,2,2.139271,472.4241,NA,17781.27
2026-10-02 03:58:40,435,0.00497685185185185,166,2,2.141026,473.8779,NA,17787.64
2026-10-02 03:58:30,425,0.00486111111111111,166,2,2.143331,475.7295,NA,17785.59
2026-10-02 03:58:20,415,0.00474537037037037,166,2,2.145722,475.312,NA,17789.05
2026-10-02 03:58:10,405,0.00462962962962963,166,2,2.145171,475.1149,NA,17791.98
2026-10-02 03:58:00,395,0.00451388888888889,166,2,2.145536,473.6126,NA,17797.41
2026-10-02 03:57:50,385,0.00439814814814815,166,2,2.147408,474.0054,NA,17797.9
2026-10-02 03:57:40,375,0.00428240740740741,166,2,2.149717,473.6069,NA,17805.58
2026-10-02 03:57:30,365,0.00416666666666667,166,2,2.153611,473.6996,NA,17810.5
2026-10-02 03:57:20,355,0.00405092592592593,166,2,2.164296,473.0909,NA,17816.14
2026-10-02 03:57:10,345,0.00393518518518518,166,2,2.141234,472.0497,NA,17822.16
2026-10-02 03:57:00,335,0.00381944444444444,166,2,2.140584,472.307,NA,17826.75
2026-10-02 03:56:50,325,0.0037037037037037,166,2,2.141645,471.1457,NA,17831
2026-10-02 03:56:40,315,0.00358796296296296,166,2,2.14492,472.4716,NA,17834.41
2026-10-02 03:56:30,305,0.00347222222222222,166,2,2.151468,472.247,NA,17837.99
2026-10-02 03:56:20,295,0.00335648148148148,166,2,2.147758,471.0645,NA,17840.36
2026-10-02 03:56:10,285,0.00324074074074074,166,2,2.146325,469.7988,NA,17837.1
2026-10-02 03:56:00,275,0.003125,166,2,2.13924,468.5751,0.3553255,17832.69
2026-10-02 03:55:50,265,0.00300925925925926,166,2,2.134982,467.1405,NA,17832.95
2026-10-02 03:55:40,255,0.00289351851851852,166,2,2.134719,467.4898,NA,17839.41
2026-10-02 03:55:30,245,0.00277777777777778,166,2,2.134541,466.4802,NA,17844.58
2026-10-02 03:55:20,235,0.00266203703703704,166,2,2.133853,467.1961,NA,17844.74
2026-10-02 03:55:10,225,0.0025462962962963,166,2,2.134526,467.0328,NA,17845.91
2026-10-02 03:55:00,215,0.00243055555555556,166,2,2.135528,466.8466,NA,17846.76
2026-10-02 03:54:50,205,0.00231481481481481,166,2,2.135448,466.7971,NA,17845.75
2026-10-02 03:54:40,195,0.00219907407407407,166,2,2.13497,466.9187,NA,17849.68
2026-10-02 03:54:30,185,0.00208333333333333,166,2,2.136387,465.5052,NA,17850.43
2026-10-02 03:54:20,175,0.00196759259259259,166,2,2.135638,464.2417,NA,17851.25
2026-10-02 03:54:10,165,0.00185185185185185,166,2,2.133752,461.7836,NA,17855.16
2026-10-02 03:54:00,155,0.00173611111111111,166,2,2.133467,462.4127,NA,17861.3
2026-10-02 03:53:50,144,0.00162037037037037,166,2,2.133369,460.9438,NA,17866.19
2026-10-02 03:53:40,135,0.00150462962962963,166,2,2.13376,462.3558,NA,17870.7
2026-10-02 03:53:30,125,0.00138888888888889,166,2,2.134476,461.7436,NA,17875.8
2026-10-02 03:53:20,115,0.00127314814814815,166,2,2.134192,461.2954,NA,17879.07
2026-10-02 03:53:10,105,0.00115740740740741,166,2,2.131652,461.7436,NA,17884.1
2026-10-02 03:53:00,95,0.00104166666666667,166,2,2.132061,461.6558,NA,17887.21
2026-10-02 03:52:50,85,0.000925925925925926,166,2,2.132441,462.959,NA,17890.41
2026-10-02 03:52:40,75,0.000810185185185185,166,2,2.132874,462.1936,NA,17891.15
2026-10-02 03:52:30,65,0.000694444444444444,166,2,2.136534,463.6261,NA,17888.99
2026-10-02 03:52:20,55,0.000578703703703704,166,2,2.135397,465.3011,NA,17893.32
2026-10-02 03:52:10,45,0.000462962962962963,166,2,2.135329,465.4949,NA,17894.74
2026-10-02 03:52:00,35,0.000347222222222222,166,2,2.138778,467.2966,NA,17899.81
2026-10-02 03:51:50,24,0.000231481481481481,166,2,2.149627,474.3045,NA,17908.93
2026-10-02 03:51:40,15,0.000115740740740741,166,2,2.170309,515.0856,NA,17928.32
2026-10-02 03:51:30,5,0,166,2,2.181569,525.8966,NA,17930.55
2026-10-02 03:51:20,0,0.00694444444444444,165,10,2.201571,537.0505,NA,17909.46
2026-10-02 03:51:10,595,0.0068287037037037,165,10,2.200346,526.9053,NA,17911.9
2026-10-02 03:51:00,585,0.00671296296296296,165,10,2.196997,511.5343,NA,17919.39
2026-10-02 03:50:50,575,0.00659722222222222,165,10,2.17731,488.5701,NA,17942.15
2026-10-02 03:50:40,565,0.00648148148148148,165,10,2.178789,488.4462,NA,18005.65
2026-10-02 03:50:30,555,0.00636574074074074,165,10,2.18245,486.4981,NA,18155.87
2026-10-02 03:50:20,545,0.00625,165,10,2.210842,484.987,NA,18172.08
2026-10-02 03:50:10,535,0.00613425925925926,165,10,2.21497,489.6282,NA,18163.66
2026-10-02 03:50:00,525,0.00601851851851852,165,10,2.208716,486.9486,NA,18157.57
2026-10-02 03:49:50,515,0.00590277777777778,165,10,2.205325,484.1122,NA,18152.13
2026-10-02 03:49:40,505,0.00578703703703704,165,10,2.201,481.8662,NA,18149.48
2026-10-02 03:49:30,495,0.0056712962962963,165,10,2.199732,481.5209,NA,18153.32
2026-10-02 03:49:20,485,0.00555555555555556,165,10,2.198537,480.8345,0.3555292,18157.34
2026-10-02 03:49:10,475,0.00543981481481481,165,10,2.197489,479.1889,NA,18162.9
2026-10-02 03:49:00,465,0.00532407407407407,165,10,2.194851,479.4096,NA,18171.97
2026-10-02 03:48:50,455,0.00520833333333333,165,10,2.19139,479.0035,NA,18176.44
2026-10-02 03:48:40,445,0.00509259259259259,165,10,2.19102,479.0654,NA,18185.82
2026-10-02 03:48:30,435,0.00497685185185185,165,10,2.190092,479.8109,NA,18187.3
2026-10-02 03:48:20,424,0.00486111111111111,165,10,2.194779,481.1781,NA,18188.62
2026-10-02 03:48:10,415,0.00474537037037037,165,10,2.187018,480.2601,NA,18185.71
2026-10-02 03:48:00,405,0.00462962962962963,165,10,2.187016,480.3806,NA,18181
2026-10-02 03:47:50,395,0.00451388888888889,165,10,2.187769,479.9684,NA,18172.58
2026-10-02 03:47:40,385,0.00439814814814815,165,10,2.186284,479.3579,NA,18167.79
2026-10-02 03:47:30,375,0.00428240740740741,165,10,2.183561,479.1724,NA,18163.08
2026-10-02 03:47:20,365,0.00416666666666667,165,10,2.184305,480.1044,NA,18164.17
2026-10-02 03:47:10,355,0.00405092592592593,165,10,2.181936,479.3162,NA,18168.31
2026-10-02 03:47:00,345,0.00393518518518518,165,10,2.178796,478.6977,NA,18169.81
2026-10-02 03:46:50,335,0.00381944444444444,165,10,2.176196,479.3438,NA,18169.37
2026-10-02 03:46:40,325,0.0037037037037037,165,10,2.17648,479.6309,NA,18173.32
2026-10-02 03:46:30,315,0.00358796296296296,165,10,2.182089,480.5693,0.3553928,18176.39
2026-10-02 03:46:20,305,0.00347222222222222,165,10,2.17391,479.5016,NA,18183.1
2026-10-02 03:46:10,295,0.00335648148148148,165,10,2.171793,478.7583,NA,18187.31
2026-10-02 03:46:00,285,0.00324074074074074,165,10,2.16929,478.148,NA,18190.95
2026-10-02 03:45:50,275,0.003125,165,10,2.169664,477.4611,NA,18195.4
2026-10-02 03:45:40,265,0.00300925925925926,165,10,2.167278,476.7137,NA,18202.32
2026-10-02 03:45:30,255,0.00289351851851852,165,10,2.162218,475.4722,NA,18206.17
2026-10-02 03:45:20,245,0.00277777777777778,165,10,2.163178,476.604,NA,18209.64
2026-10-02 03:45:10,235,0.00266203703703704,165,10,2.160606,478.0055,NA,18210.43
2026-10-02 03:45:00,225,0.0025462962962963,165,10,2.165145,479.3932,NA,18213.44
2026-10-02 03:44:50,215,0.00243055555555556,165,10,2.153948,476.3008,NA,18212.83
2026-10-02 03:44:40,205,0.00231481481481481,165,10,2.15823,476.6006,NA,18209.18
2026-10-02 03:44:30,195,0.00219907407407407,165,10,2.152252,474.3253,NA,18205.99
2026-10-02 03:44:20,185,0.00208333333333333,165,10,2.151058,473.5193,NA,18206.09
2026-10-02 03:44:10,175,0.00196759259259259,165,10,2.151063,474.2574,NA,18201.32
2026-10-02 03:44:00,165,0.00185185185185185,165,10,2.156132,473.5096,NA,18200.65
2026-10-02 03:43:50,155,0.00173611111111111,165,10,2.165594,473.496,NA,18195.27
2026-10-02 03:43:40,145,0.00162037037037037,165,10,2.162628,471.3122,NA,18190.04
2026-10-02 03:43:30,135,0.00150462962962963,165,10,2.148346,469.0868,NA,18182.34
2026-10-02 03:43:20,125,0.00138888888888889,165,10,2.145803,469.0898,NA,18184.92
2026-10-02 03:43:10,115,0.00127314814814815,165,10,2.150506,469.5702,NA,18188.41
2026-10-02 03:43:00,105,0.00115740740740741,165,10,2.161303,471.7503,NA,18189.08
2026-10-02 03:42:50,95,0.00104166666666667,165,10,2.152822,471.0237,NA,18190.99
2026-10-02 03:42:40,85,0.000925925925925926,165,10,2.146099,471.7252,NA,18191.62
2026-10-02 03:42:30,75,0.000810185185185185,165,10,2.148882,471.7684,NA,18192.49
2026-10-02 03:42:20,65,0.000694444444444444,165,10,2.160642,474.6779,NA,18190.89
2026-10-02 03:42:10,55,0.000578703703703704,165,10,2.147373,473.8371,NA,18185.35
2026-10-02 03:42:00,45,0.000462962962962963,165,10,2.148676,474.9881,NA,18178.49
2026-10-02 03:41:50,35,0.000347222222222222,165,10,2.150265,477.5775,NA,18172.16
2026-10-02 03:41:40,25,0.000231481481481481,165,10,2.17248,492.1322,NA,18162.1
2026-10-02 03:41:30,15,0.000115740740740741,165,10,2.267901,594.0491,NA,18157.75
2026-10-02 03:41:20,4,0,165,10,2.266908,583.8049,NA,18150.93
2026-10-02 03:41:10,0,0.00694444444444444,164,7,2.245517,573.0347,NA,18127.93
2026-10-02 03:41:00,595,0.0068287037037037,164,7,2.200749,511.6488,NA,18120.48
2026-10-02 03:40:50,585,0.00671296296296296,164,7,2.192075,508.9709,NA,18110.73
2026-10-02 03:40:40,575,0.00659722222222222,164,7,2.202858,510.0291,NA,18100.98
2026-10-02 03:40:30,565,0.00648148148148148,164,7,2.204716,510.6671,NA,18110.51
2026-10-02 03:40:20,555,0.00636574074074074,164,7,2.184456,502.1406,NA,18161.51
2026-10-02 03:40:10,545,0.00625,164,7,2.148981,480.8,NA,18185.08
2026-10-02 03:40:00,535,0.00613425925925926,164,7,2.152453,484.0853,NA,18186.95
2026-10-02 03:39:50,525,0.00601851851851852,164,7,2.152358,483.5048,NA,18190
2026-10-02 03:39:40,515,0.00590277777777778,164,7,2.153144,484.3676,NA,18189.63
2026-10-02 03:39:30,505,0.00578703703703704,164,7,2.156953,485.9223,NA,18192.63
2026-10-02 03:39:20,495,0.0056712962962963,164,7,2.158091,484.3769,NA,18190.18
2026-10-02 03:39:10,485,0.00555555555555556,164,7,2.156442,481.4711,NA,18186.86
2026-10-02 03:39:00,475,0.00543981481481481,164,7,2.153903,480.0871,NA,18186.01
2026-10-02 03:38:50,465,0.00532407407407407,164,7,2.152674,480.0137,NA,18185.8
2026-10-02 03:38:40,455,0.00520833333333333,164,7,2.152694,479.4911,NA,18187.82
2026-10-02 03:38:30,445,0.00509259259259259,164,7,2.15136,479.9983,NA,18191.31
2026-10-02 03:38:20,435,0.00497685185185185,164,7,2.151577,480.7622,NA,18197.39
2026-10-02 03:38:10,425,0.00486111111111111,164,7,2.152209,479.7264,NA,18201.59
2026-10-02 03:38:00,415,0.00474537037037037,164,7,2.152742,478.8022,NA,18206.04
2026-10-02 03:37:50,404,0.00462962962962963,164,7,2.153046,477.8175,NA,18213.5
2026-10-02 03:37:40,394,0.00451388888888889,164,7,2.153627,477.6586,NA,18219.77
2026-10-02 03:37:30,385,0.00439814814814815,164,7,2.15058,477.3466,NA,18221.58
2026-10-02 03:37:20,375,0.00428240740740741,164,7,2.148496,477.9745,NA,18223.15
2026-10-02 03:37:10,365,0.00416666666666667,164,7,2.148486,478.1531,NA,18227.59
2026-10-02 03:37:00,355,0.00405092592592593,164,7,2.148651,477.6102,NA,18229.45
2026-10-02 03:36:50,345,0.00393518518518518,164,7,2.146404,476.8167,NA,18233.48
2026-10-02 03:36:40,335,0.00381944444444444,164,7,2.146253,475.5128,NA,18239
2026-10-02 03:36:30,325,0.0037037037037037,164,7,2.146344,472.517,NA,18244.63
2026-10-02 03:36:20,315,0.00358796296296296,164,7,2.145049,472.3949,NA,18248.69
2026-10-02 03:36:10,305,0.00347222222222222,164,7,2.145647,471.6519,NA,18249.5
2026-10-02 03:36:00,295,0.00335648148148148,164,7,2.145654,471.27,NA,18252.81
2026-10-02 03:35:50,285,0.00324074074074074,164,7,2.144875,471.7035,NA,18253.25
2026-10-02 03:35:40,275,0.003125,164,7,2.145137,471.1612,NA,18252.59
2026-10-02 03:35:30,265,0.00300925925925926,164,7,2.146472,471.6523,NA,18248.16
2026-10-02 03:35:20,255,0.00289351851851852,164,7,2.148151,472.2856,NA,18243.27
2026-10-02 03:35:10,245,0.00277777777777778,164,7,2.145849,471.7052,NA,18236.21
2026-10-02 03:35:00,235,0.00266203703703704,164,7,2.145676,471.9903,NA,18230.64
2026-10-02 03:34:50,225,0.0025462962962963,164,7,2.148219,471.6231,NA,18223.42
2026-10-02 03:34:40,215,0.00243055555555556,164,7,2.145178,473.059,NA,18213.29
2026-10-02 03:34:30,205,0.00231481481481481,164,7,2.146309,476.09,NA,18205.34
2026-10-02 03:34:20,195,0.00219907407407407,164,7,2.147888,478.6844,NA,18197.97
2026-10-02 03:34:10,184,0.00208333333333333,164,7,2.148658,478.1229,NA,18188.27
2026-10-02 03:34:00,175,0.00196759259259259,164,7,2.151017,478.9484,NA,18171.42
2026-10-02 03:33:50,165,0.00185185185185185,164,7,2.153735,478.3254,NA,18157.99
2026-10-02 03:33:40,155,0.00173611111111111,164,7,2.156578,477.5742,NA,18139.17
2026-10-02 03:33:30,145,0.00162037037037037,164,7,2.158289,477.9517,NA,18125.14
2026-10-02 03:33:20,135,0.00150462962962963,164,7,2.157704,475.7367,NA,18116.54
2026-10-02 03:33:10,125,0.00138888888888889,164,7,2.159181,474.786,NA,18113.4
2026-10-02 03:33:00,115,0.00127314814814815,164,7,2.164249,473.7304,NA,18107.79
2026-10-02 03:32:50,105,0.00115740740740741,164,7,2.164483,471.4331,NA,18105.73
2026-10-02 03:32:40,95,0.00104166666666667,164,7,2.157002,469.4756,NA,18109.02
2026-10-02 03:32:30,85,0.000925925925925926,164,7,2.148858,471.1582,NA,18108.4
2026-10-02 03:32:20,75,0.000810185185185185,164,7,2.149776,472.9886,NA,18106.33
2026-10-02 03:32:10,65,0.000694444444444444,164,7,2.148061,474.699,NA,18104.06
2026-10-02 03:32:00,55,0.000578703703703704,164,7,2.151944,479.9781,NA,18095.39
2026-10-02 03:31:50,45,0.000462962962962963,164,7,2.153779,483.678,NA,18081.15
2026-10-02 03:31:40,35,0.000347222222222222,164,7,2.15692,483.9098,NA,18070.77
2026-10-02 03:31:30,25,0.000231481481481481,164,7,2.177867,491.6963,NA,18062.17
2026-10-02 03:31:20,15,0.000115740740740741,164,7,2.32195,596.6705,NA,18055.13
2026-10-02 03:31:10,5,0,164,7,2.249784,586.4177,NA,18048.65
2026-10-02 03:31:00,0,0.00694444444444444,163,1,2.27065,570.3656,NA,18030.56
2026-10-02 03:30:50,595,0.0068287037037037,163,1,2.234537,555.0141,NA,18031.63
2026-10-02 03:30:40,584,0.00671296296296296,163,1,2.205893,507.8395,NA,18041.65
2026-10-02 03:30:30,574,0.00659722222222222,163,1,2.18339,504.1803,NA,18055.44
2026-10-02 03:30:20,564,0.00648148148148148,163,1,2.187936,504.7231,NA,18088.96
2026-10-02 03:30:10,554,0.00636574074074074,163,1,2.177876,499.207,NA,18216.48
2026-10-02 03:30:00,544,0.00625,163,1,2.161629,470.7865,NA,18242.46
2026-10-02 03:29:50,534,0.00613425925925926,163,1,2.163288,470.5432,NA,18242.47
2026-10-02 03:29:40,524,0.00601851851851852,163,1,2.154658,469.6179,NA,18237.64
2026-10-02 03:29:30,514,0.00590277777777778,163,1,2.156401,470.5629,NA,18235.05
2026-10-02 03:29:20,504,0.00578703703703704,163,1,2.154798,469.5206,NA,18233.31
2026-10-02 03:29:10,494,0.0056712962962963,163,1,2.156542,470.553,NA,18231.93
2026-10-02 03:29:00,484,0.00555555555555556,163,1,2.155437,471.0434,0.3546297,18232.12
2026-10-02 03:28:50,474,0.00543981481481481,163,1,2.151688,469.9195,NA,18230.16
2026-10-02 03:28:40,464,0.00532407407407407,163,1,2.151253,469.7797,NA,18228.53
2026-10-02 03:28:30,454,0.00520833333333333,163,1,2.151054,469.9842,NA,18222.56
2026-10-02 03:28:20,444,0.00509259259259259,163,1,2.152541,470.2809,NA,18215.43
2026-10-02 03:28:10,434,0.00497685185185185,163,1,2.153229,472.8762,NA,18208.56
2026-10-02 03:28:00,424,0.00486111111111111,163,1,2.154531,473.0694,NA,18203.3
2026-10-02 03:27:50,414,0.00474537037037037,163,1,2.15855,477.5094,NA,18196.8
2026-10-02 03:27:40,404,0.00462962962962963,163,1,2.160076,477.0806,NA,18195.62
2026-10-02 03:27:30,394,0.00451388888888889,163,1,2.16234,475.9927,NA,18190.77
2026-10-02 03:27:20,384,0.00439814814814815,163,1,2.166961,474.0854,NA,18191.39
2026-10-02 03:27:10,374,0.00428240740740741,163,1,2.177187,473.6669,NA,18191.55
2026-10-02 03:27:00,364,0.00416666666666667,163,1,2.191631,471.2449,NA,18192.9
2026-10-02 03:26:50,354,0.00405092592592593,163,1,2.205197,470.7171,NA,18198.62
2026-10-02 03:26:40,344,0.00393518518518518,163,1,2.16841,469.7103,NA,18203.57
2026-10-02 03:26:30,334,0.00381944444444444,163,1,2.149389,469.151,NA,18205.36
2026-10-02 03:26:20,324,0.0037037037037037,163,1,2.14967,469.9646,NA,18209.64
2026-10-02 03:26:10,314,0.00358796296296296,163,1,2.14899,470.6084,NA,18208.37
2026-10-02 03:26:00,304,0.00347222222222222,163,1,2.146881,472.0153,0.3552754,18208.55
2026-10-02 03:25:50,295,0.00335648148148148,163,1,2.147402,471.6683,NA,18207.63
2026-10-02 03:25:40,284,0.00324074074074074,163,1,2.145452,471.9732,NA,18206.18
2026-10-02 03:25:30,274,0.003125,163,1,2.145185,471.9909,NA,18201.73
2026-10-02 03:25:20,264,0.00300925925925926,163,1,2.14591,468.5491,NA,18197.14
2026-10-02 03:25:10,254,0.00289351851851852,163,1,2.144892,466.5716,NA,18189.04
2026-10-02 03:25:00,244,0.00277777777777778,163,1,2.144112,466.7805,0.3555579,18184.1
2026-10-02 03:24:50,234,0.00266203703703704,163,1,2.14438,466.719,NA,18182.9
2026-10-02 03:24:40,224,0.0025462962962963,163,1,2.14483,466.5985,NA,18176.09
2026-10-02 03:24:30,214,0.00243055555555556,163,1,2.143861,466.8462,NA,18177.03
2026-10-02 03:24:20,204,0.00231481481481481,163,1,2.144323,466.2016,NA,18171.14
2026-10-02 03:24:10,194,0.00219907407407407,163,1,2.146193,466.1535,NA,18161.31
2026-10-02 03:24:00,184,0.00208333333333333,163,1,2.143973,466.521,NA,18155.63
2026-10-02 03:23:50,174,0.00196759259259259,163,1,2.144606,466.4043,NA,18148.57
2026-10-02 03:23:40,164,0.00185185185185185,163,1,2.145797,467.3447,NA,18142.86
2026-10-02 03:23:30,154,0.00173611111111111,163,1,2.145829,466.8788,NA,18131.62
2026-10-02 03:23:20,144,0.00162037037037037,163,1,2.146359,465.7422,NA,18122.99
2026-10-02 03:23:10,134,0.00150462962962963,163,1,2.145224,462.9416,NA,18115.8
2026-10-02 03:23:00,124,0.00138888888888889,163,1,2.141943,461.9055,NA,18109.93
2026-10-02 03:22:50,114,0.00127314814814815,163,1,2.143477,462.86,NA,18103.44
2026-10-02 03:22:40,104,0.00115740740740741,163,1,2.143424,465.5081,NA,18092.43
2026-10-02 03:22:30,94,0.00104166666666667,163,1,2.143851,469.6735,NA,18082.57
2026-10-02 03:22:20,84,0.000925925925925926,163,1,2.150217,473.6277,NA,18070.86
2026-10-02 03:22:10,74,0.000810185185185185,163,1,2.145921,472.6586,NA,18056.98
2026-10-02 03:22:00,64,0.000694444444444444,163,1,2.146543,473.3728,NA,18042.88
2026-10-02 03:21:50,54,0.000578703703703704,163,1,2.147748,478.0645,NA,18024.63
2026-10-02 03:21:40,44,0.000462962962962963,163,1,2.152993,485.7253,NA,18007.47
2026-10-02 03:21:30,34,0.000347222222222222,163,1,2.158963,487.0665,NA,17990.38
2026-10-02 03:21:20,24,0.000231481481481481,163,1,2.242028,532.1519,NA,17965.29
2026-10-02 03:21:10,14,0.000115740740740741,163,1,2.223791,582.4221,NA,17944.53
2026-10-02 03:21:00,4,0,163,1,2.198528,551.8607,NA,17930.51
2026-10-02 03:20:50,0,0.00694444444444444,162,6,2.213675,558.3783,NA,17910.16
2026-10-02 03:20:40,594,0.0068287037037037,162,6,2.191967,543.5065,NA,17912.49
2026-10-02 03:20:30,584,0.00671296296296296,162,6,2.191288,552.61,NA,17912.96
2026-10-02 03:20:20,574,0.00659722222222222,162,6,2.187579,549.2938,NA,17926.4
2026-10-02 03:20:10,564,0.00648148148148148,162,6,2.175427,514.2733,NA,17972.4
2026-10-02 03:20:00,554,0.00636574074074074,162,6,2.171831,512.1373,NA,18093.68
2026-10-02 03:19:50,544,0.00625,162,6,2.153631,488.3564,NA,18117.88
2026-10-02 03:19:40,534,0.00613425925925926,162,6,2.154124,488.0819,NA,18117.72
2026-10-02 03:19:30,524,0.00601851851851852,162,6,2.151224,487.4235,NA,18120.91
2026-10-02 03:19:20,514,0.00590277777777778,162,6,2.151134,487.034,NA,18127.53
2026-10-02 03:19:10,504,0.00578703703703704,162,6,2.150929,487.6767,NA,18134.82
2026-10-02 03:19:00,494,0.0056712962962963,162,6,2.150372,487.0245,NA,18140.77
2026-10-02 03:18:50,484,0.00555555555555556,162,6,2.151935,488.1726,NA,18142.55
2026-10-02 03:18:40,474,0.00543981481481481,162,6,2.155411,489.7456,NA,18142.67
2026-10-02 03:18:30,464,0.00532407407407407,162,6,2.153919,486.9192,NA,18143.13
2026-10-02 03:18:20,454,0.00520833333333333,162,6,2.15171,485.1826,NA,18147.22
2026-10-02 03:18:10,444,0.00509259259259259,162,6,2.15124,483.3425,NA,18148.61
2026-10-02 03:18:00,434,0.00497685185185185,162,6,2.149961,483.0295,NA,18153.47
2026-10-02 03:17:50,424,0.00486111111111111,162,6,2.151432,484.9792,NA,18157.16
2026-10-02 03:17:40,414,0.00474537037037037,162,6,2.150607,484.6613,NA,18163.76
2026-10-02 03:17:30,404,0.00462962962962963,162,6,2.148436,485.5146,NA,18164.79
2026-10-02 03:17:20,394,0.00451388888888889,162,6,2.149065,486.042,NA,18167.69
2026-10-02 03:17:10,384,0.00439814814814815,162,6,2.149464,485.7253,NA,18168.61
2026-10-02 03:17:00,374,0.00428240740740741,162,6,2.150274,484.5085,0.3559785,18165.31
2026-10-02 03:16:50,364,0.00416666666666667,162,6,2.148894,482.1866,NA,18158.61
2026-10-02 03:16:40,354,0.00405092592592593,162,6,2.147546,477.764,NA,18150.23
2026-10-02 03:16:30,344,0.00393518518518518,162,6,2.146055,475.9464,NA,18149.27
2026-10-02 03:16:20,334,0.00381944444444444,162,6,2.145164,476.1526,NA,18148.17
2026-10-02 03:16:10,324,0.0037037037037037,162,6,2.144967,475.8934,NA,18148.73
2026-10-02 03:16:00,314,0.00358796296296296,162,6,2.144866,475.3767,NA,18149.19
2026-10-02 03:15:50,305,0.00347222222222222,162,6,2.144928,474.7575,NA,18153.52
2026-10-02 03:15:40,294,0.00335648148148148,162,6,2.144834,474.7244,NA,18155
2026-10-02 03:15:30,284,0.00324074074074074,162,6,2.14217,473.1324,NA,18156.15
2026-10-02 03:15:20,274,0.003125,162,6,2.144227,474.7753,NA,18151.49
2026-10-02 03:15:10,264,0.00300925925925926,162,6,2.14335,475.8374,NA,18144.87
2026-10-02 03:15:00,254,0.00289351851851852,162,6,2.144301,477.4243,NA,18140.19
2026-10-02 03:14:50,244,0.00277777777777778,162,6,2.144342,475.8424,0.355529,18135.05
2026-10-02 03:14:40,234,0.00266203703703704,162,6,2.144065,477.4277,0.3556183,18128.8
2026-10-02 03:14:30,224,0.0025462962962963,162,6,2.142934,477.1067,NA,18121.72
2026-10-02 03:14:20,214,0.00243055555555556,162,6,2.14207,478.7178,NA,18116.57
2026-10-02 03:14:10,204,0.00231481481481481,162,6,2.14167,479.0226,NA,18109.06
2026-10-02 03:14:00,194,0.00219907407407407,162,6,2.140092,478.6609,NA,18100.78
2026-10-02 03:13:50,184,0.00208333333333333,162,6,2.138601,470.9649,NA,18101.21
2026-10-02 03:13:40,174,0.00196759259259259,162,6,2.13857,471.3353,NA,18098.44
2026-10-02 03:13:30,164,0.00185185185185185,162,6,2.139858,473.2224,NA,18091.2
2026-10-02 03:13:20,154,0.00173611111111111,162,6,2.140736,474.7235,NA,18088.78
2026-10-02 03:13:10,144,0.00162037037037037,162,6,2.140767,471.2372,NA,18085.34
2026-10-02 03:13:00,134,0.00150462962962963,162,6,2.139378,467.5188,NA,18077.71
2026-10-02 03:12:50,124,0.00138888888888889,162,6,2.138753,465.5021,NA,18071.46
2026-10-02 03:12:40,114,0.00127314814814815,162,6,2.136714,462.0006,NA,18059.03
2026-10-02 03:12:30,104,0.00115740740740741,162,6,2.13559,460.3346,NA,18050.11
2026-10-02 03:12:20,94,0.00104166666666667,162,6,2.135902,461.8892,NA,18040.3
2026-10-02 03:12:10,84,0.000925925925925926,162,6,2.135967,462.6839,NA,18023.33
2026-10-02 03:12:00,74,0.000810185185185185,162,6,2.140095,468.666,NA,18006.18
2026-10-02 03:11:50,64,0.000694444444444444,162,6,2.178378,492.3428,NA,17982.22
2026-10-02 03:11:40,54,0.000578703703703704,162,6,2.276651,590.8004,NA,17955.48
2026-10-02 03:11:30,44,0.000462962962962963,162,6,2.30122,628.7492,NA,17917.97
2026-10-02 03:11:20,34,0.000347222222222222,162,6,2.172604,523.9539,NA,17882.06
2026-10-02 03:11:10,24,0.000231481481481481,162,6,2.170034,524.4321,NA,17822.14
2026-10-02 03:11:00,14,0.000115740740740741,162,6,2.177241,530.5665,NA,17770.96
2026-10-02 03:10:50,4,0,162,6,2.149118,484.7373,NA,17839.89
2026-10-02 03:10:40,0,0.00694444444444444,161,3,2.151788,486.6198,NA,17834.3
2026-10-02 03:10:30,594,0.0068287037037037,161,3,2.145576,481.2416,NA,17845.96
2026-10-02 03:10:20,584,0.00671296296296296,161,3,2.145284,481.2719,NA,17865.24
2026-10-02 03:10:10,574,0.00659722222222222,161,3,2.147051,482.6996,NA,17897.96
2026-10-02 03:10:00,564,0.00648148148148148,161,3,2.162788,491.0986,NA,17999.26
2026-10-02 03:09:50,554,0.00636574074074074,161,3,2.203917,518.764,NA,18180.05
2026-10-02 03:09:40,544,0.00625,161,3,2.152699,490.4897,NA,18204.38
2026-10-02 03:09:30,534,0.00613425925925926,161,3,2.153623,489.5876,NA,18207.41
2026-10-02 03:09:20,524,0.00601851851851852,161,3,2.152682,486.0051,NA,18215.21
2026-10-02 03:09:10,514,0.00590277777777778,161,3,2.153926,488.6958,NA,18224.98
2026-10-02 03:09:00,504,0.00578703703703704,161,3,2.154235,485.3943,NA,18233.99
2026-10-02 03:08:50,494,0.0056712962962963,161,3,2.154718,483.0934,NA,18240.39
2026-10-02 03:08:40,484,0.00555555555555556,161,3,2.153541,481.569,NA,18248.4
2026-10-02 03:08:30,474,0.00543981481481481,161,3,2.151953,477.9429,NA,18256.76
2026-10-02 03:08:20,464,0.00532407407407407,161,3,2.143565,470.9679,NA,18262.89
2026-10-02 03:08:10,454,0.00520833333333333,161,3,2.1429,469.8114,NA,18267.25
2026-10-02 03:08:00,444,0.00509259259259259,161,3,2.14304,470.7674,NA,18271.08
2026-10-02 03:07:50,434,0.00497685185185185,161,3,2.14292,470.6393,NA,18270.82
2026-10-02 03:07:40,424,0.00486111111111111,161,3,2.142926,470.5764,NA,18270.47
2026-10-02 03:07:30,414,0.00474537037037037,161,3,2.141943,469.4703,NA,18269.34
2026-10-02 03:07:20,404,0.00462962962962963,161,3,2.141597,468.7129,0.3551279,18264.18
2026-10-02 03:07:10,394,0.00451388888888889,161,3,2.140872,468.3388,NA,18260.73
2026-10-02 03:07:00,384,0.00439814814814815,161,3,2.140698,468.598,NA,18258.74
2026-10-02 03:06:50,374,0.00428240740740741,161,3,2.143471,471.9812,NA,18258.87
2026-10-02 03:06:40,364,0.00416666666666667,161,3,2.146111,472.4455,NA,18262.44
2026-10-02 03:06:30,354,0.00405092592592593,161,3,2.144222,472.6553,NA,18264.89
2026-10-02 03:06:20,344,0.00393518518518518,161,3,2.143742,471.9865,NA,18268.59
2026-10-02 03:06:10,334,0.00381944444444444,161,3,2.144181,472.2493,NA,18263.94
2026-10-02 03:06:00,324,0.0037037037037037,161,3,2.143583,470.5468,NA,18259.19
2026-10-02 03:05:50,315,0.00358796296296296,161,3,2.145179,471.087,NA,18257.36
2026-10-02 03:05:40,304,0.00347222222222222,161,3,2.145083,469.6329,NA,18257.31
2026-10-02 03:05:30,294,0.00335648148148148,161,3,2.147244,470.3225,NA,18260.91
2026-10-02 03:05:20,284,0.00324074074074074,161,3,2.141768,470.3278,0.3556984,18267.7
2026-10-02 03:05:10,274,0.003125,161,3,2.141082,469.7136,NA,18271.42
2026-10-02 03:05:00,264,0.00300925925925926,161,3,2.141884,469.8334,NA,18270.45
2026-10-02 03:04:50,254,0.00289351851851852,161,3,2.143154,470.049,NA,18269.27
2026-10-02 03:04:40,244,0.00277777777777778,161,3,2.146535,470.1937,NA,18272.34
2026-10-02 03:04:30,234,0.00266203703703704,161,3,2.143587,469.1318,NA,18274.7
2026-10-02 03:04:20,224,0.0025462962962963,161,3,2.143175,468.5756,NA,18277.47
2026-10-02 03:04:10,214,0.00243055555555556,161,3,2.143553,467.5742,NA,18284.34
2026-10-02 03:04:00,204,0.00231481481481481,161,3,2.149046,467.4125,NA,18292.72
2026-10-02 03:03:50,194,0.00219907407407407,161,3,2.144511,467.412,NA,18301.33
2026-10-02 03:03:40,184,0.00208333333333333,161,3,2.148306,467.2655,NA,18304.05
2026-10-02 03:03:30,174,0.00196759259259259,161,3,2.142861,467.8302,NA,18307.93
2026-10-02 03:03:20,164,0.00185185185185185,161,3,2.140104,468.4231,NA,18311.54
2026-10-02 03:03:10,154,0.00173611111111111,161,3,2.139161,467.8242,NA,18313.51
2026-10-02 03:03:00,144,0.00162037037037037,161,3,2.138676,469.1943,NA,18318.93
2026-10-02 03:02:50,134,0.00150462962962963,161,3,2.139815,469.8724,NA,18325.36
2026-10-02 03:02:40,124,0.00138888888888889,161,3,2.141734,470.5834,NA,18330.86
2026-10-02 03:02:30,114,0.00127314814814815,161,3,2.142836,471.0261,NA,18329.43
2026-10-02 03:02:20,104,0.00115740740740741,161,3,2.14747,471.9994,NA,18324.8
2026-10-02 03:02:10,94,0.00104166666666667,161,3,2.151542,475.7029,NA,18315.13
2026-10-02 03:02:00,84,0.000925925925925926,161,3,2.155117,475.7016,NA,18312.24
2026-10-02 03:01:50,74,0.000810185185185185,161,3,2.162886,473.6977,NA,18310.54
2026-10-02 03:01:40,64,0.000694444444444444,161,3,2.1732,469.3197,NA,18311.65
2026-10-02 03:01:30,54,0.000578703703703704,161,3,2.174696,462.2928,NA,18308.96
2026-10-02 03:01:20,44,0.000462962962962963,161,3,2.218989,462.1352,NA,18305.13
2026-10-02 03:01:10,34,0.000347222222222222,161,3,2.229893,463.7218,NA,18297.59
2026-10-02 03:01:00,24,0.000231481481481481,161,3,2.270297,465.0377,NA,18291.7
2026-10-02 03:00:50,15,0.000115740740740741,161,3,2.27668,465.9771,NA,18278.75
2026-10-02 03:00:40,4,0,161,3,2.293081,474.1932,NA,18268.51
2026-10-02 03:00:30,0,0.00694444444444444,160,12,2.410379,580.7023,NA,18258.07
2026-10-02 03:00:20,594,0.0068287037037037,160,12,2.503572,648.5248,NA,18245.76
2026-10-02 03:00:10,584,0.00671296296296296,160,12,2.491374,643.5028,NA,18235.56
2026-10-02 03:00:00,574,0.00659722222222222,160,12,2.446293,535.0409,NA,18239.82
2026-10-02 02:59:50,564,0.00648148148148148,160,12,2.607228,535.3099,NA,18253.24
2026-10-02 02:59:40,554,0.00636574074074074,160,12,2.643704,527.9634,NA,18384.22
2026-10-02 02:59:30,544,0.00625,160,12,3.521535,477.5037,NA,18447.97
2026-10-02 02:59:20,534,0.00613425925925926,160,12,3.92193,483.1521,NA,18433.5
2026-10-02 02:59:10,524,0.00601851851851852,160,12,4.093184,483.5272,NA,18421.15
2026-10-02 02:59:00,514,0.00590277777777778,160,12,4.092063,484.0361,NA,18409.46
2026-10-02 02:58:50,504,0.00578703703703704,160,12,4.092164,483.6581,NA,18402.77
2026-10-02 02:58:40,494,0.0056712962962963,160,12,4.091074,482.9661,NA,18397.71
2026-10-02 02:58:30,484,0.00555555555555556,160,12,4.091291,483.0163,NA,18397.12
2026-10-02 02:58:20,474,0.00543981481481481,160,12,4.090385,482.1566,NA,18399.92
2026-10-02 02:58:10,464,0.00532407407407407,160,12,4.089499,481.8011,NA,18398.18
2026-10-02 02:58:00,454,0.00520833333333333,160,12,4.0883,482.2468,NA,18398.97
2026-10-02 02:57:50,444,0.00509259259259259,160,12,4.086703,481.0655,NA,18398.8
2026-10-02 02:57:40,434,0.00497685185185185,160,12,4.085311,481.3129,NA,18397.54
2026-10-02 02:57:30,424,0.00486111111111111,160,12,4.084125,480.5003,NA,18404.39
2026-10-02 02:57:20,414,0.00474537037037037,160,12,4.082375,480.1935,NA,18411.43
2026-10-02 02:57:10,404,0.00462962962962963,160,12,4.081617,478.9213,NA,18416.53
2026-10-02 02:57:00,394,0.00451388888888889,160,12,4.080165,477.713,NA,18419.98
2026-10-02 02:56:50,384,0.00439814814814815,160,12,4.080313,478.0469,NA,18417.59
2026-10-02 02:56:40,374,0.00428240740740741,160,12,4.078997,477.7099,NA,18415.65
2026-10-02 02:56:30,364,0.00416666666666667,160,12,4.02283,477.0567,NA,18412.25
2026-10-02 02:56:20,354,0.00405092592592593,160,12,3.935512,476.2314,NA,18408.3
2026-10-02 02:56:10,344,0.00393518518518518,160,12,3.978527,476.4383,NA,18402.69
2026-10-02 02:56:00,334,0.00381944444444444,160,12,3.820383,475.1289,NA,18394.48
2026-10-02 02:55:50,325,0.0037037037037037,160,12,3.315036,475.5823,NA,18392.88
2026-10-02 02:55:40,314,0.00358796296296296,160,12,3.011788,475.5779,NA,18390.03
2026-10-02 02:55:30,304,0.00347222222222222,160,12,2.915194,474.6981,NA,18396.89
2026-10-02 02:55:20,294,0.00335648148148148,160,12,2.646458,475.4918,NA,18400.82
2026-10-02 02:55:10,284,0.00324074074074074,160,12,2.240118,473.3986,NA,18402.94
2026-10-02 02:55:00,274,0.003125,160,12,2.164423,472.6183,NA,18407.72
2026-10-02 02:54:50,264,0.00300925925925926,160,12,2.162133,472.2848,NA,18405.21
2026-10-02 02:54:40,254,0.00289351851851852,160,12,2.159217,471.8236,NA,18405.88
2026-10-02 02:54:30,244,0.00277777777777778,160,12,2.157011,471.3399,NA,18403.51
2026-10-02 02:54:20,234,0.00266203703703704,160,12,2.154181,470.5416,NA,18403.21
2026-10-02 02:54:10,224,0.0025462962962963,160,12,2.152146,470.1904,NA,18401.75
2026-10-02 02:54:00,214,0.00243055555555556,160,12,2.149416,469.1561,NA,18399.03
2026-10-02 02:53:50,204,0.00231481481481481,160,12,2.147152,469.2045,NA,18396.3
2026-10-02 02:53:40,194,0.00219907407407407,160,12,2.144077,468.4633,NA,18389.32
2026-10-02 02:53:30,184,0.00208333333333333,160,12,2.140461,468.3014,NA,18385.2
2026-10-02 02:53:20,174,0.00196759259259259,160,12,2.133446,466.4165,NA,18380.81
2026-10-02 02:53:10,164,0.00185185185185185,160,12,2.132828,468.2221,NA,18369.56
2026-10-02 02:53:00,154,0.00173611111111111,160,12,2.132135,468.0135,NA,18361.18
2026-10-02 02:52:50,144,0.00162037037037037,160,12,2.132634,471.3772,NA,18355.77
2026-10-02 02:52:40,134,0.00150462962962963,160,12,2.135031,474.4756,NA,18349.09
2026-10-02 02:52:30,124,0.00138888888888889,160,12,2.135058,474.0581,NA,18345.02
2026-10-02 02:52:20,114,0.00127314814814815,160,12,2.133968,470.9441,NA,18345.03
2026-10-02 02:52:10,104,0.00115740740740741,160,12,2.132855,468.233,NA,18346.61
2026-10-02 02:52:00,94,0.00104166666666667,160,12,2.134716,466.1875,NA,18348.31
2026-10-02 02:51:50,84,0.000925925925925926,160,12,2.126798,466.5353,NA,18346.86
2026-10-02 02:51:40,74,0.000810185185185185,160,12,2.127244,468.561,NA,18345.1
2026-10-02 02:51:30,64,0.000694444444444444,160,12,2.127635,470.235,NA,18335.7
2026-10-02 02:51:20,54,0.000578703703703704,160,12,2.128896,472.8896,NA,18326
2026-10-02 02:51:10,44,0.000462962962962963,160,12,2.130663,484.3151,NA,18319.71
2026-10-02 02:51:00,34,0.000347222222222222,160,12,2.13057,493.0338,NA,18313.94
2026-10-02 02:50:50,25,0.000231481481481481,160,12,2.132417,502.8794,NA,18305.22
2026-10-02 02:50:40,14,0.000115740740740741,160,12,2.126401,503.0805,NA,18296.15
2026-10-02 02:50:30,4,0,160,12,2.131887,501.5358,NA,18271.8
2026-10-02 02:50:20,0,0.00694444444444444,159,9,2.135623,501.9552,NA,18212.35
2026-10-02 02:50:10,594,0.0068287037037037,159,9,2.135105,504.778,NA,18214.46
2026-10-02 02:50:00,584,0.00671296296296296,159,9,2.13715,501.1993,NA,18216.82
2026-10-02 02:49:50,574,0.00659722222222222,159,9,2.138684,497.7413,NA,18219.24
2026-10-02 02:49:40,564,0.00648148148148148,159,9,2.141085,491.0724,NA,18222.44
2026-10-02 02:49:30,554,0.00636574074074074,159,9,2.147774,482.6002,NA,18221.5
2026-10-02 02:49:20,544,0.00625,159,9,2.148701,477.8144,0.3551817,18219.91
2026-10-02 02:49:10,534,0.00613425925925926,159,9,2.150354,470.236,NA,18222.66
2026-10-02 02:49:00,524,0.00601851851851852,159,9,2.147898,469.3688,NA,18227.55
2026-10-02 02:48:50,514,0.00590277777777778,159,9,2.147055,467.1857,NA,18230.84
2026-10-02 02:48:40,504,0.00578703703703704,159,9,2.14659,466.306,NA,18232.94
2026-10-02 02:48:30,494,0.0056712962962963,159,9,2.147948,466.4466,NA,18236.1
2026-10-02 02:48:20,484,0.00555555555555556,159,9,2.14712,466.1867,NA,18238.24
2026-10-02 02:48:10,474,0.00543981481481481,159,9,2.149852,467.7083,NA,18239.8
2026-10-02 02:48:00,464,0.00532407407407407,159,9,2.14498,466.7548,NA,18239.44
2026-10-02 02:47:50,454,0.00520833333333333,159,9,2.145819,466.3257,NA,18237.35
2026-10-02 02:47:40,444,0.00509259259259259,159,9,2.1435,466.1754,NA,18231.5
2026-10-02 02:47:30,434,0.00497685185185185,159,9,2.149579,467.4414,NA,18226.45
2026-10-02 02:47:20,424,0.00486111111111111,159,9,2.147373,467.7891,NA,18222.14
2026-10-02 02:47:10,414,0.00474537037037037,159,9,2.147516,466.7226,NA,18217.92
2026-10-02 02:47:00,404,0.00462962962962963,159,9,2.142163,465.9825,NA,18214.72
2026-10-02 02:46:50,394,0.00451388888888889,159,9,2.141953,467.031,NA,18209.25
2026-10-02 02:46:40,384,0.00439814814814815,159,9,2.14194,464.4279,NA,18199.44
2026-10-02 02:46:30,374,0.00428240740740741,159,9,2.142367,464.0676,NA,18190.67
2026-10-02 02:46:20,364,0.00416666666666667,159,9,2.143847,463.5669,NA,18183.12
2026-10-02 02:46:10,354,0.00405092592592593,159,9,2.14166,462.9649,NA,18181.51
2026-10-02 02:46:00,344,0.00393518518518518,159,9,2.141717,462.5826,NA,18187.32
2026-10-02 02:45:50,335,0.00381944444444444,159,9,2.138141,461.5262,NA,18193
2026-10-02 02:45:40,324,0.0037037037037037,159,9,2.136474,461.472,NA,18190.67
2026-10-02 02:45:30,314,0.00358796296296296,159,9,2.136084,460.6796,NA,18190.2
2026-10-02 02:45:20,304,0.00347222222222222,159,9,2.137271,461.2887,NA,18190.24
2026-10-02 02:45:10,294,0.00335648148148148,159,9,2.137231,461.5638,NA,18189.45
2026-10-02 02:45:00,284,0.00324074074074074,159,9,2.140429,462.1012,NA,18188.22
2026-10-02 02:44:50,274,0.003125,159,9,2.142787,462.6643,NA,18182.6
2026-10-02 02:44:40,264,0.00300925925925926,159,9,2.140263,461.8654,NA,18175.98
2026-10-02 02:44:30,254,0.00289351851851852,159,9,2.142102,462.7576,NA,18167.67
2026-10-02 02:44:20,244,0.00277777777777778,159,9,2.139427,462.295,NA,18161.86
2026-10-02 02:44:10,234,0.00266203703703704,159,9,2.13976,462.2472,NA,18155.56
2026-10-02 02:44:00,224,0.0025462962962963,159,9,2.134491,461.3676,NA,18142.38
2026-10-02 02:43:50,214,0.00243055555555556,159,9,2.13139,459.8699,NA,18131.56
2026-10-02 02:43:40,204,0.00231481481481481,159,9,2.131949,460.1511,NA,18123.48
2026-10-02 02:43:30,194,0.00219907407407407,159,9,2.134051,460.3079,NA,18118.3
2026-10-02 02:43:20,184,0.00208333333333333,159,9,2.13207,457.8636,NA,18111.13
2026-10-02 02:43:10,174,0.00196759259259259,159,9,2.130649,458.8972,NA,18100.83
2026-10-02 02:43:00,164,0.00185185185185185,159,9,2.131295,459.0876,NA,18094.45
2026-10-02 02:42:50,154,0.00173611111111111,159,9,2.133711,460.5292,NA,18089.06
2026-10-02 02:42:40,144,0.00162037037037037,159,9,2.136352,461.4193,NA,18084.17
2026-10-02 02:42:30,134,0.00150462962962963,159,9,2.136511,462.3436,NA,18079.76
2026-10-02 02:42:20,124,0.00138888888888889,159,9,2.138998,463.5312,NA,18071.95
2026-10-02 02:42:10,114,0.00127314814814815,159,9,2.1374,462.8722,NA,18063.47
2026-10-02 02:42:00,104,0.00115740740740741,159,9,2.136304,461.3408,NA,18051.26
2026-10-02 02:41:50,94,0.00104166666666667,159,9,2.13506,460.5478,NA,18042.54
2026-10-02 02:41:40,84,0.000925925925925926,159,9,2.136409,460.4985,NA,18026.15
2026-10-02 02:41:30,74,0.000810185185185185,159,9,2.136655,460.3479,NA,18010.03
2026-10-02 02:41:20,64,0.000694444444444444,159,9,2.137945,460.2878,NA,17995.15
2026-10-02 02:41:10,54,0.000578703703703704,159,9,2.134728,460.9654,NA,17979.96
2026-10-02 02:41:00,44,0.000462962962962963,159,9,2.130632,461.5883,NA,17957.05
2026-10-02 02:40:50,35,0.000347222222222222,159,9,2.131348,464.634,NA,17928.3
2026-10-02 02:40:40,24,0.000231481481481481,159,9,2.184787,496.5606,NA,17888.24
2026-10-02 02:40:30,14,0.000115740740740741,159,9,2.197075,557.2289,NA,17844.68
2026-10-02 02:40:20,4,0,159,9,2.156296,498.0168,NA,17819.12
2026-10-02 02:40:10,0,0.00694444444444444,158,5,2.156001,498.8905,NA,17789.23
2026-10-02 02:40:00,594,0.0068287037037037,158,5,2.15615,499.0142,NA,17772.23
2026-10-02 02:39:50,584,0.00671296296296296,158,5,2.158132,500.6547,NA,17754.14
2026-10-02 02:39:40,574,0.00659722222222222,158,5,2.159216,500.7998,NA,17740.03
2026-10-02 02:39:30,564,0.00648148148148148,158,5,2.15897,500.2814,NA,17775.39
2026-10-02 02:39:20,554,0.00636574074074074,158,5,2.150506,490.7498,NA,17811.35
2026-10-02 02:39:10,544,0.00625,158,5,2.135792,475.8171,NA,17827.1
2026-10-02 02:39:00,534,0.00613425925925926,158,5,2.138204,476.6334,NA,17824.07
2026-10-02 02:38:50,524,0.00601851851851852,158,5,2.137113,476.3922,NA,17820.99
2026-10-02 02:38:40,514,0.00590277777777778,158,5,2.142772,479.8234,NA,17818.93
2026-10-02 02:38:30,504,0.00578703703703704,158,5,2.136226,481.1328,NA,17816.69
2026-10-02 02:38:20,494,0.0056712962962963,158,5,2.137603,482.2533,NA,17816.78
2026-10-02 02:38:10,484,0.00555555555555556,158,5,2.138425,478.9933,NA,17817.04
2026-10-02 02:38:00,474,0.00543981481481481,158,5,2.138796,475.8674,NA,17813.23
2026-10-02 02:37:50,464,0.00532407407407407,158,5,2.138072,472.8794,NA,17809.88
2026-10-02 02:37:40,454,0.00520833333333333,158,5,2.139488,470.206,NA,17806.55
2026-10-02 02:37:30,444,0.00509259259259259,158,5,2.139154,470.5201,NA,17805.54
2026-10-02 02:37:20,434,0.00497685185185185,158,5,2.135233,469.2484,NA,17806.16
2026-10-02 02:37:10,424,0.00486111111111111,158,5,2.134324,468.5065,NA,17808.47
2026-10-02 02:37:00,414,0.00474537037037037,158,5,2.133696,467.5148,NA,17810.82
2026-10-02 02:36:50,404,0.00462962962962963,158,5,2.13638,468.1789,NA,17811.76
2026-10-02 02:36:40,394,0.00451388888888889,158,5,2.132131,467.6051,NA,17808.41
2026-10-02 02:36:30,384,0.00439814814814815,158,5,2.130258,467.0561,NA,17805.24
2026-10-02 02:36:20,374,0.00428240740740741,158,5,2.130852,466.5076,NA,17802.82
2026-10-02 02:36:10,364,0.00416666666666667,158,5,2.132368,466.5798,NA,17800.56
2026-10-02 02:36:00,354,0.00405092592592593,158,5,2.135342,466.6969,NA,17798.92
2026-10-02 02:35:50,345,0.00393518518518518,158,5,2.131994,465.7109,NA,17795.85
2026-10-02 02:35:40,334,0.00381944444444444,158,5,2.132517,465.4052,NA,17789.8
2026-10-02 02:35:30,324,0.0037037037037037,158,5,2.134802,465.2018,NA,17782.65
2026-10-02 02:35:20,315,0.00358796296296296,158,5,2.136252,464.3607,NA,17776.08
2026-10-02 02:35:10,304,0.00347222222222222,158,5,2.127728,464.3679,NA,17769.11
2026-10-02 02:35:00,294,0.00335648148148148,158,5,2.128606,464.9398,NA,17760.96
2026-10-02 02:34:50,284,0.00324074074074074,158,5,2.126008,464.2378,NA,17755.57
2026-10-02 02:34:40,274,0.003125,158,5,2.125558,463.9714,0.3543694,17751.67
2026-10-02 02:34:30,264,0.00300925925925926,158,5,2.12461,463.2499,NA,17744.02
2026-10-02 02:34:20,254,0.00289351851851852,158,5,2.124026,464.119,NA,17733.25
2026-10-02 02:34:10,244,0.00277777777777778,158,5,2.123411,463.127,NA,17723.47
2026-10-02 02:34:00,234,0.00266203703703704,158,5,2.124014,463.6953,NA,17718.76
2026-10-02 02:33:50,224,0.0025462962962963,158,5,2.123665,462.7193,NA,17716.27
2026-10-02 02:33:40,214,0.00243055555555556,158,5,2.123183,463.1662,NA,17712.72
2026-10-02 02:33:30,204,0.00231481481481481,158,5,2.123141,463.7282,NA,17709.82
2026-10-02 02:33:20,194,0.00219907407407407,158,5,2.12268,463.3273,NA,17710.01
2026-10-02 02:33:10,184,0.00208333333333333,158,5,2.122822,462.5929,NA,17708.36
2026-10-02 02:33:00,174,0.00196759259259259,158,5,2.122618,463.7774,NA,17701.15
2026-10-02 02:32:50,164,0.00185185185185185,158,5,2.124738,464.4402,NA,17691.01
2026-10-02 02:32:40,154,0.00173611111111111,158,5,2.123736,464.7357,NA,17681.74
2026-10-02 02:32:30,144,0.00162037037037037,158,5,2.123797,464.7774,NA,17669.21
2026-10-02 02:32:20,134,0.00150462962962963,158,5,2.1241,464.2535,NA,17663.48
2026-10-02 02:32:10,124,0.00138888888888889,158,5,2.12489,464.5046,NA,17656.39
2026-10-02 02:32:00,114,0.00127314814814815,158,5,2.124859,464.5139,NA,17650.45
2026-10-02 02:31:50,104,0.00115740740740741,158,5,2.12543,465.2397,NA,17644.55
2026-10-02 02:31:40,94,0.00104166666666667,158,5,2.126705,466.5538,0.3541541,17638.4
2026-10-02 02:31:30,84,0.000925925925925926,158,5,2.129027,468.9017,0.3550116,17630.63
2026-10-02 02:31:20,74,0.000810185185185185,158,5,2.131353,469.9387,NA,17623.01
2026-10-02 02:31:10,64,0.000694444444444444,158,5,2.12941,469.8664,NA,17609.84
2026-10-02 02:31:00,54,0.000578703703703704,158,5,2.132928,471.1912,NA,17601.32
2026-10-02 02:30:50,45,0.000462962962962963,158,5,2.12719,470.7836,NA,17589.01
2026-10-02 02:30:40,34,0.000347222222222222,158,5,2.128546,471.6345,NA,17573.35
2026-10-02 02:30:30,24,0.000231481481481481,158,5,2.137431,476.8027,NA,17552.79
2026-10-02 02:30:20,15,0.000115740740740741,158,5,2.228417,531.7037,NA,17515.52
2026-10-02 02:30:10,4,0,158,5,2.262202,558.4259,NA,17491.65
2026-10-02 02:30:00,0,0.00694444444444444,157,8,2.266327,544.3154,NA,17473.1
2026-10-02 02:29:50,595,0.0068287037037037,157,8,2.262879,535.5118,NA,17469.47
2026-10-02 02:29:40,585,0.00671296296296296,157,8,2.23794,515.4717,NA,17468.78
2026-10-02 02:29:30,575,0.00659722222222222,157,8,2.221777,514.7696,NA,17480.81
2026-10-02 02:29:20,565,0.00648148148148148,157,8,2.228545,516.5052,0.3550728,17562.56
2026-10-02 02:29:10,555,0.00636574074074074,157,8,2.221623,511.1132,NA,17706.6
2026-10-02 02:29:00,545,0.00625,157,8,2.216661,487.5569,0.3551494,17731.94
2026-10-02 02:28:50,535,0.00613425925925926,157,8,2.203744,483.9363,NA,17733.06
2026-10-02 02:28:40,525,0.00601851851851852,157,8,2.209279,484.8026,NA,17736.49
2026-10-02 02:28:30,515,0.00590277777777778,157,8,2.212024,483.1541,NA,17738.28
2026-10-02 02:28:20,505,0.00578703703703704,157,8,2.216454,483.0616,NA,17741.31
2026-10-02 02:28:10,495,0.0056712962962963,157,8,2.201185,479.8369,NA,17741.42
2026-10-02 02:28:00,485,0.00555555555555556,157,8,2.207821,481.0176,NA,17737.51
2026-10-02 02:27:50,475,0.00543981481481481,157,8,2.199111,480.7826,0.3557985,17733.36
2026-10-02 02:27:40,465,0.00532407407407407,157,8,2.190467,480.9643,NA,17728.1
2026-10-02 02:27:30,455,0.00520833333333333,157,8,2.188675,479.5592,NA,17727.61
2026-10-02 02:27:20,445,0.00509259259259259,157,8,2.18509,481.0779,NA,17732.17
2026-10-02 02:27:10,435,0.00497685185185185,157,8,2.183325,483.6719,NA,17734.73
2026-10-02 02:27:00,425,0.00486111111111111,157,8,2.19562,486.9879,NA,17738.41
2026-10-02 02:26:50,415,0.00474537037037037,157,8,2.182224,484.1437,NA,17738.99
2026-10-02 02:26:40,405,0.00462962962962963,157,8,2.176502,484.2692,NA,17739.59
2026-10-02 02:26:30,395,0.00451388888888889,157,8,2.17682,486.7242,NA,17740.04
2026-10-02 02:26:20,385,0.00439814814814815,157,8,2.19749,487.3761,NA,17740.56
2026-10-02 02:26:10,375,0.00428240740740741,157,8,2.196307,485.7013,NA,17744.06
2026-10-02 02:26:00,365,0.00416666666666667,157,8,2.203333,485.8199,NA,17744.16
2026-10-02 02:25:50,355,0.00405092592592593,157,8,2.191129,477.6668,NA,17744.16
2026-10-02 02:25:40,345,0.00393518518518518,157,8,2.174814,471.0828,NA,17741.61
2026-10-02 02:25:30,335,0.00381944444444444,157,8,2.183177,471.2185,NA,17737.13
2026-10-02 02:25:20,325,0.0037037037037037,157,8,2.178388,471.515,NA,17731.27
2026-10-02 02:25:10,315,0.00358796296296296,157,8,2.197834,473.7799,NA,17721.05
2026-10-02 02:25:00,305,0.00347222222222222,157,8,2.185963,474.5424,NA,17707.85
2026-10-02 02:24:50,295,0.00335648148148148,157,8,2.181106,473.8287,NA,17694.58
2026-10-02 02:24:40,285,0.00324074074074074,157,8,2.166949,472.7372,NA,17683.34
2026-10-02 02:24:30,275,0.003125,157,8,2.165232,472.5416,NA,17669.87
2026-10-02 02:24:20,265,0.00300925925925926,157,8,2.176198,474.3782,NA,17659.74
2026-10-02 02:24:10,255,0.00289351851851852,157,8,2.190799,473.9686,NA,17650.44
2026-10-02 02:24:00,245,0.00277777777777778,157,8,2.158998,470.3076,NA,17646.8
2026-10-02 02:23:50,235,0.00266203703703704,157,8,2.177324,475.2712,NA,17645.58
2026-10-02 02:23:40,225,0.0025462962962963,157,8,2.185956,476.5287,NA,17644.99
2026-10-02 02:23:30,215,0.00243055555555556,157,8,2.206664,482.3606,0.3559379,17636.03
2026-10-02 02:23:20,205,0.00231481481481481,157,8,2.167825,474.5558,NA,17630.52
2026-10-02 02:23:10,195,0.00219907407407407,157,8,2.158289,474.5272,NA,17623.24
2026-10-02 02:23:00,185,0.00208333333333333,157,8,2.140253,471.1748,NA,17618.23
2026-10-02 02:22:50,175,0.00196759259259259,157,8,2.176923,483.1521,NA,17615.11
2026-10-02 02:22:40,165,0.00185185185185185,157,8,2.298864,490.6524,NA,17608.99
2026-10-02 02:22:30,155,0.00173611111111111,157,8,2.219259,496.925,NA,17606.43
2026-10-02 02:22:20,145,0.00162037037037037,157,8,2.2278,497.7242,NA,17598.71
2026-10-02 02:22:10,135,0.00150462962962963,157,8,2.243955,497.751,NA,17587.4
2026-10-02 02:22:00,125,0.00138888888888889,157,8,2.221238,500.464,NA,17576.26
2026-10-02 02:21:50,115,0.00127314814814815,157,8,2.406934,499.1361,NA,17569.09
2026-10-02 02:21:40,105,0.00115740740740741,157,8,3.026731,496.2651,NA,17563.83
2026-10-02 02:21:30,95,0.00104166666666667,157,8,2.194518,497.6856,NA,17559
2026-10-02 02:21:20,85,0.000925925925925926,157,8,2.163762,496.5491,NA,17556.19
2026-10-02 02:21:10,75,0.000810185185185185,157,8,2.15267,491.5119,NA,17559.33
2026-10-02 02:21:00,65,0.000694444444444444,157,8,2.153762,491.115,NA,17562.17
2026-10-02 02:20:50,55,0.000578703703703704,157,8,2.154179,490.4516,0.3562072,17562.38
2026-10-02 02:20:40,45,0.000462962962962963,157,8,2.136537,481.9478,NA,17561.42
2026-10-02 02:20:30,35,0.000347222222222222,157,8,2.128145,478.5048,NA,17556.73
2026-10-02 02:20:20,25,0.000231481481481481,157,8,2.214556,514.6521,NA,17549.6
2026-10-02 02:20:10,15,0.000115740740740741,157,8,2.237756,527.8607,NA,17558.2
2026-10-02 02:20:00,5,0,157,8,2.199301,523.4254,NA,17559.8
2026-10-02 02:19:50,0,0.00694444444444444,156,4,2.200034,526.6619,0.3570983,17545.92
2026-10-02 02:19:40,595,0.0068287037037037,156,4,2.185389,527.6616,NA,17547.35
2026-10-02 02:19:30,585,0.00671296296296296,156,4,2.195584,531.0275,NA,17550.19
2026-10-02 02:19:20,575,0.00659722222222222,156,4,2.193709,531.6765,NA,17555.17
2026-10-02 02:19:10,565,0.00648148148148148,156,4,2.195904,530.6119,NA,17581.38
2026-10-02 02:19:00,555,0.00636574074074074,156,4,2.18323,523.439,NA,17740.57
2026-10-02 02:18:50,545,0.00625,156,4,2.122406,505.757,NA,17763.23
2026-10-02 02:18:40,535,0.00613425925925926,156,4,2.122974,497.8115,NA,17762.58
2026-10-02 02:18:30,525,0.00601851851851852,156,4,2.123413,494.342,NA,17763.01
2026-10-02 02:18:20,515,0.00590277777777778,156,4,2.122598,488.9388,NA,17757.68
2026-10-02 02:18:10,505,0.00578703703703704,156,4,2.122396,489.01,NA,17748.45
2026-10-02 02:18:00,495,0.0056712962962963,156,4,2.120154,487.9008,NA,17740.67
2026-10-02 02:17:50,485,0.00555555555555556,156,4,2.120442,489.1277,NA,17737.22
2026-10-02 02:17:40,475,0.00543981481481481,156,4,2.121009,489.9521,NA,17728.27
2026-10-02 02:17:30,465,0.00532407407407407,156,4,2.121766,490.6212,NA,17719.29
2026-10-02 02:17:20,455,0.00520833333333333,156,4,2.120136,488.7212,NA,17708.08
2026-10-02 02:17:10,445,0.00509259259259259,156,4,2.119782,487.5186,NA,17695.7
2026-10-02 02:17:00,435,0.00497685185185185,156,4,2.118272,486.5804,NA,17690.64
2026-10-02 02:16:50,425,0.00486111111111111,156,4,2.119193,489.2895,NA,17681.59
2026-10-02 02:16:40,415,0.00474537037037037,156,4,2.118357,488.8354,NA,17673.43
2026-10-02 02:16:30,405,0.00462962962962963,156,4,2.119893,492.64,NA,17663.33
2026-10-02 02:16:20,395,0.00451388888888889,156,4,2.119287,492.4702,NA,17652.86
2026-10-02 02:16:10,385,0.00439814814814815,156,4,2.119279,492.658,NA,17641.73
2026-10-02 02:16:00,375,0.00428240740740741,156,4,2.118919,492.089,NA,17629.69
2026-10-02 02:15:50,365,0.00416666666666667,156,4,2.116878,491.7192,NA,17622.2
2026-10-02 02:15:40,355,0.00405092592592593,156,4,2.11616,490.6204,NA,17606.01
2026-10-02 02:15:30,345,0.00393518518518518,156,4,2.11748,493.8764,0.3558211,17591.29
2026-10-02 02:15:20,335,0.00381944444444444,156,4,2.116739,493.9091,NA,17581.81
2026-10-02 02:15:10,325,0.0037037037037037,156,4,2.11724,494.7502,NA,17571.71
2026-10-02 02:15:00,315,0.00358796296296296,156,4,2.117606,496.7179,NA,17563.34
2026-10-02 02:14:50,305,0.00347222222222222,156,4,2.118043,497.3024,NA,17548.96
2026-10-02 02:14:40,295,0.00335648148148148,156,4,2.118827,495.1537,NA,17535.59
2026-10-02 02:14:30,285,0.00324074074074074,156,4,2.115796,496.6415,NA,17523.66
2026-10-02 02:14:20,275,0.003125,156,4,2.116645,500.8609,NA,17517.3
2026-10-02 02:14:10,265,0.00300925925925926,156,4,2.11574,497.3619,NA,17511.98
2026-10-02 02:14:00,255,0.00289351851851852,156,4,2.116061,501.6017,NA,17508.38
2026-10-02 02:13:50,245,0.00277777777777778,156,4,2.117226,504.8285,NA,17503.91
2026-10-02 02:13:40,235,0.00266203703703704,156,4,2.116534,506.9101,NA,17492.82
2026-10-02 02:13:30,225,0.0025462962962963,156,4,2.116679,508.4719,NA,17480.26
2026-10-02 02:13:20,215,0.00243055555555556,156,4,2.116727,512.4816,NA,17475.77
2026-10-02 02:13:10,205,0.00231481481481481,156,4,2.11629,512.6975,NA,17465.93
2026-10-02 02:13:00,195,0.00219907407407407,156,4,2.117442,506.7849,NA,17453.94
2026-10-02 02:12:50,185,0.00208333333333333,156,4,2.117845,499.779,NA,17440.29
2026-10-02 02:12:40,175,0.00196759259259259,156,4,2.118528,491.4599,NA,17437.59
2026-10-02 02:12:30,165,0.00185185185185185,156,4,2.119913,484.3173,NA,17429.74
2026-10-02 02:12:20,155,0.00173611111111111,156,4,2.120424,481.6943,NA,17427.36
2026-10-02 02:12:10,145,0.00162037037037037,156,4,2.119653,478.5763,NA,17423.15
2026-10-02 02:12:00,135,0.00150462962962963,156,4,2.123265,486.9498,NA,17415.75
2026-10-02 02:11:50,125,0.00138888888888889,156,4,2.122806,485.9713,NA,17410.34
2026-10-02 02:11:40,115,0.00127314814814815,156,4,2.126584,497.9314,NA,17401.96
2026-10-02 02:11:30,105,0.00115740740740741,156,4,2.126221,496.3548,NA,17393.64
2026-10-02 02:11:20,95,0.00104166666666667,156,4,2.129189,503.2189,NA,17382.29
2026-10-02 02:11:10,85,0.000925925925925926,156,4,2.125314,493.1075,NA,17371.23
2026-10-02 02:11:00,75,0.000810185185185185,156,4,2.121243,485.7582,NA,17354.68
2026-10-02 02:10:50,65,0.000694444444444444,156,4,2.11968,482.5624,NA,17337.87
2026-10-02 02:10:40,55,0.000578703703703704,156,4,2.120391,486.1134,NA,17321.38
2026-10-02 02:10:30,45,0.000462962962962963,156,4,2.121274,489.2551,NA,17302.59
2026-10-02 02:10:20,35,0.000347222222222222,156,4,2.121853,491.0013,NA,17286.82
2026-10-02 02:10:10,25,0.000231481481481481,156,4,2.135863,505.4277,NA,17267.29
2026-10-02 02:10:00,15,0.000115740740740741,156,4,2.166144,540.2584,NA,17244.76
2026-10-02 02:09:50,5,0,156,4,2.173699,539.7215,NA,17230.5
2026-10-02 02:09:40,0,0.00694444444444444,155,11,2.170624,556.6263,NA,17202.11
2026-10-02 02:09:30,594,0.0068287037037037,155,11,2.355514,547.9908,NA,17192.58
2026-10-02 02:09:20,585,0.00671296296296296,155,11,2.176581,566.3347,NA,17185.06
2026-10-02 02:09:10,575,0.00659722222222222,155,11,2.152906,532.7809,NA,17180.73
2026-10-02 02:09:00,565,0.00648148148148148,155,11,2.155509,532.7559,NA,17194.02
2026-10-02 02:08:50,555,0.00636574074074074,155,11,2.162069,533.9088,NA,17338.45
2026-10-02 02:08:40,545,0.00625,155,11,2.138033,520.3969,NA,17352.89
2026-10-02 02:08:30,535,0.00613425925925926,155,11,2.137116,521.522,NA,17342.55
2026-10-02 02:08:20,525,0.00601851851851852,155,11,2.139002,524.3851,NA,17333.8
2026-10-02 02:08:10,515,0.00590277777777778,155,11,2.142311,522.8386,NA,17325.22
2026-10-02 02:08:00,505,0.00578703703703704,155,11,2.138274,522.7292,NA,17322.96
2026-10-02 02:07:50,495,0.0056712962962963,155,11,2.138144,512.7698,NA,17319.8
2026-10-02 02:07:40,485,0.00555555555555556,155,11,2.138279,505.7469,NA,17318.3
2026-10-02 02:07:30,475,0.00543981481481481,155,11,2.139224,503.5669,NA,17317.39
2026-10-02 02:07:20,465,0.00532407407407407,155,11,2.137008,502.9064,NA,17313.27
2026-10-02 02:07:10,455,0.00520833333333333,155,11,2.134969,502.7578,NA,17309.29
2026-10-02 02:07:00,445,0.00509259259259259,155,11,2.135203,499.894,NA,17304.42
2026-10-02 02:06:50,435,0.00497685185185185,155,11,2.136446,498.0391,NA,17303.16
2026-10-02 02:06:40,425,0.00486111111111111,155,11,2.134948,498.6124,NA,17301.93
2026-10-02 02:06:30,415,0.00474537037037037,155,11,2.1345,499.091,NA,17303.38
2026-10-02 02:06:20,405,0.00462962962962963,155,11,2.136585,503.9662,NA,17301.73
2026-10-02 02:06:10,395,0.00451388888888889,155,11,2.138258,506.3139,NA,17300.42
2026-10-02 02:06:00,385,0.00439814814814815,155,11,2.138099,505.142,NA,17295.62
2026-10-02 02:05:50,375,0.00428240740740741,155,11,2.136393,503.218,NA,17294.88
2026-10-02 02:05:40,365,0.00416666666666667,155,11,2.137028,503.0995,NA,17289.76
2026-10-02 02:05:30,355,0.00405092592592593,155,11,2.137421,502.5371,NA,17281.91
2026-10-02 02:05:20,345,0.00393518518518518,155,11,2.140933,507.3022,NA,17275.42
2026-10-02 02:05:10,335,0.00381944444444444,155,11,2.138386,506.9528,NA,17275.08
2026-10-02 02:05:00,325,0.0037037037037037,155,11,2.13724,509.3018,NA,17276.2
2026-10-02 02:04:50,315,0.00358796296296296,155,11,2.139058,511.4865,NA,17275.16
2026-10-02 02:04:40,305,0.00347222222222222,155,11,2.135834,512.9197,NA,17271.11
2026-10-02 02:04:30,295,0.00335648148148148,155,11,2.135535,512.9867,NA,17264.74
2026-10-02 02:04:20,285,0.00324074074074074,155,11,2.136628,510.4353,NA,17261.88
2026-10-02 02:04:10,275,0.003125,155,11,2.137078,508.9001,NA,17260.53
2026-10-02 02:04:00,265,0.00300925925925926,155,11,2.134334,507.1193,NA,17256.91
2026-10-02 02:03:50,255,0.00289351851851852,155,11,2.134701,503.372,NA,17254.73
2026-10-02 02:03:40,245,0.00277777777777778,155,11,2.136597,503.0292,NA,17254.91
2026-10-02 02:03:30,235,0.00266203703703704,155,11,2.138389,500.7223,NA,17251.12
2026-10-02 02:03:20,225,0.0025462962962963,155,11,2.146376,499.1966,NA,17246.83
2026-10-02 02:03:10,215,0.00243055555555556,155,11,2.130229,503.4796,NA,17243.65
2026-10-02 02:03:00,205,0.00231481481481481,155,11,2.132442,505.1703,NA,17234.68
2026-10-02 02:02:50,195,0.00219907407407407,155,11,2.125447,508.5802,NA,17227.86
2026-10-02 02:02:40,185,0.00208333333333333,155,11,2.118999,507.6286,NA,17220.01
2026-10-02 02:02:30,175,0.00196759259259259,155,11,2.127035,508.9105,NA,17213.75
2026-10-02 02:02:20,165,0.00185185185185185,155,11,2.130542,506.3764,NA,17203.17
2026-10-02 02:02:10,155,0.00173611111111111,155,11,2.144418,509.9341,NA,17193.58
2026-10-02 02:02:00,145,0.00162037037037037,155,11,2.138025,510.1053,NA,17178.79
2026-10-02 02:01:50,135,0.00150462962962963,155,11,2.13665,509.6461,0.3566379,17166.64
2026-10-02 02:01:40,125,0.00138888888888889,155,11,2.124687,505.457,NA,17157.51
2026-10-02 02:01:30,115,0.00127314814814815,155,11,2.117121,504.9394,NA,17149.46
2026-10-02 02:01:20,105,0.00115740740740741,155,11,2.117729,493.7464,NA,17137.83
2026-10-02 02:01:10,95,0.00104166666666667,155,11,2.117038,487.7633,NA,17126.93
2026-10-02 02:01:00,85,0.000925925925925926,155,11,2.116483,483.3478,NA,17110.56
2026-10-02 02:00:50,75,0.000810185185185185,155,11,2.118802,489.6132,NA,17097.93
2026-10-02 02:00:40,65,0.000694444444444444,155,11,2.12605,507.0866,NA,17078.89
2026-10-02 02:00:30,55,0.000578703703703704,155,11,2.133872,517.7344,0.3561272,17062.42
2026-10-02 02:00:20,45,0.000462962962962963,155,11,2.128064,517.2383,NA,17042.51
2026-10-02 02:00:10,35,0.000347222222222222,155,11,2.131317,510.0808,NA,17022.38
2026-10-02 02:00:00,25,0.000231481481481481,155,11,2.293214,571.9861,NA,16992.4
2026-10-02 01:59:50,15,0.000115740740740741,155,11,2.252852,575.6318,NA,16969.39
2026-10-02 01:59:40,5,0,155,11,2.195574,530.2341,NA,16943.54
2026-10-02 01:59:30,0,0.00694444444444444,154,2,2.19108,526.9583,NA,16911.99
2026-10-02 01:59:20,595,0.0068287037037037,154,2,2.194309,530.1644,NA,16911.57
2026-10-02 01:59:10,585,0.00671296296296296,154,2,2.196747,532.8681,NA,16933.77
2026-10-02 01:59:00,575,0.00659722222222222,154,2,2.199152,536.4435,NA,16963.44
2026-10-02 01:58:50,565,0.00648148148148148,154,2,2.200297,544.2531,NA,17019.11
2026-10-02 01:58:40,555,0.00636574074074074,154,2,2.176073,541.3931,NA,17082.78
2026-10-02 01:58:30,545,0.00625,154,2,2.135741,531.18,NA,17097.26
2026-10-02 01:58:20,535,0.00613425925925926,154,2,2.136528,529.5607,NA,17089.79
2026-10-02 01:58:10,525,0.00601851851851852,154,2,2.136393,527.155,NA,17080.59
2026-10-02 01:58:00,515,0.00590277777777778,154,2,2.135544,524.2872,NA,17077.66
2026-10-02 01:57:50,505,0.00578703703703704,154,2,2.135722,523.193,NA,17071.41
2026-10-02 01:57:40,495,0.0056712962962963,154,2,2.134327,517.6285,NA,17059.58
2026-10-02 01:57:30,485,0.00555555555555556,154,2,2.131471,512.9317,NA,17049.07
2026-10-02 01:57:20,475,0.00543981481481481,154,2,2.130508,512.9268,NA,17042.9
2026-10-02 01:57:10,465,0.00532407407407407,154,2,2.130128,514.197,NA,17039.13
2026-10-02 01:57:00,455,0.00520833333333333,154,2,2.138597,527.2654,NA,17033.71
2026-10-02 01:56:50,445,0.00509259259259259,154,2,2.132796,525.7955,NA,17024.12
2026-10-02 01:56:40,435,0.00497685185185185,154,2,2.139042,529.9205,NA,17017.05
2026-10-02 01:56:30,425,0.00486111111111111,154,2,2.137591,529.5045,NA,17006.8
2026-10-02 01:56:20,415,0.00474537037037037,154,2,2.138712,528.5967,NA,16994.78
2026-10-02 01:56:10,405,0.00462962962962963,154,2,2.13625,527.9962,NA,16977.97
2026-10-02 01:56:00,395,0.00451388888888889,154,2,2.133923,525.4334,NA,16957.9
2026-10-02 01:55:50,385,0.00439814814814815,154,2,2.134498,524.8021,NA,16946.68
2026-10-02 01:55:40,375,0.00428240740740741,154,2,2.136685,529.02,NA,16937.98
2026-10-02 01:55:30,365,0.00416666666666667,154,2,2.135404,528.2544,NA,16933.1
2026-10-02 01:55:20,355,0.00405092592592593,154,2,2.13368,525.4696,NA,16925.02
2026-10-02 01:55:10,345,0.00393518518518518,154,2,2.135668,527.9258,NA,16922.82
2026-10-02 01:55:00,335,0.00381944444444444,154,2,2.138468,529.5444,NA,16918.92
2026-10-02 01:54:50,325,0.0037037037037037,154,2,2.139812,528.762,NA,16909.03
2026-10-02 01:54:40,315,0.00358796296296296,154,2,2.139032,525.454,NA,16897.95
2026-10-02 01:54:30,305,0.00347222222222222,154,2,2.144597,529.4052,NA,16891.08
2026-10-02 01:54:20,295,0.00335648148148148,154,2,2.146634,530.191,NA,16884.12
2026-10-02 01:54:10,285,0.00324074074074074,154,2,2.153088,530.7603,NA,16879.39
2026-10-02 01:54:00,275,0.003125,154,2,2.162258,532.8878,NA,16869.7
2026-10-02 01:53:50,265,0.00300925925925926,154,2,2.176283,535.7847,NA,16862.46
2026-10-02 01:53:40,255,0.00289351851851852,154,2,2.179513,536.0367,NA,16853.44
2026-10-02 01:53:30,245,0.00277777777777778,154,2,2.180741,534.5144,NA,16844.97
2026-10-02 01:53:20,235,0.00266203703703704,154,2,2.180833,533.6281,NA,16833.07
2026-10-02 01:53:10,225,0.0025462962962963,154,2,2.198965,532.1282,NA,16818.83
2026-10-02 01:53:00,215,0.00243055555555556,154,2,2.204667,531.8616,NA,16808.04
2026-10-02 01:52:50,205,0.00231481481481481,154,2,2.190398,532.4663,NA,16800.07
2026-10-02 01:52:40,195,0.00219907407407407,154,2,2.143583,532.5253,NA,16790.88
2026-10-02 01:52:30,185,0.00208333333333333,154,2,2.138673,531.7552,NA,16782.55
2026-10-02 01:52:20,175,0.00196759259259259,154,2,2.13551,531.5484,NA,16774.33
2026-10-02 01:52:10,165,0.00185185185185185,154,2,2.132893,530.8552,NA,16765.39
2026-10-02 01:52:00,155,0.00173611111111111,154,2,2.133186,530.5623,NA,16760.35
2026-10-02 01:51:50,145,0.00162037037037037,154,2,2.13475,534.0462,NA,16754.26
2026-10-02 01:51:40,135,0.00150462962962963,154,2,2.134131,530.2631,NA,16743.31
2026-10-02 01:51:30,125,0.00138888888888889,154,2,2.133586,529.8626,NA,16733.24
2026-10-02 01:51:20,115,0.00127314814814815,154,2,2.129639,525.7249,NA,16730.3
2026-10-02 01:51:10,105,0.00115740740740741,154,2,2.132943,527.1207,0.356472,16722.26
2026-10-02 01:51:00,95,0.00104166666666667,154,2,2.14096,532.0787,NA,16720.36
2026-10-02 01:50:50,85,0.000925925925925926,154,2,2.143447,533.5422,NA,16710.01
2026-10-02 01:50:40,75,0.000810185185185185,154,2,2.143549,533.2589,0.3565385,16706.01
2026-10-02 01:50:30,65,0.000694444444444444,154,2,2.140697,531.9758,NA,16699.38
2026-10-02 01:50:20,55,0.000578703703703704,154,2,2.141443,532.7703,0.3560182,16695.65
2026-10-02 01:50:10,45,0.000462962962962963,154,2,2.13958,528.1998,NA,16689.81
2026-10-02 01:50:00,35,0.000347222222222222,154,2,2.144485,531.4551,0.3557068,16692.07
2026-10-02 01:49:50,25,0.000231481481481481,154,2,2.165313,541.9096,NA,16693.18
2026-10-02 01:49:40,15,0.000115740740740741,154,2,2.2568,588.0821,NA,16709.42
2026-10-02 01:49:30,5,0,154,2,2.271475,594.0917,NA,16704.38
2026-10-02 01:49:20,0,0.00694444444444444,153,10,2.271964,605.6318,NA,16682.65
2026-10-02 01:49:10,595,0.0068287037037037,153,10,2.27938,598.7051,NA,16674.11
2026-10-02 01:49:00,585,0.00671296296296296,153,10,2.284189,588.1069,NA,16675.75
2026-10-02 01:48:50,575,0.00659722222222222,153,10,2.263248,569.2057,NA,16702.61
2026-10-02 01:48:40,565,0.00648148148148148,153,10,2.26112,570.6732,NA,16765.29
2026-10-02 01:48:30,555,0.00636574074074074,153,10,2.273666,573.5041,NA,16908.54
2026-10-02 01:48:20,545,0.00625,153,10,2.269016,571.9779,0.3560725,16924.91
2026-10-02 01:48:10,535,0.00613425925925926,153,10,2.267185,570.3945,NA,16924.11
2026-10-02 01:48:00,525,0.00601851851851852,153,10,2.265674,570.9807,NA,16921.78
2026-10-02 01:47:50,515,0.00590277777777778,153,10,2.266213,572.6281,NA,16920.21
2026-10-02 01:47:40,505,0.00578703703703704,153,10,2.266091,572.9888,NA,16919.99
2026-10-02 01:47:30,495,0.0056712962962963,153,10,2.271651,574.4669,NA,16919.93
2026-10-02 01:47:20,485,0.00555555555555556,153,10,2.263871,572.0046,NA,16920.46
2026-10-02 01:47:10,475,0.00543981481481481,153,10,2.262215,568.4446,NA,16920.54
2026-10-02 01:47:00,465,0.00532407407407407,153,10,2.25784,564.0797,NA,16919.25
2026-10-02 01:46:50,455,0.00520833333333333,153,10,2.248122,561.3217,NA,16919.9
2026-10-02 01:46:40,445,0.00509259259259259,153,10,2.246787,560.0059,NA,16915.81
2026-10-02 01:46:30,435,0.00497685185185185,153,10,2.244688,557.1962,NA,16913.29
2026-10-02 01:46:20,425,0.00486111111111111,153,10,2.235739,551.05,NA,16911.69
2026-10-02 01:46:10,415,0.00474537037037037,153,10,2.227902,547.6899,NA,16908.22
2026-10-02 01:46:00,405,0.00462962962962963,153,10,2.232941,556.5662,NA,16900.76
2026-10-02 01:45:50,395,0.00451388888888889,153,10,2.236686,560.9932,NA,16894.26
2026-10-02 01:45:40,385,0.00439814814814815,153,10,2.243168,562.572,NA,16884.35
2026-10-02 01:45:30,375,0.00428240740740741,153,10,2.233857,562.5141,NA,16877.08
2026-10-02 01:45:20,365,0.00416666666666667,153,10,2.232188,559.9888,NA,16868.12
2026-10-02 01:45:10,355,0.00405092592592593,153,10,2.22586,557.9737,NA,16861.62
2026-10-02 01:45:00,345,0.00393518518518518,153,10,2.223505,557.5707,NA,16856.38
2026-10-02 01:44:50,335,0.00381944444444444,153,10,2.21821,556.4156,NA,16853.23
2026-10-02 01:44:40,325,0.0037037037037037,153,10,2.215708,556.2238,NA,16854.42
2026-10-02 01:44:30,315,0.00358796296296296,153,10,2.21617,556.038,NA,16853.68
2026-10-02 01:44:20,305,0.00347222222222222,153,10,2.214723,556.3185,NA,16855.33
2026-10-02 01:44:10,295,0.00335648148148148,153,10,2.213551,556.6616,NA,16856.12
2026-10-02 01:44:00,285,0.00324074074074074,153,10,2.214862,557.5693,NA,16857.87
2026-10-02 01:43:50,275,0.003125,153,10,2.221,561.2125,NA,16855.83
2026-10-02 01:43:40,265,0.00300925925925926,153,10,2.221903,562.1197,NA,16854.08
2026-10-02 01:43:30,255,0.00289351851851852,153,10,2.216783,560.2111,NA,16850.56
2026-10-02 01:43:20,245,0.00277777777777778,153,10,2.221384,563.5649,NA,16848.69
2026-10-02 01:43:10,235,0.00266203703703704,153,10,2.219963,566.2797,NA,16838.83
2026-10-02 01:43:00,225,0.0025462962962963,153,10,2.238791,573.5718,NA,16831.19
2026-10-02 01:42:50,215,0.00243055555555556,153,10,2.223227,571.6743,NA,16816.27
2026-10-02 01:42:40,205,0.00231481481481481,153,10,2.227622,573.6652,NA,16804.9
2026-10-02 01:42:30,195,0.00219907407407407,153,10,2.22366,570.7983,NA,16798.74
2026-10-02 01:42:20,185,0.00208333333333333,153,10,2.223336,569.3215,NA,16795.03
2026-10-02 01:42:10,175,0.00196759259259259,153,10,2.230356,568.8854,NA,16797.67
2026-10-02 01:42:00,165,0.00185185185185185,153,10,2.232239,568.2116,NA,16798.2
2026-10-02 01:41:50,155,0.00173611111111111,153,10,2.220643,568.6009,NA,16797.36
2026-10-02 01:41:40,145,0.00162037037037037,153,10,2.234467,571.3506,NA,16799.65
2026-10-02 01:41:30,135,0.00150462962962963,153,10,2.248317,572.7664,NA,16799.29
2026-10-02 01:41:20,125,0.00138888888888889,153,10,2.234947,571.2381,NA,16795.93
2026-10-02 01:41:10,115,0.00127314814814815,153,10,2.22856,569.5693,NA,16788.97
2026-10-02 01:41:00,105,0.00115740740740741,153,10,2.223924,569.1538,NA,16784.42
2026-10-02 01:40:50,95,0.00104166666666667,153,10,2.227386,570.091,NA,16780.73
2026-10-02 01:40:40,85,0.000925925925925926,153,10,2.225653,568.101,NA,16780.37
2026-10-02 01:40:30,75,0.000810185185185185,153,10,2.219147,568.0914,NA,16782.42
2026-10-02 01:40:20,65,0.000694444444444444,153,10,2.212623,565.1338,NA,16776.95
2026-10-02 01:40:10,55,0.000578703703703704,153,10,2.206066,562.9982,NA,16774.17
2026-10-02 01:40:00,45,0.000462962962962963,153,10,2.20314,562.2657,NA,16768.78
2026-10-02 01:39:50,35,0.000347222222222222,153,10,2.202612,561.7321,NA,16761.64
2026-10-02 01:39:40,25,0.000231481481481481,153,10,2.22212,572.8364,NA,16748.71
2026-10-02 01:39:30,15,0.000115740740740741,153,10,2.386171,673.3061,NA,16729.67
2026-10-02 01:39:20,5,0,153,10,2.359587,659.3893,NA,16714.28
2026-10-02 01:39:10,0,0.00694444444444444,152,7,2.346742,653.642,NA,16688.54
2026-10-02 01:39:00,595,0.0068287037037037,152,7,2.287341,589.1857,NA,16679.5
2026-10-02 01:38:50,585,0.00671296296296296,152,7,2.269845,580.9132,NA,16666.25
2026-10-02 01:38:40,575,0.00659722222222222,152,7,2.272849,580.6479,NA,16655.47
2026-10-02 01:38:30,565,0.00648148148148148,152,7,2.272494,577.6468,NA,16661.05
2026-10-02 01:38:20,555,0.00636574074074074,152,7,2.243061,574.4207,NA,16702.88
2026-10-02 01:38:10,545,0.00625,152,7,2.215308,573.4677,NA,16713.32
2026-10-02 01:38:00,535,0.00613425925925926,152,7,2.216512,573.7763,NA,16705.21
2026-10-02 01:37:50,525,0.00601851851851852,152,7,2.217673,574.1466,NA,16695.35
2026-10-02 01:37:40,515,0.00590277777777778,152,7,2.21666,572.539,NA,16685.26
2026-10-02 01:37:30,505,0.00578703703703704,152,7,2.215682,571.0291,NA,16680.35
2026-10-02 01:37:20,495,0.0056712962962963,152,7,2.213583,568.3895,NA,16684.11
2026-10-02 01:37:10,485,0.00555555555555556,152,7,2.212299,568.4924,NA,16686.81
2026-10-02 01:37:00,475,0.00543981481481481,152,7,2.213306,568.9716,NA,16684.31
2026-10-02 01:36:50,465,0.00532407407407407,152,7,2.212854,569.7719,NA,16680.49
2026-10-02 01:36:40,455,0.00520833333333333,152,7,2.218121,573.7009,NA,16673.01
2026-10-02 01:36:30,445,0.00509259259259259,152,7,2.216579,572.2171,NA,16666.82
2026-10-02 01:36:20,435,0.00497685185185185,152,7,2.2112,570.0372,0.3567062,16667.52
2026-10-02 01:36:10,425,0.00486111111111111,152,7,2.201579,566.1993,NA,16669.3
2026-10-02 01:36:00,415,0.00474537037037037,152,7,2.198178,564.0088,NA,16675.95
2026-10-02 01:35:50,405,0.00462962962962963,152,7,2.195546,564.2769,NA,16677.48
2026-10-02 01:35:40,395,0.00451388888888889,152,7,2.190866,562.5209,NA,16673.22
2026-10-02 01:35:30,385,0.00439814814814815,152,7,2.193756,565.1957,NA,16672.5
2026-10-02 01:35:20,375,0.00428240740740741,152,7,2.202854,569.2375,NA,16668.89
2026-10-02 01:35:10,365,0.00416666666666667,152,7,2.207223,571.8043,NA,16665.45
2026-10-02 01:35:00,355,0.00405092592592593,152,7,2.205526,570.9661,NA,16658.45
2026-10-02 01:34:50,345,0.00393518518518518,152,7,2.210283,575.1325,NA,16649.54
2026-10-02 01:34:40,335,0.00381944444444444,152,7,2.211129,576.2864,NA,16638.83
2026-10-02 01:34:30,325,0.0037037037037037,152,7,2.207327,573.685,NA,16630.79
2026-10-02 01:34:20,315,0.00358796296296296,152,7,2.206007,572.8101,NA,16625.19
2026-10-02 01:34:10,305,0.00347222222222222,152,7,2.206313,574.0961,NA,16621.17
2026-10-02 01:34:00,295,0.00335648148148148,152,7,2.208685,574.6453,NA,16614.01
2026-10-02 01:33:50,285,0.00324074074074074,152,7,2.211652,576.0682,NA,16610.78
2026-10-02 01:33:40,275,0.003125,152,7,2.21297,577.6108,NA,16610.94
2026-10-02 01:33:30,265,0.00300925925925926,152,7,2.213053,576.9721,NA,16610.4
2026-10-02 01:33:20,255,0.00289351851851852,152,7,2.210342,576.173,NA,16609.33
2026-10-02 01:33:10,245,0.00277777777777778,152,7,2.204247,572.6366,NA,16605.45
2026-10-02 01:33:00,235,0.00266203703703704,152,7,2.196247,568.1481,NA,16596.63
2026-10-02 01:32:50,225,0.0025462962962963,152,7,2.18909,565.2042,NA,16589.46
2026-10-02 01:32:40,215,0.00243055555555556,152,7,2.19178,566.707,NA,16583.93
2026-10-02 01:32:30,205,0.00231481481481481,152,7,2.199967,570.3447,NA,16581.21
2026-10-02 01:32:20,195,0.00219907407407407,152,7,2.202299,571.161,NA,16580.38
2026-10-02 01:32:10,185,0.00208333333333333,152,7,2.204844,570.4724,NA,16579.47
2026-10-02 01:32:00,175,0.00196759259259259,152,7,2.198963,567.3711,NA,16573.79
2026-10-02 01:31:50,165,0.00185185185185185,152,7,2.184672,556.2382,NA,16567.24
2026-10-02 01:31:40,155,0.00173611111111111,152,7,2.164464,544.256,NA,16564.77
2026-10-02 01:31:30,145,0.00162037037037037,152,7,2.168448,547.025,NA,16560.83
2026-10-02 01:31:20,135,0.00150462962962963,152,7,2.182049,556.3737,NA,16554.32
2026-10-02 01:31:10,125,0.00138888888888889,152,7,2.206797,568.2719,NA,16547.56
2026-10-02 01:31:00,115,0.00127314814814815,152,7,2.230828,579.3406,NA,16541.87
2026-10-02 01:30:50,105,0.00115740740740741,152,7,2.243825,585.0408,NA,16532.76
2026-10-02 01:30:40,95,0.00104166666666667,152,7,2.247481,585.6848,NA,16524.47
2026-10-02 01:30:30,85,0.000925925925925926,152,7,2.248051,581.0555,NA,16520.75
2026-10-02 01:30:20,75,0.000810185185185185,152,7,2.24389,577.1545,NA,16519.06
2026-10-02 01:30:10,65,0.000694444444444444,152,7,2.240683,575.6166,NA,16518.07
2026-10-02 01:30:00,55,0.000578703703703704,152,7,2.239347,578.9223,NA,16516.93
2026-10-02 01:29:50,45,0.000462962962962963,152,7,2.229806,576.0693,NA,16507.74
2026-10-02 01:29:40,35,0.000347222222222222,152,7,2.244235,583.0139,NA,16497.17
2026-10-02 01:29:30,25,0.000231481481481481,152,7,2.262117,589.7152,NA,16486.21
2026-10-02 01:29:20,15,0.000115740740740741,152,7,2.356478,644.7047,NA,16476.05
2026-10-02 01:29:10,5,0,152,7,2.309782,649.5186,NA,16464.09
2026-10-02 01:29:00,0,0.00694444444444444,151,1,2.332223,642.3969,NA,16443.21
2026-10-02 01:28:50,595,0.0068287037037037,151,1,2.297816,629.7361,NA,16438.76
2026-10-02 01:28:40,585,0.00671296296296296,151,1,2.256875,585.2059,NA,16440.52
2026-10-02 01:28:30,575,0.00659722222222222,151,1,2.230738,578.3288,NA,16443.38
2026-10-02 01:28:20,565,0.00648148148148148,151,1,2.231968,580.1645,NA,16453.17
2026-10-02 01:28:10,555,0.00636574074074074,151,1,2.233203,580.6127,NA,16560.98
2026-10-02 01:28:00,545,0.00625,151,1,2.229866,583.8134,NA,16586.04
2026-10-02 01:27:50,535,0.00613425925925926,151,1,2.227532,582.3356,NA,16586.58
2026-10-02 01:27:40,525,0.00601851851851852,151,1,2.225972,581.194,NA,16585.56
2026-10-02 01:27:30,515,0.00590277777777778,151,1,2.226042,581.0175,NA,16587.35
2026-10-02 01:27:20,505,0.00578703703703704,151,1,2.229518,582.7109,NA,16590.13
2026-10-02 01:27:10,495,0.0056712962962963,151,1,2.2291,582.8214,NA,16593.94
2026-10-02 01:27:00,485,0.00555555555555556,151,1,2.227177,583.1236,NA,16593.74
2026-10-02 01:26:50,475,0.00543981481481481,151,1,2.2281,582.963,NA,16595.84
2026-10-02 01:26:40,465,0.00532407407407407,151,1,2.22877,583.3896,NA,16596.3
2026-10-02 01:26:30,455,0.00520833333333333,151,1,2.2313,583.5558,NA,16598.39
2026-10-02 01:26:20,445,0.00509259259259259,151,1,2.231206,582.6547,NA,16600.35
2026-10-02 01:26:10,435,0.00497685185185185,151,1,2.229539,579.281,NA,16602.95
2026-10-02 01:26:00,425,0.00486111111111111,151,1,2.221567,575.8181,NA,16601.54
2026-10-02 01:25:50,415,0.00474537037037037,151,1,2.220535,575.3056,NA,16607
2026-10-02 01:25:40,405,0.00462962962962963,151,1,2.220165,574.105,NA,16608.69
2026-10-02 01:25:30,395,0.00451388888888889,151,1,2.221796,574.806,NA,16607.11
2026-10-02 01:25:20,385,0.00439814814814815,151,1,2.223379,576.5549,NA,16601.25
2026-10-02 01:25:10,375,0.00428240740740741,151,1,2.226217,576.9009,NA,16594.99
2026-10-02 01:25:00,365,0.00416666666666667,151,1,2.229616,577.9347,NA,16587.32
2026-10-02 01:24:50,355,0.00405092592592593,151,1,2.231931,578.3809,NA,16586.37
2026-10-02 01:24:40,345,0.00393518518518518,151,1,2.232744,577.3378,NA,16587.14
2026-10-02 01:24:30,335,0.00381944444444444,151,1,2.23105,575.7243,NA,16589.03
2026-10-02 01:24:20,325,0.0037037037037037,151,1,2.224335,574.5842,NA,16591.2
2026-10-02 01:24:10,315,0.00358796296296296,151,1,2.219651,572.6187,NA,16594.8
2026-10-02 01:24:00,305,0.00347222222222222,151,1,2.218358,572.3691,NA,16601.89
2026-10-02 01:23:50,295,0.00335648148148148,151,1,2.215275,571.2317,NA,16606.04
2026-10-02 01:23:40,285,0.00324074074074074,151,1,2.215904,570.6134,NA,16609.29
2026-10-02 01:23:30,275,0.003125,151,1,2.21142,569.1356,NA,16612.47
2026-10-02 01:23:20,265,0.00300925925925926,151,1,2.208025,567.6609,NA,16615.96
2026-10-02 01:23:10,255,0.00289351851851852,151,1,2.199697,564.348,NA,16619.9
2026-10-02 01:23:00,245,0.00277777777777778,151,1,2.195732,563.1716,NA,16623.58
2026-10-02 01:22:50,235,0.00266203703703704,151,1,2.193261,561.0064,NA,16627.63
2026-10-02 01:22:40,225,0.0025462962962963,151,1,2.18909,558.9114,NA,16627.87
2026-10-02 01:22:30,215,0.00243055555555556,151,1,2.186342,557.108,NA,16624.94
2026-10-02 01:22:20,205,0.00231481481481481,151,1,2.188052,558.4566,NA,16620.91
2026-10-02 01:22:10,195,0.00219907407407407,151,1,2.195717,561.4091,NA,16617.56
2026-10-02 01:22:00,185,0.00208333333333333,151,1,2.195343,562.1058,NA,16616.44
2026-10-02 01:21:50,175,0.00196759259259259,151,1,2.19785,563.3564,NA,16616.3
2026-10-02 01:21:40,165,0.00185185185185185,151,1,2.19833,563.3299,NA,16612.79
2026-10-02 01:21:30,155,0.00173611111111111,151,1,2.198865,563.4203,NA,16610.75
2026-10-02 01:21:20,145,0.00162037037037037,151,1,2.193021,560.5016,NA,16604.99
2026-10-02 01:21:10,135,0.00150462962962963,151,1,2.188169,557.0133,NA,16602.43
2026-10-02 01:21:00,125,0.00138888888888889,151,1,2.183066,552.8376,NA,16599.12
2026-10-02 01:20:50,115,0.00127314814814815,151,1,2.162434,539.4955,NA,16592.65
2026-10-02 01:20:40,105,0.00115740740740741,151,1,2.152168,532.1265,NA,16588.09
2026-10-02 01:20:30,95,0.00104166666666667,151,1,2.153374,532.0432,NA,16585.87
2026-10-02 01:20:20,85,0.000925925925925926,151,1,2.142135,528.879,NA,16584.43
2026-10-02 01:20:10,75,0.000810185185185185,151,1,2.146067,533.9109,NA,16580.16
2026-10-02 01:20:00,65,0.000694444444444444,151,1,2.150136,538.0557,NA,16579.92
2026-10-02 01:19:50,55,0.000578703703703704,151,1,2.149411,539.9112,NA,16579.19
2026-10-02 01:19:40,45,0.000462962962962963,151,1,2.154456,543.3991,NA,16571.6
2026-10-02 01:19:30,35,0.000347222222222222,151,1,2.161948,547.5121,NA,16564.9
2026-10-02 01:19:20,25,0.000231481481481481,151,1,2.284942,596.8801,NA,16547.89
2026-10-02 01:19:10,15,0.000115740740740741,151,1,2.235172,626.919,NA,16537.15
2026-10-02 01:19:00,5,0,151,1,2.225541,614.8732,NA,16524.24
2026-10-02 01:18:50,0,0.00694444444444444,150,6,2.230384,617.0147,NA,16501.31
2026-10-02 01:18:40,595,0.0068287037037037,150,6,2.229357,600.5787,NA,16495.17
2026-10-02 01:18:30,585,0.00671296296296296,150,6,2.242129,614.1151,NA,16488.53
2026-10-02 01:18:20,575,0.00659722222222222,150,6,2.248037,618.0085,NA,16484.5
2026-10-02 01:18:10,565,0.00648148148148148,150,6,2.239784,586.5206,NA,16501.39
2026-10-02 01:18:00,555,0.00636574074074074,150,6,2.245188,587.5605,NA,16609.62
2026-10-02 01:17:50,544,0.00625,150,6,2.249398,591.4227,NA,16619.4
2026-10-02 01:17:40,535,0.00613425925925926,150,6,2.244422,589.6512,NA,16616.91
2026-10-02 01:17:30,525,0.00601851851851852,150,6,2.242031,587.7515,NA,16613.03
2026-10-02 01:17:20,515,0.00590277777777778,150,6,2.238294,585.8931,NA,16613.28
2026-10-02 01:17:10,505,0.00578703703703704,150,6,2.239359,586.4169,NA,16616.99
2026-10-02 01:17:00,495,0.0056712962962963,150,6,2.237696,584.0168,NA,16618.04
2026-10-02 01:16:50,485,0.00555555555555556,150,6,2.234603,583.0041,NA,16615.08
2026-10-02 01:16:40,475,0.00543981481481481,150,6,2.236814,584.056,NA,16612.3
2026-10-02 01:16:30,465,0.00532407407407407,150,6,2.242235,587.5504,NA,16608.01
2026-10-02 01:16:20,455,0.00520833333333333,150,6,2.250772,591.5803,NA,16604.15
2026-10-02 01:16:10,445,0.00509259259259259,150,6,2.268467,601.0834,NA,16596.59
2026-10-02 01:16:00,435,0.00497685185185185,150,6,2.266066,600.3811,NA,16585.8
2026-10-02 01:15:50,425,0.00486111111111111,150,6,2.266327,597.5472,NA,16580.04
2026-10-02 01:15:40,415,0.00474537037037037,150,6,2.2657,596.8444,NA,16576.13
2026-10-02 01:15:30,405,0.00462962962962963,150,6,2.275084,601.1043,NA,16568.1
2026-10-02 01:15:20,395,0.00451388888888889,150,6,2.275867,602.7022,NA,16562.39
2026-10-02 01:15:10,385,0.00439814814814815,150,6,2.283293,606.2732,NA,16558.99
2026-10-02 01:15:00,375,0.00428240740740741,150,6,2.280382,604.9918,NA,16557.35
2026-10-02 01:14:50,365,0.00416666666666667,150,6,2.279643,604.8448,NA,16551.64
2026-10-02 01:14:40,355,0.00405092592592593,150,6,2.278649,603.2847,NA,16549.64
2026-10-02 01:14:30,345,0.00393518518518518,150,6,2.272171,598.3049,NA,16546.05
2026-10-02 01:14:20,335,0.00381944444444444,150,6,2.26564,593.9414,NA,16541.55
2026-10-02 01:14:10,324,0.0037037037037037,150,6,2.258673,589.0864,NA,16537.96
2026-10-02 01:14:00,315,0.00358796296296296,150,6,2.252201,585.4164,0.3544115,16537.6
2026-10-02 01:13:50,305,0.00347222222222222,150,6,2.247372,583.3615,NA,16541.04
2026-10-02 01:13:40,295,0.00335648148148148,150,6,2.247361,583.91,NA,16541.47
2026-10-02 01:13:30,285,0.00324074074074074,150,6,2.258221,589.5057,NA,16537.42
2026-10-02 01:13:20,275,0.003125,150,6,2.26755,595.0591,NA,16532.42
2026-10-02 01:13:10,265,0.00300925925925926,150,6,2.273014,599.5621,NA,16529.08
2026-10-02 01:13:00,255,0.00289351851851852,150,6,2.275909,600.9373,NA,16518.04
2026-10-02 01:12:50,245,0.00277777777777778,150,6,2.277691,602.4178,NA,16504.69
2026-10-02 01:12:40,235,0.00266203703703704,150,6,2.279653,603.7146,NA,16490.35
2026-10-02 01:12:30,225,0.0025462962962963,150,6,2.285258,605.4934,NA,16482.7
2026-10-02 01:12:20,215,0.00243055555555556,150,6,2.283929,605.2623,NA,16478.4
2026-10-02 01:12:10,205,0.00231481481481481,150,6,2.284231,605.0933,NA,16476.1
2026-10-02 01:12:00,195,0.00219907407407407,150,6,2.284676,603.9058,NA,16473.44
2026-10-02 01:11:50,185,0.00208333333333333,150,6,2.292072,604.3944,NA,16468.45
2026-10-02 01:11:40,175,0.00196759259259259,150,6,2.287324,596.4929,NA,16469.57
2026-10-02 01:11:30,165,0.00185185185185185,150,6,2.276165,590.2595,NA,16472.58
2026-10-02 01:11:20,155,0.00173611111111111,150,6,2.26804,584.0618,NA,16470.8
2026-10-02 01:11:10,145,0.00162037037037037,150,6,2.269585,585.0413,NA,16464.76
2026-10-02 01:11:00,135,0.00150462962962963,150,6,2.281291,591.5311,NA,16460.42
2026-10-02 01:10:50,125,0.00138888888888889,150,6,2.300648,601.7862,NA,16454.55
2026-10-02 01:10:40,115,0.00127314814814815,150,6,2.314078,608.0674,NA,16447.13
2026-10-02 01:10:30,105,0.00115740740740741,150,6,2.320827,609.2881,NA,16439.97
2026-10-02 01:10:20,95,0.00104166666666667,150,6,2.311406,603.6064,NA,16430.19
2026-10-02 01:10:10,85,0.000925925925925926,150,6,2.308447,598.5467,NA,16421.7
2026-10-02 01:10:00,75,0.000810185185185185,150,6,2.308671,598.9452,NA,16412.11
2026-10-02 01:09:50,65,0.000694444444444444,150,6,2.323296,604.3275,0.3435543,16396.16
2026-10-02 01:09:40,55,0.000578703703703704,150,6,2.414034,667.0317,NA,16381.05
2026-10-02 01:09:30,45,0.000462962962962963,150,6,2.443547,690.2174,NA,16361.99
2026-10-02 01:09:20,35,0.000347222222222222,150,6,2.280621,591.2158,NA,16340.32
2026-10-02 01:09:10,25,0.000231481481481481,150,6,2.267367,587.0795,NA,16304.55
2026-10-02 01:09:00,15,0.000115740740740741,150,6,2.261992,587.5272,NA,16262.59
2026-10-02 01:08:50,5,0,150,6,2.32266,614.8707,NA,16327.49
2026-10-02 01:08:40,0,0.00694444444444444,149,3,2.320661,615.777,NA,16323.38
2026-10-02 01:08:30,595,0.0068287037037037,149,3,2.321317,612.4688,NA,16337.68
2026-10-02 01:08:20,585,0.00671296296296296,149,3,2.353225,624.3546,0.3545487,16354.83
2026-10-02 01:08:10,575,0.00659722222222222,149,3,2.351946,622.6299,NA,16383.33
2026-10-02 01:08:00,565,0.00648148148148148,149,3,2.350729,623.6559,NA,16467.4
2026-10-02 01:07:50,555,0.00636574074074074,149,3,2.323932,606.9063,NA,16660.57
2026-10-02 01:07:40,545,0.00625,149,3,2.327126,618.644,NA,16686.66
2026-10-02 01:07:30,535,0.00613425925925926,149,3,2.324376,616.0461,NA,16691.92
2026-10-02 01:07:20,525,0.00601851851851852,149,3,2.320817,614.3435,NA,16698.27
2026-10-02 01:07:10,515,0.00590277777777778,149,3,2.319067,611.8635,NA,16703.84
2026-10-02 01:07:00,505,0.00578703703703704,149,3,2.3082,609.6412,NA,16709.38
2026-10-02 01:06:50,495,0.0056712962962963,149,3,2.306612,607.8804,NA,16713.23
2026-10-02 01:06:40,485,0.00555555555555556,149,3,2.307454,608.9579,NA,16717.66
2026-10-02 01:06:30,475,0.00543981481481481,149,3,2.307152,608.6491,NA,16719.84
2026-10-02 01:06:20,465,0.00532407407407407,149,3,2.304248,608.1655,NA,16725.37
2026-10-02 01:06:10,455,0.00520833333333333,149,3,2.288743,601.244,NA,16726.56
2026-10-02 01:06:00,445,0.00509259259259259,149,3,2.292138,602.2745,0.3559989,16728.06
2026-10-02 01:05:50,435,0.00497685185185185,149,3,2.281671,597.4395,NA,16727.36
2026-10-02 01:05:40,425,0.00486111111111111,149,3,2.27662,596.913,NA,16722.61
2026-10-02 01:05:30,415,0.00474537037037037,149,3,2.275855,596.4446,NA,16723.46
2026-10-02 01:05:20,405,0.00462962962962963,149,3,2.273232,595.8997,NA,16717.64
2026-10-02 01:05:10,395,0.00451388888888889,149,3,2.271494,596.5527,NA,16710.96
2026-10-02 01:05:00,385,0.00439814814814815,149,3,2.276854,597.3962,NA,16704.47
2026-10-02 01:04:50,375,0.00428240740740741,149,3,2.275336,596.8895,NA,16698.3
2026-10-02 01:04:40,365,0.00416666666666667,149,3,2.27845,596.6263,NA,16688.8
2026-10-02 01:04:30,355,0.00405092592592593,149,3,2.299464,602.3018,NA,16679.05
2026-10-02 01:04:20,345,0.00393518518518518,149,3,2.303059,602.8384,NA,16672.69
2026-10-02 01:04:10,335,0.00381944444444444,149,3,2.299656,601.6775,NA,16667.98
2026-10-02 01:04:00,325,0.0037037037037037,149,3,2.294631,599.3249,NA,16660.6
2026-10-02 01:03:50,315,0.00358796296296296,149,3,2.299357,601.2072,NA,16656.01
2026-10-02 01:03:40,305,0.00347222222222222,149,3,2.299194,600.9514,NA,16651.81
2026-10-02 01:03:30,295,0.00335648148148148,149,3,2.298846,601.1571,NA,16647.29
2026-10-02 01:03:20,285,0.00324074074074074,149,3,2.294139,598.8479,NA,16645.97
2026-10-02 01:03:10,275,0.003125,149,3,2.280722,593.1714,NA,16641.61
2026-10-02 01:03:00,265,0.00300925925925926,149,3,2.264384,584.3438,NA,16639.47
2026-10-02 01:02:50,255,0.00289351851851852,149,3,2.287117,591.7888,NA,16633.81
2026-10-02 01:02:40,245,0.00277777777777778,149,3,2.280309,590.1918,NA,16630.6
2026-10-02 01:02:30,235,0.00266203703703704,149,3,2.286483,593.3015,NA,16624.27
2026-10-02 01:02:20,225,0.0025462962962963,149,3,2.285762,592.774,NA,16615.4
2026-10-02 01:02:10,215,0.00243055555555556,149,3,2.287429,593.072,NA,16608.1
2026-10-02 01:02:00,205,0.00231481481481481,149,3,2.287402,591.9399,NA,16601.45
2026-10-02 01:01:50,195,0.00219907407407407,149,3,2.286395,591.1027,NA,16599.07
2026-10-02 01:01:40,185,0.00208333333333333,149,3,2.279015,587.0057,NA,16597.5
2026-10-02 01:01:30,175,0.00196759259259259,149,3,2.285859,590.6614,NA,16589.73
2026-10-02 01:01:20,165,0.00185185185185185,149,3,2.292269,593.618,NA,16582.95
2026-10-02 01:01:10,155,0.00173611111111111,149,3,2.306156,601.6901,NA,16581.92
2026-10-02 01:01:00,145,0.00162037037037037,149,3,2.310124,606.0006,NA,16580.94
2026-10-02 01:00:50,135,0.00150462962962963,149,3,2.323537,613.8873,NA,16579.3
2026-10-02 01:00:40,125,0.00138888888888889,149,3,2.318046,613.473,NA,16575.27
2026-10-02 01:00:30,115,0.00127314814814815,149,3,2.303683,605.0803,NA,16574.11
2026-10-02 01:00:20,105,0.00115740740740741,149,3,2.290761,597.2867,NA,16572.41
2026-10-02 01:00:10,95,0.00104166666666667,149,3,2.266097,589.3941,NA,16576.54
2026-10-02 01:00:00,85,0.000925925925925926,149,3,2.250374,582.6461,NA,16576.01
2026-10-02 00:59:50,74,0.000810185185185185,149,3,2.239232,577.3703,0.355389,16581.36
2026-10-02 00:59:40,65,0.000694444444444444,149,3,2.241953,579.1945,NA,16582.28
2026-10-02 00:59:30,55,0.000578703703703704,149,3,2.247993,583.3456,NA,16582.81
2026-10-02 00:59:20,45,0.000462962962962963,149,3,2.246328,582.6669,NA,16581.8
2026-10-02 00:59:10,35,0.000347222222222222,149,3,2.234301,576.559,NA,16577.24
2026-10-02 00:59:00,25,0.000231481481481481,149,3,2.224278,570.55,NA,16573.99
2026-10-02 00:58:50,15,0.000115740740740741,149,3,2.224617,570.66,NA,16572.52
2026-10-02 00:58:40,5,0,149,3,2.237266,574.7591,NA,16568.72
2026-10-02 00:58:30,0,0.00694444444444444,148,12,2.309259,634.7297,NA,16570
2026-10-02 00:58:20,595,0.0068287037037037,148,12,2.405088,685.6607,0.3558096,16563.98
2026-10-02 00:58:10,585,0.00671296296296296,148,12,2.335329,678.1172,NA,16565.77
2026-10-02 00:58:00,575,0.00659722222222222,148,12,2.225288,575.7905,NA,16570.15
2026-10-02 00:57:50,565,0.00648148148148148,148,12,2.231103,581.6039,NA,16585.64
2026-10-02 00:57:40,555,0.00636574074074074,148,12,2.242434,583.3273,NA,16702.49
2026-10-02 00:57:30,545,0.00625,148,12,2.243802,561.8381,NA,16787.61
2026-10-02 00:57:20,535,0.00613425925925926,148,12,2.265419,569.6091,NA,16789.67
2026-10-02 00:57:10,525,0.00601851851851852,148,12,2.308909,577.7762,NA,16789.3
2026-10-02 00:57:00,515,0.00590277777777778,148,12,2.306607,577.3692,NA,16793.31
2026-10-02 00:56:50,505,0.00578703703703704,148,12,2.304047,576.9702,NA,16798.43
2026-10-02 00:56:40,495,0.0056712962962963,148,12,2.301617,576.6317,NA,16802.52
2026-10-02 00:56:30,485,0.00555555555555556,148,12,2.298748,576.0379,NA,16805.32
2026-10-02 00:56:20,475,0.00543981481481481,148,12,2.295621,575.5109,NA,16807.63
2026-10-02 00:56:10,465,0.00532407407407407,148,12,2.293782,574.7471,NA,16808.92
2026-10-02 00:56:00,455,0.00520833333333333,148,12,2.291391,574.2888,NA,16808.7
2026-10-02 00:55:50,445,0.00509259259259259,148,12,2.289528,574.5905,NA,16804.46
2026-10-02 00:55:40,435,0.00497685185185185,148,12,2.287227,574.5385,NA,16804.34
2026-10-02 00:55:30,424,0.00486111111111111,148,12,2.283594,573.2516,NA,16805.49
2026-10-02 00:55:20,415,0.00474537037037037,148,12,2.280241,572.0012,NA,16807.7
2026-10-02 00:55:10,405,0.00462962962962963,148,12,2.27606,571.6168,NA,16806.6
2026-10-02 00:55:00,395,0.00451388888888889,148,12,2.274322,571.3197,NA,16802.12
2026-10-02 00:54:50,385,0.00439814814814815,148,12,2.271514,571.4531,0.3550369,16799.24
2026-10-02 00:54:40,375,0.00428240740740741,148,12,2.269566,570.4905,NA,16793.8
2026-10-02 00:54:30,365,0.00416666666666667,148,12,2.267271,570.3282,0.3551952,16792.22
2026-10-02 00:54:20,355,0.00405092592592593,148,12,2.265195,570.4111,NA,16790.41
2026-10-02 00:54:10,345,0.00393518518518518,148,12,2.262099,569.5701,NA,16788.85
2026-10-02 00:54:00,335,0.00381944444444444,148,12,2.259098,568.9959,NA,16787.36
2026-10-02 00:53:50,325,0.0037037037037037,148,12,2.256507,569.2289,NA,16785.41
2026-10-02 00:53:40,315,0.00358796296296296,148,12,2.253602,567.542,NA,16783.27
2026-10-02 00:53:30,305,0.00347222222222222,148,12,2.251603,567.637,NA,16775.74
2026-10-02 00:53:20,295,0.00335648148148148,148,12,2.249007,567.4117,NA,16769.81
2026-10-02 00:53:10,285,0.00324074074074074,148,12,2.246293,566.5152,NA,16765.98
2026-10-02 00:53:00,275,0.003125,148,12,2.242805,565.9747,NA,16760.73
2026-10-02 00:52:50,265,0.00300925925925926,148,12,2.238949,565.4123,NA,16760.21
2026-10-02 00:52:40,254,0.00289351851851852,148,12,2.237599,565.1721,NA,16761.18
2026-10-02 00:52:30,245,0.00277777777777778,148,12,2.234923,564.316,NA,16759.85
2026-10-02 00:52:20,235,0.00266203703703704,148,12,2.23263,563.5188,NA,16758.92
2026-10-02 00:52:10,225,0.0025462962962963,148,12,2.229493,563.8177,NA,16757.22
2026-10-02 00:52:00,215,0.00243055555555556,148,12,2.227749,563.0963,NA,16760.38
2026-10-02 00:51:50,205,0.00231481481481481,148,12,2.225244,563.5273,0.3540962,16759.48
2026-10-02 00:51:40,195,0.00219907407407407,148,12,2.222908,561.8593,NA,16758.62
2026-10-02 00:51:30,185,0.00208333333333333,148,12,2.220291,561.8665,NA,16758.99
2026-10-02 00:51:20,175,0.00196759259259259,148,12,2.21741,561.2499,NA,16756.37
2026-10-02 00:51:10,165,0.00185185185185185,148,12,2.216482,561.6868,NA,16756.75
2026-10-02 00:51:00,155,0.00173611111111111,148,12,2.225791,567.0286,NA,16758.46
2026-10-02 00:50:50,145,0.00162037037037037,148,12,2.241957,573.9791,NA,16756.83
2026-10-02 00:50:40,135,0.00150462962962963,148,12,2.243632,571.3822,NA,16750.04
2026-10-02 00:50:30,125,0.00138888888888889,148,12,2.235302,567.6125,NA,16754.86
2026-10-02 00:50:20,115,0.00127314814814815,148,12,2.235757,564.7798,NA,16754.13
2026-10-02 00:50:10,105,0.00115740740740741,148,12,2.23255,561.944,NA,16756.6
2026-10-02 00:50:00,95,0.00104166666666667,148,12,2.258871,569.6085,NA,16759.9
2026-10-02 00:49:50,85,0.000925925925925926,148,12,2.301963,579.7795,NA,16762.62
2026-10-02 00:49:40,75,0.000810185185185185,148,12,2.338448,573.9378,NA,16771.02
2026-10-02 00:49:30,65,0.000694444444444444,148,12,2.255272,567.7134,0.3555905,16780.71
2026-10-02 00:49:20,54,0.000578703703703704,148,12,2.27499,572.8552,NA,16790.57
2026-10-02 00:49:10,45,0.000462962962962963,148,12,2.251065,563.9147,NA,16800.78
2026-10-02 00:49:00,35,0.000347222222222222,148,12,2.24031,559.6154,0.3552171,16806.32
2026-10-02 00:48:50,25,0.000231481481481481,148,12,2.243737,555.9279,NA,16811.53
2026-10-02 00:48:40,15,0.000115740740740741,148,12,2.195977,547.988,NA,16819.09
2026-10-02 00:48:30,5,0,148,12,2.194476,550.2322,NA,16808.77
2026-10-02 00:48:20,0,0.00694444444444444,147,9,2.202468,554.7067,NA,16768.55
2026-10-02 00:48:10,595,0.0068287037037037,147,9,2.202546,554.1528,NA,16772.82
2026-10-02 00:48:00,585,0.00671296296296296,147,9,2.208961,556.8467,NA,16775.98
2026-10-02 00:47:50,575,0.00659722222222222,147,9,2.20609,555.3196,NA,16780.7
2026-10-02 00:47:40,565,0.00648148148148148,147,9,2.202634,555.499,NA,16783.15
2026-10-02 00:47:30,555,0.00636574074074074,147,9,2.234446,573.3651,NA,16781.78
2026-10-02 00:47:20,545,0.00625,147,9,2.244026,579.0936,NA,16776.43
2026-10-02 00:47:10,535,0.00613425925925926,147,9,2.244372,579.9213,NA,16772.33
2026-10-02 00:47:00,525,0.00601851851851852,147,9,2.235572,576.069,NA,16772.73
2026-10-02 00:46:50,515,0.00590277777777778,147,9,2.240979,580.2672,NA,16775.75
2026-10-02 00:46:40,505,0.00578703703703704,147,9,2.252319,586.6019,NA,16773.79
2026-10-02 00:46:30,495,0.0056712962962963,147,9,2.252356,586.793,NA,16779.25
2026-10-02 00:46:20,485,0.00555555555555556,147,9,2.257958,590.2053,NA,16783.6
2026-10-02 00:46:10,475,0.00543981481481481,147,9,2.258289,590.3856,NA,16781.6
2026-10-02 00:46:00,465,0.00532407407407407,147,9,2.259596,592.2241,NA,16778.02
2026-10-02 00:45:50,455,0.00520833333333333,147,9,2.265163,596.1866,NA,16776.87
2026-10-02 00:45:40,444,0.00509259259259259,147,9,2.267319,595.8979,NA,16776.9
2026-10-02 00:45:30,434,0.00497685185185185,147,9,2.273142,599.9553,NA,16781.69
2026-10-02 00:45:20,425,0.00486111111111111,147,9,2.276937,600.4798,NA,16786.19
2026-10-02 00:45:10,415,0.00474537037037037,147,9,2.277431,598.9121,NA,16791.95
2026-10-02 00:45:00,405,0.00462962962962963,147,9,2.278132,598.7363,NA,16793.32
2026-10-02 00:44:50,395,0.00451388888888889,147,9,2.280208,598.8609,NA,16793.98
2026-10-02 00:44:40,385,0.00439814814814815,147,9,2.289693,600.5869,NA,16793.87
2026-10-02 00:44:30,375,0.00428240740740741,147,9,2.302737,605.5773,NA,16790.04
2026-10-02 00:44:20,365,0.00416666666666667,147,9,2.320991,610.2229,0.3548851,16786.39
2026-10-02 00:44:10,355,0.00405092592592593,147,9,2.321029,609.853,NA,16783.73
2026-10-02 00:44:00,345,0.00393518518518518,147,9,2.31971,609.7982,NA,16776.11
2026-10-02 00:43:50,335,0.00381944444444444,147,9,2.32074,609.8297,NA,16770.69
2026-10-02 00:43:40,325,0.0037037037037037,147,9,2.318797,608.0787,NA,16770.73
2026-10-02 00:43:30,315,0.00358796296296296,147,9,2.314544,606.7804,NA,16774.61
2026-10-02 00:43:20,305,0.00347222222222222,147,9,2.311314,605.3759,NA,16784.26
2026-10-02 00:43:10,295,0.00335648148148148,147,9,2.301517,603.0253,NA,16790.79
2026-10-02 00:43:00,285,0.00324074074074074,147,9,2.288653,597.7629,NA,16800.88
2026-10-02 00:42:50,275,0.003125,147,9,2.280231,594.9744,NA,16811.56
2026-10-02 00:42:40,265,0.00300925925925926,147,9,2.274726,593.3316,NA,16825.13
2026-10-02 00:42:30,255,0.00289351851851852,147,9,2.266988,592.4609,NA,16833.77
2026-10-02 00:42:20,245,0.00277777777777778,147,9,2.262815,590.6266,NA,16838.07
2026-10-02 00:42:10,235,0.00266203703703704,147,9,2.259372,589.2288,NA,16840.59
2026-10-02 00:42:00,224,0.0025462962962963,147,9,2.262591,590.6516,NA,16841.16
2026-10-02 00:41:50,215,0.00243055555555556,147,9,2.268864,593.0942,NA,16836.89
2026-10-02 00:41:40,205,0.00231481481481481,147,9,2.268028,592.8318,NA,16831.93
2026-10-02 00:41:30,195,0.00219907407407407,147,9,2.262609,592.1512,NA,16831.5
2026-10-02 00:41:20,185,0.00208333333333333,147,9,2.266804,594.2856,NA,16830.65
2026-10-02 00:41:10,175,0.00196759259259259,147,9,2.276972,596.0297,NA,16827.37
2026-10-02 00:41:00,165,0.00185185185185185,147,9,2.280039,596.79,NA,16819.58
2026-10-02 00:40:50,155,0.00173611111111111,147,9,2.285231,598.0979,NA,16815.16
2026-10-02 00:40:40,145,0.00162037037037037,147,9,2.294229,594.8082,NA,16812.41
2026-10-02 00:40:30,135,0.00150462962962963,147,9,2.291726,586.0355,NA,16810.21
2026-10-02 00:40:20,125,0.00138888888888889,147,9,2.291892,583.5499,NA,16807.61
2026-10-02 00:40:10,115,0.00127314814814815,147,9,2.289318,580.347,0.3542434,16810.17
2026-10-02 00:40:00,105,0.00115740740740741,147,9,2.283624,576.2803,NA,16809.21
2026-10-02 00:39:50,95,0.00104166666666667,147,9,2.285507,576.0503,NA,16809.05
2026-10-02 00:39:40,85,0.000925925925925926,147,9,2.282144,574.3397,NA,16806.67
2026-10-02 00:39:30,75,0.000810185185185185,147,9,2.269889,570.8851,NA,16803.51
2026-10-02 00:39:20,65,0.000694444444444444,147,9,2.273582,571.1157,NA,16800.51
2026-10-02 00:39:10,55,0.000578703703703704,147,9,2.282329,571.285,NA,16792.94
2026-10-02 00:39:00,45,0.000462962962962963,147,9,2.28768,574.3332,NA,16778.69
2026-10-02 00:38:50,35,0.000347222222222222,147,9,2.28602,572.8788,NA,16761.73
2026-10-02 00:38:40,24,0.000231481481481481,147,9,2.307646,585.5346,NA,16725.38
2026-10-02 00:38:30,15,0.000115740740740741,147,9,2.237622,592.4675,NA,16680.22
2026-10-02 00:38:20,5,0,147,9,2.230765,561.3174,NA,16645.89
2026-10-02 00:38:10,0,0.00694444444444444,146,5,2.230514,561.7239,NA,16626.5
2026-10-02 00:38:00,595,0.0068287037037037,146,5,2.228206,562.0632,NA,16622.79
2026-10-02 00:37:50,585,0.00671296296296296,146,5,2.226871,562.6936,NA,16619.26
2026-10-02 00:37:40,575,0.00659722222222222,146,5,2.231153,566.4437,NA,16616.43
2026-10-02 00:37:30,565,0.00648148148148148,146,5,2.232533,565.4908,NA,16645.57
2026-10-02 00:37:20,555,0.00636574074074074,146,5,2.243748,569.4203,NA,16691.65
2026-10-02 00:37:10,545,0.00625,146,5,2.267619,586.0024,NA,16708.81
2026-10-02 00:37:00,535,0.00613425925925926,146,5,2.263272,583.189,NA,16710.39
2026-10-02 00:36:50,525,0.00601851851851852,146,5,2.258899,581.5182,NA,16713.1
2026-10-02 00:36:40,515,0.00590277777777778,146,5,2.257984,581.5743,NA,16714.84
2026-10-02 00:36:30,505,0.00578703703703704,146,5,2.26284,584.4907,NA,16715.57
2026-10-02 00:36:20,495,0.0056712962962963,146,5,2.264366,585.5065,NA,16716.72
2026-10-02 00:36:10,485,0.00555555555555556,146,5,2.263029,585.5912,NA,16717.03
2026-10-02 00:36:00,475,0.00543981481481481,146,5,2.258898,582.3366,NA,16716.82
2026-10-02 00:35:50,465,0.00532407407407407,146,5,2.258178,581.6329,NA,16714.97
2026-10-02 00:35:40,455,0.00520833333333333,146,5,2.255136,580.4891,NA,16711.95
2026-10-02 00:35:30,445,0.00509259259259259,146,5,2.251781,580.5994,NA,16703.21
2026-10-02 00:35:20,435,0.00497685185185185,146,5,2.252324,580.8526,NA,16696.49
2026-10-02 00:35:10,425,0.00486111111111111,146,5,2.248837,581.0815,NA,16690.32
2026-10-02 00:35:00,414,0.00474537037037037,146,5,2.24931,583.3133,NA,16685.51
2026-10-02 00:34:50,405,0.00462962962962963,146,5,2.246375,581.8099,NA,16679.82
2026-10-02 00:34:40,394,0.00451388888888889,146,5,2.244997,582.3877,NA,16677.63
2026-10-02 00:34:30,385,0.00439814814814815,146,5,2.244787,582.63,NA,16672.53
2026-10-02 00:34:20,375,0.00428240740740741,146,5,2.249992,586.1592,NA,16666.37
2026-10-02 00:34:10,365,0.00416666666666667,146,5,2.249968,585.2681,NA,16662.11
2026-10-02 00:34:00,355,0.00405092592592593,146,5,2.246435,586.0369,NA,16652.63
2026-10-02 00:33:50,345,0.00393518518518518,146,5,2.245173,587.2819,NA,16645.04
2026-10-02 00:33:40,335,0.00381944444444444,146,5,2.244668,585.9841,NA,16637.16
2026-10-02 00:33:30,325,0.0037037037037037,146,5,2.24157,586.0237,NA,16630.73
2026-10-02 00:33:20,315,0.00358796296296296,146,5,2.235596,587.327,NA,16626.1
2026-10-02 00:33:10,305,0.00347222222222222,146,5,2.233308,588.3506,NA,16618.28
2026-10-02 00:33:00,295,0.00335648148148148,146,5,2.225907,587.0559,NA,16611.19
2026-10-02 00:32:50,285,0.00324074074074074,146,5,2.218854,585.3839,NA,16607.77
2026-10-02 00:32:40,275,0.003125,146,5,2.219131,586.1392,NA,16607.29
2026-10-02 00:32:30,265,0.00300925925925926,146,5,2.218052,585.5917,NA,16606.19
2026-10-02 00:32:20,254,0.00289351851851852,146,5,2.219552,583.0616,NA,16605.84
2026-10-02 00:32:10,244,0.00277777777777778,146,5,2.22022,580.1536,NA,16603.72
2026-10-02 00:32:00,234,0.00266203703703704,146,5,2.230768,583.1297,NA,16600.23
2026-10-02 00:31:50,224,0.0025462962962963,146,5,2.229824,582.9258,NA,16595.88
2026-10-02 00:31:40,215,0.00243055555555556,146,5,2.232159,580.181,NA,16592.38
2026-10-02 00:31:30,204,0.00231481481481481,146,5,2.233567,579.258,NA,16587.79
2026-10-02 00:31:20,194,0.00219907407407407,146,5,2.225408,575.2651,0.3553318,16583.87
2026-10-02 00:31:10,185,0.00208333333333333,146,5,2.228874,579.4556,NA,16579.93
2026-10-02 00:31:00,175,0.00196759259259259,146,5,2.216949,573.1496,NA,16576.52
2026-10-02 00:30:50,165,0.00185185185185185,146,5,2.205287,563.4297,NA,16570.3
2026-10-02 00:30:40,155,0.00173611111111111,146,5,2.197669,555.3676,NA,16566.72
2026-10-02 00:30:30,145,0.00162037037037037,146,5,2.191519,549.6179,NA,16563.95
2026-10-02 00:30:20,135,0.00150462962962963,146,5,2.188157,545.0295,NA,16567.95
2026-10-02 00:30:10,125,0.00138888888888889,146,5,2.19033,544.8251,NA,16572.83
2026-10-02 00:30:00,115,0.00127314814814815,146,5,2.191047,544.379,NA,16575.59
2026-10-02 00:29:50,105,0.00115740740740741,146,5,2.202035,550.8019,NA,16576.93
2026-10-02 00:29:40,95,0.00104166666666667,146,5,2.196631,549.9674,NA,16577.84
2026-10-02 00:29:30,85,0.000925925925925926,146,5,2.197565,551.2106,NA,16577.37
2026-10-02 00:29:20,75,0.000810185185185185,146,5,2.206955,557.4494,NA,16576.21
2026-10-02 00:29:10,65,0.000694444444444444,146,5,2.21163,559.7878,NA,16573.21
2026-10-02 00:29:00,55,0.000578703703703704,146,5,2.217037,563.025,NA,16571.35
2026-10-02 00:28:50,45,0.000462962962962963,146,5,2.215492,562.3018,NA,16569.49
2026-10-02 00:28:40,35,0.000347222222222222,146,5,2.210833,559.1736,NA,16567
2026-10-02 00:28:30,25,0.000231481481481481,146,5,2.216217,558.6308,NA,16562.79
2026-10-02 00:28:20,15,0.000115740740740741,146,5,2.232502,559.5001,NA,16560.55
2026-10-02 00:28:10,5,0,146,5,2.277618,599.3853,NA,16564.32
2026-10-02 00:28:00,0,0.00694444444444444,145,8,2.271564,574.3782,0.3562877,16557.2
2026-10-02 00:27:50,595,0.0068287037037037,145,8,2.28242,563.9758,NA,16569.28
2026-10-02 00:27:40,585,0.00671296296296296,145,8,2.248388,544.2145,NA,16585.79
2026-10-02 00:27:30,575,0.00659722222222222,145,8,2.249402,543.8908,NA,16608.7
2026-10-02 00:27:20,565,0.00648148148148148,145,8,2.242824,540.892,NA,16678.74
2026-10-02 00:27:10,555,0.00636574074074074,145,8,2.233839,537.1114,NA,16849.75
2026-10-02 00:27:00,545,0.00625,145,8,2.23303,535.1802,NA,16877.78
2026-10-02 00:26:50,535,0.00613425925925926,145,8,2.232416,533.2506,NA,16877.66
2026-10-02 00:26:40,525,0.00601851851851852,145,8,2.255493,535.9977,NA,16878.68
2026-10-02 00:26:30,515,0.00590277777777778,145,8,2.231923,532.3672,NA,16877.17
2026-10-02 00:26:20,505,0.00578703703703704,145,8,2.236607,532.6937,NA,16876.9
2026-10-02 00:26:10,495,0.0056712962962963,145,8,2.224,531.678,NA,16874.74
2026-10-02 00:26:00,485,0.00555555555555556,145,8,2.228513,532.8492,NA,16871.87
2026-10-02 00:25:50,475,0.00543981481481481,145,8,2.224432,532.8652,NA,16871.44
2026-10-02 00:25:40,465,0.00532407407407407,145,8,2.21582,533.3749,NA,16869.03
2026-10-02 00:25:30,455,0.00520833333333333,145,8,2.236848,537.4706,NA,16867.31
2026-10-02 00:25:20,445,0.00509259259259259,145,8,2.225665,538.2778,NA,16866.82
2026-10-02 00:25:10,435,0.00497685185185185,145,8,2.243979,543.6384,NA,16864.43
2026-10-02 00:25:00,425,0.00486111111111111,145,8,2.219606,543.2368,NA,16861.43
2026-10-02 00:24:50,415,0.00474537037037037,145,8,2.225267,544.5366,NA,16859.12
2026-10-02 00:24:40,405,0.00462962962962963,145,8,2.233049,545.9435,NA,16858.37
2026-10-02 00:24:30,395,0.00451388888888889,145,8,2.230201,546.839,NA,16858.49
2026-10-02 00:24:20,385,0.00439814814814815,145,8,2.224018,548.0355,NA,16860.17
2026-10-02 00:24:10,375,0.00428240740740741,145,8,2.226151,549.7904,NA,16859.78
2026-10-02 00:24:00,365,0.00416666666666667,145,8,2.21278,550.4274,NA,16860.82
2026-10-02 00:23:50,355,0.00405092592592593,145,8,2.227751,552.9391,NA,16858.75
2026-10-02 00:23:40,345,0.00393518518518518,145,8,2.227476,550.9819,NA,16858.44
2026-10-02 00:23:30,335,0.00381944444444444,145,8,2.231791,551.6257,NA,16857.87
2026-10-02 00:23:20,325,0.0037037037037037,145,8,2.215757,549.1494,NA,16857.13
2026-10-02 00:23:10,315,0.00358796296296296,145,8,2.210402,547.6583,NA,16854.75
2026-10-02 00:23:00,305,0.00347222222222222,145,8,2.208627,548.0527,NA,16851.62
2026-10-02 00:22:50,295,0.00335648148148148,145,8,2.222718,547.7496,NA,16848.45
2026-10-02 00:22:40,285,0.00324074074074074,145,8,2.206071,545.25,NA,16845.89
2026-10-02 00:22:30,275,0.003125,145,8,2.196689,544.3388,NA,16845.29
2026-10-02 00:22:20,265,0.00300925925925926,145,8,2.176651,541.2633,NA,16844.7
2026-10-02 00:22:10,255,0.00289351851851852,145,8,2.177279,540.7097,NA,16846.55
2026-10-02 00:22:00,245,0.00277777777777778,145,8,2.186969,541.3829,NA,16844.06
2026-10-02 00:21:50,235,0.00266203703703704,145,8,2.173551,540.3224,NA,16845.93
2026-10-02 00:21:40,225,0.0025462962962963,145,8,2.187008,541.725,NA,16846.39
2026-10-02 00:21:30,215,0.00243055555555556,145,8,2.20553,545.6246,NA,16842.44
2026-10-02 00:21:20,205,0.00231481481481481,145,8,2.181251,543.6234,NA,16841.19
2026-10-02 00:21:10,195,0.00219907407407407,145,8,2.171985,542.8295,NA,16839.55
2026-10-02 00:21:00,185,0.00208333333333333,145,8,2.189396,543.5494,NA,16835.16
2026-10-02 00:20:50,175,0.00196759259259259,145,8,2.169478,541.7898,NA,16830.91
2026-10-02 00:20:40,165,0.00185185185185185,145,8,2.189167,543.4699,NA,16826.63
2026-10-02 00:20:30,155,0.00173611111111111,145,8,2.200718,546.4299,NA,16821.91
2026-10-02 00:20:20,145,0.00162037037037037,145,8,2.185423,547.2859,NA,16820.66
2026-10-02 00:20:10,135,0.00150462962962963,145,8,2.179023,548.0068,NA,16812.81
2026-10-02 00:20:00,125,0.00138888888888889,145,8,2.191643,548.3799,NA,16807.61
2026-10-02 00:19:50,115,0.00127314814814815,145,8,2.183892,547.1229,NA,16797.32
2026-10-02 00:19:40,105,0.00115740740740741,145,8,2.180157,546.6364,NA,16791.19
2026-10-02 00:19:30,95,0.00104166666666667,145,8,2.18779,547.0028,NA,16785.17
2026-10-02 00:19:20,85,0.000925925925925926,145,8,2.222084,546.7994,NA,16781.19
2026-10-02 00:19:10,75,0.000810185185185185,145,8,2.189162,543.572,NA,16778.21
2026-10-02 00:19:00,65,0.000694444444444444,145,8,2.208344,544.0905,NA,16775.96
2026-10-02 00:18:50,55,0.000578703703703704,145,8,2.179521,540.217,NA,16770.74
2026-10-02 00:18:40,45,0.000462962962962963,145,8,2.197901,543.1223,NA,16764.75
2026-10-02 00:18:30,35,0.000347222222222222,145,8,2.18452,542.6461,NA,16756.14
2026-10-02 00:18:20,25,0.000231481481481481,145,8,2.289505,571.5073,NA,16741.19
2026-10-02 00:18:10,15,0.000115740740740741,145,8,2.28834,551.3727,NA,16735.7
2026-10-02 00:18:00,5,0,145,8,2.241187,552.9195,NA,16720.72
2026-10-02 00:17:50,0,0.00694444444444444,144,4,2.26921,555.5771,0.3568531,16701.75
2026-10-02 00:17:40,595,0.0068287037037037,144,4,2.240815,552.6829,NA,16704.03
2026-10-02 00:17:30,585,0.00671296296296296,144,4,2.262706,555.3763,NA,16709
2026-10-02 00:17:20,575,0.00659722222222222,144,4,2.234758,551.5632,NA,16720.45
2026-10-02 00:17:10,565,0.00648148148148148,144,4,2.26155,555.0762,NA,16735.76
2026-10-02 00:17:00,555,0.00636574074074074,144,4,2.252526,553.6049,NA,16856.87
2026-10-02 00:16:50,545,0.00625,144,4,2.194552,558.5081,NA,16904.9
2026-10-02 00:16:40,535,0.00613425925925926,144,4,2.19694,559.2659,NA,16904.8
2026-10-02 00:16:30,525,0.00601851851851852,144,4,2.194848,557.9055,NA,16903.88
2026-10-02 00:16:20,515,0.00590277777777778,144,4,2.196974,557.9078,NA,16899.58
2026-10-02 00:16:10,505,0.00578703703703704,144,4,2.19795,557.3835,NA,16894.38
2026-10-02 00:16:00,495,0.0056712962962963,144,4,2.199098,557.6984,NA,16892.1
2026-10-02 00:15:50,485,0.00555555555555556,144,4,2.199718,557.7789,NA,16888.04
2026-10-02 00:15:40,475,0.00543981481481481,144,4,2.203901,559.8087,NA,16881.46
2026-10-02 00:15:30,465,0.00532407407407407,144,4,2.203836,558.3083,NA,16880.87
2026-10-02 00:15:20,455,0.00520833333333333,144,4,2.207839,560.7278,NA,16876.44
2026-10-02 00:15:10,445,0.00509259259259259,144,4,2.217722,565.4179,NA,16875.15
2026-10-02 00:15:00,435,0.00497685185185185,144,4,2.229929,567.4991,NA,16869.7
2026-10-02 00:14:50,425,0.00486111111111111,144,4,2.225661,567.6283,NA,16864.54
2026-10-02 00:14:40,415,0.00474537037037037,144,4,2.223914,566.9284,NA,16859.72
2026-10-02 00:14:30,405,0.00462962962962963,144,4,2.215361,562.5856,NA,16856.32
2026-10-02 00:14:20,395,0.00451388888888889,144,4,2.219637,565.5833,NA,16853.14
2026-10-02 00:14:10,385,0.00439814814814815,144,4,2.222618,565.062,NA,16848.98
2026-10-02 00:14:00,375,0.00428240740740741,144,4,2.20975,561.4368,NA,16848.5
2026-10-02 00:13:50,365,0.00416666666666667,144,4,2.213492,562.4918,0.3542924,16845.91
2026-10-02 00:13:40,354,0.00405092592592593,144,4,2.221081,565.5327,NA,16845.26
2026-10-02 00:13:30,345,0.00393518518518518,144,4,2.228025,567.9381,NA,16843.45
2026-10-02 00:13:20,335,0.00381944444444444,144,4,2.234524,570.5359,NA,16838.71
2026-10-02 00:13:10,325,0.0037037037037037,144,4,2.244909,575.6961,NA,16830.6
2026-10-02 00:13:00,315,0.00358796296296296,144,4,2.248294,577.2607,NA,16825.45
2026-10-02 00:12:50,305,0.00347222222222222,144,4,2.257193,580.8187,NA,16821.54
2026-10-02 00:12:40,295,0.00335648148148148,144,4,2.256682,581.6313,NA,16817.17
2026-10-02 00:12:30,285,0.00324074074074074,144,4,2.240606,576.3263,NA,16813.04
2026-10-02 00:12:20,275,0.003125,144,4,2.234542,574.2224,0.3555557,16811.14
2026-10-02 00:12:10,265,0.00300925925925926,144,4,2.236456,574.5039,NA,16807.51
2026-10-02 00:12:00,255,0.00289351851851852,144,4,2.242249,576.7902,NA,16803.39
2026-10-02 00:11:50,245,0.00277777777777778,144,4,2.246612,579.9041,NA,16799.25
2026-10-02 00:11:40,235,0.00266203703703704,144,4,2.239162,575.3719,NA,16796.18
2026-10-02 00:11:30,225,0.0025462962962963,144,4,2.233361,573.6799,NA,16789.78
2026-10-02 00:11:20,215,0.00243055555555556,144,4,2.237275,574.9868,NA,16784.59
2026-10-02 00:11:10,205,0.00231481481481481,144,4,2.239723,575.7829,NA,16779.86
2026-10-02 00:11:00,195,0.00219907407407407,144,4,2.25203,580.6108,NA,16774.86
2026-10-02 00:10:50,185,0.00208333333333333,144,4,2.253474,579.2325,NA,16770.39
2026-10-02 00:10:40,175,0.00196759259259259,144,4,2.26393,583.9114,NA,16764.04
2026-10-02 00:10:30,165,0.00185185185185185,144,4,2.255568,579.5464,NA,16756.44
2026-10-02 00:10:20,155,0.00173611111111111,144,4,2.25905,579.0179,NA,16753.88
2026-10-02 00:10:10,145,0.00162037037037037,144,4,2.260662,577.8107,NA,16749.6
2026-10-02 00:10:00,135,0.00150462962962963,144,4,2.274485,583.6755,NA,16745.79
2026-10-02 00:09:50,125,0.00138888888888889,144,4,2.281845,586.8351,NA,16741.22
2026-10-02 00:09:40,115,0.00127314814814815,144,4,2.292525,591.65,NA,16733.72
2026-10-02 00:09:30,105,0.00115740740740741,144,4,2.295219,591.4974,NA,16728.43
2026-10-02 00:09:20,95,0.00104166666666667,144,4,2.291324,588.3856,0.3552237,16726.24
2026-10-02 00:09:10,85,0.000925925925925926,144,4,2.285613,583.5379,NA,16720.76
2026-10-02 00:09:00,75,0.000810185185185185,144,4,2.289069,584.2261,NA,16713.31
2026-10-02 00:08:50,65,0.000694444444444444,144,4,2.294407,590.5468,NA,16704.63
2026-10-02 00:08:40,55,0.000578703703703704,144,4,2.30044,593.5804,NA,16697.82
2026-10-02 00:08:30,45,0.000462962962962963,144,4,2.304917,594.9599,NA,16686.86
2026-10-02 00:08:20,35,0.000347222222222222,144,4,2.307758,594.0082,NA,16670.05
2026-10-02 00:08:10,25,0.000231481481481481,144,4,2.322016,601.0051,NA,16649.66
2026-10-02 00:08:00,15,0.000115740740740741,144,4,2.293003,601.0275,NA,16628.41
2026-10-02 00:07:50,5,0,144,4,2.321855,602.2335,NA,16618.3
2026-10-02 00:07:40,0,0.00694444444444444,143,11,2.321663,624.9045,NA,16604.78
2026-10-02 00:07:30,595,0.0068287037037037,143,11,2.509808,608.5489,NA,16606.69
2026-10-02 00:07:20,585,0.00671296296296296,143,11,2.319781,620.0229,NA,16609.76
2026-10-02 00:07:10,575,0.00659722222222222,143,11,2.297606,584.814,NA,16613.47
2026-10-02 00:07:00,565,0.00648148148148148,143,11,2.300976,587.4752,NA,16625.7
2026-10-02 00:06:50,555,0.00636574074074074,143,11,2.307839,588.9141,NA,16751.9
2026-10-02 00:06:40,545,0.00625,143,11,2.352074,606.7728,NA,16809.28
2026-10-02 00:06:30,535,0.00613425925925926,143,11,2.354603,607.3381,NA,16815.44
2026-10-02 00:06:20,525,0.00601851851851852,143,11,2.345374,601.5922,NA,16818.65
2026-10-02 00:06:10,514,0.00590277777777778,143,11,2.33594,596.825,NA,16826.61
2026-10-02 00:06:00,505,0.00578703703703704,143,11,2.330749,595.4285,NA,16831.01
2026-10-02 00:05:50,495,0.0056712962962963,143,11,2.329592,597.0688,NA,16839.56
2026-10-02 00:05:40,485,0.00555555555555556,143,11,2.330809,600.1564,NA,16845.67
2026-10-02 00:05:30,475,0.00543981481481481,143,11,2.331818,600.4625,NA,16852.39
2026-10-02 00:05:20,465,0.00532407407407407,143,11,2.332188,601.112,NA,16858.88
2026-10-02 00:05:10,455,0.00520833333333333,143,11,2.322282,595.504,NA,16866.6
2026-10-02 00:05:00,445,0.00509259259259259,143,11,2.325028,596.2532,NA,16871.92
2026-10-02 00:04:50,435,0.00497685185185185,143,11,2.326387,595.4963,NA,16875.21
2026-10-02 00:04:40,425,0.00486111111111111,143,11,2.326199,595.8028,NA,16878.89
2026-10-02 00:04:30,415,0.00474537037037037,143,11,2.324687,596.1721,NA,16882.63
2026-10-02 00:04:20,405,0.00462962962962963,143,11,2.324602,595.3452,NA,16885.57
2026-10-02 00:04:10,395,0.00451388888888889,143,11,2.324746,595.1766,NA,16892.28
2026-10-02 00:04:00,385,0.00439814814814815,143,11,2.321564,592.1203,NA,16900.22
2026-10-02 00:03:50,375,0.00428240740740741,143,11,2.320372,590.7696,NA,16909.06
2026-10-02 00:03:40,365,0.00416666666666667,143,11,2.316247,587.6292,NA,16911.89
2026-10-02 00:03:30,355,0.00405092592592593,143,11,2.31106,584.03,NA,16917.13
2026-10-02 00:03:20,345,0.00393518518518518,143,11,2.308427,582.2543,NA,16920.31
2026-10-02 00:03:10,335,0.00381944444444444,143,11,2.305594,580.4315,NA,16925.47
2026-10-02 00:03:00,325,0.0037037037037037,143,11,2.306606,580.9843,NA,16928.32
2026-10-02 00:02:50,314,0.00358796296296296,143,11,2.310147,582.9213,NA,16929.02
2026-10-02 00:02:40,305,0.00347222222222222,143,11,2.308471,581.9441,NA,16927.86
2026-10-02 00:02:30,295,0.00335648148148148,143,11,2.306175,580.395,NA,16929.79
2026-10-02 00:02:20,285,0.00324074074074074,143,11,2.306772,579.5952,NA,16930.95
2026-10-02 00:02:10,275,0.003125,143,11,2.302981,577.0323,NA,16935.3
2026-10-02 00:02:00,265,0.00300925925925926,143,11,2.303497,578.056,NA,16938.47
2026-10-02 00:01:50,255,0.00289351851851852,143,11,2.30233,577.7646,NA,16937.78
2026-10-02 00:01:40,245,0.00277777777777778,143,11,2.299776,576.3639,NA,16943.95
2026-10-02 00:01:30,235,0.00266203703703704,143,11,2.292491,572.5562,NA,16945.84
2026-10-02 00:01:20,225,0.0025462962962963,143,11,2.294112,575.7947,NA,16945.57
2026-10-02 00:01:10,215,0.00243055555555556,143,11,2.296051,574.2069,NA,16944.21
2026-10-02 00:01:00,205,0.00231481481481481,143,11,2.304113,575.6304,NA,16942.52
2026-10-02 00:00:50,195,0.00219907407407407,143,11,2.30133,576.4689,NA,16944.49
2026-10-02 00:00:40,185,0.00208333333333333,143,11,2.300695,576.3201,NA,16943.38
2026-10-02 00:00:30,175,0.00196759259259259,143,11,2.29162,573.6791,NA,16943.63
2026-10-02 00:00:20,165,0.00185185185185185,143,11,2.289473,572.9167,NA,16942.52
2026-10-02 00:00:10,155,0.00173611111111111,143,11,2.29354,575.3708,NA,16936.23
2026-10-02 00:00:00,145,0.00162037037037037,143,11,2.292163,573.9862,NA,16932.61
2026-10-01 23:59:50,135,0.00150462962962963,143,11,2.301595,582.006,NA,16924.71
2026-10-01 23:59:40,125,0.00138888888888889,143,11,2.299876,581.9271,NA,16915.65
2026-10-01 23:59:30,115,0.00127314814814815,143,11,2.301161,581.8603,NA,16909.24
2026-10-01 23:59:20,105,0.00115740740740741,143,11,2.300454,579.8622,NA,16902.39
2026-10-01 23:59:10,95,0.00104166666666667,143,11,2.303227,581.8473,NA,16898.69
2026-10-01 23:59:00,85,0.000925925925925926,143,11,2.306311,586.1147,NA,16892.76
2026-10-01 23:58:50,75,0.000810185185185185,143,11,2.311393,588.0343,NA,16885.81
2026-10-01 23:58:40,65,0.000694444444444444,143,11,2.308983,589.764,NA,16876.37
2026-10-01 23:58:30,55,0.000578703703703704,143,11,2.311068,587.9396,NA,16864.93
2026-10-01 23:58:20,45,0.000462962962962963,143,11,2.307561,587.6995,NA,16850.47
2026-10-01 23:58:10,35,0.000347222222222222,143,11,2.303668,584.6921,NA,16836.23
2026-10-01 23:58:00,25,0.000231481481481481,143,11,2.364613,599.3192,NA,16809.66
2026-10-01 23:57:50,15,0.000115740740740741,143,11,2.300625,593.2767,NA,16786.42
2026-10-01 23:57:40,5,0,143,11,2.285536,578.4692,NA,16762.82
2026-10-01 23:57:30,0,0.00694444444444444,142,2,2.280023,573.3927,NA,16744.45
2026-10-01 23:57:20,595,0.0068287037037037,142,2,2.286207,579.9863,NA,16749.21
2026-10-01 23:57:10,585,0.00671296296296296,142,2,2.288741,586.5712,NA,16766.87
2026-10-01 23:57:00,575,0.00659722222222222,142,2,2.28741,589.0106,NA,16790.63
2026-10-01 23:56:50,565,0.00648148148148148,142,2,2.291103,599.6705,NA,16832.48
2026-10-01 23:56:40,555,0.00636574074074074,142,2,2.293731,603.1061,NA,16913.88
2026-10-01 23:56:30,545,0.00625,142,2,2.309133,620.7957,NA,16932.99
2026-10-01 23:56:20,535,0.00613425925925926,142,2,2.309937,622.1449,NA,16934.58
2026-10-01 23:56:10,525,0.00601851851851852,142,2,2.310568,623.5398,NA,16938.25
2026-10-01 23:56:00,515,0.00590277777777778,142,2,2.309201,623.3137,NA,16940.46
2026-10-01 23:55:50,505,0.00578703703703704,142,2,2.307849,623.1641,NA,16945.35
2026-10-01 23:55:40,494,0.0056712962962963,142,2,2.304209,618.8046,NA,16947.05
2026-10-01 23:55:30,485,0.00555555555555556,142,2,2.300968,617.1725,NA,16949.21
2026-10-01 23:55:20,475,0.00543981481481481,142,2,2.299126,617.2905,NA,16952.26
2026-10-01 23:55:10,465,0.00532407407407407,142,2,2.297678,615.7045,NA,16955.61
2026-10-01 23:55:00,455,0.00520833333333333,142,2,2.294799,613.5845,NA,16954.64
2026-10-01 23:54:50,445,0.00509259259259259,142,2,2.291083,610.8288,NA,16957.17
2026-10-01 23:54:40,435,0.00497685185185185,142,2,2.296826,616.015,NA,16956.68
2026-10-01 23:54:30,425,0.00486111111111111,142,2,2.297185,616.5181,NA,16961.84
2026-10-01 23:54:20,415,0.00474537037037037,142,2,2.296241,614.6122,NA,16962.95
2026-10-01 23:54:10,405,0.00462962962962963,142,2,2.29417,614.1044,NA,16964.48
2026-10-01 23:54:00,395,0.00451388888888889,142,2,2.293281,614.8652,NA,16964.38
2026-10-01 23:53:50,385,0.00439814814814815,142,2,2.295347,618.3782,NA,16965.78
2026-10-01 23:53:40,375,0.00428240740740741,142,2,2.296814,621.1888,NA,16968.74
2026-10-01 23:53:30,365,0.00416666666666667,142,2,2.297265,621.6978,NA,16971.53
2026-10-01 23:53:20,355,0.00405092592592593,142,2,2.299252,623.9178,NA,16973.04
2026-10-01 23:53:10,345,0.00393518518518518,142,2,2.301873,627.766,NA,16974.38
2026-10-01 23:53:00,335,0.00381944444444444,142,2,2.302945,628.9816,NA,16978.09
2026-10-01 23:52:50,325,0.0037037037037037,142,2,2.303184,630.9725,NA,16982.31
2026-10-01 23:52:40,315,0.00358796296296296,142,2,2.299888,628.7872,NA,16979.83
2026-10-01 23:52:30,304,0.00347222222222222,142,2,2.297816,627.4813,NA,16976.89
2026-10-01 23:52:20,294,0.00335648148148148,142,2,2.298086,627.6747,NA,16973.19
2026-10-01 23:52:10,285,0.00324074074074074,142,2,2.297004,625.9428,NA,16972.75
2026-10-01 23:52:00,275,0.003125,142,2,2.293184,623.6635,NA,16970.59
2026-10-01 23:51:50,265,0.00300925925925926,142,2,2.314353,636.4796,NA,16972.45
2026-10-01 23:51:40,255,0.00289351851851852,142,2,2.310659,637.9227,NA,16973.29
2026-10-01 23:51:30,245,0.00277777777777778,142,2,2.313213,639.108,NA,16972.6
2026-10-01 23:51:20,235,0.00266203703703704,142,2,2.328692,647.6526,NA,16971.67
2026-10-01 23:51:10,225,0.0025462962962963,142,2,2.33492,650.0643,NA,16969.66
2026-10-01 23:51:00,215,0.00243055555555556,142,2,2.339013,651.7856,NA,16965.77
2026-10-01 23:50:50,205,0.00231481481481481,142,2,2.347094,656.5718,NA,16965.03
2026-10-01 23:50:40,195,0.00219907407407407,142,2,2.343348,654.6854,NA,16968.27
2026-10-01 23:50:30,185,0.00208333333333333,142,2,2.345482,655.2107,NA,16972.54
2026-10-01 23:50:20,175,0.00196759259259259,142,2,2.349571,655.2823,NA,16974.85
2026-10-01 23:50:10,165,0.00185185185185185,142,2,2.35656,656.8939,NA,16977.64
2026-10-01 23:50:00,155,0.00173611111111111,142,2,2.372562,663.4472,NA,16981.22
2026-10-01 23:49:50,145,0.00162037037037037,142,2,2.3866,668.6967,NA,16984.93
2026-10-01 23:49:40,135,0.00150462962962963,142,2,2.386614,664.7592,NA,16987.9
2026-10-01 23:49:30,125,0.00138888888888889,142,2,2.410605,663.5435,NA,16990.16
2026-10-01 23:49:20,115,0.00127314814814815,142,2,2.383441,657.8166,NA,16997.26
2026-10-01 23:49:10,105,0.00115740740740741,142,2,2.360718,658.405,NA,17002.28
2026-10-01 23:49:00,95,0.00104166666666667,142,2,2.374887,660.9377,NA,17009
2026-10-01 23:48:50,84,0.000925925925925926,142,2,2.381028,662.8643,NA,17014.1
2026-10-01 23:48:40,74,0.000810185185185185,142,2,2.375916,659.4203,NA,17019.19
2026-10-01 23:48:30,65,0.000694444444444444,142,2,2.373399,656.143,NA,17024.62
2026-10-01 23:48:20,55,0.000578703703703704,142,2,2.373072,656.5787,NA,17030.27
2026-10-01 23:48:10,45,0.000462962962962963,142,2,2.355313,646.6212,0.3557029,17038.48
2026-10-01 23:48:00,35,0.000347222222222222,142,2,2.352608,643.1037,NA,17046.37
2026-10-01 23:47:50,25,0.000231481481481481,142,2,2.358696,643.9704,NA,17055.32
2026-10-01 23:47:40,15,0.000115740740740741,142,2,2.315432,619.1404,NA,17074.85
2026-10-01 23:47:30,5,0,142,2,2.331527,617.2538,NA,17088.29
2026-10-01 23:47:20,0,0.00694444444444444,141,10,2.328803,644.022,NA,17071.45
2026-10-01 23:47:10,595,0.0068287037037037,141,10,2.316094,621.8516,NA,17073.01
2026-10-01 23:47:00,585,0.00671296296296296,141,10,2.313877,599.643,NA,17079.71
2026-10-01 23:46:50,575,0.00659722222222222,141,10,2.289248,581.2104,NA,17112.37
2026-10-01 23:46:40,565,0.00648148148148148,141,10,2.28432,575.6409,NA,17180.6
2026-10-01 23:46:30,555,0.00636574074074074,141,10,2.29392,574.4462,NA,17369.43
2026-10-01 23:46:20,545,0.00625,141,10,2.352584,596.4263,NA,17405.31
2026-10-01 23:46:10,535,0.00613425925925926,141,10,2.345017,591.649,NA,17407.15
2026-10-01 23:46:00,525,0.00601851851851852,141,10,2.336135,588.1622,NA,17411.14
2026-10-01 23:45:50,515,0.00590277777777778,141,10,2.335689,588.0366,NA,17413.77
2026-10-01 23:45:40,505,0.00578703703703704,141,10,2.330646,587.2305,NA,17413.08
2026-10-01 23:45:30,495,0.0056712962962963,141,10,2.315972,582.3901,NA,17413.94
2026-10-01 23:45:20,485,0.00555555555555556,141,10,2.304243,575.3011,NA,17412.63
2026-10-01 23:45:10,474,0.00543981481481481,141,10,2.290352,570.7783,NA,17412.83
2026-10-01 23:45:00,465,0.00532407407407407,141,10,2.270317,559.0637,NA,17415.51
2026-10-01 23:44:50,454,0.00520833333333333,141,10,2.271027,558.6844,NA,17417.93
2026-10-01 23:44:40,445,0.00509259259259259,141,10,2.259836,554.4578,NA,17417.34
2026-10-01 23:44:30,435,0.00497685185185185,141,10,2.262669,555.0526,NA,17416.37
2026-10-01 23:44:20,425,0.00486111111111111,141,10,2.261435,554.666,NA,17414.37
2026-10-01 23:44:10,415,0.00474537037037037,141,10,2.251084,550.5631,NA,17411.32
2026-10-01 23:44:00,405,0.00462962962962963,141,10,2.250292,551.1664,NA,17408.43
2026-10-01 23:43:50,395,0.00451388888888889,141,10,2.245623,550.4009,NA,17408.23
2026-10-01 23:43:40,385,0.00439814814814815,141,10,2.243054,547.8349,NA,17406.13
2026-10-01 23:43:30,375,0.00428240740740741,141,10,2.24467,551.9989,NA,17401.03
2026-10-01 23:43:20,365,0.00416666666666667,141,10,2.241568,550.2211,NA,17399.03
2026-10-01 23:43:10,355,0.00405092592592593,141,10,2.240723,548.1617,NA,17393.95
2026-10-01 23:43:00,345,0.00393518518518518,141,10,2.23823,547.9819,NA,17384.95
2026-10-01 23:42:50,335,0.00381944444444444,141,10,2.231283,547.7067,NA,17378.46
2026-10-01 23:42:40,325,0.0037037037037037,141,10,2.233171,548.6907,NA,17373.56
2026-10-01 23:42:30,315,0.00358796296296296,141,10,2.232872,550.9058,NA,17368.21
2026-10-01 23:42:20,305,0.00347222222222222,141,10,2.232036,550.0546,NA,17366.44
2026-10-01 23:42:10,295,0.00335648148148148,141,10,2.228015,546.5864,NA,17369.07
2026-10-01 23:42:00,285,0.00324074074074074,141,10,2.226306,547.2037,NA,17373.35
2026-10-01 23:41:50,275,0.003125,141,10,2.21537,543.178,NA,17377.63
2026-10-01 23:41:40,265,0.00300925925925926,141,10,2.212937,542.4595,NA,17380.87
2026-10-01 23:41:30,255,0.00289351851851852,141,10,2.208255,540.0691,NA,17384.71
2026-10-01 23:41:20,245,0.00277777777777778,141,10,2.211718,543.5437,NA,17390.83
2026-10-01 23:41:10,235,0.00266203703703704,141,10,2.200181,538.4777,NA,17396.14
2026-10-01 23:41:00,225,0.0025462962962963,141,10,2.19446,534.4626,NA,17397.52
2026-10-01 23:40:50,215,0.00243055555555556,141,10,2.191006,533.7963,NA,17398.47
2026-10-01 23:40:40,205,0.00231481481481481,141,10,2.193941,535.6935,NA,17399.48
2026-10-01 23:40:30,195,0.00219907407407407,141,10,2.191386,535.4104,NA,17401.1
2026-10-01 23:40:20,185,0.00208333333333333,141,10,2.19769,537.0844,NA,17405.57
2026-10-01 23:40:10,175,0.00196759259259259,141,10,2.193114,535.33,NA,17404.72
2026-10-01 23:40:00,165,0.00185185185185185,141,10,2.196759,536.4768,NA,17407.1
2026-10-01 23:39:50,155,0.00173611111111111,141,10,2.201369,538.8479,NA,17407.88
2026-10-01 23:39:40,145,0.00162037037037037,141,10,2.200455,539.2334,NA,17409.75
2026-10-01 23:39:30,135,0.00150462962962963,141,10,2.202224,539.0001,NA,17410.71
2026-10-01 23:39:20,125,0.00138888888888889,141,10,2.207239,541.7103,NA,17411.6
2026-10-01 23:39:10,115,0.00127314814814815,141,10,2.20908,543.7115,NA,17411.86
2026-10-01 23:39:00,105,0.00115740740740741,141,10,2.205586,544.2192,NA,17412.69
2026-10-01 23:38:50,95,0.00104166666666667,141,10,2.209054,546.6769,NA,17411.16
2026-10-01 23:38:40,85,0.000925925925925926,141,10,2.219383,550.7787,NA,17409.72
2026-10-01 23:38:30,75,0.000810185185185185,141,10,2.219469,550.7676,NA,17408.06
2026-10-01 23:38:20,65,0.000694444444444444,141,10,2.221656,553.5189,NA,17409.21
2026-10-01 23:38:10,54,0.000578703703703704,141,10,2.232797,558.3198,NA,17403.72
2026-10-01 23:38:00,45,0.000462962962962963,141,10,2.23063,559.9657,NA,17400.94
2026-10-01 23:37:50,35,0.000347222222222222,141,10,2.248898,569.8379,NA,17397.22
2026-10-01 23:37:40,25,0.000231481481481481,141,10,2.268569,581.5219,NA,17388.67
2026-10-01 23:37:30,15,0.000115740740740741,141,10,2.318752,623.1992,NA,17374.22
2026-10-01 23:37:20,5,0,141,10,2.344358,623.8201,NA,17360.17
2026-10-01 23:37:10,0,0.00694444444444444,140,7,2.33458,628.9641,NA,17344.11
2026-10-01 23:37:00,595,0.0068287037037037,140,7,2.261516,575.035,NA,17342.98
2026-10-01 23:36:50,585,0.00671296296296296,140,7,2.251545,571.1419,NA,17338.74
2026-10-01 23:36:40,575,0.00659722222222222,140,7,2.259146,570.6454,NA,17330.73
2026-10-01 23:36:30,565,0.00648148148148148,140,7,2.256533,567.8271,NA,17332.95
2026-10-01 23:36:20,555,0.00636574074074074,140,7,2.23869,566.2397,NA,17393.09
2026-10-01 23:36:10,545,0.00625,140,7,2.23085,568.9405,NA,17413.98
2026-10-01 23:36:00,535,0.00613425925925926,140,7,2.22817,567.8282,NA,17416.58
2026-10-01 23:35:50,525,0.00601851851851852,140,7,2.228632,568.2153,NA,17419.89
2026-10-01 23:35:40,515,0.00590277777777778,140,7,2.228302,568.8458,NA,17425.84
2026-10-01 23:35:30,505,0.00578703703703704,140,7,2.229917,570.6443,0.3550286,17429.43
2026-10-01 23:35:20,495,0.0056712962962963,140,7,2.235842,573.913,NA,17433.59
2026-10-01 23:35:10,485,0.00555555555555556,140,7,2.242414,578.7429,NA,17433.93
2026-10-01 23:35:00,475,0.00543981481481481,140,7,2.245903,581.8128,NA,17434.66
2026-10-01 23:34:50,465,0.00532407407407407,140,7,2.256437,587.3339,NA,17433.59
2026-10-01 23:34:40,454,0.00520833333333333,140,7,2.263391,591.5118,NA,17429.21
2026-10-01 23:34:30,444,0.00509259259259259,140,7,2.265858,593.8811,NA,17425.89
2026-10-01 23:34:20,434,0.00497685185185185,140,7,2.272254,598.8896,NA,17421.22
2026-10-01 23:34:10,425,0.00486111111111111,140,7,2.275467,600.5909,NA,17415.74
2026-10-01 23:34:00,415,0.00474537037037037,140,7,2.276071,597.53,NA,17414.19
2026-10-01 23:33:50,405,0.00462962962962963,140,7,2.272846,588.1083,NA,17413.9
2026-10-01 23:33:40,395,0.00451388888888889,140,7,2.256555,579.0677,NA,17417.72
2026-10-01 23:33:30,385,0.00439814814814815,140,7,2.239238,571.1408,NA,17422.65
2026-10-01 23:33:20,375,0.00428240740740741,140,7,2.227665,565.415,NA,17426.43
2026-10-01 23:33:10,365,0.00416666666666667,140,7,2.218293,559.324,NA,17431.07
2026-10-01 23:33:00,355,0.00405092592592593,140,7,2.208573,555.2391,NA,17442.01
2026-10-01 23:32:50,345,0.00393518518518518,140,7,2.213159,559.2902,NA,17447.63
2026-10-01 23:32:40,335,0.00381944444444444,140,7,2.215354,560.8895,NA,17451.45
2026-10-01 23:32:30,325,0.0037037037037037,140,7,2.214193,560.3348,NA,17453.48
2026-10-01 23:32:20,315,0.00358796296296296,140,7,2.219615,564.362,NA,17457.77
2026-10-01 23:32:10,305,0.00347222222222222,140,7,2.219634,563.7587,0.3559863,17454.99
2026-10-01 23:32:00,295,0.00335648148148148,140,7,2.222111,563.6998,NA,17454.36
2026-10-01 23:31:50,285,0.00324074074074074,140,7,2.214567,560.2034,NA,17452.86
2026-10-01 23:31:40,275,0.003125,140,7,2.203035,554.1322,NA,17452.68
2026-10-01 23:31:30,265,0.00300925925925926,140,7,2.202205,553.7258,NA,17454.02
2026-10-01 23:31:20,255,0.00289351851851852,140,7,2.200498,553.0052,NA,17453.05
2026-10-01 23:31:10,245,0.00277777777777778,140,7,2.199311,552.239,NA,17452.91
2026-10-01 23:31:00,235,0.00266203703703704,140,7,2.202677,555.1369,NA,17453.93
2026-10-01 23:30:50,225,0.0025462962962963,140,7,2.203849,556.3954,NA,17451.69
2026-10-01 23:30:40,215,0.00243055555555556,140,7,2.205754,556.2281,NA,17446.69
2026-10-01 23:30:30,205,0.00231481481481481,140,7,2.204223,556.4167,NA,17444.46
2026-10-01 23:30:20,195,0.00219907407407407,140,7,2.198622,551.3394,NA,17438.52
2026-10-01 23:30:10,185,0.00208333333333333,140,7,2.19578,548.7331,NA,17436.15
2026-10-01 23:30:00,175,0.00196759259259259,140,7,2.196795,550.7083,NA,17435.35
2026-10-01 23:29:50,165,0.00185185185185185,140,7,2.203502,555.9459,NA,17434.4
2026-10-01 23:29:40,155,0.00173611111111111,140,7,2.212283,563.1697,NA,17430.95
2026-10-01 23:29:30,145,0.00162037037037037,140,7,2.214258,564.7897,NA,17429.26
2026-10-01 23:29:20,135,0.00150462962962963,140,7,2.216698,568.2358,NA,17424.71
2026-10-01 23:29:10,125,0.00138888888888889,140,7,2.219999,568.942,NA,17417.87
2026-10-01 23:29:00,115,0.00127314814814815,140,7,2.218848,567.8716,NA,17412.09
2026-10-01 23:28:50,105,0.00115740740740741,140,7,2.214832,562.9261,NA,17406.7
2026-10-01 23:28:40,95,0.00104166666666667,140,7,2.206167,555.9411,NA,17407.28
2026-10-01 23:28:30,85,0.000925925925925926,140,7,2.20612,556.0435,NA,17405.81
2026-10-01 23:28:20,75,0.000810185185185185,140,7,2.201744,549.9771,NA,17402.15
2026-10-01 23:28:10,65,0.000694444444444444,140,7,2.202902,547.4967,NA,17400.5
2026-10-01 23:28:00,55,0.000578703703703704,140,7,2.206971,550.8255,NA,17398.37
2026-10-01 23:27:50,45,0.000462962962962963,140,7,2.208154,551.5337,NA,17392.18
2026-10-01 23:27:40,35,0.000347222222222222,140,7,2.215132,556.631,NA,17386.7
2026-10-01 23:27:30,24,0.000231481481481481,140,7,2.230794,565.6092,NA,17379.68
2026-10-01 23:27:20,15,0.000115740740740741,140,7,2.32726,614.2391,NA,17370.71
2026-10-01 23:27:10,5,0,140,7,2.30813,637.3695,NA,17360.47
2026-10-01 23:27:00,0,0.00694444444444444,139,1,2.325092,622.2109,NA,17336.89
2026-10-01 23:26:50,595,0.0068287037037037,139,1,2.301429,627.6107,NA,17333.61
2026-10-01 23:26:40,585,0.00671296296296296,139,1,2.248206,584.1999,NA,17336.19
2026-10-01 23:26:30,575,0.00659722222222222,139,1,2.238908,582.8354,NA,17343.4
2026-10-01 23:26:20,565,0.00648148148148148,139,1,2.249971,591.7114,NA,17364.38
2026-10-01 23:26:10,555,0.00636574074074074,139,1,2.254445,593.9037,NA,17501.85
2026-10-01 23:26:00,545,0.00625,139,1,2.275021,607.4478,NA,17535.88
2026-10-01 23:25:50,535,0.00613425925925926,139,1,2.275656,607.3359,NA,17536.91
2026-10-01 23:25:40,525,0.00601851851851852,139,1,2.272032,606.8307,NA,17536.76
2026-10-01 23:25:30,515,0.00590277777777778,139,1,2.270439,605.9817,NA,17538.57
2026-10-01 23:25:20,505,0.00578703703703704,139,1,2.268761,604.0344,NA,17538.46
2026-10-01 23:25:10,495,0.0056712962962963,139,1,2.2698,604.9196,NA,17537.21
2026-10-01 23:25:00,485,0.00555555555555556,139,1,2.269295,605.6792,NA,17540.6
2026-10-01 23:24:50,475,0.00543981481481481,139,1,2.268001,604.9429,NA,17544.32
2026-10-01 23:24:40,465,0.00532407407407407,139,1,2.26826,605.6213,NA,17543.46
2026-10-01 23:24:30,455,0.00520833333333333,139,1,2.269345,607.2308,NA,17540.04
2026-10-01 23:24:20,445,0.00509259259259259,139,1,2.271225,609.6674,NA,17535.58
2026-10-01 23:24:10,435,0.00497685185185185,139,1,2.271667,611.4911,NA,17530.93
2026-10-01 23:24:00,424,0.00486111111111111,139,1,2.2781,615.0272,NA,17522.63
2026-10-01 23:23:50,414,0.00474537037037037,139,1,2.283619,617.0054,NA,17515.73
2026-10-01 23:23:40,405,0.00462962962962963,139,1,2.287934,619.3755,NA,17512.55
2026-10-01 23:23:30,395,0.00451388888888889,139,1,2.290481,621.5195,NA,17517.96
2026-10-01 23:23:20,385,0.00439814814814815,139,1,2.289993,621.2429,NA,17520.21
2026-10-01 23:23:10,375,0.00428240740740741,139,1,2.291798,622.3976,NA,17521.45
2026-10-01 23:23:00,365,0.00416666666666667,139,1,2.286139,619.7298,NA,17522.82
2026-10-01 23:22:50,355,0.00405092592592593,139,1,2.275375,613.2147,NA,17520.46
2026-10-01 23:22:40,345,0.00393518518518518,139,1,2.269546,609.7313,NA,17522.48
2026-10-01 23:22:30,335,0.00381944444444444,139,1,2.267683,607.5728,NA,17525.5
2026-10-01 23:22:20,325,0.0037037037037037,139,1,2.266776,607.1619,0.3551858,17530.03
2026-10-01 23:22:10,315,0.00358796296296296,139,1,2.269286,609.8694,NA,17531.02
2026-10-01 23:22:00,305,0.00347222222222222,139,1,2.270182,610.5971,NA,17531.36
2026-10-01 23:21:50,295,0.00335648148148148,139,1,2.272361,614.3216,NA,17530.39
2026-10-01 23:21:40,285,0.00324074074074074,139,1,2.279835,620.0663,NA,17526.73
2026-10-01 23:21:30,275,0.003125,139,1,2.281756,621.3333,NA,17523.05
2026-10-01 23:21:20,265,0.00300925925925926,139,1,2.286021,626.5804,NA,17516.58
2026-10-01 23:21:10,255,0.00289351851851852,139,1,2.285246,625.7261,NA,17511.93
2026-10-01 23:21:00,245,0.00277777777777778,139,1,2.278428,620.1226,NA,17510.67
2026-10-01 23:20:50,235,0.00266203703703704,139,1,2.276561,619.3805,NA,17509.8
2026-10-01 23:20:40,225,0.0025462962962963,139,1,2.273488,616.5682,NA,17510.64
2026-10-01 23:20:30,215,0.00243055555555556,139,1,2.269687,613.7513,NA,17506.89
2026-10-01 23:20:20,205,0.00231481481481481,139,1,2.267508,611.9802,NA,17503.71
2026-10-01 23:20:10,195,0.00219907407407407,139,1,2.264529,606.6899,NA,17500.51
2026-10-01 23:20:00,185,0.00208333333333333,139,1,2.263183,609.8227,NA,17501.02
2026-10-01 23:19:50,175,0.00196759259259259,139,1,2.265573,609.7281,NA,17499.17
2026-10-01 23:19:40,165,0.00185185185185185,139,1,2.250672,599.172,NA,17494.32
2026-10-01 23:19:30,155,0.00173611111111111,139,1,2.235734,588.0345,NA,17489.36
2026-10-01 23:19:20,145,0.00162037037037037,139,1,2.233201,585.5223,NA,17485.87
2026-10-01 23:19:10,135,0.00150462962962963,139,1,2.223727,578.7541,NA,17481.48
2026-10-01 23:19:00,125,0.00138888888888889,139,1,2.220888,577.6486,NA,17477.43
2026-10-01 23:18:50,115,0.00127314814814815,139,1,2.220062,576.607,NA,17472.45
2026-10-01 23:18:40,105,0.00115740740740741,139,1,2.225105,578.9247,NA,17466.53
2026-10-01 23:18:30,95,0.00104166666666667,139,1,2.225114,578.9596,NA,17460.35
2026-10-01 23:18:20,85,0.000925925925925926,139,1,2.212329,568.8301,NA,17455.01
2026-10-01 23:18:10,75,0.000810185185185185,139,1,2.210231,565.0626,NA,17449.87
2026-10-01 23:18:00,65,0.000694444444444444,139,1,2.205774,558.8564,NA,17441.24
2026-10-01 23:17:50,55,0.000578703703703704,139,1,2.210093,558.5128,NA,17434.6
2026-10-01 23:17:40,45,0.000462962962962963,139,1,2.20849,555.5604,NA,17428.7
2026-10-01 23:17:30,35,0.000347222222222222,139,1,2.209672,556.9443,NA,17416.3
2026-10-01 23:17:20,25,0.000231481481481481,139,1,2.266521,582.7391,NA,17394.74
2026-10-01 23:17:10,15,0.000115740740740741,139,1,2.207733,612.7231,NA,17380.46
2026-10-01 23:17:00,5,0,139,1,2.180829,591.8679,NA,17366.41
2026-10-01 23:16:50,0,0.00694444444444444,138,6,2.180804,591.0427,NA,17344.53
2026-10-01 23:16:40,594,0.0068287037037037,138,6,2.176094,569.8832,NA,17338.38
2026-10-01 23:16:30,585,0.00671296296296296,138,6,2.180349,578.5192,NA,17334.57
2026-10-01 23:16:20,575,0.00659722222222222,138,6,2.179292,580.7228,NA,17329.18
2026-10-01 23:16:10,565,0.00648148148148148,138,6,2.168006,545.6666,NA,17349.92
2026-10-01 23:16:00,555,0.00636574074074074,138,6,2.175073,549.5876,NA,17496.31
2026-10-01 23:15:50,545,0.00625,138,6,2.184023,557.1865,NA,17522.54
2026-10-01 23:15:40,535,0.00613425925925926,138,6,2.189336,559.6509,NA,17525.28
2026-10-01 23:15:30,525,0.00601851851851852,138,6,2.192556,560.4995,NA,17525.28
2026-10-01 23:15:20,515,0.00590277777777778,138,6,2.191736,560.4805,NA,17524.75
2026-10-01 23:15:10,505,0.00578703703703704,138,6,2.195101,560.944,NA,17521.69
2026-10-01 23:15:00,495,0.0056712962962963,138,6,2.195932,562.0948,NA,17517.76
2026-10-01 23:14:50,485,0.00555555555555556,138,6,2.201123,565.6819,NA,17511.88
2026-10-01 23:14:40,475,0.00543981481481481,138,6,2.19565,560.6125,NA,17510.48
2026-10-01 23:14:30,465,0.00532407407407407,138,6,2.190816,556.737,NA,17512.75
2026-10-01 23:14:20,455,0.00520833333333333,138,6,2.195926,558.3464,NA,17511.2
2026-10-01 23:14:10,445,0.00509259259259259,138,6,2.183251,553.5925,NA,17508.96
2026-10-01 23:14:00,435,0.00497685185185185,138,6,2.181622,552.5278,NA,17507.9
2026-10-01 23:13:50,425,0.00486111111111111,138,6,2.181105,552.3812,NA,17510.58
2026-10-01 23:13:40,415,0.00474537037037037,138,6,2.180645,552.1442,NA,17511.85
2026-10-01 23:13:30,405,0.00462962962962963,138,6,2.179807,551.7352,NA,17514.58
2026-10-01 23:13:20,395,0.00451388888888889,138,6,2.181565,552.6577,NA,17516.41
2026-10-01 23:13:10,385,0.00439814814814815,138,6,2.183597,554.6038,NA,17513.66
2026-10-01 23:13:00,375,0.00428240740740741,138,6,2.18008,552.4255,NA,17511.71
2026-10-01 23:12:50,365,0.00416666666666667,138,6,2.180491,553.4498,NA,17510.35
2026-10-01 23:12:40,355,0.00405092592592593,138,6,2.183232,556.655,NA,17509.13
2026-10-01 23:12:30,345,0.00393518518518518,138,6,2.18858,560.5734,NA,17505.42
2026-10-01 23:12:20,335,0.00381944444444444,138,6,2.183643,561.8661,NA,17503.63
2026-10-01 23:12:10,325,0.0037037037037037,138,6,2.18413,563.8478,NA,17501.32
2026-10-01 23:12:00,315,0.00358796296296296,138,6,2.1852,565.8538,NA,17502.41
2026-10-01 23:11:50,305,0.00347222222222222,138,6,2.183777,564.1578,NA,17499.59
2026-10-01 23:11:40,295,0.00335648148148148,138,6,2.185907,565.876,NA,17496.39
2026-10-01 23:11:30,285,0.00324074074074074,138,6,2.18973,568.7499,NA,17491.61
2026-10-01 23:11:20,275,0.003125,138,6,2.188874,569.6596,NA,17488.98
2026-10-01 23:11:10,265,0.00300925925925926,138,6,2.189506,570.9848,NA,17487.13
2026-10-01 23:11:00,255,0.00289351851851852,138,6,2.188339,571.4135,NA,17483.69
2026-10-01 23:10:50,245,0.00277777777777778,138,6,2.187824,572.2285,NA,17482.33
2026-10-01 23:10:40,235,0.00266203703703704,138,6,2.186668,573.5834,NA,17477.37
2026-10-01 23:10:30,225,0.0025462962962963,138,6,2.187224,573.4768,NA,17471.03
2026-10-01 23:10:20,215,0.00243055555555556,138,6,2.189014,575.053,NA,17466.48
2026-10-01 23:10:10,205,0.00231481481481481,138,6,2.192106,576.8987,NA,17462.95
2026-10-01 23:10:00,195,0.00219907407407407,138,6,2.190375,576.2339,NA,17461.05
2026-10-01 23:09:50,185,0.00208333333333333,138,6,2.196641,577.2498,0.3568884,17458.15
2026-10-01 23:09:40,175,0.00196759259259259,138,6,2.200763,577.6534,NA,17454.76
2026-10-01 23:09:30,165,0.00185185185185185,138,6,2.207199,578.988,NA,17450.38
2026-10-01 23:09:20,155,0.00173611111111111,138,6,2.21147,582.549,NA,17443.95
2026-10-01 23:09:10,145,0.00162037037037037,138,6,2.213869,584.1265,NA,17436.47
2026-10-01 23:09:00,135,0.00150462962962963,138,6,2.213147,583.0952,NA,17428.37
2026-10-01 23:08:50,125,0.00138888888888889,138,6,2.212991,581.5047,NA,17418.07
2026-10-01 23:08:40,115,0.00127314814814815,138,6,2.216639,583.8959,NA,17405.91
2026-10-01 23:08:30,105,0.00115740740740741,138,6,2.215523,582.6661,NA,17397.32
2026-10-01 23:08:20,95,0.00104166666666667,138,6,2.2091,580.4367,NA,17385.07
2026-10-01 23:08:10,85,0.000925925925925926,138,6,2.194598,574.7919,NA,17371.38
2026-10-01 23:08:00,75,0.000810185185185185,138,6,2.198348,580.0937,NA,17356.8
2026-10-01 23:07:50,65,0.000694444444444444,138,6,2.240574,585.4655,NA,17337.68
2026-10-01 23:07:40,55,0.000578703703703704,138,6,2.368032,639.0513,NA,17318.39
2026-10-01 23:07:30,45,0.000462962962962963,138,6,2.41492,657.9973,NA,17293.49
2026-10-01 23:07:20,35,0.000347222222222222,138,6,2.182087,564.6384,NA,17260.69
2026-10-01 23:07:10,25,0.000231481481481481,138,6,2.181075,568.3665,NA,17212.9
2026-10-01 23:07:00,15,0.000115740740740741,138,6,2.187173,574.685,0.359135,17151.76
2026-10-01 23:06:50,5,0,138,6,2.256854,610.4983,NA,17228.96
2026-10-01 23:06:40,0,0.00694444444444444,137,3,2.242489,606.4815,NA,17220.19
2026-10-01 23:06:30,595,0.0068287037037037,137,3,2.240481,608.7708,NA,17224.55
2026-10-01 23:06:20,584,0.00671296296296296,137,3,2.244735,611.5416,NA,17232.45
2026-10-01 23:06:10,574,0.00659722222222222,137,3,2.232061,608.1942,NA,17245.38
2026-10-01 23:06:00,565,0.00648148148148148,137,3,2.260645,612.5576,NA,17311.21
2026-10-01 23:05:50,555,0.00636574074074074,137,3,2.239787,583.551,NA,17545.96
2026-10-01 23:05:40,545,0.00625,137,3,2.266058,600.7717,NA,17571.74
2026-10-01 23:05:30,535,0.00613425925925926,137,3,2.266364,598.8005,NA,17574.02
2026-10-01 23:05:20,525,0.00601851851851852,137,3,2.262954,593.409,NA,17576.57
2026-10-01 23:05:10,515,0.00590277777777778,137,3,2.261503,592.1194,NA,17579.46
2026-10-01 23:05:00,505,0.00578703703703704,137,3,2.250531,586.756,NA,17581.43
2026-10-01 23:04:50,495,0.0056712962962963,137,3,2.249478,586.8116,NA,17582.44
2026-10-01 23:04:40,485,0.00555555555555556,137,3,2.250615,586.8323,NA,17586.35
2026-10-01 23:04:30,475,0.00543981481481481,137,3,2.249858,586.3428,NA,17588.99
2026-10-01 23:04:20,465,0.00532407407407407,137,3,2.25416,588.8984,NA,17589.51
2026-10-01 23:04:10,455,0.00520833333333333,137,3,2.256952,591.712,NA,17590.05
2026-10-01 23:04:00,445,0.00509259259259259,137,3,2.257558,592.9426,NA,17590.85
2026-10-01 23:03:50,435,0.00497685185185185,137,3,2.258008,593.3037,NA,17590.04
2026-10-01 23:03:40,425,0.00486111111111111,137,3,2.253894,592.7318,NA,17588.71
2026-10-01 23:03:30,415,0.00474537037037037,137,3,2.259634,596.9632,NA,17588.24
2026-10-01 23:03:20,405,0.00462962962962963,137,3,2.267693,604.5678,NA,17589.97
2026-10-01 23:03:10,395,0.00451388888888889,137,3,2.26193,600.879,NA,17591.65
2026-10-01 23:03:00,385,0.00439814814814815,137,3,2.256744,597.58,NA,17593.62
2026-10-01 23:02:50,375,0.00428240740740741,137,3,2.255003,596.9571,0.3547838,17595.74
2026-10-01 23:02:40,365,0.00416666666666667,137,3,2.252448,595.7259,NA,17597.13
2026-10-01 23:02:30,354,0.00405092592592593,137,3,2.252044,595.4015,NA,17599.93
2026-10-01 23:02:20,345,0.00393518518518518,137,3,2.25132,595.4892,NA,17598.55
2026-10-01 23:02:10,335,0.00381944444444444,137,3,2.249626,593.4547,NA,17603.5
2026-10-01 23:02:00,325,0.0037037037037037,137,3,2.247121,592.1713,NA,17602.97
2026-10-01 23:01:50,315,0.00358796296296296,137,3,2.245334,590.2325,NA,17603.84
2026-10-01 23:01:40,305,0.00347222222222222,137,3,2.250822,592.8417,NA,17606.69
2026-10-01 23:01:30,295,0.00335648148148148,137,3,2.253833,592.6384,NA,17608.47
2026-10-01 23:01:20,285,0.00324074074074074,137,3,2.249371,592.1851,NA,17609.24
2026-10-01 23:01:10,275,0.003125,137,3,2.247671,592.296,0.356139,17610.36
2026-10-01 23:01:00,265,0.00300925925925926,137,3,2.242967,588.2323,NA,17608.85
2026-10-01 23:00:50,255,0.00289351851851852,137,3,2.241555,586.7965,NA,17607.05
2026-10-01 23:00:40,245,0.00277777777777778,137,3,2.239828,586.4741,NA,17603.65
2026-10-01 23:00:30,235,0.00266203703703704,137,3,2.236048,583.7844,NA,17603.13
2026-10-01 23:00:20,225,0.0025462962962963,137,3,2.240338,587.1392,NA,17603.2
2026-10-01 23:00:10,215,0.00243055555555556,137,3,2.241354,587.6603,NA,17603.31
2026-10-01 23:00:00,205,0.00231481481481481,137,3,2.238828,585.1357,NA,17605.88
2026-10-01 22:59:50,195,0.00219907407407407,137,3,2.228626,576.4974,NA,17607.45
2026-10-01 22:59:40,185,0.00208333333333333,137,3,2.198073,557.8122,NA,17609.32
2026-10-01 22:59:30,175,0.00196759259259259,137,3,2.178625,545.6301,NA,17609.44
2026-10-01 22:59:20,165,0.00185185185185185,137,3,2.16811,537.2968,NA,17609.65
2026-10-01 22:59:10,155,0.00173611111111111,137,3,2.154624,525.6477,NA,17610.99
2026-10-01 22:59:00,144,0.00162037037037037,137,3,2.15026,520.4857,NA,17608.62
2026-10-01 22:58:50,135,0.00150462962962963,137,3,2.147285,520.1077,NA,17608.3
2026-10-01 22:58:40,125,0.00138888888888889,137,3,2.147681,519.8413,NA,17608.76
2026-10-01 22:58:30,115,0.00127314814814815,137,3,2.145274,517.0613,NA,17610.65
2026-10-01 22:58:20,105,0.00115740740740741,137,3,2.146029,518.1689,NA,17611.06
2026-10-01 22:58:10,95,0.00104166666666667,137,3,2.145281,518.6153,NA,17610.65
2026-10-01 22:58:00,85,0.000925925925925926,137,3,2.146211,517.7633,NA,17607.22
2026-10-01 22:57:50,75,0.000810185185185185,137,3,2.148939,520.252,NA,17607.73
2026-10-01 22:57:40,65,0.000694444444444444,137,3,2.151129,521.0893,NA,17608.28
2026-10-01 22:57:30,55,0.000578703703703704,137,3,2.153918,522.0037,NA,17608.76
2026-10-01 22:57:20,45,0.000462962962962963,137,3,2.158322,523.9098,NA,17606.5
2026-10-01 22:57:10,35,0.000347222222222222,137,3,2.163352,524.4536,NA,17606.25
2026-10-01 22:57:00,25,0.000231481481481481,137,3,2.165575,526.2744,NA,17604.68
2026-10-01 22:56:50,15,0.000115740740740741,137,3,2.167118,526.2001,NA,17606.22
2026-10-01 22:56:40,5,0,137,3,2.182116,531.9273,NA,17601.47
2026-10-01 22:56:30,0,0.00694444444444444,136,12,2.298218,600.6912,NA,17599.87
2026-10-01 22:56:20,595,0.0068287037037037,136,12,2.44331,649.85,NA,17596.41
2026-10-01 22:56:10,585,0.00671296296296296,136,12,2.358552,651.374,NA,17594.04
2026-10-01 22:56:00,575,0.00659722222222222,136,12,2.196215,547.3879,NA,17598.73
2026-10-01 22:55:50,565,0.00648148148148148,136,12,2.198426,547.2222,NA,17608.43
2026-10-01 22:55:40,555,0.00636574074074074,136,12,2.205941,545.86,NA,17739.89
2026-10-01 22:55:30,544,0.00625,136,12,2.247844,534.109,NA,17843.57
2026-10-01 22:55:20,535,0.00613425925925926,136,12,2.293407,542.0321,NA,17843.08
2026-10-01 22:55:10,525,0.00601851851851852,136,12,2.359365,553.3821,NA,17843.03
2026-10-01 22:55:00,515,0.00590277777777778,136,12,2.356135,552.4628,NA,17842.26
2026-10-01 22:54:50,505,0.00578703703703704,136,12,2.353554,553.1711,NA,17841.76
2026-10-01 22:54:40,495,0.0056712962962963,136,12,2.351458,552.3575,NA,17839.66
2026-10-01 22:54:30,485,0.00555555555555556,136,12,2.348644,552.4255,NA,17838.37
2026-10-01 22:54:20,475,0.00543981481481481,136,12,2.346081,551.7607,NA,17838.83
2026-10-01 22:54:10,465,0.00532407407407407,136,12,2.342975,551.1605,NA,17837.85
2026-10-01 22:54:00,455,0.00520833333333333,136,12,2.339768,550.4054,NA,17838.12
2026-10-01 22:53:50,445,0.00509259259259259,136,12,2.336628,550.907,NA,17839.79
2026-10-01 22:53:40,435,0.00497685185185185,136,12,2.333975,550.0948,NA,17841.21
2026-10-01 22:53:30,425,0.00486111111111111,136,12,2.330914,550.058,NA,17843.73
2026-10-01 22:53:20,415,0.00474537037037037,136,12,2.327577,548.6494,NA,17842.36
2026-10-01 22:53:10,405,0.00462962962962963,136,12,2.32521,548.3371,NA,17844.04
2026-10-01 22:53:00,395,0.00451388888888889,136,12,2.321663,547.8309,NA,17844.27
2026-10-01 22:52:50,385,0.00439814814814815,136,12,2.319039,547.4296,NA,17840.2
2026-10-01 22:52:40,375,0.00428240740740741,136,12,2.316427,546.796,NA,17840.76
2026-10-01 22:52:30,365,0.00416666666666667,136,12,2.313237,546.5299,NA,17838.08
2026-10-01 22:52:20,355,0.00405092592592593,136,12,2.310328,545.0316,0.3552731,17836.74
2026-10-01 22:52:10,345,0.00393518518518518,136,12,2.3075,546.0961,NA,17835.11
2026-10-01 22:52:00,334,0.00381944444444444,136,12,2.304952,545.0566,0.355531,17835.18
2026-10-01 22:51:50,325,0.0037037037037037,136,12,2.3016,544.2462,NA,17836.61
2026-10-01 22:51:40,315,0.00358796296296296,136,12,2.299295,543.6778,NA,17835.46
2026-10-01 22:51:30,305,0.00347222222222222,136,12,2.295763,543.4412,NA,17838.54
2026-10-01 22:51:20,295,0.00335648148148148,136,12,2.293106,543.0124,NA,17839.83
2026-10-01 22:51:10,285,0.00324074074074074,136,12,2.289782,541.6177,NA,17843.99
2026-10-01 22:51:00,275,0.003125,136,12,2.286662,542.0271,NA,17843.85
2026-10-01 22:50:50,265,0.00300925925925926,136,12,2.284042,541.3403,NA,17843.21
2026-10-01 22:50:40,255,0.00289351851851852,136,12,2.281402,541.053,NA,17842.8
2026-10-01 22:50:30,245,0.00277777777777778,136,12,2.278942,541.3702,NA,17838.75
2026-10-01 22:50:20,235,0.00266203703703704,136,12,2.275826,541.537,NA,17839.01
2026-10-01 22:50:10,225,0.0025462962962963,136,12,2.273698,541.2298,NA,17838.19
2026-10-01 22:50:00,215,0.00243055555555556,136,12,2.271414,540.6016,NA,17837.93
2026-10-01 22:49:50,205,0.00231481481481481,136,12,2.267706,541.1735,NA,17838.05
2026-10-01 22:49:40,195,0.00219907407407407,136,12,2.274577,541.3796,NA,17837.09
2026-10-01 22:49:30,185,0.00208333333333333,136,12,2.272176,541.0317,NA,17833.12
2026-10-01 22:49:20,175,0.00196759259259259,136,12,2.223997,541.1821,NA,17830.9
2026-10-01 22:49:10,165,0.00185185185185185,136,12,2.202716,538.4659,NA,17833.3
2026-10-01 22:49:00,155,0.00173611111111111,136,12,2.178805,537.5609,NA,17831.37
2026-10-01 22:48:50,145,0.00162037037037037,136,12,2.165595,538.9243,NA,17834.08
2026-10-01 22:48:40,135,0.00150462962962963,136,12,2.166253,538.1159,NA,17833.23
2026-10-01 22:48:30,125,0.00138888888888889,136,12,2.168143,538.977,NA,17831.03
2026-10-01 22:48:20,114,0.00127314814814815,136,12,2.165344,532.0427,NA,17833.21
2026-10-01 22:48:10,105,0.00115740740740741,136,12,2.154584,522.8159,NA,17837.28
2026-10-01 22:48:00,95,0.00104166666666667,136,12,2.138691,513.6078,NA,17842.13
2026-10-01 22:47:50,85,0.000925925925925926,136,12,2.140991,516.0803,NA,17841.43
2026-10-01 22:47:40,75,0.000810185185185185,136,12,2.147063,518.2056,NA,17840.2
2026-10-01 22:47:30,65,0.000694444444444444,136,12,2.149534,517.0449,NA,17838.1
2026-10-01 22:47:20,55,0.000578703703703704,136,12,2.151361,517.0686,NA,17836.46
2026-10-01 22:47:10,45,0.000462962962962963,136,12,2.159671,517.3443,NA,17837.37
2026-10-01 22:47:00,35,0.000347222222222222,136,12,2.173836,517.8013,NA,17838.07
2026-10-01 22:46:50,25,0.000231481481481481,136,12,2.1559,517.7948,NA,17838.92
2026-10-01 22:46:40,15,0.000115740740740741,136,12,2.145525,517.6569,NA,17836.27
2026-10-01 22:46:30,5,0,136,12,2.142851,515.8093,NA,17813.83
2026-10-01 22:46:20,0,0.00694444444444444,135,9,2.144159,518.6434,NA,17765.4
2026-10-01 22:46:10,595,0.0068287037037037,135,9,2.145632,518.589,NA,17763.26
2026-10-01 22:46:00,585,0.00671296296296296,135,9,2.145753,519.2916,NA,17765.77
2026-10-01 22:45:50,575,0.00659722222222222,135,9,2.149407,521.6831,NA,17769.44
2026-10-01 22:45:40,565,0.00648148148148148,135,9,2.150852,521.1973,NA,17773
2026-10-01 22:45:30,555,0.00636574074074074,135,9,2.159896,526.1748,NA,17772.03
2026-10-01 22:45:20,545,0.00625,135,9,2.15931,525.6027,NA,17768.69
2026-10-01 22:45:10,535,0.00613425925925926,135,9,2.159685,526.3285,0.355331,17767.29
2026-10-01 22:45:00,524,0.00601851851851852,135,9,2.159915,525.2692,NA,17769.7
2026-10-01 22:44:50,514,0.00590277777777778,135,9,2.159723,524.3718,NA,17768.83
2026-10-01 22:44:40,505,0.00578703703703704,135,9,2.160629,524.842,NA,17768.27
2026-10-01 22:44:30,495,0.0056712962962963,135,9,2.163791,527.4092,NA,17769.79
2026-10-01 22:44:20,485,0.00555555555555556,135,9,2.164444,528.2805,NA,17769.61
2026-10-01 22:44:10,475,0.00543981481481481,135,9,2.161298,525.7806,NA,17767.57
2026-10-01 22:44:00,465,0.00532407407407407,135,9,2.160681,525.5192,NA,17765.26
2026-10-01 22:43:50,455,0.00520833333333333,135,9,2.16204,526.2106,NA,17765.13
2026-10-01 22:43:40,445,0.00509259259259259,135,9,2.161806,525.9922,NA,17765.08
2026-10-01 22:43:30,435,0.00497685185185185,135,9,2.162192,526.5019,NA,17761.85
2026-10-01 22:43:20,425,0.00486111111111111,135,9,2.160794,528.1412,NA,17759.94
2026-10-01 22:43:10,415,0.00474537037037037,135,9,2.159067,526.8163,NA,17754.54
2026-10-01 22:43:00,405,0.00462962962962963,135,9,2.157612,527.6686,NA,17751.72
2026-10-01 22:42:50,395,0.00451388888888889,135,9,2.157595,529.5126,NA,17749.54
2026-10-01 22:42:40,385,0.00439814814814815,135,9,2.157933,529.7559,NA,17751.8
2026-10-01 22:42:30,375,0.00428240740740741,135,9,2.15882,529.7618,NA,17751.56
2026-10-01 22:42:20,365,0.00416666666666667,135,9,2.15801,529.8972,NA,17748.95
2026-10-01 22:42:10,355,0.00405092592592593,135,9,2.157889,529.7731,NA,17744.59
2026-10-01 22:42:00,345,0.00393518518518518,135,9,2.156486,529.1145,NA,17741.1
2026-10-01 22:41:50,335,0.00381944444444444,135,9,2.157806,529.548,NA,17734.16
2026-10-01 22:41:40,325,0.0037037037037037,135,9,2.15783,529.6954,NA,17734.09
2026-10-01 22:41:30,315,0.00358796296296296,135,9,2.157758,530.5372,NA,17731.17
2026-10-01 22:41:20,304,0.00347222222222222,135,9,2.157122,528.9719,NA,17726.42
2026-10-01 22:41:10,295,0.00335648148148148,135,9,2.155063,526.6023,0.3553112,17719.45
2026-10-01 22:41:00,285,0.00324074074074074,135,9,2.15381,526.2505,NA,17716.76
2026-10-01 22:40:50,275,0.003125,135,9,2.15229,524.2328,NA,17712.41
2026-10-01 22:40:40,265,0.00300925925925926,135,9,2.151634,523.6211,NA,17710.46
2026-10-01 22:40:30,255,0.00289351851851852,135,9,2.151213,523.9575,NA,17705.45
2026-10-01 22:40:20,245,0.00277777777777778,135,9,2.151593,523.6423,NA,17703.09
2026-10-01 22:40:10,235,0.00266203703703704,135,9,2.149716,522.7848,NA,17702.32
2026-10-01 22:40:00,225,0.0025462962962963,135,9,2.152002,524.1092,NA,17700.73
2026-10-01 22:39:50,215,0.00243055555555556,135,9,2.151859,525.0774,NA,17696.4
2026-10-01 22:39:40,205,0.00231481481481481,135,9,2.152766,525.052,0.3557191,17690.46
2026-10-01 22:39:30,195,0.00219907407407407,135,9,2.150966,523.7294,NA,17684.99
2026-10-01 22:39:20,185,0.00208333333333333,135,9,2.148958,522.1927,NA,17681.99
2026-10-01 22:39:10,175,0.00196759259259259,135,9,2.149267,521.8322,NA,17676.37
2026-10-01 22:39:00,165,0.00185185185185185,135,9,2.150725,522.9177,NA,17674.03
2026-10-01 22:38:50,155,0.00173611111111111,135,9,2.148896,522.5074,NA,17670.26
2026-10-01 22:38:40,145,0.00162037037037037,135,9,2.14941,522.4166,NA,17670.22
2026-10-01 22:38:30,135,0.00150462962962963,135,9,2.147639,521.6404,NA,17664.81
2026-10-01 22:38:20,125,0.00138888888888889,135,9,2.145409,520.4095,NA,17658.4
2026-10-01 22:38:10,115,0.00127314814814815,135,9,2.146194,520.8734,NA,17652.09
2026-10-01 22:38:00,105,0.00115740740740741,135,9,2.144497,520.8441,NA,17640.98
2026-10-01 22:37:50,94,0.00104166666666667,135,9,2.144892,521.6581,NA,17636.21
2026-10-01 22:37:40,85,0.000925925925925926,135,9,2.144798,521.5286,NA,17625.12
2026-10-01 22:37:30,75,0.000810185185185185,135,9,2.147448,522.7273,NA,17607.18
2026-10-01 22:37:20,65,0.000694444444444444,135,9,2.148325,521.853,NA,17587.66
2026-10-01 22:37:10,55,0.000578703703703704,135,9,2.146101,518.597,NA,17567.74
2026-10-01 22:37:00,45,0.000462962962962963,135,9,2.144999,516.8717,NA,17547.55
2026-10-01 22:36:50,35,0.000347222222222222,135,9,2.14457,516.3972,NA,17523.12
2026-10-01 22:36:40,25,0.000231481481481481,135,9,2.20044,545.9722,NA,17483.18
2026-10-01 22:36:30,15,0.000115740740740741,135,9,2.188548,574.6246,NA,17424.15
2026-10-01 22:36:20,5,0,135,9,2.152173,528.4778,NA,17371.73
2026-10-01 22:36:10,0,0.00694444444444444,134,5,2.152992,530.7126,NA,17350.67
2026-10-01 22:36:00,595,0.0068287037037037,134,5,2.155176,532.4786,NA,17344.45
2026-10-01 22:35:50,585,0.00671296296296296,134,5,2.159448,536.0381,0.3539686,17335.77
2026-10-01 22:35:40,575,0.00659722222222222,134,5,2.164634,539.9014,NA,17321.25
2026-10-01 22:35:30,565,0.00648148148148148,134,5,2.165356,541.1204,NA,17335.34
2026-10-01 22:35:20,555,0.00636574074074074,134,5,2.161335,533.3148,NA,17399.06
2026-10-01 22:35:10,545,0.00625,134,5,2.153961,527.9694,0.354061,17416.42
2026-10-01 22:35:00,535,0.00613425925925926,134,5,2.153833,527.912,NA,17416.52
2026-10-01 22:34:50,525,0.00601851851851852,134,5,2.15296,527.1697,NA,17415.5
2026-10-01 22:34:40,515,0.00590277777777778,134,5,2.153337,527.2961,NA,17417.06
2026-10-01 22:34:30,505,0.00578703703703704,134,5,2.15273,527.1663,NA,17415.23
2026-10-01 22:34:20,494,0.0056712962962963,134,5,2.15282,528.4609,NA,17414.47
2026-10-01 22:34:10,485,0.00555555555555556,134,5,2.153765,528.1401,NA,17412.81
2026-10-01 22:34:00,475,0.00543981481481481,134,5,2.154246,528.5627,NA,17411.34
2026-10-01 22:33:50,465,0.00532407407407407,134,5,2.154549,529.4998,NA,17408.8
2026-10-01 22:33:40,455,0.00520833333333333,134,5,2.156771,531.3691,NA,17408.57
2026-10-01 22:33:30,445,0.00509259259259259,134,5,2.159064,533.1003,NA,17404.83
2026-10-01 22:33:20,435,0.00497685185185185,134,5,2.161011,534.8927,NA,17399.8
2026-10-01 22:33:10,425,0.00486111111111111,134,5,2.161451,535.4501,NA,17397.88
2026-10-01 22:33:00,415,0.00474537037037037,134,5,2.157116,532.1243,NA,17394.48
2026-10-01 22:32:50,405,0.00462962962962963,134,5,2.155863,531.3345,NA,17394.13
2026-10-01 22:32:40,395,0.00451388888888889,134,5,2.15534,531.1299,NA,17391.35
2026-10-01 22:32:30,385,0.00439814814814815,134,5,2.157935,531.3315,NA,17391.61
2026-10-01 22:32:20,375,0.00428240740740741,134,5,2.15779,530.5528,NA,17388.42
2026-10-01 22:32:10,365,0.00416666666666667,134,5,2.157503,531.18,NA,17390.15
2026-10-01 22:32:00,355,0.00405092592592593,134,5,2.159438,532.0013,NA,17389.57
2026-10-01 22:31:50,345,0.00393518518518518,134,5,2.158949,530.9329,NA,17388.08
2026-10-01 22:31:40,335,0.00381944444444444,134,5,2.158806,530.8904,NA,17389.11
2026-10-01 22:31:30,325,0.0037037037037037,134,5,2.15692,531.0178,NA,17391.9
2026-10-01 22:31:20,315,0.00358796296296296,134,5,2.153863,529.2578,NA,17390.78
2026-10-01 22:31:10,305,0.00347222222222222,134,5,2.153442,529.1166,NA,17387.45
2026-10-01 22:31:00,295,0.00335648148148148,134,5,2.152987,528.8508,NA,17387.9
2026-10-01 22:30:50,285,0.00324074074074074,134,5,2.15279,528.5491,NA,17386.57
2026-10-01 22:30:40,274,0.003125,134,5,2.154228,529.6813,NA,17383.58
2026-10-01 22:30:30,265,0.00300925925925926,134,5,2.154065,530.1252,NA,17383.46
2026-10-01 22:30:20,255,0.00289351851851852,134,5,2.154,530.2382,NA,17383.23
2026-10-01 22:30:10,245,0.00277777777777778,134,5,2.154227,529.8538,NA,17382.77
2026-10-01 22:30:00,235,0.00266203703703704,134,5,2.154218,529.9228,NA,17381.2
2026-10-01 22:29:50,225,0.0025462962962963,134,5,2.153318,529.6183,NA,17376.66
2026-10-01 22:29:40,215,0.00243055555555556,134,5,2.152325,527.9276,NA,17377
2026-10-01 22:29:30,205,0.00231481481481481,134,5,2.152597,527.9682,NA,17375.12
2026-10-01 22:29:20,195,0.00219907407407407,134,5,2.15334,529.1165,NA,17373.78
2026-10-01 22:29:10,185,0.00208333333333333,134,5,2.152306,527.5443,NA,17372
2026-10-01 22:29:00,175,0.00196759259259259,134,5,2.151653,526.2848,0.3559856,17373.41
2026-10-01 22:28:50,165,0.00185185185185185,134,5,2.150566,525.8932,NA,17371.37
2026-10-01 22:28:40,155,0.00173611111111111,134,5,2.15181,526.881,NA,17370.82
2026-10-01 22:28:30,145,0.00162037037037037,134,5,2.15236,527.5582,NA,17367.97
2026-10-01 22:28:20,135,0.00150462962962963,134,5,2.152964,528.1644,NA,17365.01
2026-10-01 22:28:10,125,0.00138888888888889,134,5,2.154343,527.9987,NA,17363.62
2026-10-01 22:28:00,115,0.00127314814814815,134,5,2.154591,527.7659,NA,17363.69
2026-10-01 22:27:50,105,0.00115740740740741,134,5,2.155204,528.2867,NA,17361.14
2026-10-01 22:27:40,95,0.00104166666666667,134,5,2.156646,528.781,NA,17363.28
2026-10-01 22:27:30,85,0.000925925925925926,134,5,2.156984,528.8217,NA,17365.18
2026-10-01 22:27:20,74,0.000810185185185185,134,5,2.157522,528.4526,NA,17366.8
2026-10-01 22:27:10,64,0.000694444444444444,134,5,2.158208,527.9427,NA,17369.05
2026-10-01 22:27:00,55,0.000578703703703704,134,5,2.153863,526.4016,NA,17372.52
2026-10-01 22:26:50,45,0.000462962962962963,134,5,2.152224,524.3775,0.3542824,17376.15
2026-10-01 22:26:40,35,0.000347222222222222,134,5,2.153962,525.1213,0.3548342,17381.86
2026-10-01 22:26:30,25,0.000231481481481481,134,5,2.16146,529.1636,NA,17385.98
2026-10-01 22:26:20,15,0.000115740740740741,134,5,2.201277,550.7443,NA,17386.75
2026-10-01 22:26:10,5,0,134,5,2.27072,590.6461,NA,17407.1
2026-10-01 22:26:00,0,0.00694444444444444,133,8,2.27761,566.5374,NA,17402.24
2026-10-01 22:25:50,595,0.0068287037037037,133,8,2.299366,554.3328,NA,17413.27
2026-10-01 22:25:40,584,0.00671296296296296,133,8,2.273305,540.1918,NA,17427.37
2026-10-01 22:25:30,574,0.00659722222222222,133,8,2.25838,540.2991,NA,17462.36
2026-10-01 22:25:20,564,0.00648148148148148,133,8,2.26064,540.8879,NA,17542.17
2026-10-01 22:25:10,554,0.00636574074074074,133,8,2.273912,539.86,NA,17766.38
2026-10-01 22:25:00,544,0.00625,133,8,2.285658,534.6815,NA,17798.66
2026-10-01 22:24:50,534,0.00613425925925926,133,8,2.298177,533.7159,NA,17801.33
2026-10-01 22:24:40,524,0.00601851851851852,133,8,2.298746,533.4783,NA,17800.41
2026-10-01 22:24:30,514,0.00590277777777778,133,8,2.311175,534.0027,NA,17796.32
2026-10-01 22:24:20,504,0.00578703703703704,133,8,2.269197,530.7121,NA,17793.51
2026-10-01 22:24:10,494,0.0056712962962963,133,8,2.268074,531.3976,NA,17792.51
2026-10-01 22:24:00,484,0.00555555555555556,133,8,2.325957,534.5211,NA,17794.68
2026-10-01 22:23:50,474,0.00543981481481481,133,8,2.272486,529.9892,NA,17797.32
2026-10-01 22:23:40,464,0.00532407407407407,133,8,2.280795,530.8408,NA,17799.26
2026-10-01 22:23:30,454,0.00520833333333333,133,8,2.280112,530.0297,NA,17799.66
2026-10-01 22:23:20,444,0.00509259259259259,133,8,2.271503,530.1093,NA,17800.8
2026-10-01 22:23:10,434,0.00497685185185185,133,8,2.286455,530.4024,NA,17798.46
2026-10-01 22:23:00,424,0.00486111111111111,133,8,2.265474,530.017,NA,17795.88
2026-10-01 22:22:50,414,0.00474537037037037,133,8,2.265406,530.2377,NA,17795.17
2026-10-01 22:22:40,404,0.00462962962962963,133,8,2.261127,530.0551,NA,17795.92
2026-10-01 22:22:30,394,0.00451388888888889,133,8,2.270826,530.7475,NA,17794.4
2026-10-01 22:22:20,384,0.00439814814814815,133,8,2.258708,530.2919,NA,17794.04
2026-10-01 22:22:10,374,0.00428240740740741,133,8,2.239033,529.0374,NA,17793.53
2026-10-01 22:22:00,364,0.00416666666666667,133,8,2.274142,531.2946,NA,17793.35
2026-10-01 22:21:50,354,0.00405092592592593,133,8,2.243299,527.2866,NA,17794.24
2026-10-01 22:21:40,344,0.00393518518518518,133,8,2.235148,525.593,NA,17793.73
2026-10-01 22:21:30,334,0.00381944444444444,133,8,2.276724,527.3499,NA,17789.94
2026-10-01 22:21:20,324,0.0037037037037037,133,8,2.244003,524.3342,NA,17790.44
2026-10-01 22:21:10,314,0.00358796296296296,133,8,2.222113,523.7347,NA,17789.63
2026-10-01 22:21:00,304,0.00347222222222222,133,8,2.209965,524.0642,NA,17788.41
2026-10-01 22:20:50,295,0.00335648148148148,133,8,2.210585,524.3917,NA,17787.93
2026-10-01 22:20:40,284,0.00324074074074074,133,8,2.216495,525.298,NA,17786.35
2026-10-01 22:20:30,274,0.003125,133,8,2.252212,528.3633,NA,17785.65
2026-10-01 22:20:20,264,0.00300925925925926,133,8,2.222059,525.2059,NA,17783.19
2026-10-01 22:20:10,254,0.00289351851851852,133,8,2.237349,530.1957,NA,17782.51
2026-10-01 22:20:00,244,0.00277777777777778,133,8,2.211027,529.3767,NA,17780.99
2026-10-01 22:19:50,234,0.00266203703703704,133,8,2.20013,527.3673,NA,17780.42
2026-10-01 22:19:40,224,0.0025462962962963,133,8,2.232805,529.5682,NA,17778.47
2026-10-01 22:19:30,214,0.00243055555555556,133,8,2.223869,526.8495,NA,17771.76
2026-10-01 22:19:20,204,0.00231481481481481,133,8,2.239186,528.6672,NA,17767.65
2026-10-01 22:19:10,194,0.00219907407407407,133,8,2.209456,525.3408,NA,17762.08
2026-10-01 22:19:00,184,0.00208333333333333,133,8,2.232848,526.8949,NA,17757.37
2026-10-01 22:18:50,174,0.00196759259259259,133,8,2.216247,524.8036,NA,17754.92
2026-10-01 22:18:40,164,0.00185185185185185,133,8,2.211125,523.476,NA,17752.96
2026-10-01 22:18:30,154,0.00173611111111111,133,8,2.238569,525.7955,NA,17749.33
2026-10-01 22:18:20,144,0.00162037037037037,133,8,2.197333,523.3011,NA,17745.17
2026-10-01 22:18:10,134,0.00150462962962963,133,8,2.238613,526.2255,NA,17744.61
2026-10-01 22:18:00,124,0.00138888888888889,133,8,2.222974,525.6144,NA,17742.71
2026-10-01 22:17:50,114,0.00127314814814815,133,8,2.212994,524.049,NA,17738.87
2026-10-01 22:17:40,104,0.00115740740740741,133,8,2.231922,524.7576,NA,17732.48
2026-10-01 22:17:30,94,0.00104166666666667,133,8,2.242845,525.7647,NA,17724.83
2026-10-01 22:17:20,84,0.000925925925925926,133,8,2.239362,525.82,NA,17716.75
2026-10-01 22:17:10,74,0.000810185185185185,133,8,2.239766,527.1464,NA,17707.97
2026-10-01 22:17:00,64,0.000694444444444444,133,8,2.213043,526.3759,NA,17703.52
2026-10-01 22:16:50,54,0.000578703703703704,133,8,2.192496,528.8624,NA,17697.27
2026-10-01 22:16:40,44,0.000462962962962963,133,8,2.196673,531.5743,NA,17692.29
2026-10-01 22:16:30,34,0.000347222222222222,133,8,2.228665,535.4904,NA,17683.04
2026-10-01 22:16:20,24,0.000231481481481481,133,8,2.292715,566.1588,NA,17669.47
2026-10-01 22:16:10,14,0.000115740740740741,133,8,2.281162,547.6526,NA,17659.51
2026-10-01 22:16:00,4,0,133,8,2.219924,536.7347,NA,17642.62
2026-10-01 22:15:50,0,0.00694444444444444,132,4,2.224658,536.7714,NA,17623.11
2026-10-01 22:15:40,594,0.0068287037037037,132,4,2.232285,537.8428,NA,17622.57
2026-10-01 22:15:30,584,0.00671296296296296,132,4,2.251534,539.8814,0.356972,17622.68
2026-10-01 22:15:20,574,0.00659722222222222,132,4,2.260471,539.4222,NA,17628.51
2026-10-01 22:15:10,564,0.00648148148148148,132,4,2.261498,540.0485,NA,17646.06
2026-10-01 22:15:00,554,0.00636574074074074,132,4,2.257147,537.8156,NA,17777.24
2026-10-01 22:14:50,544,0.00625,132,4,2.165561,528.0878,NA,17857.12
2026-10-01 22:14:40,534,0.00613425925925926,132,4,2.165257,526.4529,NA,17854.7
2026-10-01 22:14:30,524,0.00601851851851852,132,4,2.167507,526.8029,NA,17854.8
2026-10-01 22:14:20,514,0.00590277777777778,132,4,2.16806,527.6614,NA,17851.35
2026-10-01 22:14:10,504,0.00578703703703704,132,4,2.172986,531.6718,NA,17848.9
2026-10-01 22:14:00,494,0.0056712962962963,132,4,2.171473,531.2004,NA,17847.2
2026-10-01 22:13:50,484,0.00555555555555556,132,4,2.172702,532.2864,NA,17845.87
2026-10-01 22:13:40,474,0.00543981481481481,132,4,2.174278,533.9747,NA,17842.71
2026-10-01 22:13:30,464,0.00532407407407407,132,4,2.171486,531.7261,NA,17839.01
2026-10-01 22:13:20,454,0.00520833333333333,132,4,2.169438,529.8513,NA,17833.83
2026-10-01 22:13:10,444,0.00509259259259259,132,4,2.167734,528.4559,NA,17832.12
2026-10-01 22:13:00,434,0.00497685185185185,132,4,2.173558,533.4067,NA,17829.18
2026-10-01 22:12:50,424,0.00486111111111111,132,4,2.172897,531.5532,NA,17828
2026-10-01 22:12:40,414,0.00474537037037037,132,4,2.173034,532.7656,NA,17826.44
2026-10-01 22:12:30,404,0.00462962962962963,132,4,2.175718,534.7115,NA,17825.09
2026-10-01 22:12:20,394,0.00451388888888889,132,4,2.16819,527.5422,NA,17827.79
2026-10-01 22:12:10,384,0.00439814814814815,132,4,2.167322,527.5845,NA,17826.56
2026-10-01 22:12:00,374,0.00428240740740741,132,4,2.166412,526.2606,NA,17828.69
2026-10-01 22:11:50,364,0.00416666666666667,132,4,2.165991,526.6081,NA,17832.78
2026-10-01 22:11:40,354,0.00405092592592593,132,4,2.164991,525.993,NA,17829.12
2026-10-01 22:11:30,344,0.00393518518518518,132,4,2.167737,528.1146,NA,17829.05
2026-10-01 22:11:20,334,0.00381944444444444,132,4,2.169218,529.8161,NA,17826.54
2026-10-01 22:11:10,324,0.0037037037037037,132,4,2.167803,528.9019,NA,17827.29
2026-10-01 22:11:00,314,0.00358796296296296,132,4,2.167297,528.2935,NA,17825.74
2026-10-01 22:10:50,305,0.00347222222222222,132,4,2.166818,528.0729,NA,17824.59
2026-10-01 22:10:40,294,0.00335648148148148,132,4,2.169583,531.3168,NA,17823.34
2026-10-01 22:10:30,284,0.00324074074074074,132,4,2.166027,528.6801,NA,17818.66
2026-10-01 22:10:20,274,0.003125,132,4,2.16124,524.8856,0.355915,17816.28
2026-10-01 22:10:10,264,0.00300925925925926,132,4,2.162787,525.9462,0.3557187,17816.56
2026-10-01 22:10:00,254,0.00289351851851852,132,4,2.163582,526.7327,NA,17817.05
2026-10-01 22:09:50,244,0.00277777777777778,132,4,2.163495,526.5046,NA,17816.55
2026-10-01 22:09:40,234,0.00266203703703704,132,4,2.166739,529.2465,NA,17815.04
2026-10-01 22:09:30,224,0.0025462962962963,132,4,2.167984,530.9408,NA,17811.94
2026-10-01 22:09:20,214,0.00243055555555556,132,4,2.171147,534.4575,NA,17805.52
2026-10-01 22:09:10,204,0.00231481481481481,132,4,2.180129,541.4633,NA,17799.79
2026-10-01 22:09:00,194,0.00219907407407407,132,4,2.181092,543.0659,NA,17791.93
2026-10-01 22:08:50,184,0.00208333333333333,132,4,2.182929,544.7792,NA,17785.3
2026-10-01 22:08:40,174,0.00196759259259259,132,4,2.175532,537.1066,NA,17779.63
2026-10-01 22:08:30,164,0.00185185185185185,132,4,2.171422,534.509,NA,17775.25
2026-10-01 22:08:20,154,0.00173611111111111,132,4,2.172108,535.2211,NA,17771.24
2026-10-01 22:08:10,144,0.00162037037037037,132,4,2.175579,539.1934,NA,17764.34
2026-10-01 22:08:00,134,0.00150462962962963,132,4,2.177055,541.4543,NA,17758.31
2026-10-01 22:07:50,124,0.00138888888888889,132,4,2.182893,546.0233,NA,17748.95
2026-10-01 22:07:40,114,0.00127314814814815,132,4,2.18553,549.4601,NA,17738.95
2026-10-01 22:07:30,104,0.00115740740740741,132,4,2.189248,552.9434,NA,17728.94
2026-10-01 22:07:20,94,0.00104166666666667,132,4,2.188132,549.849,NA,17717.67
2026-10-01 22:07:10,84,0.000925925925925926,132,4,2.179363,543.4106,NA,17706.46
2026-10-01 22:07:00,74,0.000810185185185185,132,4,2.185266,548.1404,NA,17693.92
2026-10-01 22:06:50,64,0.000694444444444444,132,4,2.185441,547.4326,NA,17680.29
2026-10-01 22:06:40,54,0.000578703703703704,132,4,2.188231,551.3212,NA,17669.9
2026-10-01 22:06:30,44,0.000462962962962963,132,4,2.187962,550.1818,NA,17659.4
2026-10-01 22:06:20,34,0.000347222222222222,132,4,2.188227,549.4444,NA,17643.94
2026-10-01 22:06:10,24,0.000231481481481481,132,4,2.204139,558.1135,NA,17616.02
2026-10-01 22:06:00,14,0.000115740740740741,132,4,2.200855,565.7576,NA,17582.3
2026-10-01 22:05:50,4,0,132,4,2.229091,561.6469,NA,17563.46
2026-10-01 22:05:40,0,0.00694444444444444,131,11,2.223818,595.4264,NA,17545.15
2026-10-01 22:05:30,594,0.0068287037037037,131,11,2.404483,569.0304,NA,17542.52
2026-10-01 22:05:20,584,0.00671296296296296,131,11,2.218081,584.0413,NA,17538.27
2026-10-01 22:05:10,574,0.00659722222222222,131,11,2.192533,544.6215,NA,17537.81
2026-10-01 22:05:00,564,0.00648148148148148,131,11,2.192848,544.2509,NA,17546.46
2026-10-01 22:04:50,554,0.00636574074074074,131,11,2.193902,541.9258,NA,17661.64
2026-10-01 22:04:40,544,0.00625,131,11,2.208045,544.2589,NA,17753.38
2026-10-01 22:04:30,534,0.00613425925925926,131,11,2.206398,543.7544,NA,17754.29
2026-10-01 22:04:20,524,0.00601851851851852,131,11,2.206079,544.5766,NA,17755.48
2026-10-01 22:04:10,514,0.00590277777777778,131,11,2.206845,545.0953,NA,17758.8
2026-10-01 22:04:00,504,0.00578703703703704,131,11,2.206713,547.3015,NA,17758
2026-10-01 22:03:50,494,0.0056712962962963,131,11,2.206462,547.8575,NA,17755.54
2026-10-01 22:03:40,484,0.00555555555555556,131,11,2.206644,546.8453,NA,17754.93
2026-10-01 22:03:30,474,0.00543981481481481,131,11,2.206452,547.062,NA,17756.07
2026-10-01 22:03:20,464,0.00532407407407407,131,11,2.203546,545.1388,NA,17756.46
2026-10-01 22:03:10,454,0.00520833333333333,131,11,2.204236,544.9834,NA,17757.81
2026-10-01 22:03:00,444,0.00509259259259259,131,11,2.205372,548.1915,NA,17757.63
2026-10-01 22:02:50,434,0.00497685185185185,131,11,2.20152,544.6603,NA,17761.36
2026-10-01 22:02:40,424,0.00486111111111111,131,11,2.197418,542.052,NA,17765.29
2026-10-01 22:02:30,414,0.00474537037037037,131,11,2.194984,541.9789,NA,17766.42
2026-10-01 22:02:20,404,0.00462962962962963,131,11,2.194061,540.0422,NA,17766.02
2026-10-01 22:02:10,394,0.00451388888888889,131,11,2.192186,539.0482,NA,17767.36
2026-10-01 22:02:00,384,0.00439814814814815,131,11,2.192822,537.6747,NA,17768.22
2026-10-01 22:01:50,374,0.00428240740740741,131,11,2.192668,538.5786,NA,17769.17
2026-10-01 22:01:40,364,0.00416666666666667,131,11,2.194348,541.7653,NA,17771.25
2026-10-01 22:01:30,354,0.00405092592592593,131,11,2.190371,539.7828,NA,17773.02
2026-10-01 22:01:20,344,0.00393518518518518,131,11,2.187541,540.1138,NA,17774.42
2026-10-01 22:01:10,334,0.00381944444444444,131,11,2.193499,542.6985,NA,17772.39
2026-10-01 22:01:00,324,0.0037037037037037,131,11,2.200157,546.2212,NA,17774.36
2026-10-01 22:00:50,315,0.00358796296296296,131,11,2.198768,546.5853,0.3563643,17777.39
2026-10-01 22:00:40,304,0.00347222222222222,131,11,2.197188,545.811,NA,17779.04
2026-10-01 22:00:30,294,0.00335648148148148,131,11,2.19525,544.016,NA,17780.94
2026-10-01 22:00:20,284,0.00324074074074074,131,11,2.1926,544.303,0.3557475,17786.13
2026-10-01 22:00:10,274,0.003125,131,11,2.187923,542.5237,NA,17788.67
2026-10-01 22:00:00,264,0.00300925925925926,131,11,2.186641,541.6966,NA,17789.89
2026-10-01 21:59:50,254,0.00289351851851852,131,11,2.182544,538.7172,NA,17792.13
2026-10-01 21:59:40,244,0.00277777777777778,131,11,2.182271,537.23,NA,17791.59
2026-10-01 21:59:30,234,0.00266203703703704,131,11,2.176719,535.8492,NA,17791.47
2026-10-01 21:59:20,224,0.0025462962962963,131,11,2.175904,536.3713,NA,17793.13
2026-10-01 21:59:10,214,0.00243055555555556,131,11,2.17574,536.7195,NA,17789.7
2026-10-01 21:59:00,204,0.00231481481481481,131,11,2.174959,534.3389,NA,17789
2026-10-01 21:58:50,194,0.00219907407407407,131,11,2.170126,532.5723,NA,17792.16
2026-10-01 21:58:40,184,0.00208333333333333,131,11,2.169197,530.5391,NA,17793.52
2026-10-01 21:58:30,174,0.00196759259259259,131,11,2.168278,529.2538,NA,17794.35
2026-10-01 21:58:20,164,0.00185185185185185,131,11,2.169163,530.4969,NA,17793.76
2026-10-01 21:58:10,154,0.00173611111111111,131,11,2.16995,532.3065,0.3562748,17796.7
2026-10-01 21:58:00,144,0.00162037037037037,131,11,2.169473,531.383,NA,17794.92
2026-10-01 21:57:50,134,0.00150462962962963,131,11,2.167837,530.0432,NA,17794.45
2026-10-01 21:57:40,124,0.00138888888888889,131,11,2.165948,528.1739,NA,17796.02
2026-10-01 21:57:30,114,0.00127314814814815,131,11,2.164664,528.0151,NA,17793.08
2026-10-01 21:57:20,104,0.00115740740740741,131,11,2.164949,529.1136,NA,17792.52
2026-10-01 21:57:10,94,0.00104166666666667,131,11,2.167249,529.1578,NA,17793.84
2026-10-01 21:57:00,84,0.000925925925925926,131,11,2.167265,528.5176,NA,17792.22
2026-10-01 21:56:50,74,0.000810185185185185,131,11,2.16837,529.8105,NA,17791.38
2026-10-01 21:56:40,64,0.000694444444444444,131,11,2.165072,530.1098,NA,17785.64
2026-10-01 21:56:30,54,0.000578703703703704,131,11,2.16711,531.6448,NA,17780.09
2026-10-01 21:56:20,44,0.000462962962962963,131,11,2.170597,533.6073,NA,17774.27
2026-10-01 21:56:10,34,0.000347222222222222,131,11,2.175254,535.663,NA,17761.47
2026-10-01 21:56:00,24,0.000231481481481481,131,11,2.298117,584.7037,NA,17733.96
2026-10-01 21:55:50,15,0.000115740740740741,131,11,2.205985,555.7706,NA,17714.2
2026-10-01 21:55:40,4,0,131,11,2.17458,530.9852,NA,17683.93
2026-10-01 21:55:30,0,0.00694444444444444,130,2,2.165071,527.4745,NA,17658.34
2026-10-01 21:55:20,594,0.0068287037037037,130,2,2.169841,528.9927,NA,17654.51
2026-10-01 21:55:10,584,0.00671296296296296,130,2,2.174406,531.1554,NA,17676.93
2026-10-01 21:55:00,574,0.00659722222222222,130,2,2.174667,532.9641,NA,17710.36
2026-10-01 21:54:50,564,0.00648148148148148,130,2,2.174052,534.684,NA,17758.71
2026-10-01 21:54:40,554,0.00636574074074074,130,2,2.169202,536.1024,NA,17870.2
2026-10-01 21:54:30,544,0.00625,130,2,2.159518,538.9164,NA,17888.99
2026-10-01 21:54:20,534,0.00613425925925926,130,2,2.159624,538.0689,NA,17887.97
2026-10-01 21:54:10,524,0.00601851851851852,130,2,2.158876,537.5848,NA,17887.74
2026-10-01 21:54:00,514,0.00590277777777778,130,2,2.159881,536.8033,NA,17886.54
2026-10-01 21:53:50,504,0.00578703703703704,130,2,2.159776,536.117,NA,17885.32
2026-10-01 21:53:40,494,0.0056712962962963,130,2,2.159862,536.4954,NA,17884.06
2026-10-01 21:53:30,484,0.00555555555555556,130,2,2.158651,536.7454,NA,17880.83
2026-10-01 21:53:20,474,0.00543981481481481,130,2,2.158691,536.7628,NA,17877.32
2026-10-01 21:53:10,464,0.00532407407407407,130,2,2.157532,536.6019,NA,17875.58
2026-10-01 21:53:00,454,0.00520833333333333,130,2,2.157901,536.1472,NA,17876.98
2026-10-01 21:52:50,444,0.00509259259259259,130,2,2.16029,538.2508,NA,17878.25
2026-10-01 21:52:40,434,0.00497685185185185,130,2,2.159195,537.8373,NA,17878.22
2026-10-01 21:52:30,424,0.00486111111111111,130,2,2.161081,539.6232,NA,17879.43
2026-10-01 21:52:20,414,0.00474537037037037,130,2,2.164175,542.2042,NA,17881.36
2026-10-01 21:52:10,404,0.00462962962962963,130,2,2.164397,542.7996,NA,17880.63
2026-10-01 21:52:00,394,0.00451388888888889,130,2,2.164111,542.3914,NA,17879.47
2026-10-01 21:51:50,384,0.00439814814814815,130,2,2.1653,543.0289,NA,17880.63
2026-10-01 21:51:40,374,0.00428240740740741,130,2,2.165231,542.1697,NA,17880.84
2026-10-01 21:51:30,364,0.00416666666666667,130,2,2.165998,542.4954,NA,17881.79
2026-10-01 21:51:20,354,0.00405092592592593,130,2,2.166189,542.7701,NA,17884.5
2026-10-01 21:51:10,344,0.00393518518518518,130,2,2.170232,545.61,0.355674,17885.13
2026-10-01 21:51:00,334,0.00381944444444444,130,2,2.169896,545.475,NA,17883.94
2026-10-01 21:50:50,325,0.0037037037037037,130,2,2.170825,545.8824,NA,17884.21
2026-10-01 21:50:40,314,0.00358796296296296,130,2,2.168586,543.8563,NA,17883.09
2026-10-01 21:50:30,304,0.00347222222222222,130,2,2.172264,548.991,NA,17883.29
2026-10-01 21:50:20,294,0.00335648148148148,130,2,2.170178,546.9794,NA,17884.22
2026-10-01 21:50:10,284,0.00324074074074074,130,2,2.168648,545.2726,NA,17882.74
2026-10-01 21:50:00,274,0.003125,130,2,2.161602,538.2273,NA,17884.51
2026-10-01 21:49:50,264,0.00300925925925926,130,2,2.158754,535.7433,NA,17888.84
2026-10-01 21:49:40,254,0.00289351851851852,130,2,2.157736,534.7677,NA,17890.35
2026-10-01 21:49:30,244,0.00277777777777778,130,2,2.156003,533.7382,NA,17890.02
2026-10-01 21:49:20,234,0.00266203703703704,130,2,2.155524,532.2826,NA,17889.02
2026-10-01 21:49:10,224,0.0025462962962963,130,2,2.156657,533.148,NA,17889.55
2026-10-01 21:49:00,214,0.00243055555555556,130,2,2.155679,532.9841,NA,17887.49
2026-10-01 21:48:50,204,0.00231481481481481,130,2,2.154606,531.9664,NA,17886.61
2026-10-01 21:48:40,194,0.00219907407407407,130,2,2.155326,533.8577,NA,17885.86
2026-10-01 21:48:30,184,0.00208333333333333,130,2,2.156018,535.5637,NA,17887.68
2026-10-01 21:48:20,174,0.00196759259259259,130,2,2.157666,539.9407,NA,17885.25
2026-10-01 21:48:10,164,0.00185185185185185,130,2,2.158628,543.1428,0.3572527,17886.69
2026-10-01 21:48:00,154,0.00173611111111111,130,2,2.158295,544.7333,NA,17884.77
2026-10-01 21:47:50,144,0.00162037037037037,130,2,2.159588,545.6738,NA,17884.71
2026-10-01 21:47:40,134,0.00150462962962963,130,2,2.161923,549.3694,NA,17882.07
2026-10-01 21:47:30,124,0.00138888888888889,130,2,2.16287,549.6478,NA,17880.93
2026-10-01 21:47:20,114,0.00127314814814815,130,2,2.165477,551.6918,NA,17879.36
2026-10-01 21:47:10,104,0.00115740740740741,130,2,2.166647,550.9069,NA,17881.16
2026-10-01 21:47:00,94,0.00104166666666667,130,2,2.167546,550.7842,0.3559527,17884.26
2026-10-01 21:46:50,84,0.000925925925925926,130,2,2.168223,550.0723,NA,17887.34
2026-10-01 21:46:40,74,0.000810185185185185,130,2,2.167679,549.112,NA,17888.74
2026-10-01 21:46:30,64,0.000694444444444444,130,2,2.163223,545.3242,NA,17894.35
2026-10-01 21:46:20,54,0.000578703703703704,130,2,2.156379,541.0721,NA,17897.88
2026-10-01 21:46:10,44,0.000462962962962963,130,2,2.155831,541.014,NA,17900.78
2026-10-01 21:46:00,34,0.000347222222222222,130,2,2.158376,544.941,NA,17907.31
2026-10-01 21:45:50,25,0.000231481481481481,130,2,2.174386,553.6599,NA,17914.71
2026-10-01 21:45:40,14,0.000115740740740741,130,2,2.204281,545.9907,NA,17934.61
2026-10-01 21:45:30,4,0,130,2,2.229332,566.8564,NA,17950.59
2026-10-01 21:45:20,0,0.00694444444444444,129,10,2.240361,594.4083,NA,17929.95
2026-10-01 21:45:10,594,0.0068287037037037,129,10,2.226731,577.3544,0.3563709,17923.99
2026-10-01 21:45:00,584,0.00671296296296296,129,10,2.238558,556.0957,NA,17922.78
2026-10-01 21:44:50,574,0.00659722222222222,129,10,2.228348,548.7895,NA,17954.26
2026-10-01 21:44:40,564,0.00648148148148148,129,10,2.225227,550.2324,NA,18030.81
2026-10-01 21:44:30,554,0.00636574074074074,129,10,2.233326,549.5884,NA,18245.36
2026-10-01 21:44:20,544,0.00625,129,10,2.257422,558.0248,NA,18296.02
2026-10-01 21:44:10,534,0.00613425925925926,129,10,2.260956,558.4921,NA,18298.12
2026-10-01 21:44:00,524,0.00601851851851852,129,10,2.260118,558.4532,NA,18297.26
2026-10-01 21:43:50,514,0.00590277777777778,129,10,2.252671,557.1954,NA,18295.81
2026-10-01 21:43:40,504,0.00578703703703704,129,10,2.249645,557.7648,NA,18297.99
2026-10-01 21:43:30,494,0.0056712962962963,129,10,2.247123,556.9276,NA,18297.81
2026-10-01 21:43:20,484,0.00555555555555556,129,10,2.244812,557.2312,NA,18299.94
2026-10-01 21:43:10,474,0.00543981481481481,129,10,2.245652,559.9492,NA,18300.36
2026-10-01 21:43:00,464,0.00532407407407407,129,10,2.238017,558.1776,NA,18299.45
2026-10-01 21:42:50,454,0.00520833333333333,129,10,2.24063,557.4458,NA,18298.91
2026-10-01 21:42:40,444,0.00509259259259259,129,10,2.239547,557.4802,NA,18296.09
2026-10-01 21:42:30,434,0.00497685185185185,129,10,2.231529,557.3358,NA,18298.57
2026-10-01 21:42:20,424,0.00486111111111111,129,10,2.231524,556.7425,NA,18301.37
2026-10-01 21:42:10,414,0.00474537037037037,129,10,2.230876,556.9122,NA,18303.52
2026-10-01 21:42:00,404,0.00462962962962963,129,10,2.225825,557.8426,NA,18301.96
2026-10-01 21:41:50,394,0.00451388888888889,129,10,2.229712,559.673,NA,18303.02
2026-10-01 21:41:40,384,0.00439814814814815,129,10,2.227882,560.3931,NA,18302.03
2026-10-01 21:41:30,374,0.00428240740740741,129,10,2.230025,562.2806,NA,18303.61
2026-10-01 21:41:20,364,0.00416666666666667,129,10,2.223783,560.2267,NA,18306.11
2026-10-01 21:41:10,354,0.00405092592592593,129,10,2.226219,561.2419,NA,18312.81
2026-10-01 21:41:00,344,0.00393518518518518,129,10,2.215803,559.1682,NA,18316.05
2026-10-01 21:40:50,335,0.00381944444444444,129,10,2.213392,558.9479,NA,18318.47
2026-10-01 21:40:40,324,0.0037037037037037,129,10,2.211402,559.3737,NA,18325.52
2026-10-01 21:40:30,314,0.00358796296296296,129,10,2.211628,559.0598,NA,18329.92
2026-10-01 21:40:20,305,0.00347222222222222,129,10,2.209034,557.471,NA,18332.37
2026-10-01 21:40:10,294,0.00335648148148148,129,10,2.203153,555.017,NA,18337.04
2026-10-01 21:40:00,284,0.00324074074074074,129,10,2.198748,553.8607,0.3570667,18342.66
2026-10-01 21:39:50,274,0.003125,129,10,2.193025,553.2838,NA,18345.02
2026-10-01 21:39:40,264,0.00300925925925926,129,10,2.20115,554.9452,NA,18343.49
2026-10-01 21:39:30,254,0.00289351851851852,129,10,2.191806,554.8137,NA,18345.19
2026-10-01 21:39:20,244,0.00277777777777778,129,10,2.192667,554.5071,NA,18345.2
2026-10-01 21:39:10,234,0.00266203703703704,129,10,2.190635,553.5767,NA,18344.04
2026-10-01 21:39:00,224,0.0025462962962963,129,10,2.183074,550.6034,NA,18344.83
2026-10-01 21:38:50,214,0.00243055555555556,129,10,2.179136,550.974,NA,18348.84
2026-10-01 21:38:40,204,0.00231481481481481,129,10,2.180218,550.8679,NA,18356.01
2026-10-01 21:38:30,194,0.00219907407407407,129,10,2.180021,550.3114,NA,18358.43
2026-10-01 21:38:20,184,0.00208333333333333,129,10,2.181654,550.1372,NA,18360.69
2026-10-01 21:38:10,174,0.00196759259259259,129,10,2.179848,550.7854,NA,18365.2
2026-10-01 21:38:00,164,0.00185185185185185,129,10,2.178865,552.1317,NA,18368.23
2026-10-01 21:37:50,154,0.00173611111111111,129,10,2.181944,552.793,NA,18368.69
2026-10-01 21:37:40,144,0.00162037037037037,129,10,2.182842,552.643,NA,18368.77
2026-10-01 21:37:30,134,0.00150462962962963,129,10,2.184698,554.1823,NA,18370.03
2026-10-01 21:37:20,124,0.00138888888888889,129,10,2.193475,555.9691,NA,18372.69
2026-10-01 21:37:10,114,0.00127314814814815,129,10,2.188231,556.8422,0.3564328,18374.12
2026-10-01 21:37:00,104,0.00115740740740741,129,10,2.196875,560.4073,NA,18371.36
2026-10-01 21:36:50,94,0.00104166666666667,129,10,2.195231,563.2234,NA,18371.71
2026-10-01 21:36:40,84,0.000925925925925926,129,10,2.185771,559.2548,NA,18369.28
2026-10-01 21:36:30,74,0.000810185185185185,129,10,2.184762,557.8635,NA,18368.02
2026-10-01 21:36:20,64,0.000694444444444444,129,10,2.178068,553.4979,NA,18368.51
2026-10-01 21:36:10,54,0.000578703703703704,129,10,2.180717,553.4406,NA,18366.82
2026-10-01 21:36:00,44,0.000462962962962963,129,10,2.181228,553.9106,0.357425,18366.27
2026-10-01 21:35:50,35,0.000347222222222222,129,10,2.178177,555.4619,NA,18364.7
2026-10-01 21:35:40,24,0.000231481481481481,129,10,2.195231,563.5028,NA,18361.28
2026-10-01 21:35:30,14,0.000115740740740741,129,10,2.249554,601.1609,NA,18351.57
2026-10-01 21:35:20,4,0,129,10,2.273125,596.8687,NA,18337.41
2026-10-01 21:35:10,0,0.00694444444444444,128,7,2.265282,604.8798,NA,18314.71
2026-10-01 21:35:00,594,0.0068287037037037,128,7,2.191903,548.1594,NA,18311.86
2026-10-01 21:34:50,584,0.00671296296296296,128,7,2.195333,545.0174,NA,18305.4
2026-10-01 21:34:40,574,0.00659722222222222,128,7,2.199424,546.1911,NA,18294.91
2026-10-01 21:34:30,564,0.00648148148148148,128,7,2.208909,547.3744,NA,18288.59
2026-10-01 21:34:20,554,0.00636574074074074,128,7,2.204468,549.9702,NA,18367.71
2026-10-01 21:34:10,544,0.00625,128,7,2.179678,557.3695,NA,18389.47
2026-10-01 21:34:00,534,0.00613425925925926,128,7,2.179272,557.7737,NA,18389.92
2026-10-01 21:33:50,524,0.00601851851851852,128,7,2.178864,556.9565,NA,18390.82
2026-10-01 21:33:40,514,0.00590277777777778,128,7,2.177868,555.7965,NA,18391.32
2026-10-01 21:33:30,504,0.00578703703703704,128,7,2.176268,555.1766,NA,18391.83
2026-10-01 21:33:20,494,0.0056712962962963,128,7,2.175514,555.7195,NA,18390.18
2026-10-01 21:33:10,484,0.00555555555555556,128,7,2.175304,554.1531,NA,18387.79
2026-10-01 21:33:00,474,0.00543981481481481,128,7,2.174489,553.8164,NA,18388.94
2026-10-01 21:32:50,464,0.00532407407407407,128,7,2.173941,553.2755,NA,18387.32
2026-10-01 21:32:40,454,0.00520833333333333,128,7,2.174461,552.5973,NA,18387.64
2026-10-01 21:32:30,444,0.00509259259259259,128,7,2.176519,554.837,NA,18384.89
2026-10-01 21:32:20,434,0.00497685185185185,128,7,2.176721,552.897,NA,18378.89
2026-10-01 21:32:10,424,0.00486111111111111,128,7,2.178076,554.0268,NA,18377.97
2026-10-01 21:32:00,414,0.00474537037037037,128,7,2.178444,554.181,NA,18374.78
2026-10-01 21:31:50,404,0.00462962962962963,128,7,2.176539,553.3256,NA,18371.52
2026-10-01 21:31:40,394,0.00451388888888889,128,7,2.174754,552.5881,NA,18369.21
2026-10-01 21:31:30,384,0.00439814814814815,128,7,2.172226,550.7922,NA,18371.3
2026-10-01 21:31:20,374,0.00428240740740741,128,7,2.170774,550.7554,NA,18371.28
2026-10-01 21:31:10,364,0.00416666666666667,128,7,2.168406,549.7628,NA,18370.73
2026-10-01 21:31:00,354,0.00405092592592593,128,7,2.16593,547.8062,NA,18370.96
2026-10-01 21:30:50,345,0.00393518518518518,128,7,2.16484,547.1887,NA,18372.81
2026-10-01 21:30:40,334,0.00381944444444444,128,7,2.162842,545.7005,NA,18373.83
2026-10-01 21:30:30,324,0.0037037037037037,128,7,2.162403,545.4402,NA,18372.69
2026-10-01 21:30:20,315,0.00358796296296296,128,7,2.161508,544.8346,NA,18378.88
2026-10-01 21:30:10,304,0.00347222222222222,128,7,2.161003,544.7849,NA,18386.42
2026-10-01 21:30:00,294,0.00335648148148148,128,7,2.160563,544.2439,NA,18389.56
2026-10-01 21:29:50,284,0.00324074074074074,128,7,2.160707,544.812,NA,18395.67
2026-10-01 21:29:40,274,0.003125,128,7,2.161831,545.048,NA,18400.28
2026-10-01 21:29:30,264,0.00300925925925926,128,7,2.162089,545.5975,NA,18405.15
2026-10-01 21:29:20,254,0.00289351851851852,128,7,2.161656,544.8026,NA,18405.73
2026-10-01 21:29:10,244,0.00277777777777778,128,7,2.159493,543.6122,NA,18402.92
2026-10-01 21:29:00,234,0.00266203703703704,128,7,2.158098,542.6575,NA,18399.79
2026-10-01 21:28:50,224,0.0025462962962963,128,7,2.157079,541.1918,NA,18398.29
2026-10-01 21:28:40,214,0.00243055555555556,128,7,2.15618,540.517,NA,18396.2
2026-10-01 21:28:30,204,0.00231481481481481,128,7,2.155102,539.2737,NA,18396.62
2026-10-01 21:28:20,194,0.00219907407407407,128,7,2.153118,538.9971,NA,18394.41
2026-10-01 21:28:10,184,0.00208333333333333,128,7,2.15368,539.4339,NA,18393.03
2026-10-01 21:28:00,174,0.00196759259259259,128,7,2.154097,539.4084,NA,18391.89
2026-10-01 21:27:50,164,0.00185185185185185,128,7,2.153409,539.9891,NA,18390.65
2026-10-01 21:27:40,154,0.00173611111111111,128,7,2.15377,540.1964,NA,18392.63
2026-10-01 21:27:30,144,0.00162037037037037,128,7,2.156518,543.4514,NA,18394.71
2026-10-01 21:27:20,134,0.00150462962962963,128,7,2.156821,545.2228,NA,18392.92
2026-10-01 21:27:10,124,0.00138888888888889,128,7,2.156982,545.6901,NA,18390.06
2026-10-01 21:27:00,114,0.00127314814814815,128,7,2.15665,544.9417,NA,18385.88
2026-10-01 21:26:50,104,0.00115740740740741,128,7,2.155702,544.4388,NA,18383.73
2026-10-01 21:26:40,94,0.00104166666666667,128,7,2.154227,543.9662,NA,18380.04
2026-10-01 21:26:30,84,0.000925925925925926,128,7,2.154601,543.2453,NA,18376.63
2026-10-01 21:26:20,74,0.000810185185185185,128,7,2.153812,542.0504,NA,18374.77
2026-10-01 21:26:10,64,0.000694444444444444,128,7,2.153604,541.407,NA,18372.75
2026-10-01 21:26:00,54,0.000578703703703704,128,7,2.154394,541.6347,NA,18370.57
2026-10-01 21:25:50,45,0.000462962962962963,128,7,2.154612,542.062,NA,18368.7
2026-10-01 21:25:40,34,0.000347222222222222,128,7,2.155045,542.8776,NA,18368.4
2026-10-01 21:25:30,24,0.000231481481481481,128,7,2.174561,551.5935,NA,18363.98
2026-10-01 21:25:20,15,0.000115740740740741,128,7,2.244777,579.7383,NA,18363.42
2026-10-01 21:25:10,4,0,128,7,2.244749,624.1337,NA,18353.4
2026-10-01 21:25:00,0,0.00694444444444444,127,1,2.234556,579.5867,NA,18333.32
2026-10-01 21:24:50,595,0.0068287037037037,127,1,2.230111,591.7162,NA,18326.24
2026-10-01 21:24:40,585,0.00671296296296296,127,1,2.171922,543.0507,NA,18326.61
2026-10-01 21:24:30,575,0.00659722222222222,127,1,2.170675,540.6838,NA,18327.82
2026-10-01 21:24:20,565,0.00648148148148148,127,1,2.172064,541.0081,NA,18340.94
2026-10-01 21:24:10,555,0.00636574074074074,127,1,2.171847,541.1815,NA,18482.1
2026-10-01 21:24:00,545,0.00625,127,1,2.164775,548.9207,NA,18544.02
2026-10-01 21:23:50,535,0.00613425925925926,127,1,2.164408,550.1244,NA,18545.45
2026-10-01 21:23:40,525,0.00601851851851852,127,1,2.163915,549.1293,NA,18545.36
2026-10-01 21:23:30,515,0.00590277777777778,127,1,2.162848,548.8589,NA,18544.47
2026-10-01 21:23:20,505,0.00578703703703704,127,1,2.162672,549.1184,NA,18541.36
2026-10-01 21:23:10,495,0.0056712962962963,127,1,2.162314,550.0179,NA,18540.56
2026-10-01 21:23:00,485,0.00555555555555556,127,1,2.162689,552.202,NA,18538.52
2026-10-01 21:22:50,475,0.00543981481481481,127,1,2.161427,551.6667,NA,18540.89
2026-10-01 21:22:40,465,0.00532407407407407,127,1,2.160868,552.8369,NA,18540.53
2026-10-01 21:22:30,455,0.00520833333333333,127,1,2.160935,553.1228,NA,18539.14
2026-10-01 21:22:20,445,0.00509259259259259,127,1,2.159728,552.435,NA,18537.9
2026-10-01 21:22:10,435,0.00497685185185185,127,1,2.159839,552.2866,NA,18536.89
2026-10-01 21:22:00,425,0.00486111111111111,127,1,2.159246,551.7693,NA,18536.02
2026-10-01 21:21:50,415,0.00474537037037037,127,1,2.157459,550.6421,NA,18536.31
2026-10-01 21:21:40,405,0.00462962962962963,127,1,2.158222,550.9289,NA,18532.66
2026-10-01 21:21:30,395,0.00451388888888889,127,1,2.15675,551.5821,NA,18528.88
2026-10-01 21:21:20,385,0.00439814814814815,127,1,2.156081,551.1022,NA,18525.59
2026-10-01 21:21:10,375,0.00428240740740741,127,1,2.155105,550.6301,NA,18523.13
2026-10-01 21:21:00,365,0.00416666666666667,127,1,2.15513,550.9272,NA,18519.43
2026-10-01 21:20:50,355,0.00405092592592593,127,1,2.15536,550.7759,NA,18515.8
2026-10-01 21:20:40,345,0.00393518518518518,127,1,2.154823,550.6912,NA,18515.72
2026-10-01 21:20:30,335,0.00381944444444444,127,1,2.153237,549.3987,NA,18511.44
2026-10-01 21:20:20,325,0.0037037037037037,127,1,2.152581,550.0445,NA,18507.81
2026-10-01 21:20:10,315,0.00358796296296296,127,1,2.152681,549.29,NA,18503.04
2026-10-01 21:20:00,305,0.00347222222222222,127,1,2.152945,548.6649,NA,18498.72
2026-10-01 21:19:50,295,0.00335648148148148,127,1,2.152033,547.0797,NA,18494.22
2026-10-01 21:19:40,285,0.00324074074074074,127,1,2.151782,547.5289,NA,18494.87
2026-10-01 21:19:30,275,0.003125,127,1,2.151394,547.0771,NA,18493.04
2026-10-01 21:19:20,265,0.00300925925925926,127,1,2.151277,546.5392,NA,18490.81
2026-10-01 21:19:10,255,0.00289351851851852,127,1,2.15082,547.3976,NA,18487.31
2026-10-01 21:19:00,245,0.00277777777777778,127,1,2.151195,546.7112,NA,18481.23
2026-10-01 21:18:50,235,0.00266203703703704,127,1,2.150237,546.2169,NA,18474.93
2026-10-01 21:18:40,225,0.0025462962962963,127,1,2.14947,546.4139,NA,18466.99
2026-10-01 21:18:30,215,0.00243055555555556,127,1,2.149621,547.3697,NA,18459.4
2026-10-01 21:18:20,205,0.00231481481481481,127,1,2.150494,546.9077,NA,18455.03
2026-10-01 21:18:10,195,0.00219907407407407,127,1,2.161755,548.291,NA,18448.45
2026-10-01 21:18:00,185,0.00208333333333333,127,1,2.14982,547.3102,NA,18440.46
2026-10-01 21:17:50,175,0.00196759259259259,127,1,2.149967,547.3477,NA,18431.54
2026-10-01 21:17:40,165,0.00185185185185185,127,1,2.14961,547.9221,NA,18424.13
2026-10-01 21:17:30,155,0.00173611111111111,127,1,2.149426,546.8138,NA,18421.12
2026-10-01 21:17:20,145,0.00162037037037037,127,1,2.14929,545.4818,0.3568569,18413.57
2026-10-01 21:17:10,135,0.00150462962962963,127,1,2.148327,542.2773,NA,18404.27
2026-10-01 21:17:00,125,0.00138888888888889,127,1,2.148412,540.0724,0.3573214,18396.74
2026-10-01 21:16:50,115,0.00127314814814815,127,1,2.148448,538.6811,0.3567061,18390.02
2026-10-01 21:16:40,105,0.00115740740740741,127,1,2.150218,540.3942,NA,18384.14
2026-10-01 21:16:30,95,0.00104166666666667,127,1,2.151607,539.6609,NA,18378.11
2026-10-01 21:16:20,85,0.000925925925925926,127,1,2.150416,537.1562,NA,18367.09
2026-10-01 21:16:10,75,0.000810185185185185,127,1,2.150853,537.8585,NA,18359.12
2026-10-01 21:16:00,65,0.000694444444444444,127,1,2.150181,537.1203,NA,18349.62
2026-10-01 21:15:50,55,0.000578703703703704,127,1,2.151827,538.0003,NA,18336.16
2026-10-01 21:15:40,45,0.000462962962962963,127,1,2.153679,541.064,NA,18320.39
2026-10-01 21:15:30,35,0.000347222222222222,127,1,2.156007,542.1732,NA,18300.99
2026-10-01 21:15:20,25,0.000231481481481481,127,1,2.228177,576.85,NA,18272.21
2026-10-01 21:15:10,15,0.000115740740740741,127,1,2.215904,624.614,NA,18248.29
2026-10-01 21:15:00,5,0,127,1,2.184439,604.1928,NA,18221.47
2026-10-01 21:14:50,0,0.00694444444444444,126,6,2.187265,607.3019,NA,18194.38
2026-10-01 21:14:40,595,0.0068287037037037,126,6,2.186351,584.2244,NA,18183.18
2026-10-01 21:14:30,585,0.00671296296296296,126,6,2.191101,592.5556,NA,18171.09
2026-10-01 21:14:20,575,0.00659722222222222,126,6,2.189396,590.5244,0.3578814,18163.14
2026-10-01 21:14:10,565,0.00648148148148148,126,6,2.179343,552.5038,NA,18167.31
2026-10-01 21:14:00,555,0.00636574074074074,126,6,2.176939,552.1224,NA,18330.58
2026-10-01 21:13:50,545,0.00625,126,6,2.158832,559.5137,NA,18366.17
2026-10-01 21:13:40,535,0.00613425925925926,126,6,2.158634,559.8958,NA,18366.24
2026-10-01 21:13:30,525,0.00601851851851852,126,6,2.15999,561.6719,NA,18366.85
2026-10-01 21:13:20,515,0.00590277777777778,126,6,2.160966,563.8948,0.3577303,18368.88
2026-10-01 21:13:10,505,0.00578703703703704,126,6,2.161203,563.7508,NA,18372.17
2026-10-01 21:13:00,495,0.0056712962962963,126,6,2.16206,565.8043,NA,18368.32
2026-10-01 21:12:50,485,0.00555555555555556,126,6,2.160026,564.3325,NA,18366.49
2026-10-01 21:12:40,475,0.00543981481481481,126,6,2.159216,564.2729,NA,18364.11
2026-10-01 21:12:30,465,0.00532407407407407,126,6,2.160228,564.7787,NA,18362.24
2026-10-01 21:12:20,455,0.00520833333333333,126,6,2.160118,565.2639,NA,18363.08
2026-10-01 21:12:10,445,0.00509259259259259,126,6,2.158423,564.7868,0.3578244,18365.28
2026-10-01 21:12:00,435,0.00497685185185185,126,6,2.157265,563.6063,NA,18364.83
2026-10-01 21:11:50,425,0.00486111111111111,126,6,2.155494,563.3508,NA,18367.27
2026-10-01 21:11:40,415,0.00474537037037037,126,6,2.154422,562.1696,NA,18368.45
2026-10-01 21:11:30,405,0.00462962962962963,126,6,2.153856,561.6453,NA,18369.59
2026-10-01 21:11:20,395,0.00451388888888889,126,6,2.153452,561.54,NA,18367.76
2026-10-01 21:11:10,385,0.00439814814814815,126,6,2.15291,560.7255,NA,18364.88
2026-10-01 21:11:00,375,0.00428240740740741,126,6,2.152287,560.4178,NA,18364.03
2026-10-01 21:10:50,365,0.00416666666666667,126,6,2.151427,560.015,NA,18361
2026-10-01 21:10:40,355,0.00405092592592593,126,6,2.150139,559.6424,NA,18355.84
2026-10-01 21:10:30,345,0.00393518518518518,126,6,2.150415,561.3518,NA,18352.9
2026-10-01 21:10:20,335,0.00381944444444444,126,6,2.150487,561.2709,NA,18349.76
2026-10-01 21:10:10,325,0.0037037037037037,126,6,2.149002,560.372,NA,18349.04
2026-10-01 21:10:00,315,0.00358796296296296,126,6,2.149074,560.6769,NA,18345.44
2026-10-01 21:09:50,305,0.00347222222222222,126,6,2.148497,560.5577,NA,18340.48
2026-10-01 21:09:40,295,0.00335648148148148,126,6,2.148535,561.7393,NA,18337.26
2026-10-01 21:09:30,285,0.00324074074074074,126,6,2.149131,563.3088,NA,18336.41
2026-10-01 21:09:20,275,0.003125,126,6,2.148315,563.5648,NA,18329.93
2026-10-01 21:09:10,265,0.00300925925925926,126,6,2.14867,564.7466,NA,18325.18
2026-10-01 21:09:00,255,0.00289351851851852,126,6,2.147985,564.2076,NA,18320.59
2026-10-01 21:08:50,245,0.00277777777777778,126,6,2.151099,565.8493,NA,18315.07
2026-10-01 21:08:40,235,0.00266203703703704,126,6,2.150049,565.7543,NA,18310.18
2026-10-01 21:08:30,225,0.0025462962962963,126,6,2.151156,566.1915,NA,18306.84
2026-10-01 21:08:20,215,0.00243055555555556,126,6,2.146971,564.9698,NA,18307.07
2026-10-01 21:08:10,205,0.00231481481481481,126,6,2.147567,564.4198,NA,18304.27
2026-10-01 21:08:00,195,0.00219907407407407,126,6,2.146648,563.2087,NA,18303.62
2026-10-01 21:07:50,185,0.00208333333333333,126,6,2.146884,563.7258,NA,18298.78
2026-10-01 21:07:40,175,0.00196759259259259,126,6,2.147481,564.2628,NA,18294.01
2026-10-01 21:07:30,165,0.00185185185185185,126,6,2.147938,564.0754,NA,18285.16
2026-10-01 21:07:20,155,0.00173611111111111,126,6,2.148868,564.4968,NA,18281.64
2026-10-01 21:07:10,145,0.00162037037037037,126,6,2.150182,564.5989,NA,18271.27
2026-10-01 21:07:00,135,0.00150462962962963,126,6,2.151244,564.2153,NA,18262.66
2026-10-01 21:06:50,125,0.00138888888888889,126,6,2.152673,563.5275,NA,18257.04
2026-10-01 21:06:40,115,0.00127314814814815,126,6,2.154067,563.4389,NA,18247.68
2026-10-01 21:06:30,105,0.00115740740740741,126,6,2.154683,562.4902,NA,18237.04
2026-10-01 21:06:20,95,0.00104166666666667,126,6,2.154411,560.7559,NA,18223.36
2026-10-01 21:06:10,85,0.000925925925925926,126,6,2.155087,560.0911,NA,18209.37
2026-10-01 21:06:00,75,0.000810185185185185,126,6,2.157079,560.3139,NA,18192.73
2026-10-01 21:05:50,65,0.000694444444444444,126,6,2.203636,574.0077,NA,18166.78
2026-10-01 21:05:40,55,0.000578703703703704,126,6,2.26774,585.0304,NA,18142.89
2026-10-01 21:05:30,45,0.000462962962962963,126,6,2.32275,618.8343,NA,18114.15
2026-10-01 21:05:20,35,0.000347222222222222,126,6,2.168696,531.0146,NA,18077.11
2026-10-01 21:05:10,25,0.000231481481481481,126,6,2.170646,532.1378,NA,18022.17
2026-10-01 21:05:00,15,0.000115740740740741,126,6,2.175756,536.4734,NA,17948.34
2026-10-01 21:04:50,5,0,126,6,2.180951,568.2557,NA,18045.21
2026-10-01 21:04:40,0,0.00694444444444444,125,3,2.187083,570.4131,NA,18035.33
2026-10-01 21:04:30,595,0.0068287037037037,125,3,2.175901,564.7525,NA,18039.68
2026-10-01 21:04:20,585,0.00671296296296296,125,3,2.175019,565.2651,0.3565842,18045.35
2026-10-01 21:04:10,575,0.00659722222222222,125,3,2.178937,567.1703,NA,18054.19
2026-10-01 21:04:00,565,0.00648148148148148,125,3,2.199032,572.764,NA,18100.9
2026-10-01 21:03:50,555,0.00636574074074074,125,3,2.192237,542.8725,NA,18373.79
2026-10-01 21:03:40,545,0.00625,125,3,2.182873,567.7955,NA,18401.18
2026-10-01 21:03:30,535,0.00613425925925926,125,3,2.183399,569.5898,NA,18393.2
2026-10-01 21:03:20,525,0.00601851851851852,125,3,2.188406,570.1143,NA,18385.91
2026-10-01 21:03:10,515,0.00590277777777778,125,3,2.188127,571.4156,NA,18377.71
2026-10-01 21:03:00,505,0.00578703703703704,125,3,2.187541,570.1757,NA,18374.73
2026-10-01 21:02:50,495,0.0056712962962963,125,3,2.186316,568.611,NA,18371.11
2026-10-01 21:02:40,485,0.00555555555555556,125,3,2.187207,569.7671,NA,18369.62
2026-10-01 21:02:30,475,0.00543981481481481,125,3,2.182969,567.6268,NA,18368.52
2026-10-01 21:02:20,465,0.00532407407407407,125,3,2.182935,568.048,NA,18365.98
2026-10-01 21:02:10,455,0.00520833333333333,125,3,2.18436,569.5073,NA,18362.41
2026-10-01 21:02:00,445,0.00509259259259259,125,3,2.187241,572.4995,NA,18357.56
2026-10-01 21:01:50,435,0.00497685185185185,125,3,2.188413,574.7843,NA,18353.69
2026-10-01 21:01:40,425,0.00486111111111111,125,3,2.190402,575.5081,NA,18354.65
2026-10-01 21:01:30,415,0.00474537037037037,125,3,2.189257,575.4713,0.3567937,18353.66
2026-10-01 21:01:20,405,0.00462962962962963,125,3,2.187012,574.3416,NA,18355.89
2026-10-01 21:01:10,395,0.00451388888888889,125,3,2.183223,573.1597,NA,18357.81
2026-10-01 21:01:00,385,0.00439814814814815,125,3,2.182101,573.0313,NA,18357.73
2026-10-01 21:00:50,375,0.00428240740740741,125,3,2.182536,573.3463,NA,18357.23
2026-10-01 21:00:40,365,0.00416666666666667,125,3,2.182295,573.4854,NA,18357.59
2026-10-01 21:00:30,355,0.00405092592592593,125,3,2.187246,576.9028,NA,18354.81
2026-10-01 21:00:20,345,0.00393518518518518,125,3,2.187734,576.449,NA,18353.12
2026-10-01 21:00:10,335,0.00381944444444444,125,3,2.186388,576.4111,NA,18349.78
2026-10-01 21:00:00,325,0.0037037037037037,125,3,2.185994,575.1345,NA,18351.06
2026-10-01 20:59:50,315,0.00358796296296296,125,3,2.184623,575.3718,NA,18350.95
2026-10-01 20:59:40,305,0.00347222222222222,125,3,2.185138,574.6885,NA,18352.82
2026-10-01 20:59:30,295,0.00335648148148148,125,3,2.183302,574.9979,NA,18355.69
2026-10-01 20:59:20,285,0.00324074074074074,125,3,2.182023,574.1693,NA,18353.6
2026-10-01 20:59:10,275,0.003125,125,3,2.180896,573.6302,NA,18350.57
2026-10-01 20:59:00,265,0.00300925925925926,125,3,2.178573,571.399,NA,18348.92
2026-10-01 20:58:50,255,0.00289351851851852,125,3,2.1769,571.4544,NA,18342.91
2026-10-01 20:58:40,245,0.00277777777777778,125,3,2.17567,570.291,NA,18341.53
2026-10-01 20:58:30,235,0.00266203703703704,125,3,2.174906,570.2825,0.3571421,18344.51
2026-10-01 20:58:20,225,0.0025462962962963,125,3,2.173028,568.5721,NA,18344.69
2026-10-01 20:58:10,215,0.00243055555555556,125,3,2.172102,567.2388,NA,18345.57
2026-10-01 20:58:00,205,0.00231481481481481,125,3,2.171037,566.3297,NA,18345.47
2026-10-01 20:57:50,195,0.00219907407407407,125,3,2.170438,564.8394,NA,18344.69
2026-10-01 20:57:40,185,0.00208333333333333,125,3,2.164194,561.7117,NA,18345.51
2026-10-01 20:57:30,175,0.00196759259259259,125,3,2.158718,557.324,NA,18345.19
2026-10-01 20:57:20,165,0.00185185185185185,125,3,2.156303,554.6781,NA,18341.34
2026-10-01 20:57:10,155,0.00173611111111111,125,3,2.155118,553.271,NA,18335.64
2026-10-01 20:57:00,145,0.00162037037037037,125,3,2.155687,550.1438,NA,18333.84
2026-10-01 20:56:50,135,0.00150462962962963,125,3,2.155575,546.8046,NA,18330.68
2026-10-01 20:56:40,125,0.00138888888888889,125,3,2.154917,545.4354,NA,18328.99
2026-10-01 20:56:30,115,0.00127314814814815,125,3,2.155499,543.157,NA,18325.53
2026-10-01 20:56:20,105,0.00115740740740741,125,3,2.15776,540.7006,NA,18321.97
2026-10-01 20:56:10,95,0.00104166666666667,125,3,2.159665,539.8538,NA,18317.41
2026-10-01 20:56:00,85,0.000925925925925926,125,3,2.157492,538.1674,NA,18315.57
2026-10-01 20:55:50,75,0.000810185185185185,125,3,2.158101,537.3081,NA,18307.08
2026-10-01 20:55:40,65,0.000694444444444444,125,3,2.157591,536.6896,NA,18305.88
2026-10-01 20:55:30,55,0.000578703703703704,125,3,2.157602,536.0236,NA,18301.8
2026-10-01 20:55:20,45,0.000462962962962963,125,3,2.154605,532.8674,NA,18296.25
2026-10-01 20:55:10,35,0.000347222222222222,125,3,2.153856,531.9175,NA,18292.62
2026-10-01 20:55:00,25,0.000231481481481481,125,3,2.155816,532.7722,NA,18288.82
2026-10-01 20:54:50,15,0.000115740740740741,125,3,2.159823,536.6947,NA,18284.25
2026-10-01 20:54:40,5,0,125,3,2.173114,543.2472,NA,18276.28
2026-10-01 20:54:30,0,0.00694444444444444,124,12,2.224774,570.1377,NA,18265.6
2026-10-01 20:54:20,595,0.0068287037037037,124,12,2.301773,631.3448,NA,18253.26
2026-10-01 20:54:10,585,0.00671296296296296,124,12,2.290606,635.7303,NA,18240.91
2026-10-01 20:54:00,575,0.00659722222222222,124,12,2.174428,520.1744,0.3608659,18234.54
2026-10-01 20:53:50,565,0.00648148148148148,124,12,2.181542,524.745,NA,18231.37
2026-10-01 20:53:40,555,0.00636574074074074,124,12,2.193894,532.3231,NA,18343.17
2026-10-01 20:53:30,545,0.00625,124,12,2.198218,542.5905,NA,18486.59
2026-10-01 20:53:20,535,0.00613425925925926,124,12,2.221966,549.4625,NA,18482.92
2026-10-01 20:53:10,525,0.00601851851851852,124,12,2.273694,564.3285,NA,18476.85
2026-10-01 20:53:00,515,0.00590277777777778,124,12,2.270773,564.1849,NA,18477.18
2026-10-01 20:52:50,505,0.00578703703703704,124,12,2.2681,563.5204,NA,18475.51
2026-10-01 20:52:40,495,0.0056712962962963,124,12,2.265515,563.2912,NA,18474.67
2026-10-01 20:52:30,485,0.00555555555555556,124,12,2.262756,562.6661,NA,18473.53
2026-10-01 20:52:20,475,0.00543981481481481,124,12,2.260012,562.2839,NA,18469.37
2026-10-01 20:52:10,465,0.00532407407407407,124,12,2.256865,562.5093,NA,18468.18
2026-10-01 20:52:00,455,0.00520833333333333,124,12,2.254704,562.5892,NA,18463.82
2026-10-01 20:51:50,445,0.00509259259259259,124,12,2.252019,562.3629,NA,18460.47
2026-10-01 20:51:40,435,0.00497685185185185,124,12,2.249197,562.3984,NA,18460.08
2026-10-01 20:51:30,425,0.00486111111111111,124,12,2.246542,561.6063,NA,18457.94
2026-10-01 20:51:20,415,0.00474537037037037,124,12,2.243835,562.1982,NA,18455.1
2026-10-01 20:51:10,405,0.00462962962962963,124,12,2.241253,561.0722,NA,18454.7
2026-10-01 20:51:00,395,0.00451388888888889,124,12,2.238563,561.2097,NA,18449.26
2026-10-01 20:50:50,385,0.00439814814814815,124,12,2.236207,560.7647,NA,18445.7
2026-10-01 20:50:40,375,0.00428240740740741,124,12,2.233579,560.7587,NA,18442.02
2026-10-01 20:50:30,365,0.00416666666666667,124,12,2.230821,560.2637,NA,18437.14
2026-10-01 20:50:20,355,0.00405092592592593,124,12,2.228224,559.9395,NA,18431.92
2026-10-01 20:50:10,345,0.00393518518518518,124,12,2.225129,559.3675,NA,18430.32
2026-10-01 20:50:00,335,0.00381944444444444,124,12,2.222416,559.819,NA,18429.68
2026-10-01 20:49:50,325,0.0037037037037037,124,12,2.219966,558.5549,NA,18430.29
2026-10-01 20:49:40,315,0.00358796296296296,124,12,2.216264,558.5063,NA,18428.88
2026-10-01 20:49:30,305,0.00347222222222222,124,12,2.213486,558.2504,NA,18428.78
2026-10-01 20:49:20,295,0.00335648148148148,124,12,2.210403,558.127,NA,18425.99
2026-10-01 20:49:10,285,0.00324074074074074,124,12,2.207728,557.2258,NA,18424.66
2026-10-01 20:49:00,275,0.003125,124,12,2.205241,557.6734,NA,18423.19
2026-10-01 20:48:50,265,0.00300925925925926,124,12,2.20225,556.3704,NA,18419.74
2026-10-01 20:48:40,255,0.00289351851851852,124,12,2.199958,556.4465,0.3561547,18419.76
2026-10-01 20:48:30,245,0.00277777777777778,124,12,2.19685,557.1414,NA,18417.8
2026-10-01 20:48:20,235,0.00266203703703704,124,12,2.19418,556.6334,NA,18415.42
2026-10-01 20:48:10,225,0.0025462962962963,124,12,2.191419,556.3804,NA,18414.54
2026-10-01 20:48:00,215,0.00243055555555556,124,12,2.189088,556.11,NA,18411.64
2026-10-01 20:47:50,205,0.00231481481481481,124,12,2.186063,556.2144,NA,18409.27
2026-10-01 20:47:40,195,0.00219907407407407,124,12,2.183427,555.4044,NA,18404.13
2026-10-01 20:47:30,185,0.00208333333333333,124,12,2.180994,556.0356,NA,18403.03
2026-10-01 20:47:20,175,0.00196759259259259,124,12,2.179978,556.2522,NA,18403.23
2026-10-01 20:47:10,165,0.00185185185185185,124,12,2.177151,555.5436,NA,18405.39
2026-10-01 20:47:00,155,0.00173611111111111,124,12,2.182342,559.5499,NA,18404.64
2026-10-01 20:46:50,145,0.00162037037037037,124,12,2.189704,563.7583,NA,18402.91
2026-10-01 20:46:40,135,0.00150462962962963,124,12,2.201401,571.8861,NA,18402.37
2026-10-01 20:46:30,125,0.00138888888888889,124,12,2.199921,571.5388,NA,18402.62
2026-10-01 20:46:20,115,0.00127314814814815,124,12,2.193895,567.2109,NA,18404.88
2026-10-01 20:46:10,105,0.00115740740740741,124,12,2.192333,566.3015,NA,18406.68
2026-10-01 20:46:00,95,0.00104166666666667,124,12,2.197778,570.1321,NA,18409.8
2026-10-01 20:45:50,85,0.000925925925925926,124,12,2.193393,567.075,NA,18411.83
2026-10-01 20:45:40,75,0.000810185185185185,124,12,2.191686,566.0306,NA,18413.72
2026-10-01 20:45:30,65,0.000694444444444444,124,12,2.19343,566.545,NA,18414.96
2026-10-01 20:45:20,55,0.000578703703703704,124,12,2.189156,564.4534,NA,18416.03
2026-10-01 20:45:10,45,0.000462962962962963,124,12,2.187178,563.9135,NA,18420.89
2026-10-01 20:45:00,35,0.000347222222222222,124,12,2.183126,561.3717,NA,18426.32
2026-10-01 20:44:50,25,0.000231481481481481,124,12,2.181971,562.7874,NA,18427.93
2026-10-01 20:44:40,14,0.000115740740740741,124,12,2.19811,574.3278,NA,18431.7
2026-10-01 20:44:30,5,0,124,12,2.200702,583.0954,NA,18409.37
2026-10-01 20:44:20,0,0.00694444444444444,123,9,2.200289,582.6611,NA,18357.29
2026-10-01 20:44:10,595,0.0068287037037037,123,9,2.20803,586.5524,NA,18354.24
2026-10-01 20:44:00,585,0.00671296296296296,123,9,2.209521,585.4101,NA,18355.99
2026-10-01 20:43:50,575,0.00659722222222222,123,9,2.206077,582.6478,NA,18355.83
2026-10-01 20:43:40,565,0.00648148148148148,123,9,2.206521,580.7494,NA,18358.66
2026-10-01 20:43:30,555,0.00636574074074074,123,9,2.198756,574.5091,NA,18359.74
2026-10-01 20:43:20,545,0.00625,123,9,2.195773,573.2806,NA,18359.88
2026-10-01 20:43:10,535,0.00613425925925926,123,9,2.193791,572.7376,NA,18360.3
2026-10-01 20:43:00,525,0.00601851851851852,123,9,2.192663,572.5491,NA,18361.29
2026-10-01 20:42:50,515,0.00590277777777778,123,9,2.19038,572.5807,NA,18361.58
2026-10-01 20:42:40,505,0.00578703703703704,123,9,2.191069,572.2,NA,18363.91
2026-10-01 20:42:30,495,0.0056712962962963,123,9,2.18897,571.2131,NA,18369.34
2026-10-01 20:42:20,485,0.00555555555555556,123,9,2.185549,569.4086,NA,18371.86
2026-10-01 20:42:10,474,0.00543981481481481,123,9,2.185415,569.1581,NA,18373.94
2026-10-01 20:42:00,465,0.00532407407407407,123,9,2.185429,568.6121,NA,18378.44
2026-10-01 20:41:50,455,0.00520833333333333,123,9,2.184446,568.0774,NA,18379.65
2026-10-01 20:41:40,445,0.00509259259259259,123,9,2.183847,567.7155,NA,18380.44
2026-10-01 20:41:30,435,0.00497685185185185,123,9,2.183814,567.0294,NA,18380.75
2026-10-01 20:41:20,425,0.00486111111111111,123,9,2.185121,568.0375,NA,18380.84
2026-10-01 20:41:10,415,0.00474537037037037,123,9,2.188578,568.9145,NA,18383.11
2026-10-01 20:41:00,405,0.00462962962962963,123,9,2.188455,568.2162,NA,18382.16
2026-10-01 20:40:50,395,0.00451388888888889,123,9,2.187345,567.1085,NA,18384.05
2026-10-01 20:40:40,385,0.00439814814814815,123,9,2.185965,565.285,NA,18379.13
2026-10-01 20:40:30,375,0.00428240740740741,123,9,2.186845,565.4977,NA,18373.39
2026-10-01 20:40:20,365,0.00416666666666667,123,9,2.186261,565.9442,NA,18368.51
2026-10-01 20:40:10,355,0.00405092592592593,123,9,2.185447,565.7193,NA,18366.21
2026-10-01 20:40:00,345,0.00393518518518518,123,9,2.186909,565.2466,NA,18360.08
2026-10-01 20:39:50,335,0.00381944444444444,123,9,2.187015,566.0556,NA,18350.63
2026-10-01 20:39:40,325,0.0037037037037037,123,9,2.187096,565.8283,NA,18349.67
2026-10-01 20:39:30,315,0.00358796296296296,123,9,2.186108,564.0667,NA,18348.44
2026-10-01 20:39:20,305,0.00347222222222222,123,9,2.179991,559.5572,NA,18342.99
2026-10-01 20:39:10,295,0.00335648148148148,123,9,2.171391,554.1537,NA,18340.04
2026-10-01 20:39:00,285,0.00324074074074074,123,9,2.169925,552.2401,NA,18338.64
2026-10-01 20:38:50,274,0.003125,123,9,2.167174,551.5439,NA,18333.3
2026-10-01 20:38:40,265,0.00300925925925926,123,9,2.165097,550.3053,NA,18327.12
2026-10-01 20:38:30,255,0.00289351851851852,123,9,2.161009,548.0615,NA,18317.39
2026-10-01 20:38:20,245,0.00277777777777778,123,9,2.156948,544.8184,NA,18303.54
2026-10-01 20:38:10,235,0.00266203703703704,123,9,2.153,544.4642,NA,18289.32
2026-10-01 20:38:00,225,0.0025462962962963,123,9,2.151029,543.8952,NA,18274.95
2026-10-01 20:37:50,215,0.00243055555555556,123,9,2.151178,543.9631,NA,18261.87
2026-10-01 20:37:40,205,0.00231481481481481,123,9,2.150367,543.3579,NA,18247.53
2026-10-01 20:37:30,195,0.00219907407407407,123,9,2.14958,542.205,NA,18236.72
2026-10-01 20:37:20,185,0.00208333333333333,123,9,2.148046,543.0419,NA,18224.32
2026-10-01 20:37:10,175,0.00196759259259259,123,9,2.145808,542.0613,NA,18215.08
2026-10-01 20:37:00,165,0.00185185185185185,123,9,2.144483,541.0298,NA,18201.1
2026-10-01 20:36:50,155,0.00173611111111111,123,9,2.144903,544.0103,NA,18187.99
2026-10-01 20:36:40,145,0.00162037037037037,123,9,2.145279,544.95,NA,18178
2026-10-01 20:36:30,135,0.00150462962962963,123,9,2.145007,545.5195,NA,18162.93
2026-10-01 20:36:20,125,0.00138888888888889,123,9,2.146038,545.2506,NA,18149.01
2026-10-01 20:36:10,114,0.00127314814814815,123,9,2.145118,543.7982,NA,18137.02
2026-10-01 20:36:00,105,0.00115740740740741,123,9,2.145617,544.3774,NA,18128.14
2026-10-01 20:35:50,95,0.00104166666666667,123,9,2.146952,543.3663,NA,18116.62
2026-10-01 20:35:40,85,0.000925925925925926,123,9,2.145598,541.9171,NA,18104.78
2026-10-01 20:35:30,75,0.000810185185185185,123,9,2.146613,541.8128,NA,18091.24
2026-10-01 20:35:20,65,0.000694444444444444,123,9,2.146763,541.2117,NA,18077.99
2026-10-01 20:35:10,54,0.000578703703703704,123,9,2.147124,541.3433,NA,18060.71
2026-10-01 20:35:00,45,0.000462962962962963,123,9,2.148438,542.9027,NA,18040.64
2026-10-01 20:34:50,34,0.000347222222222222,123,9,2.150268,544.2345,NA,18015.54
2026-10-01 20:34:40,25,0.000231481481481481,123,9,2.20311,568.0307,NA,17979.31
2026-10-01 20:34:30,15,0.000115740740740741,123,9,2.199904,587.7492,NA,17938.46
2026-10-01 20:34:20,5,0,123,9,2.164986,545.7302,NA,17891.98
2026-10-01 20:34:10,0,0.00694444444444444,122,5,2.166576,547.2886,NA,17875.83
2026-10-01 20:34:00,595,0.0068287037037037,122,5,2.169707,548.2403,NA,17872.34
2026-10-01 20:33:50,585,0.00671296296296296,122,5,2.171487,549.0823,NA,17870.2
2026-10-01 20:33:40,575,0.00659722222222222,122,5,2.172532,549.4363,NA,17868.62
2026-10-01 20:33:30,565,0.00648148148148148,122,5,2.171578,548.6648,NA,17902.65
2026-10-01 20:33:20,555,0.00636574074074074,122,5,2.174366,546.1856,NA,18010.03
2026-10-01 20:33:10,545,0.00625,122,5,2.181024,558.2188,NA,18029.23
2026-10-01 20:33:00,535,0.00613425925925926,122,5,2.180648,558.786,NA,18028.76
2026-10-01 20:32:50,525,0.00601851851851852,122,5,2.180426,558.8677,NA,18028.33
2026-10-01 20:32:40,515,0.00590277777777778,122,5,2.183632,559.4355,NA,18029.15
2026-10-01 20:32:30,505,0.00578703703703704,122,5,2.18422,559.2589,NA,18029.9
2026-10-01 20:32:20,495,0.0056712962962963,122,5,2.189227,560.6731,NA,18031.17
2026-10-01 20:32:10,485,0.00555555555555556,122,5,2.18786,559.2292,NA,18030.4
2026-10-01 20:32:00,475,0.00543981481481481,122,5,2.183154,555.6078,NA,18032.64
2026-10-01 20:31:50,465,0.00532407407407407,122,5,2.182304,555.9356,NA,18031.3
2026-10-01 20:31:40,455,0.00520833333333333,122,5,2.179991,554.6402,NA,18034.78
2026-10-01 20:31:30,445,0.00509259259259259,122,5,2.180472,554.821,NA,18034.82
2026-10-01 20:31:20,435,0.00497685185185185,122,5,2.182795,555.1205,NA,18033.21
2026-10-01 20:31:10,425,0.00486111111111111,122,5,2.182455,555.832,NA,18033.78
2026-10-01 20:31:00,415,0.00474537037037037,122,5,2.187592,558.0291,NA,18032.7
2026-10-01 20:30:50,405,0.00462962962962963,122,5,2.190753,559.2547,NA,18029.72
2026-10-01 20:30:40,395,0.00451388888888889,122,5,2.190198,559.5461,NA,18029.86
2026-10-01 20:30:30,385,0.00439814814814815,122,5,2.193859,562.1123,NA,18030.12
2026-10-01 20:30:20,375,0.00428240740740741,122,5,2.192786,560.9781,NA,18030.51
2026-10-01 20:30:10,365,0.00416666666666667,122,5,2.194322,562.192,NA,18034.6
2026-10-01 20:30:00,355,0.00405092592592593,122,5,2.196306,563.304,NA,18034.23
2026-10-01 20:29:50,345,0.00393518518518518,122,5,2.19495,562.7692,NA,18035.93
2026-10-01 20:29:40,335,0.00381944444444444,122,5,2.195228,562.7295,NA,18038.64
2026-10-01 20:29:30,325,0.0037037037037037,122,5,2.19531,563.157,NA,18039.36
2026-10-01 20:29:20,315,0.00358796296296296,122,5,2.194038,563.0828,NA,18038.54
2026-10-01 20:29:10,305,0.00347222222222222,122,5,2.189726,561.1584,NA,18038.67
2026-10-01 20:29:00,295,0.00335648148148148,122,5,2.186949,560.5415,NA,18040.9
2026-10-01 20:28:50,285,0.00324074074074074,122,5,2.18261,556.4594,NA,18042.45
2026-10-01 20:28:40,275,0.003125,122,5,2.178507,554.9357,NA,18039.86
2026-10-01 20:28:30,265,0.00300925925925926,122,5,2.176561,554.8881,NA,18039.87
2026-10-01 20:28:20,255,0.00289351851851852,122,5,2.176502,555.3229,NA,18041.52
2026-10-01 20:28:10,245,0.00277777777777778,122,5,2.177088,553.939,NA,18044.58
2026-10-01 20:28:00,235,0.00266203703703704,122,5,2.177217,552.8599,NA,18044.7
2026-10-01 20:27:50,225,0.0025462962962963,122,5,2.175825,552.1223,NA,18045.55
2026-10-01 20:27:40,215,0.00243055555555556,122,5,2.176059,551.8187,NA,18047.16
2026-10-01 20:27:30,205,0.00231481481481481,122,5,2.17675,551.5347,NA,18046.46
2026-10-01 20:27:20,195,0.00219907407407407,122,5,2.17405,547.5151,NA,18048.52
2026-10-01 20:27:10,185,0.00208333333333333,122,5,2.171985,544.4317,NA,18046.91
2026-10-01 20:27:00,175,0.00196759259259259,122,5,2.170313,542.89,NA,18043.86
2026-10-01 20:26:50,165,0.00185185185185185,122,5,2.172856,542.8937,NA,18043.44
2026-10-01 20:26:40,155,0.00173611111111111,122,5,2.17479,544.0214,NA,18041.56
2026-10-01 20:26:30,145,0.00162037037037037,122,5,2.176388,544.7019,NA,18042.74
2026-10-01 20:26:20,135,0.00150462962962963,122,5,2.177096,545.6344,NA,18041.62
2026-10-01 20:26:10,125,0.00138888888888889,122,5,2.177623,547.2604,NA,18039.56
2026-10-01 20:26:00,115,0.00127314814814815,122,5,2.176172,546.4943,NA,18038.52
2026-10-01 20:25:50,105,0.00115740740740741,122,5,2.175886,546.9126,NA,18037.47
2026-10-01 20:25:40,95,0.00104166666666667,122,5,2.174731,547.0896,NA,18036.42
2026-10-01 20:25:30,85,0.000925925925925926,122,5,2.174625,547.8453,NA,18035.2
2026-10-01 20:25:20,75,0.000810185185185185,122,5,2.173854,547.4403,NA,18033.06
2026-10-01 20:25:10,65,0.000694444444444444,122,5,2.172726,546.9854,NA,18034.13
2026-10-01 20:25:00,55,0.000578703703703704,122,5,2.17462,549.248,NA,18034.24
2026-10-01 20:24:50,45,0.000462962962962963,122,5,2.175058,551.1037,NA,18032.73
2026-10-01 20:24:40,35,0.000347222222222222,122,5,2.172381,548.4099,NA,18026.54
2026-10-01 20:24:30,25,0.000231481481481481,122,5,2.180041,551.0469,NA,18016.95
2026-10-01 20:24:20,15,0.000115740740740741,122,5,2.234384,550.1167,NA,17998.82
2026-10-01 20:24:10,5,0,122,5,2.320554,600.8699,NA,17990.25
2026-10-01 20:24:00,0,0.00694444444444444,121,8,2.308488,571.7819,NA,17968.05
2026-10-01 20:23:50,595,0.0068287037037037,121,8,2.32572,559.7886,NA,17957.12
2026-10-01 20:23:40,585,0.00671296296296296,121,8,2.312081,542.9446,NA,17958.55
2026-10-01 20:23:30,575,0.00659722222222222,121,8,2.269933,542.9639,NA,18012.14
2026-10-01 20:23:20,565,0.00648148148148148,121,8,2.284986,545.8575,NA,18113.8
2026-10-01 20:23:10,555,0.00636574074074074,121,8,2.277704,544.0132,NA,18395.42
2026-10-01 20:23:00,545,0.00625,121,8,2.317664,549.6305,NA,18434.1
2026-10-01 20:22:50,535,0.00613425925925926,121,8,2.296119,548.2466,NA,18424.54
2026-10-01 20:22:40,525,0.00601851851851852,121,8,2.307905,549.191,NA,18413.45
2026-10-01 20:22:30,515,0.00590277777777778,121,8,2.320828,549.2581,NA,18403.89
2026-10-01 20:22:20,505,0.00578703703703704,121,8,2.279358,546.3925,NA,18399.12
2026-10-01 20:22:10,495,0.0056712962962963,121,8,2.279345,546.111,NA,18395.31
2026-10-01 20:22:00,485,0.00555555555555556,121,8,2.282647,546.2927,NA,18397.47
2026-10-01 20:21:50,475,0.00543981481481481,121,8,2.28006,549.3621,NA,18403.01
2026-10-01 20:21:40,465,0.00532407407407407,121,8,2.272571,549.9888,NA,18405.41
2026-10-01 20:21:30,455,0.00520833333333333,121,8,2.268381,550.2401,NA,18408.71
2026-10-01 20:21:20,445,0.00509259259259259,121,8,2.274163,549.5209,NA,18414.82
2026-10-01 20:21:10,435,0.00497685185185185,121,8,2.286273,549.4337,NA,18415.27
2026-10-01 20:21:00,425,0.00486111111111111,121,8,2.260676,546.241,NA,18416.38
2026-10-01 20:20:50,415,0.00474537037037037,121,8,2.253377,544.6205,NA,18415.65
2026-10-01 20:20:40,404,0.00462962962962963,121,8,2.243336,543.1416,NA,18416.11
2026-10-01 20:20:30,395,0.00451388888888889,121,8,2.290846,544.9795,NA,18414.03
2026-10-01 20:20:20,385,0.00439814814814815,121,8,2.291229,544.6238,NA,18414.35
2026-10-01 20:20:10,375,0.00428240740740741,121,8,2.266896,543.4082,NA,18415.32
2026-10-01 20:20:00,364,0.00416666666666667,121,8,2.249431,542.4816,NA,18416.35
2026-10-01 20:19:50,355,0.00405092592592593,121,8,2.232015,542.2983,NA,18417.26
2026-10-01 20:19:40,345,0.00393518518518518,121,8,2.276758,543.9408,NA,18413.52
2026-10-01 20:19:30,335,0.00381944444444444,121,8,2.224761,540.2069,NA,18412.79
2026-10-01 20:19:20,325,0.0037037037037037,121,8,2.216645,540.423,NA,18413.61
2026-10-01 20:19:10,315,0.00358796296296296,121,8,2.272176,543.5443,NA,18416.98
2026-10-01 20:19:00,305,0.00347222222222222,121,8,2.228904,540.7947,NA,18418.21
2026-10-01 20:18:50,295,0.00335648148148148,121,8,2.207491,540.7437,NA,18420.23
2026-10-01 20:18:40,285,0.00324074074074074,121,8,2.228724,539.2543,NA,18421.73
2026-10-01 20:18:30,275,0.003125,121,8,2.224597,538.6429,NA,18422.5
2026-10-01 20:18:20,264,0.00300925925925926,121,8,2.221883,538.5229,NA,18421.07
2026-10-01 20:18:10,255,0.00289351851851852,121,8,2.233668,538.901,NA,18423.73
2026-10-01 20:18:00,245,0.00277777777777778,121,8,2.220404,537.491,NA,18423.43
2026-10-01 20:17:50,235,0.00266203703703704,121,8,2.243873,538.3171,NA,18424.83
2026-10-01 20:17:40,225,0.0025462962962963,121,8,2.239429,538.6075,NA,18424.96
2026-10-01 20:17:30,215,0.00243055555555556,121,8,2.203805,539.4077,NA,18424.23
2026-10-01 20:17:20,205,0.00231481481481481,121,8,2.178494,539.7009,NA,18423.41
2026-10-01 20:17:10,195,0.00219907407407407,121,8,2.185249,541.4376,NA,18425.85
2026-10-01 20:17:00,184,0.00208333333333333,121,8,2.189668,543.8689,NA,18425.55
2026-10-01 20:16:50,175,0.00196759259259259,121,8,2.224658,547.8781,NA,18425.96
2026-10-01 20:16:40,165,0.00185185185185185,121,8,2.202103,548.4664,NA,18426.3
2026-10-01 20:16:30,155,0.00173611111111111,121,8,2.186623,547.616,NA,18426.91
2026-10-01 20:16:20,145,0.00162037037037037,121,8,2.26361,552.7461,0.3582709,18426.59
2026-10-01 20:16:10,135,0.00150462962962963,121,8,2.186698,549.5899,NA,18428
2026-10-01 20:16:00,125,0.00138888888888889,121,8,2.182606,548.6046,NA,18427.4
2026-10-01 20:15:50,115,0.00127314814814815,121,8,2.189786,550.7592,NA,18430.09
2026-10-01 20:15:40,105,0.00115740740740741,121,8,2.16972,550.9103,NA,18430.83
2026-10-01 20:15:30,95,0.00104166666666667,121,8,2.183818,551.3885,NA,18429.76
2026-10-01 20:15:20,85,0.000925925925925926,121,8,2.180707,551.2372,NA,18428.08
2026-10-01 20:15:10,75,0.000810185185185185,121,8,2.176409,550.9678,NA,18427.11
2026-10-01 20:15:00,65,0.000694444444444444,121,8,2.19499,550.4423,NA,18430.16
2026-10-01 20:14:50,55,0.000578703703703704,121,8,2.20177,550.4121,NA,18428.19
2026-10-01 20:14:40,45,0.000462962962962963,121,8,2.219764,550.2323,NA,18425.59
2026-10-01 20:14:30,35,0.000347222222222222,121,8,2.233559,551.2854,NA,18423.8
2026-10-01 20:14:20,25,0.000231481481481481,121,8,2.293226,584.9743,NA,18418.7
2026-10-01 20:14:10,15,0.000115740740740741,121,8,2.20943,572.1077,NA,18423.93
2026-10-01 20:14:00,5,0,121,8,2.191833,562.4363,NA,18424.1
2026-10-01 20:13:50,0,0.00694444444444444,120,4,2.193942,560.0216,NA,18410.29
2026-10-01 20:13:40,595,0.0068287037037037,120,4,2.191332,561.5456,NA,18408.86
2026-10-01 20:13:30,584,0.00671296296296296,120,4,2.196709,560.3431,NA,18411.07
2026-10-01 20:13:20,575,0.00659722222222222,120,4,2.193616,559.9684,NA,18412.69
2026-10-01 20:13:10,565,0.00648148148148148,120,4,2.193907,558.7595,NA,18438.19
2026-10-01 20:13:00,555,0.00636574074074074,120,4,2.186759,554.2944,NA,18590.44
2026-10-01 20:12:50,544,0.00625,120,4,2.148354,540.0956,NA,18723.48
2026-10-01 20:12:40,535,0.00613425925925926,120,4,2.148527,540.0217,NA,18719.03
2026-10-01 20:12:30,525,0.00601851851851852,120,4,2.149818,539.3531,NA,18715.59
2026-10-01 20:12:20,514,0.00590277777777778,120,4,2.148527,538.4018,NA,18712.07
2026-10-01 20:12:10,504,0.00578703703703704,120,4,2.150341,536.5927,NA,18703.09
2026-10-01 20:12:00,494,0.0056712962962963,120,4,2.148945,535.9136,NA,18699.12
2026-10-01 20:11:50,485,0.00555555555555556,120,4,2.149438,535.518,NA,18694.91
2026-10-01 20:11:40,474,0.00543981481481481,120,4,2.149549,535.4755,NA,18685.65
2026-10-01 20:11:30,465,0.00532407407407407,120,4,2.150592,535.609,NA,18681.01
2026-10-01 20:11:20,455,0.00520833333333333,120,4,2.1504,534.6777,NA,18674.68
2026-10-01 20:11:10,445,0.00509259259259259,120,4,2.152406,533.6193,NA,18673.11
2026-10-01 20:11:00,435,0.00497685185185185,120,4,2.152877,533.16,NA,18667.41
2026-10-01 20:10:50,425,0.00486111111111111,120,4,2.151246,532.8219,NA,18666.46
2026-10-01 20:10:40,415,0.00474537037037037,120,4,2.153895,532.5868,NA,18665.33
2026-10-01 20:10:30,405,0.00462962962962963,120,4,2.154714,533.6139,NA,18667.17
2026-10-01 20:10:20,395,0.00451388888888889,120,4,2.151083,532.1978,NA,18667.44
2026-10-01 20:10:10,384,0.00439814814814815,120,4,2.149053,531.2475,NA,18666.27
2026-10-01 20:10:00,374,0.00428240740740741,120,4,2.14735,532.3417,NA,18668.32
2026-10-01 20:09:50,364,0.00416666666666667,120,4,2.146225,531.0559,NA,18666.26
2026-10-01 20:09:40,355,0.00405092592592593,120,4,2.14569,529.9915,NA,18666.23
2026-10-01 20:09:30,344,0.00393518518518518,120,4,2.146384,530.1545,NA,18669.46
2026-10-01 20:09:20,334,0.00381944444444444,120,4,2.144962,528.3165,NA,18670.55
2026-10-01 20:09:10,325,0.0037037037037037,120,4,2.145934,526.8795,NA,18670.99
2026-10-01 20:09:00,315,0.00358796296296296,120,4,2.14497,526.0612,NA,18670.99
2026-10-01 20:08:50,305,0.00347222222222222,120,4,2.144644,527.596,NA,18669.03
2026-10-01 20:08:40,294,0.00335648148148148,120,4,2.144567,528.8104,NA,18664.07
2026-10-01 20:08:30,285,0.00324074074074074,120,4,2.144493,530.0995,NA,18661.5
2026-10-01 20:08:20,275,0.003125,120,4,2.142743,528.1802,NA,18656.38
2026-10-01 20:08:10,264,0.00300925925925926,120,4,2.14302,527.8341,NA,18652
2026-10-01 20:08:00,255,0.00289351851851852,120,4,2.14282,526.9452,NA,18649.34
2026-10-01 20:07:50,245,0.00277777777777778,120,4,2.142316,526.2217,NA,18646.98
2026-10-01 20:07:40,235,0.00266203703703704,120,4,2.142381,525.6981,NA,18640.62
2026-10-01 20:07:30,225,0.0025462962962963,120,4,2.143459,525.069,NA,18636.67
2026-10-01 20:07:20,215,0.00243055555555556,120,4,2.143616,524.4783,NA,18628.51
2026-10-01 20:07:10,205,0.00231481481481481,120,4,2.14542,524.7524,NA,18623.32
2026-10-01 20:07:00,194,0.00219907407407407,120,4,2.144598,523.4934,NA,18616.02
2026-10-01 20:06:50,185,0.00208333333333333,120,4,2.142864,523.1863,NA,18607.56
2026-10-01 20:06:40,175,0.00196759259259259,120,4,2.144615,523.0295,NA,18605.46
2026-10-01 20:06:30,165,0.00185185185185185,120,4,2.144828,522.6808,NA,18601.1
2026-10-01 20:06:20,155,0.00173611111111111,120,4,2.145405,522.0453,NA,18592.29
2026-10-01 20:06:10,145,0.00162037037037037,120,4,2.146749,520.8572,NA,18587.2
2026-10-01 20:06:00,135,0.00150462962962963,120,4,2.145072,519.7005,NA,18580.27
2026-10-01 20:05:50,125,0.00138888888888889,120,4,2.144787,518.1641,0.3563225,18575.48
2026-10-01 20:05:40,115,0.00127314814814815,120,4,2.143504,517.26,NA,18568.7
2026-10-01 20:05:30,105,0.00115740740740741,120,4,2.143745,515.9363,NA,18564.93
2026-10-01 20:05:20,95,0.00104166666666667,120,4,2.144548,515.5658,NA,18558.56
2026-10-01 20:05:10,85,0.000925925925925926,120,4,2.142811,513.9307,NA,18551
2026-10-01 20:05:00,74,0.000810185185185185,120,4,2.143126,513.5188,NA,18545.21
2026-10-01 20:04:50,65,0.000694444444444444,120,4,2.143584,512.4846,NA,18536.2
2026-10-01 20:04:40,54,0.000578703703703704,120,4,2.143814,512.0306,NA,18522.27
2026-10-01 20:04:30,44,0.000462962962962963,120,4,2.14361,510.7119,NA,18507.34
2026-10-01 20:04:20,34,0.000347222222222222,120,4,2.145112,510.1593,NA,18490.19
2026-10-01 20:04:10,25,0.000231481481481481,120,4,2.166883,519.1691,NA,18464.43
2026-10-01 20:04:00,14,0.000115740740740741,120,4,2.243146,566.8972,NA,18431.37
2026-10-01 20:03:50,5,0,120,4,2.251136,555.2719,NA,18417.14
2026-10-01 20:03:40,0,0.00694444444444444,119,11,2.244919,592.8365,NA,18392.94
2026-10-01 20:03:30,595,0.0068287037037037,119,11,2.410211,567.4066,NA,18390.82
2026-10-01 20:03:20,585,0.00671296296296296,119,11,2.242892,586.4332,NA,18383.76
2026-10-01 20:03:10,575,0.00659722222222222,119,11,2.21455,542.3048,NA,18381.08
2026-10-01 20:03:00,565,0.00648148148148148,119,11,2.212797,542.576,NA,18386.33
2026-10-01 20:02:50,555,0.00636574074074074,119,11,2.204952,536.5726,NA,18534.79
2026-10-01 20:02:40,545,0.00625,119,11,2.177569,514.5323,NA,18676.06
2026-10-01 20:02:30,535,0.00613425925925926,119,11,2.175564,514.3226,NA,18673.01
2026-10-01 20:02:20,525,0.00601851851851852,119,11,2.176528,513.179,NA,18668.77
2026-10-01 20:02:10,515,0.00590277777777778,119,11,2.176704,511.4276,NA,18664.18
2026-10-01 20:02:00,505,0.00578703703703704,119,11,2.174258,509.1257,NA,18659.76
2026-10-01 20:01:50,495,0.0056712962962963,119,11,2.175385,510.2387,NA,18652.59
2026-10-01 20:01:40,485,0.00555555555555556,119,11,2.180809,516.0385,0.3555953,18645.86
2026-10-01 20:01:30,475,0.00543981481481481,119,11,2.176653,516.361,NA,18639.59
2026-10-01 20:01:20,465,0.00532407407407407,119,11,2.17639,515.5579,NA,18636.15
2026-10-01 20:01:10,455,0.00520833333333333,119,11,2.173601,514.8112,NA,18631.12
2026-10-01 20:01:00,445,0.00509259259259259,119,11,2.173862,514.6719,NA,18628.15
2026-10-01 20:00:50,435,0.00497685185185185,119,11,2.17629,517.8654,NA,18618.4
2026-10-01 20:00:40,425,0.00486111111111111,119,11,2.171945,517.0349,NA,18613.85
2026-10-01 20:00:30,415,0.00474537037037037,119,11,2.173611,520.2343,NA,18608.76
2026-10-01 20:00:20,405,0.00462962962962963,119,11,2.170072,518.547,NA,18606.95
2026-10-01 20:00:10,395,0.00451388888888889,119,11,2.169475,516.889,NA,18606.41
2026-10-01 20:00:00,385,0.00439814814814815,119,11,2.167221,514.3122,NA,18606.1
2026-10-01 19:59:50,374,0.00428240740740741,119,11,2.166819,513.4691,NA,18606.44
2026-10-01 19:59:40,364,0.00416666666666667,119,11,2.165855,512.6268,NA,18607.53
2026-10-01 19:59:30,355,0.00405092592592593,119,11,2.164355,511.9992,NA,18608.96
2026-10-01 19:59:20,345,0.00393518518518518,119,11,2.163592,511.6412,NA,18613.21
2026-10-01 19:59:10,335,0.00381944444444444,119,11,2.163041,511.7059,NA,18617.68
2026-10-01 19:59:00,325,0.0037037037037037,119,11,2.166927,513.5304,NA,18621.05
2026-10-01 19:58:50,315,0.00358796296296296,119,11,2.164394,512.8741,NA,18621.98
2026-10-01 19:58:40,305,0.00347222222222222,119,11,2.163529,513.4395,NA,18625.14
2026-10-01 19:58:30,295,0.00335648148148148,119,11,2.159675,510.0726,NA,18619.5
2026-10-01 19:58:20,285,0.00324074074074074,119,11,2.158838,508.13,NA,18616.62
2026-10-01 19:58:10,275,0.003125,119,11,2.157434,506.1044,NA,18619.17
2026-10-01 19:58:00,265,0.00300925925925926,119,11,2.155792,505.4817,NA,18621.48
2026-10-01 19:57:50,255,0.00289351851851852,119,11,2.15703,507.0257,NA,18621.04
2026-10-01 19:57:40,245,0.00277777777777778,119,11,2.157579,509.1996,NA,18619.33
2026-10-01 19:57:30,235,0.00266203703703704,119,11,2.15987,511.787,NA,18619.69
2026-10-01 19:57:20,225,0.0025462962962963,119,11,2.160516,511.8409,NA,18615.4
2026-10-01 19:57:10,215,0.00243055555555556,119,11,2.158999,512.9089,NA,18612.63
2026-10-01 19:57:00,205,0.00231481481481481,119,11,2.158798,512.0621,NA,18607.84
2026-10-01 19:56:50,195,0.00219907407407407,119,11,2.158191,513.1755,NA,18603.83
2026-10-01 19:56:40,185,0.00208333333333333,119,11,2.159924,513.4518,NA,18601.72
2026-10-01 19:56:30,175,0.00196759259259259,119,11,2.161296,514.8621,NA,18595.14
2026-10-01 19:56:20,165,0.00185185185185185,119,11,2.156549,514.486,NA,18588.34
2026-10-01 19:56:10,155,0.00173611111111111,119,11,2.160007,514.734,NA,18576.54
2026-10-01 19:56:00,145,0.00162037037037037,119,11,2.162914,515.7493,NA,18567.01
2026-10-01 19:55:50,135,0.00150462962962963,119,11,2.160265,515.5816,NA,18560.99
2026-10-01 19:55:40,125,0.00138888888888889,119,11,2.159305,515.7967,NA,18552.29
2026-10-01 19:55:30,115,0.00127314814814815,119,11,2.157739,514.8196,NA,18543.02
2026-10-01 19:55:20,105,0.00115740740740741,119,11,2.157069,515.2043,NA,18531.8
2026-10-01 19:55:10,95,0.00104166666666667,119,11,2.155894,515.3,NA,18521.06
2026-10-01 19:55:00,85,0.000925925925925926,119,11,2.158152,515.368,NA,18508.82
2026-10-01 19:54:50,75,0.000810185185185185,119,11,2.157645,513.5565,NA,18498.6
2026-10-01 19:54:40,65,0.000694444444444444,119,11,2.16573,516.0447,NA,18486.01
2026-10-01 19:54:30,55,0.000578703703703704,119,11,2.164892,516.7444,NA,18474.26
2026-10-01 19:54:20,45,0.000462962962962963,119,11,2.16503,515.0587,NA,18463.06
2026-10-01 19:54:10,35,0.000347222222222222,119,11,2.173873,521.614,NA,18444.33
2026-10-01 19:54:00,25,0.000231481481481481,119,11,2.346058,610.7838,NA,18408.8
2026-10-01 19:53:50,15,0.000115740740740741,119,11,2.24618,577.0717,NA,18395.13
2026-10-01 19:53:40,5,0,119,11,2.206673,547.2507,NA,18367.6
2026-10-01 19:53:30,0,0.00694444444444444,118,2,2.194246,543.1262,NA,18331
2026-10-01 19:53:20,595,0.0068287037037037,118,2,2.192522,542.1113,NA,18304.89
2026-10-01 19:53:10,585,0.00671296296296296,118,2,2.193993,544.2827,NA,18317.52
2026-10-01 19:53:00,575,0.00659722222222222,118,2,2.196377,549.3954,NA,18364.39
2026-10-01 19:52:50,565,0.00648148148148148,118,2,2.198426,556.7708,NA,18432.64
2026-10-01 19:52:40,555,0.00636574074074074,118,2,2.189583,556.2018,NA,18602.78
2026-10-01 19:52:30,544,0.00625,118,2,2.172237,556.6108,NA,18626.7
2026-10-01 19:52:20,535,0.00613425925925926,118,2,2.170057,553.7916,NA,18624.16
2026-10-01 19:52:10,525,0.00601851851851852,118,2,2.164672,548.3311,NA,18620.83
2026-10-01 19:52:00,515,0.00590277777777778,118,2,2.162154,545.9013,NA,18616.37
2026-10-01 19:51:50,505,0.00578703703703704,118,2,2.163365,546.2374,NA,18613.74
2026-10-01 19:51:40,495,0.0056712962962963,118,2,2.163621,547.3737,NA,18614.29
2026-10-01 19:51:30,485,0.00555555555555556,118,2,2.164796,548.9426,NA,18613.66
2026-10-01 19:51:20,475,0.00543981481481481,118,2,2.166249,550.7684,NA,18610.43
2026-10-01 19:51:10,465,0.00532407407407407,118,2,2.170266,556.5189,NA,18611.43
2026-10-01 19:51:00,455,0.00520833333333333,118,2,2.175784,561.8336,NA,18611.72
2026-10-01 19:50:50,445,0.00509259259259259,118,2,2.175206,559.1276,NA,18606.9
2026-10-01 19:50:40,435,0.00497685185185185,118,2,2.174415,557.0303,NA,18604.04
2026-10-01 19:50:30,425,0.00486111111111111,118,2,2.175628,558.3734,NA,18603.17
2026-10-01 19:50:20,415,0.00474537037037037,118,2,2.170148,553.0848,NA,18602.18
2026-10-01 19:50:10,405,0.00462962962962963,118,2,2.160687,541.7856,NA,18600.45
2026-10-01 19:50:00,395,0.00451388888888889,118,2,2.158788,539.1227,NA,18596.47
2026-10-01 19:49:50,385,0.00439814814814815,118,2,2.157936,536.9143,NA,18598.48
2026-10-01 19:49:40,375,0.00428240740740741,118,2,2.158263,537.33,NA,18602.67
2026-10-01 19:49:30,365,0.00416666666666667,118,2,2.160243,537.9073,NA,18603.97
2026-10-01 19:49:20,355,0.00405092592592593,118,2,2.158527,535.6937,NA,18604.3
2026-10-01 19:49:10,345,0.00393518518518518,118,2,2.157192,536.0378,NA,18609.59
2026-10-01 19:49:00,334,0.00381944444444444,118,2,2.159657,539.5694,NA,18615.85
2026-10-01 19:48:50,325,0.0037037037037037,118,2,2.161513,544.1257,NA,18619.14
2026-10-01 19:48:40,315,0.00358796296296296,118,2,2.161627,545.571,NA,18621.57
2026-10-01 19:48:30,305,0.00347222222222222,118,2,2.161646,547.9465,NA,18621.77
2026-10-01 19:48:20,295,0.00335648148148148,118,2,2.161924,547.1895,NA,18625.07
2026-10-01 19:48:10,285,0.00324074074074074,118,2,2.160683,545.4038,NA,18622.02
2026-10-01 19:48:00,275,0.003125,118,2,2.161314,547.5063,NA,18621.59
2026-10-01 19:47:50,265,0.00300925925925926,118,2,2.162252,550.7178,NA,18620.81
2026-10-01 19:47:40,255,0.00289351851851852,118,2,2.166312,558.0062,NA,18621.53
2026-10-01 19:47:30,245,0.00277777777777778,118,2,2.165419,559.7422,NA,18622.43
2026-10-01 19:47:20,235,0.00266203703703704,118,2,2.16814,561.4274,NA,18618.7
2026-10-01 19:47:10,225,0.0025462962962963,118,2,2.16936,561.5589,NA,18617.96
2026-10-01 19:47:00,215,0.00243055555555556,118,2,2.168646,560.9719,NA,18613.32
2026-10-01 19:46:50,205,0.00231481481481481,118,2,2.167265,559.9805,NA,18614.17
2026-10-01 19:46:40,195,0.00219907407407407,118,2,2.167927,559.7939,NA,18613.2
2026-10-01 19:46:30,185,0.00208333333333333,118,2,2.165619,557.6266,NA,18608.44
2026-10-01 19:46:20,175,0.00196759259259259,118,2,2.160175,553.5032,NA,18609.44
2026-10-01 19:46:10,165,0.00185185185185185,118,2,2.161737,553.4668,NA,18608.99
2026-10-01 19:46:00,155,0.00173611111111111,118,2,2.160522,551.7562,NA,18605.43
2026-10-01 19:45:50,145,0.00162037037037037,118,2,2.15966,547.1557,NA,18605.7
2026-10-01 19:45:40,135,0.00150462962962963,118,2,2.162088,546.0298,NA,18603.63
2026-10-01 19:45:30,125,0.00138888888888889,118,2,2.159746,538.8402,NA,18603.41
2026-10-01 19:45:20,115,0.00127314814814815,118,2,2.161098,538.5682,NA,18602.79
2026-10-01 19:45:10,105,0.00115740740740741,118,2,2.157956,535.4137,NA,18601.26
2026-10-01 19:45:00,95,0.00104166666666667,118,2,2.143034,524.3111,NA,18594.63
2026-10-01 19:44:50,85,0.000925925925925926,118,2,2.13868,521.2376,NA,18591.81
2026-10-01 19:44:40,75,0.000810185185185185,118,2,2.137096,522.3342,NA,18593.86
2026-10-01 19:44:30,65,0.000694444444444444,118,2,2.137014,521.1433,NA,18596.48
2026-10-01 19:44:20,55,0.000578703703703704,118,2,2.146222,524.4019,NA,18596.01
2026-10-01 19:44:10,45,0.000462962962962963,118,2,2.148513,523.3378,NA,18590.88
2026-10-01 19:44:00,35,0.000347222222222222,118,2,2.149639,523.4901,NA,18592.34
2026-10-01 19:43:50,25,0.000231481481481481,118,2,2.171279,535.577,NA,18592.48
2026-10-01 19:43:40,15,0.000115740740740741,118,2,2.234272,550.2934,NA,18609.97
2026-10-01 19:43:30,5,0,118,2,2.249386,562.4245,NA,18620.24
2026-10-01 19:43:20,0,0.00694444444444444,117,10,2.253529,592.4197,NA,18589.81
2026-10-01 19:43:10,595,0.0068287037037037,117,10,2.242038,573.7732,NA,18571.48
2026-10-01 19:43:00,585,0.00671296296296296,117,10,2.25712,553.5394,NA,18547.3
2026-10-01 19:42:50,575,0.00659722222222222,117,10,2.220839,543.3277,NA,18578.25
2026-10-01 19:42:40,565,0.00648148148148148,117,10,2.221711,542.7711,0.353284,18694
2026-10-01 19:42:30,555,0.00636574074074074,117,10,2.221811,540.2532,NA,18965.81
2026-10-01 19:42:20,545,0.00625,117,10,2.230754,535.6906,NA,19057.42
2026-10-01 19:42:10,534,0.00613425925925926,117,10,2.230352,536.0165,NA,19054.24
2026-10-01 19:42:00,525,0.00601851851851852,117,10,2.22686,536.5889,NA,19054.01
2026-10-01 19:41:50,515,0.00590277777777778,117,10,2.231519,539.7606,NA,19054.94
2026-10-01 19:41:40,504,0.00578703703703704,117,10,2.233397,539.4835,NA,19048.75
2026-10-01 19:41:30,495,0.0056712962962963,117,10,2.226331,534.1057,NA,19043.3
2026-10-01 19:41:20,485,0.00555555555555556,117,10,2.219467,530.5646,NA,19037.45
2026-10-01 19:41:10,475,0.00543981481481481,117,10,2.217091,530.4421,NA,19025.83
2026-10-01 19:41:00,465,0.00532407407407407,117,10,2.213204,528.2423,NA,19017.05
2026-10-01 19:40:50,455,0.00520833333333333,117,10,2.21075,528.1703,NA,19009.77
2026-10-01 19:40:40,445,0.00509259259259259,117,10,2.209324,527.7137,NA,19005.46
2026-10-01 19:40:30,435,0.00497685185185185,117,10,2.206835,527.2365,NA,18998.94
2026-10-01 19:40:20,425,0.00486111111111111,117,10,2.200746,525.2856,NA,18996.07
2026-10-01 19:40:10,415,0.00474537037037037,117,10,2.196378,523.9382,NA,18996.05
2026-10-01 19:40:00,405,0.00462962962962963,117,10,2.196081,524.2855,NA,18992.82
2026-10-01 19:39:50,395,0.00451388888888889,117,10,2.203868,524.9484,NA,18993.55
2026-10-01 19:39:40,385,0.00439814814814815,117,10,2.201628,524.7495,NA,18991.26
2026-10-01 19:39:30,375,0.00428240740740741,117,10,2.205288,525.3329,NA,18984.74
2026-10-01 19:39:20,365,0.00416666666666667,117,10,2.203928,524.2549,NA,18976.19
2026-10-01 19:39:10,355,0.00405092592592593,117,10,2.202073,524.3926,NA,18973.36
2026-10-01 19:39:00,345,0.00393518518518518,117,10,2.192308,519.2254,NA,18971.2
2026-10-01 19:38:50,335,0.00381944444444444,117,10,2.188818,518.4892,NA,18965.26
2026-10-01 19:38:40,325,0.0037037037037037,117,10,2.187501,517.6781,NA,18963.98
2026-10-01 19:38:30,314,0.00358796296296296,117,10,2.188252,518.7147,NA,18958.83
2026-10-01 19:38:20,305,0.00347222222222222,117,10,2.185673,518.6297,NA,18953.83
2026-10-01 19:38:10,295,0.00335648148148148,117,10,2.183026,517.7331,NA,18950.75
2026-10-01 19:38:00,285,0.00324074074074074,117,10,2.186876,518.4361,NA,18948.62
2026-10-01 19:37:50,275,0.003125,117,10,2.195015,522.716,0.3553717,18942.83
2026-10-01 19:37:40,265,0.00300925925925926,117,10,2.190903,523.0779,NA,18941.33
2026-10-01 19:37:30,255,0.00289351851851852,117,10,2.180461,518.8375,NA,18938.73
2026-10-01 19:37:20,245,0.00277777777777778,117,10,2.175072,517.6074,NA,18937.37
2026-10-01 19:37:10,235,0.00266203703703704,117,10,2.174888,517.9277,NA,18936.87
2026-10-01 19:37:00,225,0.0025462962962963,117,10,2.179972,517.4401,NA,18937.4
2026-10-01 19:36:50,215,0.00243055555555556,117,10,2.171244,515.1948,NA,18938.13
2026-10-01 19:36:40,205,0.00231481481481481,117,10,2.164193,513.1118,NA,18939.1
2026-10-01 19:36:30,195,0.00219907407407407,117,10,2.160085,510.3043,0.3553072,18939.02
2026-10-01 19:36:20,185,0.00208333333333333,117,10,2.162984,510.6238,NA,18935.46
2026-10-01 19:36:10,175,0.00196759259259259,117,10,2.163849,510.3285,NA,18934.23
2026-10-01 19:36:00,165,0.00185185185185185,117,10,2.164593,510.6284,NA,18938.06
2026-10-01 19:35:50,155,0.00173611111111111,117,10,2.167443,511.6639,NA,18939.35
2026-10-01 19:35:40,145,0.00162037037037037,117,10,2.172424,512.9786,NA,18935.85
2026-10-01 19:35:30,135,0.00150462962962963,117,10,2.168426,511.3788,NA,18931.08
2026-10-01 19:35:20,125,0.00138888888888889,117,10,2.166842,510.8406,0.3557975,18920.36
2026-10-01 19:35:10,115,0.00127314814814815,117,10,2.166232,510.8913,NA,18917.27
2026-10-01 19:35:00,104,0.00115740740740741,117,10,2.169255,512.7471,NA,18912.88
2026-10-01 19:34:50,94,0.00104166666666667,117,10,2.171556,514.4908,NA,18905.21
2026-10-01 19:34:40,85,0.000925925925925926,117,10,2.181319,518.4537,NA,18896.17
2026-10-01 19:34:30,75,0.000810185185185185,117,10,2.185259,520.1072,NA,18889.82
2026-10-01 19:34:20,65,0.000694444444444444,117,10,2.190653,522.4349,NA,18884.34
2026-10-01 19:34:10,55,0.000578703703703704,117,10,2.194952,518.1487,NA,18876.73
2026-10-01 19:34:00,45,0.000462962962962963,117,10,2.177045,510.1826,NA,18865.79
2026-10-01 19:33:50,35,0.000347222222222222,117,10,2.167798,508.1086,0.3547356,18855.66
2026-10-01 19:33:40,25,0.000231481481481481,117,10,2.173648,512.4764,NA,18843.73
2026-10-01 19:33:30,15,0.000115740740740741,117,10,2.198771,574.5958,NA,18825.12
2026-10-01 19:33:20,5,0,117,10,2.21039,554.9577,NA,18807.33
2026-10-01 19:33:10,0,0.00694444444444444,116,7,2.229983,575.1031,0.3584162,18784.87
2026-10-01 19:33:00,595,0.0068287037037037,116,7,2.1971,522.6954,NA,18783.77
2026-10-01 19:32:50,585,0.00671296296296296,116,7,2.197088,519.6293,NA,18777.8
2026-10-01 19:32:40,575,0.00659722222222222,116,7,2.201139,520.8043,NA,18758.66
2026-10-01 19:32:30,565,0.00648148148148148,116,7,2.201133,522.1622,NA,18734.04
2026-10-01 19:32:20,555,0.00636574074074074,116,7,2.193588,519.0038,NA,18840.28
2026-10-01 19:32:10,545,0.00625,116,7,2.182246,520.9186,NA,18864.51
2026-10-01 19:32:00,534,0.00613425925925926,116,7,2.180089,518.7491,NA,18860.29
2026-10-01 19:31:50,525,0.00601851851851852,116,7,2.178506,516.6362,NA,18859.51
2026-10-01 19:31:40,515,0.00590277777777778,116,7,2.179578,517.0578,NA,18860.45
2026-10-01 19:31:30,505,0.00578703703703704,116,7,2.179629,518.3015,NA,18857.19
2026-10-01 19:31:20,494,0.0056712962962963,116,7,2.180045,520.4895,NA,18853.62
2026-10-01 19:31:10,484,0.00555555555555556,116,7,2.179274,521.0724,NA,18845.69
2026-10-01 19:31:00,475,0.00543981481481481,116,7,2.182741,522.5366,NA,18838.8
2026-10-01 19:30:50,465,0.00532407407407407,116,7,2.184042,523.7203,NA,18833.45
2026-10-01 19:30:40,455,0.00520833333333333,116,7,2.189281,525.8691,NA,18829.01
2026-10-01 19:30:30,445,0.00509259259259259,116,7,2.190558,526.9526,NA,18824.94
2026-10-01 19:30:20,435,0.00497685185185185,116,7,2.191478,527.026,NA,18820.13
2026-10-01 19:30:10,425,0.00486111111111111,116,7,2.189539,525.7265,NA,18816.58
2026-10-01 19:30:00,415,0.00474537037037037,116,7,2.187513,524.3669,NA,18810.36
2026-10-01 19:29:50,405,0.00462962962962963,116,7,2.186017,524.0555,NA,18803.04
2026-10-01 19:29:40,395,0.00451388888888889,116,7,2.19068,526.6219,NA,18795.47
2026-10-01 19:29:30,385,0.00439814814814815,116,7,2.196677,530.4507,NA,18791.03
2026-10-01 19:29:20,375,0.00428240740740741,116,7,2.214168,541.3002,NA,18786.34
2026-10-01 19:29:10,365,0.00416666666666667,116,7,2.211854,539.7354,NA,18779.16
2026-10-01 19:29:00,355,0.00405092592592593,116,7,2.214558,541.2721,NA,18767.62
2026-10-01 19:28:50,345,0.00393518518518518,116,7,2.210464,539.0325,NA,18760.87
2026-10-01 19:28:40,335,0.00381944444444444,116,7,2.200614,534.923,NA,18750.15
2026-10-01 19:28:30,325,0.0037037037037037,116,7,2.198565,533.9971,NA,18741.36
2026-10-01 19:28:20,315,0.00358796296296296,116,7,2.195828,532.3183,NA,18736.82
2026-10-01 19:28:10,305,0.00347222222222222,116,7,2.192665,530.3076,NA,18738.22
2026-10-01 19:28:00,295,0.00335648148148148,116,7,2.194952,531.997,NA,18739.27
2026-10-01 19:27:50,284,0.00324074074074074,116,7,2.185194,526.8743,NA,18744.88
2026-10-01 19:27:40,275,0.003125,116,7,2.177738,523.3862,NA,18744.07
2026-10-01 19:27:30,264,0.00300925925925926,116,7,2.177847,523.4366,NA,18746.96
2026-10-01 19:27:20,255,0.00289351851851852,116,7,2.17771,522.449,NA,18750.74
2026-10-01 19:27:10,245,0.00277777777777778,116,7,2.171311,519.9034,0.3549039,18751.29
2026-10-01 19:27:00,235,0.00266203703703704,116,7,2.172217,521.7173,NA,18749.55
2026-10-01 19:26:50,225,0.0025462962962963,116,7,2.175189,523.522,NA,18745.33
2026-10-01 19:26:40,215,0.00243055555555556,116,7,2.17699,523.9683,NA,18742.62
2026-10-01 19:26:30,205,0.00231481481481481,116,7,2.179955,525.5869,NA,18742.81
2026-10-01 19:26:20,195,0.00219907407407407,116,7,2.185233,527.4726,NA,18735.45
2026-10-01 19:26:10,185,0.00208333333333333,116,7,2.186136,527.1716,NA,18734.01
2026-10-01 19:26:00,175,0.00196759259259259,116,7,2.17448,515.9371,NA,18728.77
2026-10-01 19:25:50,165,0.00185185185185185,116,7,2.167839,510.1788,NA,18730.41
2026-10-01 19:25:40,155,0.00173611111111111,116,7,2.165967,508.4363,NA,18726.98
2026-10-01 19:25:30,145,0.00162037037037037,116,7,2.165724,507.0483,NA,18724.38
2026-10-01 19:25:20,135,0.00150462962962963,116,7,2.168355,508.0858,NA,18723.66
2026-10-01 19:25:10,125,0.00138888888888889,116,7,2.171718,509.4273,NA,18722.75
2026-10-01 19:25:00,115,0.00127314814814815,116,7,2.172791,511.0747,NA,18718.72
2026-10-01 19:24:50,105,0.00115740740740741,116,7,2.175175,512.7631,NA,18722.41
2026-10-01 19:24:40,95,0.00104166666666667,116,7,2.177673,514.6975,NA,18723.16
2026-10-01 19:24:30,85,0.000925925925925926,116,7,2.177103,514.5947,NA,18724.45
2026-10-01 19:24:20,74,0.000810185185185185,116,7,2.176606,514.555,NA,18726.28
2026-10-01 19:24:10,65,0.000694444444444444,116,7,2.178029,516.191,NA,18726.31
2026-10-01 19:24:00,55,0.000578703703703704,116,7,2.180682,518.6767,NA,18723.1
2026-10-01 19:23:50,45,0.000462962962962963,116,7,2.187901,523.8867,NA,18721.63
2026-10-01 19:23:40,35,0.000347222222222222,116,7,2.197224,531.2128,NA,18717.88
2026-10-01 19:23:30,25,0.000231481481481481,116,7,2.22305,547.9046,NA,18713.06
2026-10-01 19:23:20,15,0.000115740740740741,116,7,2.210365,553.7737,NA,18710.28
2026-10-01 19:23:10,5,0,116,7,2.255261,635.3277,NA,18699.12
2026-10-01 19:23:00,0,0.00694444444444444,115,1,2.232165,569.2693,NA,18674
2026-10-01 19:22:50,595,0.0068287037037037,115,1,2.245456,591.581,NA,18663.64
2026-10-01 19:22:40,585,0.00671296296296296,115,1,2.214205,537.1425,NA,18656.63
2026-10-01 19:22:30,575,0.00659722222222222,115,1,2.213605,535.2515,NA,18651.81
2026-10-01 19:22:20,565,0.00648148148148148,115,1,2.212087,533.3612,0.3593074,18653.79
2026-10-01 19:22:10,555,0.00636574074074074,115,1,2.209022,530.597,NA,18773.5
2026-10-01 19:22:00,545,0.00625,115,1,2.213224,532.5881,NA,18901.83
2026-10-01 19:21:50,535,0.00613425925925926,115,1,2.200102,522.8727,NA,18902.39
2026-10-01 19:21:40,525,0.00601851851851852,115,1,2.198101,522.9232,NA,18900.83
2026-10-01 19:21:30,515,0.00590277777777778,115,1,2.196774,518.967,NA,18900.92
2026-10-01 19:21:20,505,0.00578703703703704,115,1,2.195657,517.6489,NA,18903.68
2026-10-01 19:21:10,495,0.0056712962962963,115,1,2.195776,518.1891,NA,18903.56
2026-10-01 19:21:00,485,0.00555555555555556,115,1,2.198985,520.978,NA,18906.2
2026-10-01 19:20:50,475,0.00543981481481481,115,1,2.199368,521.176,NA,18905.07
2026-10-01 19:20:40,464,0.00532407407407407,115,1,2.198078,519.4693,NA,18908.62
2026-10-01 19:20:30,455,0.00520833333333333,115,1,2.196416,518.2608,NA,18911
2026-10-01 19:20:20,445,0.00509259259259259,115,1,2.187483,512.4244,NA,18910.54
2026-10-01 19:20:10,435,0.00497685185185185,115,1,2.181321,508.9849,NA,18906.91
2026-10-01 19:20:00,425,0.00486111111111111,115,1,2.18036,507.5171,NA,18904.2
2026-10-01 19:19:50,415,0.00474537037037037,115,1,2.175769,504.4178,NA,18907.08
2026-10-01 19:19:40,405,0.00462962962962963,115,1,2.169931,500.6008,NA,18912.58
2026-10-01 19:19:30,395,0.00451388888888889,115,1,2.166586,498.8967,NA,18918.35
2026-10-01 19:19:20,385,0.00439814814814815,115,1,2.164708,498.4844,NA,18920.03
2026-10-01 19:19:10,375,0.00428240740740741,115,1,2.164889,499.2735,NA,18917.8
2026-10-01 19:19:00,365,0.00416666666666667,115,1,2.163395,498.2449,NA,18914.72
2026-10-01 19:18:50,355,0.00405092592592593,115,1,2.163697,498.6272,NA,18912.35
2026-10-01 19:18:40,345,0.00393518518518518,115,1,2.165594,499.8677,NA,18909.49
2026-10-01 19:18:30,335,0.00381944444444444,115,1,2.167498,501.0602,NA,18901.66
2026-10-01 19:18:20,325,0.0037037037037037,115,1,2.168155,500.2567,NA,18895.56
2026-10-01 19:18:10,315,0.00358796296296296,115,1,2.171419,499.4283,NA,18886.68
2026-10-01 19:18:00,305,0.00347222222222222,115,1,2.173834,499.8882,NA,18875.82
2026-10-01 19:17:50,295,0.00335648148148148,115,1,2.174478,500.6798,NA,18867.18
2026-10-01 19:17:40,285,0.00324074074074074,115,1,2.171588,497.7452,NA,18861.73
2026-10-01 19:17:30,275,0.003125,115,1,2.166271,494.6992,NA,18854.27
2026-10-01 19:17:20,264,0.00300925925925926,115,1,2.162284,492.0705,NA,18847.45
2026-10-01 19:17:10,254,0.00289351851851852,115,1,2.162699,492.8459,NA,18842.39
2026-10-01 19:17:00,245,0.00277777777777778,115,1,2.162495,493.3847,NA,18841.49
2026-10-01 19:16:50,235,0.00266203703703704,115,1,2.163496,493.6008,NA,18842.49
2026-10-01 19:16:40,225,0.0025462962962963,115,1,2.163051,493.3601,NA,18840.63
2026-10-01 19:16:30,215,0.00243055555555556,115,1,2.161968,491.8725,NA,18838.2
2026-10-01 19:16:20,205,0.00231481481481481,115,1,2.163722,492.9974,NA,18828.72
2026-10-01 19:16:10,195,0.00219907407407407,115,1,2.168502,495.0907,NA,18829.28
2026-10-01 19:16:00,185,0.00208333333333333,115,1,2.175861,499.6023,NA,18828.27
2026-10-01 19:15:50,175,0.00196759259259259,115,1,2.184111,502.2139,NA,18823.93
2026-10-01 19:15:40,165,0.00185185185185185,115,1,2.1846,505.7969,NA,18820.71
2026-10-01 19:15:30,155,0.00173611111111111,115,1,2.178802,505.2323,NA,18816.89
2026-10-01 19:15:20,145,0.00162037037037037,115,1,2.184861,509.5676,NA,18809.19
2026-10-01 19:15:10,135,0.00150462962962963,115,1,2.191151,514.1216,NA,18803.03
2026-10-01 19:15:00,125,0.00138888888888889,115,1,2.195068,517.0777,NA,18795.53
2026-10-01 19:14:50,115,0.00127314814814815,115,1,2.19742,517.6515,NA,18789.11
2026-10-01 19:14:40,105,0.00115740740740741,115,1,2.200473,519.5602,NA,18782.68
2026-10-01 19:14:30,95,0.00104166666666667,115,1,2.191389,512.6021,NA,18775.66
2026-10-01 19:14:20,85,0.000925925925925926,115,1,2.186255,508.2391,NA,18767.83
2026-10-01 19:14:10,75,0.000810185185185185,115,1,2.170119,498.0747,NA,18759.38
2026-10-01 19:14:00,65,0.000694444444444444,115,1,2.161281,491.8863,NA,18753.93
2026-10-01 19:13:50,55,0.000578703703703704,115,1,2.160584,491.5711,NA,18744.88
2026-10-01 19:13:40,44,0.000462962962962963,115,1,2.171776,499.3203,NA,18736.2
2026-10-01 19:13:30,35,0.000347222222222222,115,1,2.182123,506.3157,NA,18716.67
2026-10-01 19:13:20,25,0.000231481481481481,115,1,2.252506,549.8503,NA,18690.35
2026-10-01 19:13:10,15,0.000115740740740741,115,1,2.231726,598.7855,NA,18663.77
2026-10-01 19:13:00,5,0,115,1,2.208647,571.1129,NA,18635.74
2026-10-01 19:12:50,0,0.00694444444444444,114,6,2.213804,572.4172,NA,18598.02
2026-10-01 19:12:40,595,0.0068287037037037,114,6,2.208014,550.2214,NA,18577.96
2026-10-01 19:12:30,585,0.00671296296296296,114,6,2.206433,554.5447,NA,18557.76
2026-10-01 19:12:20,575,0.00659722222222222,114,6,2.202909,553.5549,NA,18539.99
2026-10-01 19:12:10,565,0.00648148148148148,114,6,2.186206,508.642,NA,18562.92
2026-10-01 19:12:00,555,0.00636574074074074,114,6,2.187851,506.5758,NA,18799.93
2026-10-01 19:11:50,545,0.00625,114,6,2.188439,508.3585,NA,18886.8
2026-10-01 19:11:40,535,0.00613425925925926,114,6,2.191666,510.652,NA,18889.86
2026-10-01 19:11:30,525,0.00601851851851852,114,6,2.192307,510.357,NA,18890.73
2026-10-01 19:11:20,515,0.00590277777777778,114,6,2.193905,510.1761,NA,18896.1
2026-10-01 19:11:10,505,0.00578703703703704,114,6,2.188659,506.6342,NA,18897.66
2026-10-01 19:11:00,495,0.0056712962962963,114,6,2.179954,502.0958,NA,18899.25
2026-10-01 19:10:50,485,0.00555555555555556,114,6,2.173863,498.2399,NA,18894.85
2026-10-01 19:10:40,475,0.00543981481481481,114,6,2.168979,494.752,NA,18893.37
2026-10-01 19:10:30,465,0.00532407407407407,114,6,2.166495,493.7626,NA,18889.83
2026-10-01 19:10:20,455,0.00520833333333333,114,6,2.165745,492.7047,NA,18886.02
2026-10-01 19:10:10,445,0.00509259259259259,114,6,2.166593,493.3136,NA,18882.98
2026-10-01 19:10:00,435,0.00497685185185185,114,6,2.170836,497.1832,NA,18882.05
2026-10-01 19:09:50,425,0.00486111111111111,114,6,2.170988,495.3319,NA,18881.28
2026-10-01 19:09:40,415,0.00474537037037037,114,6,2.169901,495.5499,NA,18876.95
2026-10-01 19:09:30,405,0.00462962962962963,114,6,2.168654,494.2451,NA,18873.63
2026-10-01 19:09:20,395,0.00451388888888889,114,6,2.168918,494.4487,NA,18866.55
2026-10-01 19:09:10,385,0.00439814814814815,114,6,2.171536,495.6339,NA,18860.4
2026-10-01 19:09:00,375,0.00428240740740741,114,6,2.176158,497.1363,NA,18853.71
2026-10-01 19:08:50,365,0.00416666666666667,114,6,2.173944,495.4379,NA,18845.3
2026-10-01 19:08:40,355,0.00405092592592593,114,6,2.184297,500.8382,NA,18835.65
2026-10-01 19:08:30,345,0.00393518518518518,114,6,2.190665,504.2913,NA,18828.32
2026-10-01 19:08:20,335,0.00381944444444444,114,6,2.187015,502.3086,NA,18820.16
2026-10-01 19:08:10,325,0.0037037037037037,114,6,2.17452,495.114,NA,18811.59
2026-10-01 19:08:00,315,0.00358796296296296,114,6,2.16558,490.0901,NA,18801.54
2026-10-01 19:07:50,305,0.00347222222222222,114,6,2.151669,482.5699,NA,18792.15
2026-10-01 19:07:40,295,0.00335648148148148,114,6,2.151609,483.3817,NA,18782.05
2026-10-01 19:07:30,285,0.00324074074074074,114,6,2.151542,482.8486,NA,18774.16
2026-10-01 19:07:20,275,0.003125,114,6,2.151298,483.0679,NA,18767.67
2026-10-01 19:07:10,265,0.00300925925925926,114,6,2.149902,482.6578,NA,18765.24
2026-10-01 19:07:00,255,0.00289351851851852,114,6,2.150033,482.453,NA,18747.97
2026-10-01 19:06:50,245,0.00277777777777778,114,6,2.148558,481.5233,NA,18732.27
2026-10-01 19:06:40,235,0.00266203703703704,114,6,2.147939,481.5758,NA,18712.92
2026-10-01 19:06:30,225,0.0025462962962963,114,6,2.14838,482.618,NA,18699.07
2026-10-01 19:06:20,215,0.00243055555555556,114,6,2.150045,483.1854,NA,18686.71
2026-10-01 19:06:10,205,0.00231481481481481,114,6,2.151746,484.5065,NA,18673.91
2026-10-01 19:06:00,195,0.00219907407407407,114,6,2.15456,487.2099,NA,18660.46
2026-10-01 19:05:50,185,0.00208333333333333,114,6,2.156904,488.4478,NA,18649.4
2026-10-01 19:05:40,175,0.00196759259259259,114,6,2.15639,488.7605,0.3551285,18636.45
2026-10-01 19:05:30,165,0.00185185185185185,114,6,2.153346,486.9565,NA,18622.98
2026-10-01 19:05:20,155,0.00173611111111111,114,6,2.146996,482.618,NA,18612.75
2026-10-01 19:05:10,145,0.00162037037037037,114,6,2.144915,479.8877,NA,18600.52
2026-10-01 19:05:00,135,0.00150462962962963,114,6,2.14535,479.9507,NA,18588.99
2026-10-01 19:04:50,125,0.00138888888888889,114,6,2.142973,478.7882,NA,18578.05
2026-10-01 19:04:40,115,0.00127314814814815,114,6,2.14796,480.0735,NA,18565.34
2026-10-01 19:04:30,105,0.00115740740740741,114,6,2.154721,483.9533,NA,18549.55
2026-10-01 19:04:20,95,0.00104166666666667,114,6,2.160423,486.4983,NA,18531.54
2026-10-01 19:04:10,85,0.000925925925925926,114,6,2.167775,489.0705,NA,18508.11
2026-10-01 19:04:00,75,0.000810185185185185,114,6,2.176982,491.2321,NA,18486.05
2026-10-01 19:03:50,65,0.000694444444444444,114,6,2.226073,515.5999,NA,18457.93
2026-10-01 19:03:40,55,0.000578703703703704,114,6,2.23057,539.2548,NA,18433.35
2026-10-01 19:03:30,45,0.000462962962962963,114,6,2.28528,596.2706,NA,18398.47
2026-10-01 19:03:20,35,0.000347222222222222,114,6,2.287743,488.1665,NA,18358.6
2026-10-01 19:03:10,25,0.000231481481481481,114,6,2.354035,497.0467,NA,18295.81
2026-10-01 19:03:00,15,0.000115740740740741,114,6,2.390753,497.6775,NA,18196.5
2026-10-01 19:02:50,5,0,114,6,2.40007,516.408,NA,18316
2026-10-01 19:02:40,0,0.00694444444444444,113,3,2.309459,519.2282,NA,18302.1
2026-10-01 19:02:30,595,0.0068287037037037,113,3,2.304687,519.6769,NA,18301.62
2026-10-01 19:02:20,585,0.00671296296296296,113,3,2.335971,522.2577,NA,18306.9
2026-10-01 19:02:10,575,0.00659722222222222,113,3,2.349657,522.8563,NA,18311.56
2026-10-01 19:02:00,565,0.00648148148148148,113,3,2.356213,523.9714,NA,18323.95
2026-10-01 19:01:50,555,0.00636574074074074,113,3,2.3302,481.3529,NA,18594.08
2026-10-01 19:01:40,545,0.00625,113,3,2.310128,496.9711,NA,18673.2
2026-10-01 19:01:30,535,0.00613425925925926,113,3,2.168676,495.9742,NA,18672.94
2026-10-01 19:01:20,525,0.00601851851851852,113,3,2.167781,495.0109,NA,18671.47
2026-10-01 19:01:10,515,0.00590277777777778,113,3,2.167819,494.7731,NA,18673.86
2026-10-01 19:01:00,505,0.00578703703703704,113,3,2.167565,493.7443,0.3549019,18675.82
2026-10-01 19:00:50,495,0.0056712962962963,113,3,2.168139,494.3884,NA,18675.88
2026-10-01 19:00:40,485,0.00555555555555556,113,3,2.17098,496.0276,NA,18673.11
2026-10-01 19:00:30,475,0.00543981481481481,113,3,2.175627,498.7488,NA,18669.59
2026-10-01 19:00:20,465,0.00532407407407407,113,3,2.181088,502.7106,NA,18659.81
2026-10-01 19:00:10,455,0.00520833333333333,113,3,2.18384,503.8653,NA,18654.3
2026-10-01 19:00:00,445,0.00509259259259259,113,3,2.186284,504.9919,NA,18650.9
2026-10-01 18:59:50,435,0.00497685185185185,113,3,2.187027,505.801,NA,18645.52
2026-10-01 18:59:40,425,0.00486111111111111,113,3,2.188921,507.4857,NA,18643.01
2026-10-01 18:59:30,415,0.00474537037037037,113,3,2.191488,509.5476,NA,18639.15
2026-10-01 18:59:20,405,0.00462962962962963,113,3,2.190355,509.0226,NA,18636.71
2026-10-01 18:59:10,395,0.00451388888888889,113,3,2.190291,509.1144,NA,18633.05
2026-10-01 18:59:00,385,0.00439814814814815,113,3,2.19108,508.9368,NA,18627.72
2026-10-01 18:58:50,375,0.00428240740740741,113,3,2.188322,508.3771,NA,18623.68
2026-10-01 18:58:40,365,0.00416666666666667,113,3,2.182483,503.1041,NA,18626.56
2026-10-01 18:58:30,355,0.00405092592592593,113,3,2.173995,498.4809,NA,18621.51
2026-10-01 18:58:20,345,0.00393518518518518,113,3,2.168543,494.8344,NA,18615.78
2026-10-01 18:58:10,335,0.00381944444444444,113,3,2.166468,493.383,NA,18610.73
2026-10-01 18:58:00,325,0.0037037037037037,113,3,2.166918,494.3028,NA,18604.91
2026-10-01 18:57:50,315,0.00358796296296296,113,3,2.170183,496.0955,NA,18597
2026-10-01 18:57:40,305,0.00347222222222222,113,3,2.169865,496.0033,NA,18589.97
2026-10-01 18:57:30,295,0.00335648148148148,113,3,2.165076,491.9919,NA,18583.6
2026-10-01 18:57:20,285,0.00324074074074074,113,3,2.164327,491.8574,NA,18570.95
2026-10-01 18:57:10,275,0.003125,113,3,2.16414,492.2183,NA,18563.08
2026-10-01 18:57:00,265,0.00300925925925926,113,3,2.163364,492.1848,NA,18553.79
2026-10-01 18:56:50,255,0.00289351851851852,113,3,2.163875,493.1985,NA,18545.16
2026-10-01 18:56:40,245,0.00277777777777778,113,3,2.164109,493.6965,NA,18535.64
2026-10-01 18:56:30,235,0.00266203703703704,113,3,2.1636,493.3158,NA,18528.81
2026-10-01 18:56:20,225,0.0025462962962963,113,3,2.167692,496.69,NA,18523.31
2026-10-01 18:56:10,215,0.00243055555555556,113,3,2.169987,498.3587,NA,18516.47
2026-10-01 18:56:00,205,0.00231481481481481,113,3,2.175862,502.7661,NA,18512.19
2026-10-01 18:55:50,195,0.00219907407407407,113,3,2.179884,504.1173,NA,18506.97
2026-10-01 18:55:40,185,0.00208333333333333,113,3,2.18735,508.6949,NA,18498.27
2026-10-01 18:55:30,175,0.00196759259259259,113,3,2.175715,502.1209,0.3550421,18491.54
2026-10-01 18:55:20,165,0.00185185185185185,113,3,2.167746,497.7736,NA,18484.94
2026-10-01 18:55:10,155,0.00173611111111111,113,3,2.181567,506.2079,NA,18478.64
2026-10-01 18:55:00,145,0.00162037037037037,113,3,2.189129,511.0057,NA,18469.47
2026-10-01 18:54:50,135,0.00150462962962963,113,3,2.19792,515.2916,NA,18460.82
2026-10-01 18:54:40,125,0.00138888888888889,113,3,2.206142,519.3608,NA,18454.4
2026-10-01 18:54:30,115,0.00127314814814815,113,3,2.209642,520.9374,NA,18448.23
2026-10-01 18:54:20,105,0.00115740740740741,113,3,2.208519,519.6932,NA,18442.33
2026-10-01 18:54:10,95,0.00104166666666667,113,3,2.207709,519.1393,NA,18436.39
2026-10-01 18:54:00,85,0.000925925925925926,113,3,2.198989,514.0511,NA,18435.85
2026-10-01 18:53:50,75,0.000810185185185185,113,3,2.19234,510.3257,NA,18431.79
2026-10-01 18:53:40,65,0.000694444444444444,113,3,2.190666,509.6931,NA,18428.77
2026-10-01 18:53:30,55,0.000578703703703704,113,3,2.196383,512.0014,NA,18424.93
2026-10-01 18:53:20,45,0.000462962962962963,113,3,2.207676,517.8797,NA,18419.02
2026-10-01 18:53:10,35,0.000347222222222222,113,3,2.22048,524.4045,NA,18408.04
2026-10-01 18:53:00,25,0.000231481481481481,113,3,2.230416,527.1956,NA,18398.97
2026-10-01 18:52:50,15,0.000115740740740741,113,3,2.248363,533.1464,NA,18388.94
2026-10-01 18:52:40,5,0,113,3,2.260084,536.348,NA,18379.28
2026-10-01 18:52:30,0,0.00694444444444444,112,12,2.226993,556.8331,NA,18365.02
2026-10-01 18:52:20,595,0.0068287037037037,112,12,2.212719,617.7227,NA,18349.4
2026-10-01 18:52:10,585,0.00671296296296296,112,12,2.213806,629.7862,NA,18331.17
2026-10-01 18:52:00,575,0.00659722222222222,112,12,2.163055,486.1994,NA,18315.59
2026-10-01 18:51:50,565,0.00648148148148148,112,12,2.16753,492.0546,NA,18291.04
2026-10-01 18:51:40,555,0.00636574074074074,112,12,2.167049,494.2167,NA,18313.57
2026-10-01 18:51:30,545,0.00625,112,12,2.199616,509.4773,NA,18556.16
2026-10-01 18:51:20,535,0.00613425925925926,112,12,2.215218,515.0258,NA,18557.82
2026-10-01 18:51:10,525,0.00601851851851852,112,12,2.249847,529.3185,NA,18559.31
2026-10-01 18:51:00,515,0.00590277777777778,112,12,2.248788,529.0951,NA,18557.12
2026-10-01 18:50:50,505,0.00578703703703704,112,12,2.247277,528.9517,NA,18556.62
2026-10-01 18:50:40,495,0.0056712962962963,112,12,2.246035,528.8607,NA,18555.85
2026-10-01 18:50:30,485,0.00555555555555556,112,12,2.244067,528.7954,NA,18558.6
2026-10-01 18:50:20,475,0.00543981481481481,112,12,2.242403,527.7218,NA,18558.97
2026-10-01 18:50:10,465,0.00532407407407407,112,12,2.239495,526.8254,NA,18559.66
2026-10-01 18:50:00,455,0.00520833333333333,112,12,2.236867,525.8607,NA,18562.92
2026-10-01 18:49:50,445,0.00509259259259259,112,12,2.234615,525.2026,NA,18563.18
2026-10-01 18:49:40,435,0.00497685185185185,112,12,2.232598,524.9711,NA,18562.89
2026-10-01 18:49:30,425,0.00486111111111111,112,12,2.230951,524.6701,NA,18558.73
2026-10-01 18:49:20,415,0.00474537037037037,112,12,2.230077,524.829,NA,18555.76
2026-10-01 18:49:10,404,0.00462962962962963,112,12,2.228369,524.0861,NA,18550.63
2026-10-01 18:49:00,395,0.00451388888888889,112,12,2.227749,523.7883,NA,18544.89
2026-10-01 18:48:50,385,0.00439814814814815,112,12,2.225771,523.4332,NA,18539.88
2026-10-01 18:48:40,375,0.00428240740740741,112,12,2.223936,523.3087,NA,18536.59
2026-10-01 18:48:30,365,0.00416666666666667,112,12,2.221998,523.0806,NA,18532.83
2026-10-01 18:48:20,355,0.00405092592592593,112,12,2.219608,522.7037,NA,18530.08
2026-10-01 18:48:10,345,0.00393518518518518,112,12,2.217304,521.5997,NA,18530.21
2026-10-01 18:48:00,335,0.00381944444444444,112,12,2.214234,520.2025,NA,18525.89
2026-10-01 18:47:50,325,0.0037037037037037,112,12,2.213116,520.2418,NA,18525.79
2026-10-01 18:47:40,315,0.00358796296296296,112,12,2.210986,519.6349,NA,18521.63
2026-10-01 18:47:30,305,0.00347222222222222,112,12,2.209405,519.7899,NA,18519.01
2026-10-01 18:47:20,295,0.00335648148148148,112,12,2.207839,519.4808,NA,18511.86
2026-10-01 18:47:10,285,0.00324074074074074,112,12,2.206646,518.7935,NA,18504.96
2026-10-01 18:47:00,275,0.003125,112,12,2.205221,518.7079,NA,18497.3
2026-10-01 18:46:50,265,0.00300925925925926,112,12,2.203316,517.8318,NA,18491.75
2026-10-01 18:46:40,255,0.00289351851851852,112,12,2.201594,517.7137,NA,18480.38
2026-10-01 18:46:30,245,0.00277777777777778,112,12,2.199542,517.814,NA,18470.68
2026-10-01 18:46:20,235,0.00266203703703704,112,12,2.19346,517.5087,NA,18459.9
2026-10-01 18:46:10,225,0.0025462962962963,112,12,2.181067,516.7228,NA,18452.14
2026-10-01 18:46:00,215,0.00243055555555556,112,12,2.176109,517.1398,NA,18443.15
2026-10-01 18:45:50,205,0.00231481481481481,112,12,2.168503,516.6713,NA,18433.01
2026-10-01 18:45:40,194,0.00219907407407407,112,12,2.166423,515.2996,NA,18420.4
2026-10-01 18:45:30,185,0.00208333333333333,112,12,2.165386,515.986,NA,18411.86
2026-10-01 18:45:20,175,0.00196759259259259,112,12,2.163723,515.4633,NA,18400.16
2026-10-01 18:45:10,165,0.00185185185185185,112,12,2.16799,514.6768,NA,18390.03
2026-10-01 18:45:00,155,0.00173611111111111,112,12,2.155662,512.7977,NA,18379.99
2026-10-01 18:44:50,145,0.00162037037037037,112,12,2.153027,512.6798,NA,18374.13
2026-10-01 18:44:40,135,0.00150462962962963,112,12,2.152568,513.8035,NA,18369.78
2026-10-01 18:44:30,125,0.00138888888888889,112,12,2.14746,513.4004,NA,18363.07
2026-10-01 18:44:20,115,0.00127314814814815,112,12,2.145884,515.0017,NA,18359.38
2026-10-01 18:44:10,105,0.00115740740740741,112,12,2.144937,517.1842,NA,18353.09
2026-10-01 18:44:00,95,0.00104166666666667,112,12,2.152364,523.051,NA,18344.01
2026-10-01 18:43:50,85,0.000925925925925926,112,12,2.154377,524.6616,NA,18335.26
2026-10-01 18:43:40,75,0.000810185185185185,112,12,2.162932,534.8143,NA,18325.06
2026-10-01 18:43:30,65,0.000694444444444444,112,12,2.174567,543.6449,NA,18316.38
2026-10-01 18:43:20,55,0.000578703703703704,112,12,2.176439,546.1326,NA,18306.73
2026-10-01 18:43:10,45,0.000462962962962963,112,12,2.167339,542.1757,NA,18300.21
2026-10-01 18:43:00,35,0.000347222222222222,112,12,2.178453,547.8004,NA,18293.45
2026-10-01 18:42:50,25,0.000231481481481481,112,12,2.179984,546.748,NA,18284.58
2026-10-01 18:42:40,15,0.000115740740740741,112,12,2.172909,536.3734,NA,18272.8
2026-10-01 18:42:30,5,0,112,12,2.169444,537.5818,NA,18234.08
2026-10-01 18:42:20,0,0.00694444444444444,111,9,2.168637,536.8425,NA,18184.12
2026-10-01 18:42:10,595,0.0068287037037037,111,9,2.172149,538.5775,NA,18177.73
2026-10-01 18:42:00,585,0.00671296296296296,111,9,2.166912,531.1279,NA,18171.83
2026-10-01 18:41:50,575,0.00659722222222222,111,9,2.182258,529.5354,NA,18165.98
2026-10-01 18:41:40,565,0.00648148148148148,111,9,2.187024,530.113,NA,18162.16
2026-10-01 18:41:30,555,0.00636574074074074,111,9,2.174536,535.2929,NA,18158.08
2026-10-01 18:41:20,545,0.00625,111,9,2.175271,538.4852,NA,18152.63
2026-10-01 18:41:10,535,0.00613425925925926,111,9,2.177761,541.936,0.3547849,18143.71
2026-10-01 18:41:00,525,0.00601851851851852,111,9,2.182323,542.3613,NA,18136.41
2026-10-01 18:40:50,515,0.00590277777777778,111,9,2.183447,541.9424,NA,18127.84
2026-10-01 18:40:40,505,0.00578703703703704,111,9,2.183265,541.6682,NA,18123.88
2026-10-01 18:40:30,495,0.0056712962962963,111,9,2.178781,540.4073,NA,18115.84
2026-10-01 18:40:20,485,0.00555555555555556,111,9,2.177152,538.5878,NA,18110.45
2026-10-01 18:40:10,475,0.00543981481481481,111,9,2.177022,537.8476,NA,18104.18
2026-10-01 18:40:00,465,0.00532407407407407,111,9,2.180452,536.9254,NA,18098.73
2026-10-01 18:39:50,455,0.00520833333333333,111,9,2.184124,536.288,0.3541835,18092.42
2026-10-01 18:39:40,445,0.00509259259259259,111,9,2.183592,533.0062,NA,18082.57
2026-10-01 18:39:30,435,0.00497685185185185,111,9,2.182898,529.5958,NA,18073.35
2026-10-01 18:39:20,425,0.00486111111111111,111,9,2.180012,527.3938,NA,18065.38
2026-10-01 18:39:10,415,0.00474537037037037,111,9,2.18229,524.7557,NA,18056.18
2026-10-01 18:39:00,405,0.00462962962962963,111,9,2.194381,524.9838,NA,18045.47
2026-10-01 18:38:50,395,0.00451388888888889,111,9,2.194189,522.2235,NA,18033.49
2026-10-01 18:38:40,384,0.00439814814814815,111,9,2.189037,518.147,0.3540128,18023.69
2026-10-01 18:38:30,374,0.00428240740740741,111,9,2.196472,519.5969,NA,18015.11
2026-10-01 18:38:20,365,0.00416666666666667,111,9,2.202293,520.3231,NA,18006.93
2026-10-01 18:38:10,355,0.00405092592592593,111,9,2.206393,525.653,NA,17999.88
2026-10-01 18:38:00,345,0.00393518518518518,111,9,2.20459,529.3541,NA,17991.65
2026-10-01 18:37:50,335,0.00381944444444444,111,9,2.209278,530.199,NA,17985.14
2026-10-01 18:37:40,325,0.0037037037037037,111,9,2.200174,525.5499,NA,17974.51
2026-10-01 18:37:30,315,0.00358796296296296,111,9,2.185197,517.4891,NA,17964.36
2026-10-01 18:37:20,305,0.00347222222222222,111,9,2.184865,516.6609,NA,17952.06
2026-10-01 18:37:10,295,0.00335648148148148,111,9,2.182235,515.2614,NA,17938.36
2026-10-01 18:37:00,285,0.00324074074074074,111,9,2.179802,513.7305,NA,17924.88
2026-10-01 18:36:50,275,0.003125,111,9,2.178493,513.3731,0.3534931,17917.13
2026-10-01 18:36:40,265,0.00300925925925926,111,9,2.177403,510.9527,NA,17904.53
2026-10-01 18:36:30,255,0.00289351851851852,111,9,2.177207,510.6486,NA,17892.32
2026-10-01 18:36:20,245,0.00277777777777778,111,9,2.179327,511.5807,NA,17874.62
2026-10-01 18:36:10,235,0.00266203703703704,111,9,2.175912,509.6543,NA,17857.96
2026-10-01 18:36:00,225,0.0025462962962963,111,9,2.180222,510.6714,NA,17838.28
2026-10-01 18:35:50,215,0.00243055555555556,111,9,2.182659,512.4716,NA,17818.77
2026-10-01 18:35:40,205,0.00231481481481481,111,9,2.178956,510.3248,NA,17801.58
2026-10-01 18:35:30,195,0.00219907407407407,111,9,2.16815,506.4743,NA,17785.14
2026-10-01 18:35:20,185,0.00208333333333333,111,9,2.171914,508.687,NA,17768.12
2026-10-01 18:35:10,175,0.00196759259259259,111,9,2.174487,512.8485,NA,17755.01
2026-10-01 18:35:00,165,0.00185185185185185,111,9,2.171424,514.3547,NA,17739.08
2026-10-01 18:34:50,155,0.00173611111111111,111,9,2.1853,520.1769,NA,17722.24
2026-10-01 18:34:40,145,0.00162037037037037,111,9,2.216323,531.6069,NA,17705.47
2026-10-01 18:34:30,135,0.00150462962962963,111,9,2.248879,544.1606,NA,17687.18
2026-10-01 18:34:20,125,0.00138888888888889,111,9,2.288766,558.525,NA,17671.55
2026-10-01 18:34:10,115,0.00127314814814815,111,9,2.282037,552.6174,NA,17652.68
2026-10-01 18:34:00,105,0.00115740740740741,111,9,2.225457,526.7933,NA,17638.52
2026-10-01 18:33:50,95,0.00104166666666667,111,9,2.207917,517.3796,NA,17622.68
2026-10-01 18:33:40,85,0.000925925925925926,111,9,2.204788,513.4206,NA,17605.33
2026-10-01 18:33:30,75,0.000810185185185185,111,9,2.209997,516.6823,NA,17589.49
2026-10-01 18:33:20,65,0.000694444444444444,111,9,2.205733,514.6894,NA,17580.85
2026-10-01 18:33:10,55,0.000578703703703704,111,9,2.206873,514.3115,NA,17570.26
2026-10-01 18:33:00,45,0.000462962962962963,111,9,2.205395,511.8989,NA,17558.74
2026-10-01 18:32:50,35,0.000347222222222222,111,9,2.207739,512.2573,NA,17550.36
2026-10-01 18:32:40,25,0.000231481481481481,111,9,2.244193,532.7433,NA,17538.53
2026-10-01 18:32:30,15,0.000115740740740741,111,9,2.211828,525.8043,NA,17514.1
2026-10-01 18:32:20,5,0,111,9,2.188168,507.5069,NA,17431.16
2026-10-01 18:32:10,0,0.00694444444444444,110,5,2.186045,507.3794,NA,17408.47
2026-10-01 18:32:00,595,0.0068287037037037,110,5,2.188034,511.4182,NA,17393.66
2026-10-01 18:31:50,585,0.00671296296296296,110,5,2.188723,514.0593,NA,17375.67
2026-10-01 18:31:40,575,0.00659722222222222,110,5,2.187568,515.302,NA,17344.61
2026-10-01 18:31:30,565,0.00648148148148148,110,5,2.184808,513.9519,NA,17337.03
2026-10-01 18:31:20,555,0.00636574074074074,110,5,2.191103,521.2766,NA,17430.97
2026-10-01 18:31:10,545,0.00625,110,5,2.213642,552.8361,NA,17454.54
2026-10-01 18:31:00,535,0.00613425925925926,110,5,2.215756,553.3328,0.353601,17456.45
2026-10-01 18:30:50,525,0.00601851851851852,110,5,2.21675,553.7562,NA,17457.83
2026-10-01 18:30:40,515,0.00590277777777778,110,5,2.212105,552.4677,NA,17460.26
2026-10-01 18:30:30,505,0.00578703703703704,110,5,2.209956,553.3851,NA,17461.64
2026-10-01 18:30:20,495,0.0056712962962963,110,5,2.211325,555.2802,NA,17463.76
2026-10-01 18:30:10,485,0.00555555555555556,110,5,2.21118,557.8781,NA,17465.01
2026-10-01 18:30:00,475,0.00543981481481481,110,5,2.21356,562.6519,NA,17464.33
2026-10-01 18:29:50,465,0.00532407407407407,110,5,2.216163,568.6388,NA,17464.91
2026-10-01 18:29:40,455,0.00520833333333333,110,5,2.218825,571.4755,NA,17465.42
2026-10-01 18:29:30,445,0.00509259259259259,110,5,2.215488,570.7269,NA,17467.48
2026-10-01 18:29:20,435,0.00497685185185185,110,5,2.213599,568.2734,NA,17467.19
2026-10-01 18:29:10,425,0.00486111111111111,110,5,2.203841,564.7446,NA,17465.75
2026-10-01 18:29:00,414,0.00474537037037037,110,5,2.204204,565.4966,NA,17465.98
2026-10-01 18:28:50,405,0.00462962962962963,110,5,2.209111,567.8447,NA,17466.79
2026-10-01 18:28:40,395,0.00451388888888889,110,5,2.214638,569.3463,NA,17469.68
2026-10-01 18:28:30,385,0.00439814814814815,110,5,2.219643,568.8257,NA,17473.65
2026-10-01 18:28:20,375,0.00428240740740741,110,5,2.219186,564.6105,NA,17479.21
2026-10-01 18:28:10,365,0.00416666666666667,110,5,2.218562,562.2288,NA,17480.95
2026-10-01 18:28:00,355,0.00405092592592593,110,5,2.228528,563.0445,NA,17484.26
2026-10-01 18:27:50,345,0.00393518518518518,110,5,2.233365,560.7075,NA,17485.65
2026-10-01 18:27:40,335,0.00381944444444444,110,5,2.252566,560.4302,NA,17488.32
2026-10-01 18:27:30,325,0.0037037037037037,110,5,2.266644,559.4649,NA,17486.01
2026-10-01 18:27:20,315,0.00358796296296296,110,5,2.27862,557.9122,NA,17487.85
2026-10-01 18:27:10,305,0.00347222222222222,110,5,2.282035,558.3393,NA,17489.55
2026-10-01 18:27:00,295,0.00335648148148148,110,5,2.275325,560.2742,0.3541351,17487.87
2026-10-01 18:26:50,285,0.00324074074074074,110,5,2.245204,562.7484,NA,17486.04
2026-10-01 18:26:40,275,0.003125,110,5,2.221497,562.0541,NA,17481.64
2026-10-01 18:26:30,265,0.00300925925925926,110,5,2.214483,562.2946,NA,17480.38
2026-10-01 18:26:20,255,0.00289351851851852,110,5,2.214562,563.6891,NA,17474.52
2026-10-01 18:26:10,245,0.00277777777777778,110,5,2.21524,566.9606,0.3540534,17472.52
2026-10-01 18:26:00,235,0.00266203703703704,110,5,2.216778,568.6001,NA,17467.68
2026-10-01 18:25:50,225,0.0025462962962963,110,5,2.214882,567.3314,NA,17464.81
2026-10-01 18:25:40,215,0.00243055555555556,110,5,2.213463,564.7417,NA,17462.29
2026-10-01 18:25:30,205,0.00231481481481481,110,5,2.212574,564.0451,0.3539766,17458.28
2026-10-01 18:25:20,195,0.00219907407407407,110,5,2.211783,562.8671,NA,17457.12
2026-10-01 18:25:10,185,0.00208333333333333,110,5,2.212964,563.4282,NA,17454.59
2026-10-01 18:25:00,175,0.00196759259259259,110,5,2.216269,566.7338,NA,17452.88
2026-10-01 18:24:50,165,0.00185185185185185,110,5,2.222572,571.4111,NA,17452.87
2026-10-01 18:24:40,155,0.00173611111111111,110,5,2.227709,573.3253,NA,17452.34
2026-10-01 18:24:30,145,0.00162037037037037,110,5,2.236599,578.4085,NA,17452.38
2026-10-01 18:24:20,135,0.00150462962962963,110,5,2.247495,581.3782,NA,17449.66
2026-10-01 18:24:10,125,0.00138888888888889,110,5,2.245799,578.2079,NA,17444.47
2026-10-01 18:24:00,115,0.00127314814814815,110,5,2.243607,576.2385,NA,17445.2
2026-10-01 18:23:50,105,0.00115740740740741,110,5,2.240233,573.2847,NA,17443.03
2026-10-01 18:23:40,95,0.00104166666666667,110,5,2.224214,562.9526,NA,17441.5
2026-10-01 18:23:30,85,0.000925925925925926,110,5,2.222268,562.5449,NA,17438.78
2026-10-01 18:23:20,75,0.000810185185185185,110,5,2.217718,559.3434,NA,17433.63
2026-10-01 18:23:10,65,0.000694444444444444,110,5,2.215241,557.2933,NA,17428.62
2026-10-01 18:23:00,55,0.000578703703703704,110,5,2.213738,556.7262,0.3541336,17424.64
2026-10-01 18:22:50,45,0.000462962962962963,110,5,2.232488,567.7078,NA,17416.08
2026-10-01 18:22:40,35,0.000347222222222222,110,5,2.251599,578.9667,NA,17404.66
2026-10-01 18:22:30,25,0.000231481481481481,110,5,2.284962,595.1046,NA,17387.75
2026-10-01 18:22:20,15,0.000115740740740741,110,5,2.30175,557.491,NA,17365.74
2026-10-01 18:22:10,5,0,110,5,2.279176,608.4103,NA,17375.38
2026-10-01 18:22:00,0,0.00694444444444444,109,8,2.275864,585.4186,NA,17335.07
2026-10-01 18:21:50,595,0.0068287037037037,109,8,2.280649,567.4344,NA,17315.72
2026-10-01 18:21:40,585,0.00671296296296296,109,8,2.248953,544.5812,NA,17335.3
2026-10-01 18:21:30,575,0.00659722222222222,109,8,2.241523,540.9805,NA,17391.6
2026-10-01 18:21:20,565,0.00648148148148148,109,8,2.239669,539.9184,NA,17521.57
2026-10-01 18:21:10,555,0.00636574074074074,109,8,2.237648,541.1776,NA,17709.31
2026-10-01 18:21:00,544,0.00625,109,8,2.275869,578.2864,NA,17820.71
2026-10-01 18:20:50,535,0.00613425925925926,109,8,2.275599,577.6215,NA,17822.24
2026-10-01 18:20:40,525,0.00601851851851852,109,8,2.282777,585.0839,NA,17825.77
2026-10-01 18:20:30,515,0.00590277777777778,109,8,2.286435,595.5433,NA,17833.02
2026-10-01 18:20:20,505,0.00578703703703704,109,8,2.296671,603.6799,NA,17837.63
2026-10-01 18:20:10,495,0.0056712962962963,109,8,2.313941,608.7479,NA,17841.71
2026-10-01 18:20:00,485,0.00555555555555556,109,8,2.303323,605.5483,NA,17841.41
2026-10-01 18:19:50,475,0.00543981481481481,109,8,2.298161,604.9103,NA,17840.16
2026-10-01 18:19:40,465,0.00532407407407407,109,8,2.303549,607.8812,NA,17842.02
2026-10-01 18:19:30,455,0.00520833333333333,109,8,2.318743,615.6248,NA,17844.95
2026-10-01 18:19:20,445,0.00509259259259259,109,8,2.323078,617.1219,NA,17847.97
2026-10-01 18:19:10,435,0.00497685185185185,109,8,2.321989,616.2715,0.3559259,17854.35
2026-10-01 18:19:00,425,0.00486111111111111,109,8,2.322919,616.4084,NA,17856.82
2026-10-01 18:18:50,415,0.00474537037037037,109,8,2.346352,621.492,NA,17859.72
2026-10-01 18:18:40,405,0.00462962962962963,109,8,2.350407,621.8547,NA,17861.14
2026-10-01 18:18:30,394,0.00451388888888889,109,8,2.35527,623.5009,NA,17863.43
2026-10-01 18:18:20,385,0.00439814814814815,109,8,2.349772,620.3696,NA,17864.3
2026-10-01 18:18:10,375,0.00428240740740741,109,8,2.347703,619.9688,NA,17867.37
2026-10-01 18:18:00,365,0.00416666666666667,109,8,2.349883,620.2672,NA,17873.46
2026-10-01 18:17:50,355,0.00405092592592593,109,8,2.352434,619.1293,0.3559901,17877.6
2026-10-01 18:17:40,345,0.00393518518518518,109,8,2.332002,613.0203,NA,17881.28
2026-10-01 18:17:30,335,0.00381944444444444,109,8,2.308794,604.4254,NA,17885.92
2026-10-01 18:17:20,324,0.0037037037037037,109,8,2.300454,602.6631,NA,17893.51
2026-10-01 18:17:10,315,0.00358796296296296,109,8,2.294105,602.894,NA,17895.18
2026-10-01 18:17:00,305,0.00347222222222222,109,8,2.291206,602.8522,NA,17898.52
2026-10-01 18:16:50,295,0.00335648148148148,109,8,2.292016,603.6039,NA,17902.87
2026-10-01 18:16:40,285,0.00324074074074074,109,8,2.283316,603.3054,NA,17906.14
2026-10-01 18:16:30,275,0.003125,109,8,2.27928,601.9423,NA,17911.13
2026-10-01 18:16:20,265,0.00300925925925926,109,8,2.274753,601.2033,NA,17919.64
2026-10-01 18:16:10,255,0.00289351851851852,109,8,2.28355,600.4968,NA,17927.31
2026-10-01 18:16:00,245,0.00277777777777778,109,8,2.2883,600.7248,NA,17933.97
2026-10-01 18:15:50,235,0.00266203703703704,109,8,2.29285,599.6624,NA,17943.26
2026-10-01 18:15:40,225,0.0025462962962963,109,8,2.299284,599.1034,NA,17951.13
2026-10-01 18:15:30,215,0.00243055555555556,109,8,2.301697,597.6324,NA,17956.55
2026-10-01 18:15:20,205,0.00231481481481481,109,8,2.29529,595.9453,NA,17965.16
2026-10-01 18:15:10,195,0.00219907407407407,109,8,2.295052,595.4423,NA,17974.07
2026-10-01 18:15:00,185,0.00208333333333333,109,8,2.282255,592.0054,NA,17983.69
2026-10-01 18:14:50,175,0.00196759259259259,109,8,2.277217,592.7142,NA,17990.1
2026-10-01 18:14:40,165,0.00185185185185185,109,8,2.27057,592.0353,NA,17996.8
2026-10-01 18:14:30,155,0.00173611111111111,109,8,2.269564,588.6135,NA,18002.83
2026-10-01 18:14:20,145,0.00162037037037037,109,8,2.272638,590.0715,NA,18010.58
2026-10-01 18:14:10,135,0.00150462962962963,109,8,2.266814,589.9623,NA,18019.25
2026-10-01 18:14:00,125,0.00138888888888889,109,8,2.269626,588.127,NA,18025.85
2026-10-01 18:13:50,115,0.00127314814814815,109,8,2.285991,592.9564,NA,18033.98
2026-10-01 18:13:40,105,0.00115740740740741,109,8,2.282979,592.5912,NA,18041.18
2026-10-01 18:13:30,95,0.00104166666666667,109,8,2.280905,592.9718,NA,18048.05
2026-10-01 18:13:20,85,0.000925925925925926,109,8,2.277992,593.7836,NA,18053.55
2026-10-01 18:13:10,75,0.000810185185185185,109,8,2.280615,596.1337,NA,18061.72
2026-10-01 18:13:00,65,0.000694444444444444,109,8,2.276402,593.3391,NA,18069.4
2026-10-01 18:12:50,55,0.000578703703703704,109,8,2.280684,599.9791,NA,18077.58
2026-10-01 18:12:40,45,0.000462962962962963,109,8,2.284252,605.2668,NA,18088.37
2026-10-01 18:12:30,35,0.000347222222222222,109,8,2.289321,609.971,NA,18099.68
2026-10-01 18:12:20,25,0.000231481481481481,109,8,2.338544,623.9124,NA,18109.34
2026-10-01 18:12:10,15,0.000115740740740741,109,8,2.234843,533.6491,NA,18147.42
2026-10-01 18:12:00,5,0,109,8,2.243857,555.6683,NA,18203.76
2026-10-01 18:11:50,0,0.00694444444444444,108,4,2.24016,554.6085,NA,18199.56
2026-10-01 18:11:40,595,0.0068287037037037,108,4,2.237614,555.6771,NA,18211.57
2026-10-01 18:11:30,585,0.00671296296296296,108,4,2.238153,556.9147,NA,18232.4
2026-10-01 18:11:20,575,0.00659722222222222,108,4,2.238918,557.3873,NA,18253.54
2026-10-01 18:11:10,565,0.00648148148148148,108,4,2.236163,556.7866,NA,18286.6
2026-10-01 18:11:00,555,0.00636574074074074,108,4,2.240939,562.433,NA,18266.91
2026-10-01 18:10:50,545,0.00625,108,4,2.277758,613.4966,NA,18453.34
2026-10-01 18:10:40,535,0.00613425925925926,108,4,2.274895,612.5242,NA,18460.55
2026-10-01 18:10:30,525,0.00601851851851852,108,4,2.270542,611.6641,NA,18466.92
2026-10-01 18:10:20,515,0.00590277777777778,108,4,2.273929,610.426,NA,18474.24
2026-10-01 18:10:10,505,0.00578703703703704,108,4,2.265664,607.7507,NA,18481.96
2026-10-01 18:10:00,495,0.0056712962962963,108,4,2.262131,604.8292,NA,18491.99
2026-10-01 18:09:50,485,0.00555555555555556,108,4,2.246945,600.4622,NA,18502.96
2026-10-01 18:09:40,475,0.00543981481481481,108,4,2.240926,596.766,NA,18515.02
2026-10-01 18:09:30,465,0.00532407407407407,108,4,2.242044,593.1246,NA,18525.13
2026-10-01 18:09:20,455,0.00520833333333333,108,4,2.25487,600.2867,NA,18534.38
2026-10-01 18:09:10,445,0.00509259259259259,108,4,2.265023,601.5908,NA,18541.12
2026-10-01 18:09:00,435,0.00497685185185185,108,4,2.2681,599.6122,NA,18551.82
2026-10-01 18:08:50,425,0.00486111111111111,108,4,2.274801,597.6912,NA,18560.7
2026-10-01 18:08:40,415,0.00474537037037037,108,4,2.271211,594.9606,NA,18567.82
2026-10-01 18:08:30,405,0.00462962962962963,108,4,2.266325,592.7182,NA,18574.48
2026-10-01 18:08:20,395,0.00451388888888889,108,4,2.267533,592.0942,NA,18579.24
2026-10-01 18:08:10,385,0.00439814814814815,108,4,2.254116,587.547,NA,18579.67
2026-10-01 18:08:00,375,0.00428240740740741,108,4,2.25025,585.2557,NA,18581.52
2026-10-01 18:07:50,365,0.00416666666666667,108,4,2.247515,584.1786,NA,18579.6
2026-10-01 18:07:40,355,0.00405092592592593,108,4,2.244539,582.0898,NA,18575.83
2026-10-01 18:07:30,345,0.00393518518518518,108,4,2.247505,582.5583,NA,18573.59
2026-10-01 18:07:20,335,0.00381944444444444,108,4,2.250227,584.5469,NA,18570.97
2026-10-01 18:07:10,325,0.0037037037037037,108,4,2.253622,586.3366,NA,18567.26
2026-10-01 18:07:00,315,0.00358796296296296,108,4,2.252243,589.863,NA,18563.36
2026-10-01 18:06:50,304,0.00347222222222222,108,4,2.249254,589.5113,NA,18563.65
2026-10-01 18:06:40,295,0.00335648148148148,108,4,2.247499,589.834,NA,18556.86
2026-10-01 18:06:30,285,0.00324074074074074,108,4,2.248808,592.2711,NA,18550.42
2026-10-01 18:06:20,275,0.003125,108,4,2.244812,591.9903,NA,18545.14
2026-10-01 18:06:10,265,0.00300925925925926,108,4,2.244161,592.8818,NA,18539.55
2026-10-01 18:06:00,255,0.00289351851851852,108,4,2.245276,594.7225,NA,18535.73
2026-10-01 18:05:50,245,0.00277777777777778,108,4,2.27355,597.2413,NA,18530.09
2026-10-01 18:05:40,235,0.00266203703703704,108,4,2.276632,597.8369,NA,18528.21
2026-10-01 18:05:30,225,0.0025462962962963,108,4,2.28066,597.53,NA,18524.3
2026-10-01 18:05:20,215,0.00243055555555556,108,4,2.275492,596.1183,NA,18518.95
2026-10-01 18:05:10,205,0.00231481481481481,108,4,2.278771,596.1653,NA,18514.55
2026-10-01 18:05:00,195,0.00219907407407407,108,4,2.267845,596.113,NA,18510.16
2026-10-01 18:04:50,185,0.00208333333333333,108,4,2.282093,596.4154,NA,18508.83
2026-10-01 18:04:40,175,0.00196759259259259,108,4,2.282875,597.0675,NA,18507.75
2026-10-01 18:04:30,165,0.00185185185185185,108,4,2.300094,596.3461,NA,18505.49
2026-10-01 18:04:20,155,0.00173611111111111,108,4,2.299498,599.167,NA,18505.31
2026-10-01 18:04:10,145,0.00162037037037037,108,4,2.291508,600.345,NA,18504.22
2026-10-01 18:04:00,135,0.00150462962962963,108,4,2.288036,600.4041,NA,18500.35
2026-10-01 18:03:50,125,0.00138888888888889,108,4,2.292456,600.3495,NA,18500.48
2026-10-01 18:03:40,115,0.00127314814814815,108,4,2.297863,599.1216,NA,18501.08
2026-10-01 18:03:30,105,0.00115740740740741,108,4,2.315216,596.8825,NA,18504.14
2026-10-01 18:03:20,95,0.00104166666666667,108,4,2.320399,597.4213,NA,18505.34
2026-10-01 18:03:10,85,0.000925925925925926,108,4,2.326488,598.2247,NA,18504.29
2026-10-01 18:03:00,75,0.000810185185185185,108,4,2.322611,596.2295,NA,18504.22
2026-10-01 18:02:50,65,0.000694444444444444,108,4,2.318558,595.0414,NA,18500.83
2026-10-01 18:02:40,55,0.000578703703703704,108,4,2.311398,591.9734,NA,18500.49
2026-10-01 18:02:30,45,0.000462962962962963,108,4,2.300394,587.9957,NA,18499.28
2026-10-01 18:02:20,35,0.000347222222222222,108,4,2.288618,583.5328,NA,18495.75
2026-10-01 18:02:10,25,0.000231481481481481,108,4,2.2918,582.1184,NA,18495.22
2026-10-01 18:02:00,15,0.000115740740740741,108,4,2.258311,534.2556,NA,18501.13
2026-10-01 18:01:50,5,0,108,4,2.274909,547.8987,NA,18496.3
2026-10-01 18:01:40,0,0.00694444444444444,107,11,2.266465,588.2509,NA,18478.2
2026-10-01 18:01:30,595,0.0068287037037037,107,11,2.38934,560.7687,NA,18475.73
2026-10-01 18:01:20,585,0.00671296296296296,107,11,2.262574,576.9106,NA,18470.05
2026-10-01 18:01:10,575,0.00659722222222222,107,11,2.229259,530.2601,NA,18491.05
2026-10-01 18:01:00,565,0.00648148148148148,107,11,2.228909,531.2728,NA,18482.02
2026-10-01 18:00:50,555,0.00636574074074074,107,11,2.231426,535.1967,NA,18544.75
2026-10-01 18:00:40,545,0.00625,107,11,2.27136,578.2275,NA,18757.7
2026-10-01 18:00:30,535,0.00613425925925926,107,11,2.269082,577.1956,NA,18769.86
2026-10-01 18:00:20,525,0.00601851851851852,107,11,2.270692,576.965,NA,18783.78
2026-10-01 18:00:10,515,0.00590277777777778,107,11,2.270641,576.097,NA,18799.07
2026-10-01 18:00:00,505,0.00578703703703704,107,11,2.268596,575.9562,NA,18812.94
2026-10-01 17:59:50,495,0.0056712962962963,107,11,2.265114,575.5508,NA,18821.01
2026-10-01 17:59:40,485,0.00555555555555556,107,11,2.260884,575.2963,NA,18834.08
2026-10-01 17:59:30,475,0.00543981481481481,107,11,2.257609,574.2687,NA,18842.24
2026-10-01 17:59:20,465,0.00532407407407407,107,11,2.25813,573.8165,NA,18853.63
2026-10-01 17:59:10,455,0.00520833333333333,107,11,2.258894,572.6865,NA,18858.55
2026-10-01 17:59:00,445,0.00509259259259259,107,11,2.256372,571.9592,NA,18867.54
2026-10-01 17:58:50,435,0.00497685185185185,107,11,2.254808,570.5242,NA,18872.91
2026-10-01 17:58:40,425,0.00486111111111111,107,11,2.258922,571.2048,NA,18880.97
2026-10-01 17:58:30,415,0.00474537037037037,107,11,2.26283,571.7717,NA,18885.45
2026-10-01 17:58:20,405,0.00462962962962963,107,11,2.264513,572.7633,NA,18885.88
2026-10-01 17:58:10,395,0.00451388888888889,107,11,2.261979,571.8818,NA,18890.78
2026-10-01 17:58:00,385,0.00439814814814815,107,11,2.257375,571.0811,NA,18892.63
2026-10-01 17:57:50,375,0.00428240740740741,107,11,2.25431,571.0421,NA,18896.4
2026-10-01 17:57:40,365,0.00416666666666667,107,11,2.251292,571.1019,NA,18902.5
2026-10-01 17:57:30,354,0.00405092592592593,107,11,2.251336,570.9916,NA,18906.01
2026-10-01 17:57:20,345,0.00393518518518518,107,11,2.251666,570.4299,NA,18911.05
2026-10-01 17:57:10,335,0.00381944444444444,107,11,2.253549,570.4775,NA,18913.85
2026-10-01 17:57:00,325,0.0037037037037037,107,11,2.256292,570.6778,NA,18914.23
2026-10-01 17:56:50,315,0.00358796296296296,107,11,2.25482,570.063,NA,18915.68
2026-10-01 17:56:40,305,0.00347222222222222,107,11,2.25604,570.9244,NA,18915.64
2026-10-01 17:56:30,295,0.00335648148148148,107,11,2.251906,569.9343,0.3547015,18915.12
2026-10-01 17:56:20,285,0.00324074074074074,107,11,2.257423,570.3317,NA,18912.21
2026-10-01 17:56:10,275,0.003125,107,11,2.259596,569.6429,NA,18912.7
2026-10-01 17:56:00,265,0.00300925925925926,107,11,2.262017,569.787,NA,18912.8
2026-10-01 17:55:50,255,0.00289351851851852,107,11,2.259387,568.9647,NA,18914.63
2026-10-01 17:55:40,245,0.00277777777777778,107,11,2.256102,568.5262,NA,18912.02
2026-10-01 17:55:30,235,0.00266203703703704,107,11,2.254263,569.0086,0.3543159,18910.74
2026-10-01 17:55:20,225,0.0025462962962963,107,11,2.254675,570.9995,NA,18907.45
2026-10-01 17:55:10,215,0.00243055555555556,107,11,2.264689,573.6922,NA,18906.16
2026-10-01 17:55:00,205,0.00231481481481481,107,11,2.269791,575.0693,NA,18909.04
2026-10-01 17:54:50,195,0.00219907407407407,107,11,2.271837,576.2362,NA,18908.13
2026-10-01 17:54:40,185,0.00208333333333333,107,11,2.273983,577.7116,NA,18911.6
2026-10-01 17:54:30,175,0.00196759259259259,107,11,2.268879,576.8621,NA,18912.4
2026-10-01 17:54:20,165,0.00185185185185185,107,11,2.268008,577.0003,NA,18916.45
2026-10-01 17:54:10,155,0.00173611111111111,107,11,2.268551,577.2964,NA,18923.52
2026-10-01 17:54:00,144,0.00162037037037037,107,11,2.259424,575.4283,NA,18932.54
2026-10-01 17:53:50,135,0.00150462962962963,107,11,2.253909,574.6237,NA,18939.64
2026-10-01 17:53:40,125,0.00138888888888889,107,11,2.248714,573.7444,NA,18949.3
2026-10-01 17:53:30,115,0.00127314814814815,107,11,2.241624,571.878,NA,18958.71
2026-10-01 17:53:20,105,0.00115740740740741,107,11,2.235995,570.0659,NA,18965.19
2026-10-01 17:53:10,95,0.00104166666666667,107,11,2.232147,569.4152,NA,18969.77
2026-10-01 17:53:00,85,0.000925925925925926,107,11,2.231751,567.6901,NA,18970.1
2026-10-01 17:52:50,75,0.000810185185185185,107,11,2.233032,567.1145,NA,18967.4
2026-10-01 17:52:40,65,0.000694444444444444,107,11,2.236255,566.7394,NA,18959.62
2026-10-01 17:52:30,55,0.000578703703703704,107,11,2.234808,567.0936,NA,18946.08
2026-10-01 17:52:20,45,0.000462962962962963,107,11,2.230558,566.6432,NA,18918.57
2026-10-01 17:52:10,35,0.000347222222222222,107,11,2.232056,566.6582,NA,18880.96
2026-10-01 17:52:00,25,0.000231481481481481,107,11,2.371563,630.008,NA,18804.48
2026-10-01 17:51:50,15,0.000115740740740741,107,11,2.216898,561.6956,NA,18769.6
2026-10-01 17:51:40,5,0,107,11,2.204199,539.7185,NA,18862.52
2026-10-01 17:51:30,0,0.00694444444444444,106,2,2.176381,524.5762,NA,18895.95
2026-10-01 17:51:20,595,0.0068287037037037,106,2,2.182178,524.8538,NA,18930.09
2026-10-01 17:51:10,585,0.00671296296296296,106,2,2.180982,525.5656,NA,18994.24
2026-10-01 17:51:00,575,0.00659722222222222,106,2,2.186601,523.2669,NA,19071.06
2026-10-01 17:50:50,565,0.00648148148148148,106,2,2.200033,518.9632,NA,19131.72
2026-10-01 17:50:40,555,0.00636574074074074,106,2,2.211887,526.7987,NA,19249.03
2026-10-01 17:50:30,545,0.00625,106,2,2.237308,557.9481,NA,19329.49
2026-10-01 17:50:20,535,0.00613425925925926,106,2,2.237606,557.8322,NA,19338.11
2026-10-01 17:50:10,525,0.00601851851851852,106,2,2.237631,557.4227,NA,19346.99
2026-10-01 17:50:00,515,0.00590277777777778,106,2,2.239759,558.0698,NA,19358.19
2026-10-01 17:49:50,505,0.00578703703703704,106,2,2.241358,555.6447,NA,19367.09
2026-10-01 17:49:40,495,0.0056712962962963,106,2,2.249256,553.4392,NA,19374.2
2026-10-01 17:49:30,485,0.00555555555555556,106,2,2.252115,554.3149,NA,19384.06
2026-10-01 17:49:20,475,0.00543981481481481,106,2,2.244723,550.4658,NA,19390.76
2026-10-01 17:49:10,465,0.00532407407407407,106,2,2.242306,549.5739,NA,19400.39
2026-10-01 17:49:00,455,0.00520833333333333,106,2,2.240032,548.3063,NA,19411.17
2026-10-01 17:48:50,445,0.00509259259259259,106,2,2.237821,548.1839,NA,19424.24
2026-10-01 17:48:40,435,0.00497685185185185,106,2,2.237576,547.5916,NA,19433.67
2026-10-01 17:48:30,425,0.00486111111111111,106,2,2.239605,547.4503,NA,19443.71
2026-10-01 17:48:20,415,0.00474537037037037,106,2,2.239245,546.7522,NA,19451.89
2026-10-01 17:48:10,405,0.00462962962962963,106,2,2.241114,546.9969,NA,19458.34
2026-10-01 17:48:00,395,0.00451388888888889,106,2,2.242945,548.3692,0.3546827,19466.95
2026-10-01 17:47:50,385,0.00439814814814815,106,2,2.242721,551.9882,NA,19478.4
2026-10-01 17:47:40,375,0.00428240740740741,106,2,2.24518,552.4332,NA,19489.8
2026-10-01 17:47:30,365,0.00416666666666667,106,2,2.25038,552.4537,NA,19496.41
2026-10-01 17:47:20,355,0.00405092592592593,106,2,2.263492,549.2025,NA,19507.54
2026-10-01 17:47:10,345,0.00393518518518518,106,2,2.274566,549.941,NA,19515.7
2026-10-01 17:47:00,335,0.00381944444444444,106,2,2.295665,553.3712,NA,19526.88
2026-10-01 17:46:50,325,0.0037037037037037,106,2,2.312334,553.905,NA,19533.63
2026-10-01 17:46:40,315,0.00358796296296296,106,2,2.319871,554.4445,NA,19540.67
2026-10-01 17:46:30,305,0.00347222222222222,106,2,2.321699,554.8495,NA,19546.94
2026-10-01 17:46:20,295,0.00335648148148148,106,2,2.326212,556.5272,NA,19552.75
2026-10-01 17:46:10,285,0.00324074074074074,106,2,2.295435,553.7525,NA,19560.42
2026-10-01 17:46:00,275,0.003125,106,2,2.285338,552.6682,NA,19569.16
2026-10-01 17:45:50,265,0.00300925925925926,106,2,2.278735,549.5401,NA,19578.77
2026-10-01 17:45:40,255,0.00289351851851852,106,2,2.276764,548.7246,NA,19584.87
2026-10-01 17:45:30,245,0.00277777777777778,106,2,2.269964,547.7497,NA,19592.01
2026-10-01 17:45:20,235,0.00266203703703704,106,2,2.287881,548.2354,NA,19600.28
2026-10-01 17:45:10,225,0.0025462962962963,106,2,2.276165,547.7933,NA,19608.75
2026-10-01 17:45:00,215,0.00243055555555556,106,2,2.259302,545.4999,NA,19618.26
2026-10-01 17:44:50,205,0.00231481481481481,106,2,2.262738,545.2441,NA,19628.81
2026-10-01 17:44:40,195,0.00219907407407407,106,2,2.258356,543.4152,NA,19638.73
2026-10-01 17:44:30,185,0.00208333333333333,106,2,2.255578,542.926,NA,19645.43
2026-10-01 17:44:20,175,0.00196759259259259,106,2,2.254896,542.0782,NA,19654.47
2026-10-01 17:44:10,165,0.00185185185185185,106,2,2.257219,542.989,NA,19663.94
2026-10-01 17:44:00,155,0.00173611111111111,106,2,2.24752,541.9139,NA,19676.44
2026-10-01 17:43:50,145,0.00162037037037037,106,2,2.227422,535.3168,NA,19689.61
2026-10-01 17:43:40,135,0.00150462962962963,106,2,2.213411,530.4482,NA,19699.95
2026-10-01 17:43:30,125,0.00138888888888889,106,2,2.200639,528.3074,NA,19711.29
2026-10-01 17:43:20,115,0.00127314814814815,106,2,2.203728,529.5734,NA,19723.07
2026-10-01 17:43:10,105,0.00115740740740741,106,2,2.204657,530.3812,NA,19732.38
2026-10-01 17:43:00,95,0.00104166666666667,106,2,2.212124,532.6364,NA,19740.49
2026-10-01 17:42:50,85,0.000925925925925926,106,2,2.219567,532.4818,NA,19752.36
2026-10-01 17:42:40,75,0.000810185185185185,106,2,2.224375,531.0327,NA,19759.69
2026-10-01 17:42:30,65,0.000694444444444444,106,2,2.233309,530.0946,NA,19768.19
2026-10-01 17:42:20,55,0.000578703703703704,106,2,2.240472,528.3385,NA,19780.47
2026-10-01 17:42:10,45,0.000462962962962963,106,2,2.271029,526.5781,NA,19791.12
2026-10-01 17:42:00,35,0.000347222222222222,106,2,2.371619,526.911,NA,19804.92
2026-10-01 17:41:50,25,0.000231481481481481,106,2,2.244906,531.9073,NA,19826.98
2026-10-01 17:41:40,15,0.000115740740740741,106,2,2.234663,497.3147,NA,19876.46
2026-10-01 17:41:30,5,0,106,2,2.224007,526.5147,NA,19942.13
2026-10-01 17:41:20,0,0.00694444444444444,105,10,2.225006,554.1787,NA,19906.04
2026-10-01 17:41:10,595,0.0068287037037037,105,10,2.214694,540.0911,NA,19864.64
2026-10-01 17:41:00,585,0.00671296296296296,105,10,2.227754,507.3953,NA,19780.14
2026-10-01 17:40:50,575,0.00659722222222222,105,10,2.191701,491.5165,NA,19803.7
2026-10-01 17:40:40,565,0.00648148148148148,105,10,2.193237,492.6485,NA,19929.95
2026-10-01 17:40:30,555,0.00636574074074074,105,10,2.200556,497.08,NA,20134.59
2026-10-01 17:40:20,545,0.00625,105,10,2.231534,526.7623,NA,20315.48
2026-10-01 17:40:10,534,0.00613425925925926,105,10,2.231705,527.2193,NA,20329.41
2026-10-01 17:40:00,525,0.00601851851851852,105,10,2.229389,526.8398,NA,20340.33
2026-10-01 17:39:50,515,0.00590277777777778,105,10,2.227967,525.8239,NA,20352.76
2026-10-01 17:39:40,505,0.00578703703703704,105,10,2.229924,527.3613,NA,20364.03
2026-10-01 17:39:30,495,0.0056712962962963,105,10,2.22594,524.5303,NA,20375.07
2026-10-01 17:39:20,485,0.00555555555555556,105,10,2.223161,522.6906,NA,20383.9
2026-10-01 17:39:10,475,0.00543981481481481,105,10,2.219025,520.9938,NA,20395.76
2026-10-01 17:39:00,465,0.00532407407407407,105,10,2.217078,520.0261,NA,20408.45
2026-10-01 17:38:50,455,0.00520833333333333,105,10,2.212634,518.4818,NA,20419.56
2026-10-01 17:38:40,445,0.00509259259259259,105,10,2.210966,518.5168,NA,20431.57
2026-10-01 17:38:30,435,0.00497685185185185,105,10,2.211541,519.148,NA,20442.47
2026-10-01 17:38:20,425,0.00486111111111111,105,10,2.211569,519.4723,NA,20455.45
2026-10-01 17:38:10,415,0.00474537037037037,105,10,2.211873,519.5154,NA,20465.1
2026-10-01 17:38:00,405,0.00462962962962963,105,10,2.206433,517.475,NA,20474.5
2026-10-01 17:37:50,395,0.00451388888888889,105,10,2.203857,516.6231,NA,20487.68
2026-10-01 17:37:40,385,0.00439814814814815,105,10,2.20246,516.2661,NA,20496.64
2026-10-01 17:37:30,375,0.00428240740740741,105,10,2.203679,516.6627,NA,20502.51
2026-10-01 17:37:20,365,0.00416666666666667,105,10,2.205436,517.3112,NA,20511.7
2026-10-01 17:37:10,355,0.00405092592592593,105,10,2.204036,516.5854,NA,20520.96
2026-10-01 17:37:00,345,0.00393518518518518,105,10,2.20171,514.973,NA,20526.71
2026-10-01 17:36:50,335,0.00381944444444444,105,10,2.200829,513.9554,NA,20534.75
2026-10-01 17:36:40,325,0.0037037037037037,105,10,2.200417,514.3795,NA,20540.8
2026-10-01 17:36:30,315,0.00358796296296296,105,10,2.199924,512.7595,NA,20548.04
2026-10-01 17:36:20,305,0.00347222222222222,105,10,2.201696,512.2736,NA,20554.95
2026-10-01 17:36:10,295,0.00335648148148148,105,10,2.200706,511.3847,NA,20563.92
2026-10-01 17:36:00,285,0.00324074074074074,105,10,2.201601,510.4211,NA,20571.51
2026-10-01 17:35:50,275,0.003125,105,10,2.208804,511.8851,NA,20578.96
2026-10-01 17:35:40,265,0.00300925925925926,105,10,2.2088,512.6771,NA,20590.22
2026-10-01 17:35:30,255,0.00289351851851852,105,10,2.215144,512.8542,NA,20600.1
2026-10-01 17:35:20,245,0.00277777777777778,105,10,2.211473,512.607,NA,20609.87
2026-10-01 17:35:10,235,0.00266203703703704,105,10,2.21463,512.0313,NA,20617.28
2026-10-01 17:35:00,225,0.0025462962962963,105,10,2.212254,511.4802,NA,20626.72
2026-10-01 17:34:50,215,0.00243055555555556,105,10,2.206334,509.9762,NA,20632.69
2026-10-01 17:34:40,205,0.00231481481481481,105,10,2.208292,511.4101,NA,20640.42
2026-10-01 17:34:30,195,0.00219907407407407,105,10,2.210928,513.8794,NA,20644.61
2026-10-01 17:34:20,185,0.00208333333333333,105,10,2.206262,512.7826,NA,20648.94
2026-10-01 17:34:10,175,0.00196759259259259,105,10,2.211181,513.6589,NA,20652.37
2026-10-01 17:34:00,165,0.00185185185185185,105,10,2.207735,512.4697,NA,20656.34
2026-10-01 17:33:50,155,0.00173611111111111,105,10,2.211556,514.3579,NA,20661.54
2026-10-01 17:33:40,145,0.00162037037037037,105,10,2.207927,514.2526,NA,20666.29
2026-10-01 17:33:30,135,0.00150462962962963,105,10,2.202397,515.2725,NA,20667.99
2026-10-01 17:33:20,125,0.00138888888888889,105,10,2.203878,515.2099,NA,20672.57
2026-10-01 17:33:10,115,0.00127314814814815,105,10,2.195597,514.3824,NA,20675.55
2026-10-01 17:33:00,105,0.00115740740740741,105,10,2.200983,514.6099,NA,20684.52
2026-10-01 17:32:50,95,0.00104166666666667,105,10,2.204893,516.5288,NA,20697.1
2026-10-01 17:32:40,85,0.000925925925925926,105,10,2.205946,516.2255,NA,20713.79
2026-10-01 17:32:30,75,0.000810185185185185,105,10,2.210727,517.5605,NA,20731.32
2026-10-01 17:32:20,65,0.000694444444444444,105,10,2.214481,518.5714,NA,20746.19
2026-10-01 17:32:10,55,0.000578703703703704,105,10,2.213518,518.0235,NA,20753.81
2026-10-01 17:32:00,45,0.000462962962962963,105,10,2.210195,518.4304,NA,20755.73
2026-10-01 17:31:50,35,0.000347222222222222,105,10,2.203383,519.1646,NA,20758.81
2026-10-01 17:31:40,25,0.000231481481481481,105,10,2.210649,524.6481,NA,20765.74
2026-10-01 17:31:30,15,0.000115740740740741,105,10,2.225684,539.5065,NA,20770.42
2026-10-01 17:31:20,5,0,105,10,2.190744,527.4454,NA,20822.81
2026-10-01 17:31:10,0,0.00694444444444444,104,7,2.189586,534.4593,NA,20792.79
2026-10-01 17:31:00,595,0.0068287037037037,104,7,2.174147,502.2938,NA,20800.78
2026-10-01 17:30:50,585,0.00671296296296296,104,7,2.165748,491.2111,NA,20807.77
2026-10-01 17:30:40,575,0.00659722222222222,104,7,2.164448,491.051,NA,20781.66
2026-10-01 17:30:30,565,0.00648148148148148,104,7,2.167043,493.1221,NA,20730.47
2026-10-01 17:30:20,555,0.00636574074074074,104,7,2.172543,500.1056,NA,20701.68
2026-10-01 17:30:10,545,0.00625,104,7,2.190567,524.3256,NA,20797.64
2026-10-01 17:30:00,535,0.00613425925925926,104,7,2.189429,523.976,NA,20803.01
2026-10-01 17:29:50,525,0.00601851851851852,104,7,2.186438,523.0637,NA,20807.92
2026-10-01 17:29:40,515,0.00590277777777778,104,7,2.179622,519.6867,NA,20810.9
2026-10-01 17:29:30,505,0.00578703703703704,104,7,2.177395,518.2769,NA,20817.4
2026-10-01 17:29:20,495,0.0056712962962963,104,7,2.173572,516.8397,NA,20826.54
2026-10-01 17:29:10,485,0.00555555555555556,104,7,2.172379,516.3492,NA,20833.28
2026-10-01 17:29:00,475,0.00543981481481481,104,7,2.178194,518.8156,NA,20845
2026-10-01 17:28:50,465,0.00532407407407407,104,7,2.178103,519.2031,NA,20852.41
2026-10-01 17:28:40,455,0.00520833333333333,104,7,2.179372,518.9313,NA,20865.97
2026-10-01 17:28:30,445,0.00509259259259259,104,7,2.195932,525.6807,NA,20874.83
2026-10-01 17:28:20,435,0.00497685185185185,104,7,2.193633,525.2889,NA,20884.17
2026-10-01 17:28:10,425,0.00486111111111111,104,7,2.189805,523.3416,NA,20887.48
2026-10-01 17:28:00,415,0.00474537037037037,104,7,2.186891,521.5986,NA,20895.77
2026-10-01 17:27:50,405,0.00462962962962963,104,7,2.185225,519.5079,NA,20899.73
2026-10-01 17:27:40,395,0.00451388888888889,104,7,2.183804,516.7363,NA,20909.22
2026-10-01 17:27:30,385,0.00439814814814815,104,7,2.175361,509.3145,NA,20917.84
2026-10-01 17:27:20,375,0.00428240740740741,104,7,2.175058,510.7223,NA,20929.83
2026-10-01 17:27:10,365,0.00416666666666667,104,7,2.173026,506.7432,NA,20941.54
2026-10-01 17:27:00,355,0.00405092592592593,104,7,2.180091,518.4998,NA,20951.86
2026-10-01 17:26:50,345,0.00393518518518518,104,7,2.19073,524.704,NA,20967.2
2026-10-01 17:26:40,335,0.00381944444444444,104,7,2.193534,527.0907,NA,20978.45
2026-10-01 17:26:30,325,0.0037037037037037,104,7,2.19636,529.8792,NA,20987.66
2026-10-01 17:26:20,315,0.00358796296296296,104,7,2.198205,529.9259,NA,20995.27
2026-10-01 17:26:10,305,0.00347222222222222,104,7,2.202401,531.5903,NA,21002.2
2026-10-01 17:26:00,295,0.00335648148148148,104,7,2.201057,529.8898,NA,21007.35
2026-10-01 17:25:50,285,0.00324074074074074,104,7,2.19703,527.2245,NA,21011.87
2026-10-01 17:25:40,275,0.003125,104,7,2.185062,523.325,NA,21019.87
2026-10-01 17:25:30,265,0.00300925925925926,104,7,2.185073,523.2702,0.3538062,21025.31
2026-10-01 17:25:20,255,0.00289351851851852,104,7,2.18273,520.8184,NA,21031.59
2026-10-01 17:25:10,245,0.00277777777777778,104,7,2.183816,522.3782,NA,21036.23
2026-10-01 17:25:00,235,0.00266203703703704,104,7,2.186452,523.5143,NA,21044.63
2026-10-01 17:24:50,225,0.0025462962962963,104,7,2.192954,523.017,NA,21050.09
2026-10-01 17:24:40,215,0.00243055555555556,104,7,2.193155,522.0535,NA,21056.57
2026-10-01 17:24:30,205,0.00231481481481481,104,7,2.190119,521.1951,NA,21062.12
2026-10-01 17:24:20,195,0.00219907407407407,104,7,2.189452,520.8005,NA,21067.12
2026-10-01 17:24:10,185,0.00208333333333333,104,7,2.191189,520.0496,NA,21071.06
2026-10-01 17:24:00,175,0.00196759259259259,104,7,2.192837,517.7966,NA,21077.45
2026-10-01 17:23:50,165,0.00185185185185185,104,7,2.194252,516.7914,NA,21079.05
2026-10-01 17:23:40,155,0.00173611111111111,104,7,2.192967,516.7786,NA,21079.13
2026-10-01 17:23:30,145,0.00162037037037037,104,7,2.192132,516.0777,NA,21082.97
2026-10-01 17:23:20,135,0.00150462962962963,104,7,2.19282,515.7212,NA,21084.03
2026-10-01 17:23:10,125,0.00138888888888889,104,7,2.193478,515.1882,NA,21083.31
2026-10-01 17:23:00,115,0.00127314814814815,104,7,2.192886,515.0532,NA,21082.93
2026-10-01 17:22:50,105,0.00115740740740741,104,7,2.190217,514.2133,NA,21083.6
2026-10-01 17:22:40,95,0.00104166666666667,104,7,2.185798,513.5621,0.354039,21080.39
2026-10-01 17:22:30,85,0.000925925925925926,104,7,2.185354,512.9698,NA,21083.53
2026-10-01 17:22:20,75,0.000810185185185185,104,7,2.184086,511.69,NA,21089.87
2026-10-01 17:22:10,65,0.000694444444444444,104,7,2.182129,511.2868,NA,21104.7
2026-10-01 17:22:00,55,0.000578703703703704,104,7,2.17973,510.9742,NA,21117.7
2026-10-01 17:21:50,45,0.000462962962962963,104,7,2.182752,513.3094,NA,21132.27
2026-10-01 17:21:40,35,0.000347222222222222,104,7,2.183991,515.1755,NA,21141.95
2026-10-01 17:21:30,25,0.000231481481481481,104,7,2.203748,526.361,NA,21156.29
2026-10-01 17:21:20,15,0.000115740740740741,104,7,2.176779,504.5146,NA,21192.48
2026-10-01 17:21:10,5,0,104,7,2.21221,591.4545,NA,21238.42
2026-10-01 17:21:00,0,0.00694444444444444,103,1,2.182672,525.1868,NA,21216.38
2026-10-01 17:20:50,595,0.0068287037037037,103,1,2.188493,538.7635,NA,21201.11
2026-10-01 17:20:40,584,0.00671296296296296,103,1,2.165457,491.0047,NA,21179.63
2026-10-01 17:20:30,574,0.00659722222222222,103,1,2.162575,488.5031,NA,21161.37
2026-10-01 17:20:20,564,0.00648148148148148,103,1,2.161448,486.1537,NA,21140.44
2026-10-01 17:20:10,554,0.00636574074074074,103,1,2.164206,488.4732,NA,21114.8
2026-10-01 17:20:00,544,0.00625,103,1,2.185514,510.5696,NA,21270.49
2026-10-01 17:19:50,534,0.00613425925925926,103,1,2.185971,510.8745,NA,21277.43
2026-10-01 17:19:40,524,0.00601851851851852,103,1,2.181892,509.2705,NA,21285.17
2026-10-01 17:19:30,514,0.00590277777777778,103,1,2.181288,508.9352,NA,21296.01
2026-10-01 17:19:20,504,0.00578703703703704,103,1,2.179735,508.9411,NA,21306.63
2026-10-01 17:19:10,494,0.0056712962962963,103,1,2.178423,508.7792,NA,21313.42
2026-10-01 17:19:00,484,0.00555555555555556,103,1,2.175477,509.1062,NA,21321.81
2026-10-01 17:18:50,474,0.00543981481481481,103,1,2.17382,508.7602,NA,21332.08
2026-10-01 17:18:40,464,0.00532407407407407,103,1,2.173261,507.6289,NA,21340.4
2026-10-01 17:18:30,454,0.00520833333333333,103,1,2.173908,506.69,0.3533177,21351
2026-10-01 17:18:20,444,0.00509259259259259,103,1,2.174487,506.4578,NA,21357.97
2026-10-01 17:18:10,434,0.00497685185185185,103,1,2.177038,504.2464,NA,21366.17
2026-10-01 17:18:00,424,0.00486111111111111,103,1,2.175933,503.2112,NA,21370.14
2026-10-01 17:17:50,414,0.00474537037037037,103,1,2.175873,502.9952,NA,21374.83
2026-10-01 17:17:40,404,0.00462962962962963,103,1,2.174287,501.9738,NA,21380.41
2026-10-01 17:17:30,394,0.00451388888888889,103,1,2.172974,500.7285,NA,21386.05
2026-10-01 17:17:20,384,0.00439814814814815,103,1,2.17311,500.334,NA,21390.77
2026-10-01 17:17:10,374,0.00428240740740741,103,1,2.171293,500.4393,NA,21398.59
2026-10-01 17:17:00,364,0.00416666666666667,103,1,2.170049,501.4901,NA,21405.63
2026-10-01 17:16:50,354,0.00405092592592593,103,1,2.169899,500.442,NA,21413.09
2026-10-01 17:16:40,344,0.00393518518518518,103,1,2.168098,499.8204,NA,21418.89
2026-10-01 17:16:30,334,0.00381944444444444,103,1,2.168993,498.9211,NA,21424.13
2026-10-01 17:16:20,324,0.0037037037037037,103,1,2.168973,498.843,NA,21428.59
2026-10-01 17:16:10,314,0.00358796296296296,103,1,2.168498,498.1073,NA,21430.94
2026-10-01 17:16:00,304,0.00347222222222222,103,1,2.167019,496.9154,NA,21432.24
2026-10-01 17:15:50,295,0.00335648148148148,103,1,2.166305,496.2506,NA,21434.05
2026-10-01 17:15:40,284,0.00324074074074074,103,1,2.167848,495.968,NA,21436.92
2026-10-01 17:15:30,274,0.003125,103,1,2.171084,497.1198,NA,21442.53
2026-10-01 17:15:20,264,0.00300925925925926,103,1,2.172874,497.6444,NA,21444.23
2026-10-01 17:15:10,254,0.00289351851851852,103,1,2.174166,498.5059,NA,21445.92
2026-10-01 17:15:00,244,0.00277777777777778,103,1,2.173456,497.7738,NA,21453.26
2026-10-01 17:14:50,234,0.00266203703703704,103,1,2.171813,498.0155,NA,21458.47
2026-10-01 17:14:40,224,0.0025462962962963,103,1,2.16981,496.2173,NA,21463.63
2026-10-01 17:14:30,214,0.00243055555555556,103,1,2.168663,496.5327,NA,21468.08
2026-10-01 17:14:20,204,0.00231481481481481,103,1,2.169446,496.1575,0.3534698,21473.02
2026-10-01 17:14:10,194,0.00219907407407407,103,1,2.172894,496.4293,NA,21473.97
2026-10-01 17:14:00,184,0.00208333333333333,103,1,2.173272,495.1297,NA,21477.04
2026-10-01 17:13:50,174,0.00196759259259259,103,1,2.171588,493.5589,NA,21478.2
2026-10-01 17:13:40,164,0.00185185185185185,103,1,2.168562,493.0925,NA,21476.65
2026-10-01 17:13:30,154,0.00173611111111111,103,1,2.168646,493.3712,NA,21476.32
2026-10-01 17:13:20,144,0.00162037037037037,103,1,2.166653,492.2407,NA,21476.96
2026-10-01 17:13:10,134,0.00150462962962963,103,1,2.162234,492.0134,NA,21480.1
2026-10-01 17:13:00,124,0.00138888888888889,103,1,2.164223,493.9108,0.3533096,21481.52
2026-10-01 17:12:50,114,0.00127314814814815,103,1,2.164878,495.8636,NA,21482.69
2026-10-01 17:12:40,104,0.00115740740740741,103,1,2.173792,500.3002,NA,21481.81
2026-10-01 17:12:30,94,0.00104166666666667,103,1,2.173547,498.8412,NA,21476.63
2026-10-01 17:12:20,84,0.000925925925925926,103,1,2.171219,498.063,NA,21472.41
2026-10-01 17:12:10,74,0.000810185185185185,103,1,2.169028,496.3861,NA,21472.66
2026-10-01 17:12:00,64,0.000694444444444444,103,1,2.165373,495.7313,0.3530986,21482.33
2026-10-01 17:11:50,54,0.000578703703703704,103,1,2.152856,488.4354,NA,21494.78
2026-10-01 17:11:40,44,0.000462962962962963,103,1,2.146283,485.8018,NA,21511.41
2026-10-01 17:11:30,34,0.000347222222222222,103,1,2.144157,484.3969,NA,21517.86
2026-10-01 17:11:20,24,0.000231481481481481,103,1,2.191001,510.0568,NA,21521.07
2026-10-01 17:11:10,14,0.000115740740740741,103,1,2.179993,548.6015,NA,21553.68
2026-10-01 17:11:00,4,0,103,1,2.16963,537.0362,NA,21661.33
2026-10-01 17:10:50,0,0.00694444444444444,102,6,2.163737,535.1381,NA,21634.52
2026-10-01 17:10:40,594,0.0068287037037037,102,6,2.158115,525.9846,NA,21618.8
2026-10-01 17:10:30,584,0.00671296296296296,102,6,2.152505,528.6537,NA,21589.9
2026-10-01 17:10:20,574,0.00659722222222222,102,6,2.158299,527.7446,NA,21536.66
2026-10-01 17:10:10,564,0.00648148148148148,102,6,2.136014,472.7431,NA,21516.09
2026-10-01 17:10:00,554,0.00636574074074074,102,6,2.139764,478.1846,NA,21578.35
2026-10-01 17:09:50,544,0.00625,102,6,2.155267,500.3125,NA,21715.66
2026-10-01 17:09:40,534,0.00613425925925926,102,6,2.15396,498.9412,NA,21726.27
2026-10-01 17:09:30,524,0.00601851851851852,102,6,2.152782,498.6259,NA,21738.82
2026-10-01 17:09:20,514,0.00590277777777778,102,6,2.151662,499.0481,NA,21750.86
2026-10-01 17:09:10,504,0.00578703703703704,102,6,2.151248,496.5118,NA,21760.23
2026-10-01 17:09:00,494,0.0056712962962963,102,6,2.152864,497.3847,NA,21766.92
2026-10-01 17:08:50,484,0.00555555555555556,102,6,2.150227,497.8828,NA,21771.72
2026-10-01 17:08:40,474,0.00543981481481481,102,6,2.1501,497.6112,NA,21780.81
2026-10-01 17:08:30,464,0.00532407407407407,102,6,2.149183,496.5209,NA,21790
2026-10-01 17:08:20,454,0.00520833333333333,102,6,2.146278,495.9572,NA,21798.65
2026-10-01 17:08:10,444,0.00509259259259259,102,6,2.149379,496.4915,NA,21812.19
2026-10-01 17:08:00,434,0.00497685185185185,102,6,2.150399,497.58,NA,21824.77
2026-10-01 17:07:50,424,0.00486111111111111,102,6,2.153049,500.073,NA,21833.41
2026-10-01 17:07:40,414,0.00474537037037037,102,6,2.15376,500.1536,NA,21847.26
2026-10-01 17:07:30,404,0.00462962962962963,102,6,2.153963,498.5056,NA,21859.87
2026-10-01 17:07:20,394,0.00451388888888889,102,6,2.150538,495.9692,NA,21865.82
2026-10-01 17:07:10,384,0.00439814814814815,102,6,2.147712,495.9279,NA,21877.32
2026-10-01 17:07:00,374,0.00428240740740741,102,6,2.149899,497.5273,NA,21883.53
2026-10-01 17:06:50,364,0.00416666666666667,102,6,2.152235,498.0622,NA,21899.89
2026-10-01 17:06:40,354,0.00405092592592593,102,6,2.150467,498.3887,NA,21909.88
2026-10-01 17:06:30,344,0.00393518518518518,102,6,2.146411,499.2218,NA,21923.44
2026-10-01 17:06:20,334,0.00381944444444444,102,6,2.144454,499.8353,NA,21933.44
2026-10-01 17:06:10,324,0.0037037037037037,102,6,2.143754,498.8409,NA,21941.55
2026-10-01 17:06:00,314,0.00358796296296296,102,6,2.142534,500.4597,NA,21949.31
2026-10-01 17:05:50,305,0.00347222222222222,102,6,2.142211,499.2201,0.3536947,21958.69
2026-10-01 17:05:40,294,0.00335648148148148,102,6,2.141939,498.3561,NA,21970.73
2026-10-01 17:05:30,284,0.00324074074074074,102,6,2.143538,497.2072,NA,21976.45
2026-10-01 17:05:20,274,0.003125,102,6,2.142626,496.7068,NA,21981.22
2026-10-01 17:05:10,264,0.00300925925925926,102,6,2.14448,494.7648,NA,21986.75
2026-10-01 17:05:00,254,0.00289351851851852,102,6,2.145059,493.4821,NA,21990.93
2026-10-01 17:04:50,244,0.00277777777777778,102,6,2.146262,493.8918,NA,21996.02
2026-10-01 17:04:40,234,0.00266203703703704,102,6,2.140317,493.8548,NA,21998.25
2026-10-01 17:04:30,224,0.0025462962962963,102,6,2.138695,492.4134,NA,22000.36
2026-10-01 17:04:20,214,0.00243055555555556,102,6,2.142234,495.1039,NA,22011.3
2026-10-01 17:04:10,204,0.00231481481481481,102,6,2.144213,496.0221,NA,22017.52
2026-10-01 17:04:00,194,0.00219907407407407,102,6,2.145242,497.9113,NA,22027.6
2026-10-01 17:03:50,184,0.00208333333333333,102,6,2.149201,507.3036,NA,22034.07
2026-10-01 17:03:40,174,0.00196759259259259,102,6,2.148729,507.0152,NA,22039.61
2026-10-01 17:03:30,164,0.00185185185185185,102,6,2.150448,508.9021,NA,22043.4
2026-10-01 17:03:20,154,0.00173611111111111,102,6,2.155167,506.5648,NA,22045.81
2026-10-01 17:03:10,144,0.00162037037037037,102,6,2.157482,500.4091,NA,22048.63
2026-10-01 17:03:00,134,0.00150462962962963,102,6,2.157015,497.871,NA,22045.56
2026-10-01 17:02:50,124,0.00138888888888889,102,6,2.15966,494.3135,NA,22047.42
2026-10-01 17:02:40,114,0.00127314814814815,102,6,2.156416,491.2901,NA,22040.2
2026-10-01 17:02:30,104,0.00115740740740741,102,6,2.14926,490.6466,NA,22034.5
2026-10-01 17:02:20,94,0.00104166666666667,102,6,2.14505,488.6771,NA,22026.12
2026-10-01 17:02:10,84,0.000925925925925926,102,6,2.143267,484.7836,NA,22015.69
2026-10-01 17:02:00,74,0.000810185185185185,102,6,2.140148,477.8704,NA,22002.24
2026-10-01 17:01:50,64,0.000694444444444444,102,6,2.163864,484.8236,NA,21985.14
2026-10-01 17:01:40,54,0.000578703703703704,102,6,2.160857,496.2058,NA,21968.45
2026-10-01 17:01:30,44,0.000462962962962963,102,6,2.198513,589.0153,NA,21866.6
2026-10-01 17:01:20,34,0.000347222222222222,102,6,2.123518,449.1484,NA,21773.33
2026-10-01 17:01:10,24,0.000231481481481481,102,6,2.127234,452.6005,NA,21831.64
2026-10-01 17:01:00,14,0.000115740740740741,102,6,2.132186,454.0838,NA,22035.04
2026-10-01 17:00:50,4,0,102,6,2.20214,488.5745,NA,22397.32
2026-10-01 17:00:40,0,0.00694444444444444,101,3,2.151124,486.6079,0.3529537,22387.86
2026-10-01 17:00:30,594,0.0068287037037037,101,3,2.193548,489.2903,NA,22388.01
2026-10-01 17:00:20,584,0.00671296296296296,101,3,2.174922,491.5586,0.3530023,22383.97
2026-10-01 17:00:10,574,0.00659722222222222,101,3,2.167637,490.2128,NA,22371.85
2026-10-01 17:00:00,564,0.00648148148148148,101,3,2.173145,491.2025,NA,22333.44
2026-10-01 16:59:50,554,0.00636574074074074,101,3,2.1468,468.2594,NA,22131.97
2026-10-01 16:59:40,544,0.00625,101,3,2.154576,483.395,NA,22263.88
2026-10-01 16:59:30,534,0.00613425925925926,101,3,2.155782,486.7354,NA,22266.21
2026-10-01 16:59:20,524,0.00601851851851852,101,3,2.149686,485.7791,NA,22272.86
2026-10-01 16:59:10,514,0.00590277777777778,101,3,2.150749,489.9868,NA,22286.11
2026-10-01 16:59:00,504,0.00578703703703704,101,3,2.15209,495.6067,NA,22302.15
2026-10-01 16:58:50,494,0.0056712962962963,101,3,2.152952,497.0633,NA,22309.88
2026-10-01 16:58:40,484,0.00555555555555556,101,3,2.153862,497.944,NA,22312.28
2026-10-01 16:58:30,474,0.00543981481481481,101,3,2.153704,496.2404,NA,22315.09
2026-10-01 16:58:20,464,0.00532407407407407,101,3,2.160517,494.1207,NA,22322.52
2026-10-01 16:58:10,454,0.00520833333333333,101,3,2.162867,493.8737,NA,22328.56
2026-10-01 16:58:00,444,0.00509259259259259,101,3,2.174149,494.3945,NA,22334.25
2026-10-01 16:57:50,434,0.00497685185185185,101,3,2.15801,494.0138,NA,22343.9
2026-10-01 16:57:40,424,0.00486111111111111,101,3,2.154651,493.181,NA,22355.25
2026-10-01 16:57:30,414,0.00474537037037037,101,3,2.151425,494.6042,NA,22367.89
2026-10-01 16:57:20,404,0.00462962962962963,101,3,2.151042,492.9738,NA,22374.07
2026-10-01 16:57:10,394,0.00451388888888889,101,3,2.149932,491.5629,NA,22385.44
2026-10-01 16:57:00,384,0.00439814814814815,101,3,2.147776,489.8821,NA,22394.76
2026-10-01 16:56:50,374,0.00428240740740741,101,3,2.145524,487.5193,NA,22398.75
2026-10-01 16:56:40,364,0.00416666666666667,101,3,2.145542,486.0789,NA,22397.92
2026-10-01 16:56:30,354,0.00405092592592593,101,3,2.146273,486.8058,NA,22400.66
2026-10-01 16:56:20,344,0.00393518518518518,101,3,2.150938,488.7831,NA,22405.49
2026-10-01 16:56:10,334,0.00381944444444444,101,3,2.154028,486.0161,NA,22408.06
2026-10-01 16:56:00,324,0.0037037037037037,101,3,2.152061,483.6638,NA,22415.18
2026-10-01 16:55:50,315,0.00358796296296296,101,3,2.147712,478.4145,NA,22423.77
2026-10-01 16:55:40,304,0.00347222222222222,101,3,2.146238,476.8986,NA,22432.76
2026-10-01 16:55:30,294,0.00335648148148148,101,3,2.141194,470.1303,NA,22442.22
2026-10-01 16:55:20,284,0.00324074074074074,101,3,2.14,467.8621,NA,22452.7
2026-10-01 16:55:10,274,0.003125,101,3,2.143456,471.5515,NA,22461.95
2026-10-01 16:55:00,264,0.00300925925925926,101,3,2.140142,471.6305,NA,22479.15
2026-10-01 16:54:50,254,0.00289351851851852,101,3,2.151007,485.0948,NA,22493.24
2026-10-01 16:54:40,244,0.00277777777777778,101,3,2.151699,484.7988,NA,22504.68
2026-10-01 16:54:30,234,0.00266203703703704,101,3,2.151378,482.9441,NA,22521.24
2026-10-01 16:54:20,224,0.0025462962962963,101,3,2.157905,482.5606,NA,22531.29
2026-10-01 16:54:10,214,0.00243055555555556,101,3,2.157228,482.0286,NA,22549.19
2026-10-01 16:54:00,204,0.00231481481481481,101,3,2.167253,479.4025,NA,22554.79
2026-10-01 16:53:50,194,0.00219907407407407,101,3,2.165967,479.4109,NA,22565.02
2026-10-01 16:53:40,184,0.00208333333333333,101,3,2.16589,477.8098,NA,22573.91
2026-10-01 16:53:30,174,0.00196759259259259,101,3,2.166838,481.8858,NA,22579.23
2026-10-01 16:53:20,164,0.00185185185185185,101,3,2.173155,483.98,NA,22587.35
2026-10-01 16:53:10,154,0.00173611111111111,101,3,2.17886,484.2106,NA,22595.21
2026-10-01 16:53:00,144,0.00162037037037037,101,3,2.183626,483.0652,NA,22599.94
2026-10-01 16:52:50,134,0.00150462962962963,101,3,2.162324,481.1945,NA,22599.16
2026-10-01 16:52:40,124,0.00138888888888889,101,3,2.13955,480.9114,NA,22602.87
2026-10-01 16:52:30,114,0.00127314814814815,101,3,2.14067,481.4705,NA,22606.72
2026-10-01 16:52:20,104,0.00115740740740741,101,3,2.139444,473.5684,NA,22609.04
2026-10-01 16:52:10,94,0.00104166666666667,101,3,2.136133,469.0291,NA,22608.93
2026-10-01 16:52:00,84,0.000925925925925926,101,3,2.133181,465.0459,NA,22612.14
2026-10-01 16:51:50,74,0.000810185185185185,101,3,2.130481,461.7382,NA,22613.28
2026-10-01 16:51:40,64,0.000694444444444444,101,3,2.133967,469.0376,NA,22614.72
2026-10-01 16:51:30,54,0.000578703703703704,101,3,2.136663,474.2141,NA,22615.54
2026-10-01 16:51:20,44,0.000462962962962963,101,3,2.139693,477.0493,NA,22615.54
2026-10-01 16:51:10,34,0.000347222222222222,101,3,2.144878,478.9962,NA,22615.37
2026-10-01 16:51:00,24,0.000231481481481481,101,3,2.144827,477.9696,NA,22614.68
2026-10-01 16:50:50,15,0.000115740740740741,101,3,2.144768,478.6533,NA,22609.27
2026-10-01 16:50:40,4,0,101,3,2.157005,486.5491,NA,22593.49
2026-10-01 16:50:30,0,0.00694444444444444,100,12,2.203819,515.337,NA,22546.12
2026-10-01 16:50:20,594,0.0068287037037037,100,12,2.188548,610.537,NA,22484.98
2026-10-01 16:50:10,584,0.00671296296296296,100,12,2.180727,611.5891,NA,22359.52
2026-10-01 16:50:00,574,0.00659722222222222,100,12,2.137108,455.4104,NA,22156.52
2026-10-01 16:49:50,564,0.00648148148148148,100,12,2.141291,454.9199,NA,22154.14
2026-10-01 16:49:40,554,0.00636574074074074,100,12,2.152453,457.2522,NA,22330.03
2026-10-01 16:49:30,544,0.00625,100,12,2.21161,480.4908,NA,22283.12
2026-10-01 16:49:20,534,0.00613425925925926,100,12,2.220178,479.7626,NA,22309.39
2026-10-01 16:49:10,524,0.00601851851851852,100,12,2.213156,480.2715,NA,22335.68
2026-10-01 16:49:00,514,0.00590277777777778,100,12,2.211369,479.7335,NA,22360.98
2026-10-01 16:48:50,504,0.00578703703703704,100,12,2.210034,479.1725,NA,22391.06
2026-10-01 16:48:40,494,0.0056712962962963,100,12,2.207086,478.6727,NA,22406.56
2026-10-01 16:48:30,484,0.00555555555555556,100,12,2.201115,478.4932,NA,22425.21
2026-10-01 16:48:20,474,0.00543981481481481,100,12,2.193025,478.8999,NA,22447.78
2026-10-01 16:48:10,464,0.00532407407407407,100,12,2.189087,477.7036,NA,22477.45
2026-10-01 16:48:00,454,0.00520833333333333,100,12,2.188,476.5356,NA,22509.52
2026-10-01 16:47:50,444,0.00509259259259259,100,12,2.187371,476.3577,NA,22538.68
2026-10-01 16:47:40,434,0.00497685185185185,100,12,2.185864,476.6495,NA,22565.09
2026-10-01 16:47:30,424,0.00486111111111111,100,12,2.185124,476.0822,NA,22588.96
2026-10-01 16:47:20,414,0.00474537037037037,100,12,2.183671,475.8334,NA,22613.16
2026-10-01 16:47:10,404,0.00462962962962963,100,12,2.182445,476.426,NA,22640.68
2026-10-01 16:47:00,394,0.00451388888888889,100,12,2.181209,475.1845,NA,22666.75
2026-10-01 16:46:50,384,0.00439814814814815,100,12,2.179843,474.9204,NA,22697.59
2026-10-01 16:46:40,374,0.00428240740740741,100,12,2.17815,474.3694,NA,22729.28
2026-10-01 16:46:30,364,0.00416666666666667,100,12,2.176873,473.813,NA,22756.32
2026-10-01 16:46:20,354,0.00405092592592593,100,12,2.176152,473.9474,NA,22780.68
2026-10-01 16:46:10,344,0.00393518518518518,100,12,2.174717,473.5463,NA,22804.85
2026-10-01 16:46:00,334,0.00381944444444444,100,12,2.173439,473.495,NA,22829.9
2026-10-01 16:45:50,325,0.0037037037037037,100,12,2.171854,472.8267,NA,22854.35
2026-10-01 16:45:40,314,0.00358796296296296,100,12,2.170458,472.7587,NA,22881.33
2026-10-01 16:45:30,304,0.00347222222222222,100,12,2.168959,472.3951,NA,22908.75
2026-10-01 16:45:20,294,0.00335648148148148,100,12,2.16761,471.9229,NA,22936.92
2026-10-01 16:45:10,284,0.00324074074074074,100,12,2.166131,471.5949,NA,22965.04
2026-10-01 16:45:00,274,0.003125,100,12,2.164787,471.5882,NA,22996.45
2026-10-01 16:44:50,264,0.00300925925925926,100,12,2.163429,471.2733,NA,23029.49
2026-10-01 16:44:40,254,0.00289351851851852,100,12,2.161994,470.9986,NA,23057.79
2026-10-01 16:44:30,244,0.00277777777777778,100,12,2.16074,470.1331,NA,23085.17
2026-10-01 16:44:20,234,0.00266203703703704,100,12,2.159439,469.7285,NA,23112.56
2026-10-01 16:44:10,224,0.0025462962962963,100,12,2.157657,470.126,NA,23141.96
2026-10-01 16:44:00,214,0.00243055555555556,100,12,2.156667,469.6607,NA,23172.42
2026-10-01 16:43:50,204,0.00231481481481481,100,12,2.155452,469.1257,NA,23201.83
2026-10-01 16:43:40,194,0.00219907407407407,100,12,2.154874,469.536,NA,23229.8
2026-10-01 16:43:30,184,0.00208333333333333,100,12,2.153335,469.5502,NA,23259.61
2026-10-01 16:43:20,174,0.00196759259259259,100,12,2.15249,468.766,NA,23281.75
2026-10-01 16:43:10,164,0.00185185185185185,100,12,2.151373,469.4675,NA,23295.28
2026-10-01 16:43:00,154,0.00173611111111111,100,12,2.145904,468.3063,NA,23316.84
2026-10-01 16:42:50,144,0.00162037037037037,100,12,2.147746,469.0133,NA,23325
2026-10-01 16:42:40,134,0.00150462962962963,100,12,2.144718,466.9881,NA,23334.63
2026-10-01 16:42:30,124,0.00138888888888889,100,12,2.145878,465.102,NA,23351.94
2026-10-01 16:42:20,114,0.00127314814814815,100,12,2.143685,463.4476,NA,23380.65
2026-10-01 16:42:10,104,0.00115740740740741,100,12,2.140897,460.2583,NA,23433.94
2026-10-01 16:42:00,94,0.00104166666666667,100,12,2.141285,457.9954,NA,23467.48
2026-10-01 16:41:50,84,0.000925925925925926,100,12,2.139856,453.0152,NA,23509.84
2026-10-01 16:41:40,74,0.000810185185185185,100,12,2.137915,447.2856,0.3516347,23554.77
2026-10-01 16:41:30,64,0.000694444444444444,100,12,2.139327,441.1166,NA,23593.27
2026-10-01 16:41:20,54,0.000578703703703704,100,12,2.147132,440.9459,NA,23645.66
2026-10-01 16:41:10,44,0.000462962962962963,100,12,2.152621,441.1862,0.3511228,23701.9
2026-10-01 16:41:00,34,0.000347222222222222,100,12,2.165366,445.1509,NA,23778.4
2026-10-01 16:40:50,25,0.000231481481481481,100,12,2.141951,448.5175,NA,23912.63
2026-10-01 16:40:40,14,0.000115740740740741,100,12,2.132102,442.0765,NA,24140.69
2026-10-01 16:40:30,4,0,100,12,2.12357,432.6339,NA,24563.44
2026-10-01 16:40:20,0,0.00694444444444444,99,9,2.123176,432.7731,NA,24533.09
2026-10-01 16:40:10,594,0.0068287037037037,99,9,2.124664,433.2663,NA,24563.2
2026-10-01 16:40:00,584,0.00671296296296296,99,9,2.125509,433.5239,NA,24593.07
2026-10-01 16:39:50,574,0.00659722222222222,99,9,2.126766,433.8276,NA,24619.61
2026-10-01 16:39:40,564,0.00648148148148148,99,9,2.128812,433.9117,NA,24645.33
2026-10-01 16:39:30,554,0.00636574074074074,99,9,2.129235,432.8093,NA,24668.33
2026-10-01 16:39:20,544,0.00625,99,9,2.130728,433.1337,NA,24686.73
2026-10-01 16:39:10,534,0.00613425925925926,99,9,2.129534,433.4531,NA,24708.94
2026-10-01 16:39:00,524,0.00601851851851852,99,9,2.130104,433.2373,NA,24728.69
2026-10-01 16:38:50,514,0.00590277777777778,99,9,2.129886,433.4233,0.3512222,24746.95
2026-10-01 16:38:40,504,0.00578703703703704,99,9,2.130779,433.5298,NA,24764.52
2026-10-01 16:38:30,494,0.0056712962962963,99,9,2.132617,435.3669,NA,24773.81
2026-10-01 16:38:20,484,0.00555555555555556,99,9,2.133621,435.2164,NA,24785.01
2026-10-01 16:38:10,474,0.00543981481481481,99,9,2.135021,437.1671,NA,24798.94
2026-10-01 16:38:00,464,0.00532407407407407,99,9,2.133044,435.8012,NA,24812.55
2026-10-01 16:37:50,454,0.00520833333333333,99,9,2.135231,437.1391,NA,24823.15
2026-10-01 16:37:40,444,0.00509259259259259,99,9,2.135351,437.2605,NA,24836.26
2026-10-01 16:37:30,434,0.00497685185185185,99,9,2.136603,435.9481,NA,24850.79
2026-10-01 16:37:20,424,0.00486111111111111,99,9,2.138992,437.8435,NA,24860.5
2026-10-01 16:37:10,414,0.00474537037037037,99,9,2.13952,438.1663,NA,24868.27
2026-10-01 16:37:00,404,0.00462962962962963,99,9,2.144304,436.8118,NA,24873.46
2026-10-01 16:36:50,394,0.00451388888888889,99,9,2.141576,436.2182,NA,24882.15
2026-10-01 16:36:40,384,0.00439814814814815,99,9,2.149547,436.9839,NA,24882.05
2026-10-01 16:36:30,374,0.00428240740740741,99,9,2.154549,435.8459,NA,24883.46
2026-10-01 16:36:20,364,0.00416666666666667,99,9,2.157871,435.697,NA,24892.93
2026-10-01 16:36:10,354,0.00405092592592593,99,9,2.173205,434.4439,NA,24894.62
2026-10-01 16:36:00,344,0.00393518518518518,99,9,2.179019,435.11,NA,24900.43
2026-10-01 16:35:50,335,0.00381944444444444,99,9,2.187484,436.2049,NA,24906.32
2026-10-01 16:35:40,324,0.0037037037037037,99,9,2.215077,436.1017,NA,24915.51
2026-10-01 16:35:30,314,0.00358796296296296,99,9,2.234647,435.6547,NA,24923.13
2026-10-01 16:35:20,305,0.00347222222222222,99,9,2.254373,435.4402,0.3508498,24930.55
2026-10-01 16:35:10,294,0.00335648148148148,99,9,2.278201,435.2462,NA,24936.74
2026-10-01 16:35:00,284,0.00324074074074074,99,9,2.293338,435.9342,NA,24939.34
2026-10-01 16:34:50,274,0.003125,99,9,2.338734,435.8564,NA,24939.58
2026-10-01 16:34:40,264,0.00300925925925926,99,9,2.406129,434.8735,NA,24942.13
2026-10-01 16:34:30,254,0.00289351851851852,99,9,2.459609,433.3178,NA,24949.58
2026-10-01 16:34:20,244,0.00277777777777778,99,9,2.543671,432.9326,0.3510426,24957.47
2026-10-01 16:34:10,234,0.00266203703703704,99,9,2.697854,430.4964,NA,24967.72
2026-10-01 16:34:00,224,0.0025462962962963,99,9,2.63015,430.1915,NA,24977.41
2026-10-01 16:33:50,214,0.00243055555555556,99,9,2.673318,430.3497,NA,24983.14
2026-10-01 16:33:40,204,0.00231481481481481,99,9,2.6303,431.5511,NA,24983.42
2026-10-01 16:33:30,194,0.00219907407407407,99,9,2.684497,431.2866,NA,24986.64
2026-10-01 16:33:20,184,0.00208333333333333,99,9,2.732043,429.8446,NA,24992.3
2026-10-01 16:33:10,174,0.00196759259259259,99,9,2.801916,426.7315,NA,24995.44
2026-10-01 16:33:00,164,0.00185185185185185,99,9,2.896972,423.9198,NA,25001.18
2026-10-01 16:32:50,154,0.00173611111111111,99,9,2.86093,423.304,NA,25005.57
2026-10-01 16:32:40,144,0.00162037037037037,99,9,2.735958,423.7015,NA,25011.34
2026-10-01 16:32:30,134,0.00150462962962963,99,9,2.719429,423.3436,NA,25018.57
2026-10-01 16:32:20,124,0.00138888888888889,99,9,2.801413,423.9369,NA,25024.32
2026-10-01 16:32:10,114,0.00127314814814815,99,9,2.679165,423.3556,NA,25031.01
2026-10-01 16:32:00,104,0.00115740740740741,99,9,2.570625,423.0631,NA,25032.71
2026-10-01 16:31:50,94,0.00104166666666667,99,9,2.566091,424.8016,NA,25032.81
2026-10-01 16:31:40,84,0.000925925925925926,99,9,2.374476,424.7338,NA,25032.47
2026-10-01 16:31:30,74,0.000810185185185185,99,9,2.248253,425.3543,NA,25034.78
2026-10-01 16:31:20,64,0.000694444444444444,99,9,2.199757,425.5922,NA,25036.65
2026-10-01 16:31:10,54,0.000578703703703704,99,9,2.156619,426.7336,NA,25039.07
2026-10-01 16:31:00,44,0.000462962962962963,99,9,2.124331,427.6393,NA,25056.84
2026-10-01 16:30:50,35,0.000347222222222222,99,9,2.123859,428.8983,NA,25097.4
2026-10-01 16:30:40,24,0.000231481481481481,99,9,2.154352,447.9195,NA,25163.67
2026-10-01 16:30:30,14,0.000115740740740741,99,9,2.160984,484.8044,NA,25316.97
2026-10-01 16:30:20,4,0,99,9,2.130762,433.4768,NA,25567.24
2026-10-01 16:30:10,0,0.00694444444444444,98,5,2.115705,426.5439,NA,25558.45
2026-10-01 16:30:00,594,0.0068287037037037,98,5,2.115933,427.8806,NA,25516.99
2026-10-01 16:29:50,584,0.00671296296296296,98,5,2.115538,427.4733,NA,25489.51
2026-10-01 16:29:40,574,0.00659722222222222,98,5,2.116625,428.0266,NA,25426.82
2026-10-01 16:29:30,564,0.00648148148148148,98,5,2.118112,428.7386,NA,25257.54
2026-10-01 16:29:20,554,0.00636574074074074,98,5,2.121125,431.1336,NA,25113.82
2026-10-01 16:29:10,544,0.00625,98,5,2.127104,431.6385,NA,25195.48
2026-10-01 16:29:00,534,0.00613425925925926,98,5,2.126943,432.0386,NA,25202.32
2026-10-01 16:28:50,524,0.00601851851851852,98,5,2.126379,430.1262,NA,25215.98
2026-10-01 16:28:40,514,0.00590277777777778,98,5,2.125978,430.0347,NA,25221.38
2026-10-01 16:28:30,504,0.00578703703703704,98,5,2.124909,429.2464,NA,25235.45
2026-10-01 16:28:20,494,0.0056712962962963,98,5,2.125052,428.6442,NA,25253.06
2026-10-01 16:28:10,484,0.00555555555555556,98,5,2.124188,426.3058,NA,25273.28
2026-10-01 16:28:00,474,0.00543981481481481,98,5,2.123758,426.2749,NA,25286.18
2026-10-01 16:27:50,464,0.00532407407407407,98,5,2.123815,425.1157,NA,25298.55
2026-10-01 16:27:40,454,0.00520833333333333,98,5,2.1239,424.0144,NA,25309.26
2026-10-01 16:27:30,444,0.00509259259259259,98,5,2.125046,424.6898,NA,25315.67
2026-10-01 16:27:20,434,0.00497685185185185,98,5,2.125272,424.8557,NA,25323.48
2026-10-01 16:27:10,424,0.00486111111111111,98,5,2.124048,424.7883,NA,25334.16
2026-10-01 16:27:00,414,0.00474537037037037,98,5,2.123114,424.816,NA,25339.19
2026-10-01 16:26:50,404,0.00462962962962963,98,5,2.122819,424.4484,NA,25346.97
2026-10-01 16:26:40,394,0.00451388888888889,98,5,2.122046,425.112,NA,25350.98
2026-10-01 16:26:30,384,0.00439814814814815,98,5,2.122016,425.3397,NA,25363.4
2026-10-01 16:26:20,374,0.00428240740740741,98,5,2.122408,425.0056,NA,25372.56
2026-10-01 16:26:10,364,0.00416666666666667,98,5,2.12238,424.8951,NA,25378.66
2026-10-01 16:26:00,354,0.00405092592592593,98,5,2.122633,425.1014,NA,25381.6
2026-10-01 16:25:50,345,0.00393518518518518,98,5,2.121529,425.167,NA,25386.26
2026-10-01 16:25:40,334,0.00381944444444444,98,5,2.121812,424.6688,NA,25391.2
2026-10-01 16:25:30,324,0.0037037037037037,98,5,2.122004,425.8723,NA,25397.63
2026-10-01 16:25:20,315,0.00358796296296296,98,5,2.122421,425.8252,NA,25397.9
2026-10-01 16:25:10,304,0.00347222222222222,98,5,2.123229,426.3726,NA,25393.82
2026-10-01 16:25:00,294,0.00335648148148148,98,5,2.124268,428.2523,NA,25401
2026-10-01 16:24:50,284,0.00324074074074074,98,5,2.122786,426.8165,NA,25411.63
2026-10-01 16:24:40,274,0.003125,98,5,2.122016,426.4493,NA,25423.44
2026-10-01 16:24:30,264,0.00300925925925926,98,5,2.121695,426.4713,NA,25427.66
2026-10-01 16:24:20,254,0.00289351851851852,98,5,2.121739,426.8915,NA,25427.02
2026-10-01 16:24:10,244,0.00277777777777778,98,5,2.122036,426.8512,NA,25434.79
2026-10-01 16:24:00,234,0.00266203703703704,98,5,2.121032,425.222,NA,25439.28
2026-10-01 16:23:50,224,0.0025462962962963,98,5,2.119794,422.9485,NA,25444.76
2026-10-01 16:23:40,214,0.00243055555555556,98,5,2.119727,422.62,NA,25456.91
2026-10-01 16:23:30,204,0.00231481481481481,98,5,2.120442,422.0064,NA,25459.79
2026-10-01 16:23:20,194,0.00219907407407407,98,5,2.120459,422.8145,NA,25461.36
2026-10-01 16:23:10,184,0.00208333333333333,98,5,2.120436,423.8845,NA,25462.92
2026-10-01 16:23:00,174,0.00196759259259259,98,5,2.120628,423.682,NA,25462.42
2026-10-01 16:22:50,164,0.00185185185185185,98,5,2.120261,423.3984,NA,25462.53
2026-10-01 16:22:40,154,0.00173611111111111,98,5,2.120053,424.2164,NA,25469.12
2026-10-01 16:22:30,144,0.00162037037037037,98,5,2.120651,422.8577,NA,25474.82
2026-10-01 16:22:20,134,0.00150462962962963,98,5,2.119577,422.8916,NA,25480.15
2026-10-01 16:22:10,124,0.00138888888888889,98,5,2.121834,423.9402,NA,25481.02
2026-10-01 16:22:00,114,0.00127314814814815,98,5,2.120995,423.4791,NA,25483.67
2026-10-01 16:21:50,104,0.00115740740740741,98,5,2.121432,422.6716,NA,25493.01
2026-10-01 16:21:40,94,0.00104166666666667,98,5,2.123515,424.0656,NA,25506.84
2026-10-01 16:21:30,84,0.000925925925925926,98,5,2.120648,423.6209,NA,25515.51
2026-10-01 16:21:20,74,0.000810185185185185,98,5,2.121863,423.2203,NA,25524.36
2026-10-01 16:21:10,64,0.000694444444444444,98,5,2.123325,424.4457,NA,25541.37
2026-10-01 16:21:00,54,0.000578703703703704,98,5,2.120677,424.3931,NA,25555.96
2026-10-01 16:20:50,45,0.000462962962962963,98,5,2.121794,425.6609,NA,25567.94
2026-10-01 16:20:40,34,0.000347222222222222,98,5,2.122581,426.3018,NA,25576.16
2026-10-01 16:20:30,24,0.000231481481481481,98,5,2.131607,434.4431,NA,25592.89
2026-10-01 16:20:20,15,0.000115740740740741,98,5,2.493284,623.2987,NA,25590.08
2026-10-01 16:20:10,4,0,98,5,2.167331,498.1351,NA,25841.77
2026-10-01 16:20:00,0,0.00694444444444444,97,8,2.137557,480.0948,NA,25759.57
2026-10-01 16:19:50,595,0.0068287037037037,97,8,2.159975,469.1213,NA,25624.93
2026-10-01 16:19:40,585,0.00671296296296296,97,8,2.119822,422.1523,NA,25452.97
2026-10-01 16:19:30,575,0.00659722222222222,97,8,2.118079,422.2209,NA,25539.6
2026-10-01 16:19:20,565,0.00648148148148148,97,8,2.121789,421.4332,NA,25838.11
2026-10-01 16:19:10,555,0.00636574074074074,97,8,2.126312,423.3977,NA,26073.37
2026-10-01 16:19:00,545,0.00625,97,8,2.135611,422.2898,NA,26018.28
2026-10-01 16:18:50,535,0.00613425925925926,97,8,2.136123,423.2223,NA,26021.9
2026-10-01 16:18:40,525,0.00601851851851852,97,8,2.136317,422.4902,NA,26042.78
2026-10-01 16:18:30,515,0.00590277777777778,97,8,2.135908,422.6372,NA,26064.64
2026-10-01 16:18:20,505,0.00578703703703704,97,8,2.134803,423.9311,NA,26076.41
2026-10-01 16:18:10,495,0.0056712962962963,97,8,2.135264,423.5407,NA,26093.38
2026-10-01 16:18:00,485,0.00555555555555556,97,8,2.135761,424.8031,NA,26110.26
2026-10-01 16:17:50,475,0.00543981481481481,97,8,2.136714,425.1711,NA,26126.05
2026-10-01 16:17:40,465,0.00532407407407407,97,8,2.136979,424.3896,NA,26135.07
2026-10-01 16:17:30,455,0.00520833333333333,97,8,2.134367,421.2701,NA,26139.7
2026-10-01 16:17:20,445,0.00509259259259259,97,8,2.132293,421.3404,NA,26141.29
2026-10-01 16:17:10,435,0.00497685185185185,97,8,2.132024,422.3932,NA,26141.65
2026-10-01 16:17:00,425,0.00486111111111111,97,8,2.132223,421.9514,NA,26144.83
2026-10-01 16:16:50,415,0.00474537037037037,97,8,2.132642,421.4803,NA,26138.6
2026-10-01 16:16:40,405,0.00462962962962963,97,8,2.132313,421.8676,NA,26126.01
2026-10-01 16:16:30,394,0.00451388888888889,97,8,2.131311,422.3208,NA,26119.93
2026-10-01 16:16:20,385,0.00439814814814815,97,8,2.132486,422.3701,NA,26120.77
2026-10-01 16:16:10,375,0.00428240740740741,97,8,2.13186,422.2218,NA,26117.16
2026-10-01 16:16:00,365,0.00416666666666667,97,8,2.134318,422.2607,NA,26120.42
2026-10-01 16:15:50,355,0.00405092592592593,97,8,2.132656,421.6265,NA,26120.07
2026-10-01 16:15:40,345,0.00393518518518518,97,8,2.133878,421.8745,NA,26117.94
2026-10-01 16:15:30,335,0.00381944444444444,97,8,2.137154,423.3571,NA,26118.25
2026-10-01 16:15:20,325,0.0037037037037037,97,8,2.129647,422.076,NA,26124.86
2026-10-01 16:15:10,315,0.00358796296296296,97,8,2.125839,421.5786,NA,26139.88
2026-10-01 16:15:00,305,0.00347222222222222,97,8,2.124664,421.7473,NA,26161.43
2026-10-01 16:14:50,295,0.00335648148148148,97,8,2.124063,422.0483,NA,26183.37
2026-10-01 16:14:40,285,0.00324074074074074,97,8,2.122798,421.24,NA,26204.08
2026-10-01 16:14:30,275,0.003125,97,8,2.122558,421.0253,NA,26216.05
2026-10-01 16:14:20,265,0.00300925925925926,97,8,2.123317,421.1094,NA,26216.65
2026-10-01 16:14:10,255,0.00289351851851852,97,8,2.122399,420.9606,NA,26218.24
2026-10-01 16:14:00,245,0.00277777777777778,97,8,2.122018,421.056,NA,26220.53
2026-10-01 16:13:50,235,0.00266203703703704,97,8,2.12193,421.6306,NA,26206.83
2026-10-01 16:13:40,225,0.0025462962962963,97,8,2.120873,421.6349,NA,26210.9
2026-10-01 16:13:30,215,0.00243055555555556,97,8,2.121249,422.3764,NA,26213.15
2026-10-01 16:13:20,205,0.00231481481481481,97,8,2.122322,422.1669,NA,26215.93
2026-10-01 16:13:10,195,0.00219907407407407,97,8,2.121725,422.2334,NA,26217.1
2026-10-01 16:13:00,185,0.00208333333333333,97,8,2.120657,422.6724,NA,26214.61
2026-10-01 16:12:50,175,0.00196759259259259,97,8,2.12114,422.5617,NA,26210.01
2026-10-01 16:12:40,165,0.00185185185185185,97,8,2.119976,422.1164,NA,26211.14
2026-10-01 16:12:30,155,0.00173611111111111,97,8,2.120583,421.5988,NA,26217.07
2026-10-01 16:12:20,145,0.00162037037037037,97,8,2.123856,421.81,NA,26205.69
2026-10-01 16:12:10,135,0.00150462962962963,97,8,2.121912,421.3739,NA,26191.22
2026-10-01 16:12:00,125,0.00138888888888889,97,8,2.122098,420.9289,NA,26184.19
2026-10-01 16:11:50,115,0.00127314814814815,97,8,2.122061,421.8515,NA,26164.39
2026-10-01 16:11:40,105,0.00115740740740741,97,8,2.121373,422.2812,NA,26149.8
2026-10-01 16:11:30,95,0.00104166666666667,97,8,2.120744,422.7934,NA,26139.74
2026-10-01 16:11:20,85,0.000925925925925926,97,8,2.120167,422.0078,NA,26138.54
2026-10-01 16:11:10,75,0.000810185185185185,97,8,2.11972,422.792,NA,26131.28
2026-10-01 16:11:00,65,0.000694444444444444,97,8,2.120988,422.4802,NA,26123.6
2026-10-01 16:10:50,55,0.000578703703703704,97,8,2.121464,422.1419,NA,26109.45
2026-10-01 16:10:40,45,0.000462962962962963,97,8,2.121953,423.6909,NA,26088.17
2026-10-01 16:10:30,35,0.000347222222222222,97,8,2.122466,423.2235,NA,26059.25
2026-10-01 16:10:20,25,0.000231481481481481,97,8,2.16258,446.5023,NA,26012.87
2026-10-01 16:10:10,15,0.000115740740740741,97,8,2.137392,424.356,NA,25891.55
2026-10-01 16:10:00,5,0,97,8,2.115107,422.3628,NA,26117.31
2026-10-01 16:09:50,0,0.00694444444444444,96,4,2.115037,422.0901,NA,26070.76
2026-10-01 16:09:40,595,0.0068287037037037,96,4,2.116043,422.341,NA,26071.98
2026-10-01 16:09:30,585,0.00671296296296296,96,4,2.115138,422.7333,NA,26048.16
2026-10-01 16:09:20,574,0.00659722222222222,96,4,2.115853,422.6535,NA,25987.64
2026-10-01 16:09:10,565,0.00648148148148148,96,4,2.11666,422.9921,NA,25988.15
2026-10-01 16:09:00,555,0.00636574074074074,96,4,2.120112,422.616,NA,26239.19
2026-10-01 16:08:50,545,0.00625,96,4,2.126292,424.1647,NA,26030.21
2026-10-01 16:08:40,535,0.00613425925925926,96,4,2.127141,422.4241,NA,26028.08
2026-10-01 16:08:30,525,0.00601851851851852,96,4,2.128019,423.6826,NA,26030.97
2026-10-01 16:08:20,515,0.00590277777777778,96,4,2.127374,423.9221,NA,26027.16
2026-10-01 16:08:10,505,0.00578703703703704,96,4,2.1282,423.3437,NA,26022.72
2026-10-01 16:08:00,495,0.0056712962962963,96,4,2.127725,423.6702,NA,26016.71
2026-10-01 16:07:50,485,0.00555555555555556,96,4,2.126469,423.9181,NA,26022.33
2026-10-01 16:07:40,474,0.00543981481481481,96,4,2.128751,424.8676,NA,26030.58
2026-10-01 16:07:30,465,0.00532407407407407,96,4,2.127526,423.6215,NA,26041.12
2026-10-01 16:07:20,455,0.00520833333333333,96,4,2.124059,423.892,NA,26052.62
2026-10-01 16:07:10,445,0.00509259259259259,96,4,2.125295,424.4731,NA,26055.22
2026-10-01 16:07:00,435,0.00497685185185185,96,4,2.125123,424.2964,NA,26050.7
2026-10-01 16:06:50,425,0.00486111111111111,96,4,2.126632,424.4786,NA,26049.01
2026-10-01 16:06:40,415,0.00474537037037037,96,4,2.123837,423.6461,NA,26046.8
2026-10-01 16:06:30,405,0.00462962962962963,96,4,2.124254,424.3831,NA,26029.29
2026-10-01 16:06:20,395,0.00451388888888889,96,4,2.124446,425.5736,NA,26018.79
2026-10-01 16:06:10,385,0.00439814814814815,96,4,2.124414,426.2646,NA,26022.33
2026-10-01 16:06:00,375,0.00428240740740741,96,4,2.124035,424.5163,0.3512466,26023.79
2026-10-01 16:05:50,365,0.00416666666666667,96,4,2.123915,424.3773,NA,26026.89
2026-10-01 16:05:40,355,0.00405092592592593,96,4,2.123411,424.3,NA,26039.36
2026-10-01 16:05:30,345,0.00393518518518518,96,4,2.121891,423.1284,NA,26051.82
2026-10-01 16:05:20,335,0.00381944444444444,96,4,2.121449,423.3794,NA,26064.84
2026-10-01 16:05:10,325,0.0037037037037037,96,4,2.120738,423.018,NA,26074.36
2026-10-01 16:05:00,315,0.00358796296296296,96,4,2.122471,424.0943,NA,26082.2
2026-10-01 16:04:50,305,0.00347222222222222,96,4,2.121236,422.6681,NA,26077.17
2026-10-01 16:04:40,295,0.00335648148148148,96,4,2.121375,422.5182,NA,26070.19
2026-10-01 16:04:30,285,0.00324074074074074,96,4,2.121663,423.4832,NA,26061.39
2026-10-01 16:04:20,275,0.003125,96,4,2.121629,422.9873,NA,26056.7
2026-10-01 16:04:10,264,0.00300925925925926,96,4,2.121294,422.5908,NA,26057.26
2026-10-01 16:04:00,255,0.00289351851851852,96,4,2.122301,423.0014,NA,26056.84
2026-10-01 16:03:50,245,0.00277777777777778,96,4,2.122305,423.1357,NA,26059.13
2026-10-01 16:03:40,235,0.00266203703703704,96,4,2.121967,422.9206,NA,26068.96
2026-10-01 16:03:30,225,0.0025462962962963,96,4,2.123757,423.1221,NA,26075.58
2026-10-01 16:03:20,215,0.00243055555555556,96,4,2.122244,423.5208,NA,26073.12
2026-10-01 16:03:10,205,0.00231481481481481,96,4,2.121207,423.2072,NA,26073.36
2026-10-01 16:03:00,195,0.00219907407407407,96,4,2.120135,422.9254,NA,26077.31
2026-10-01 16:02:50,185,0.00208333333333333,96,4,2.120482,422.2999,NA,26069.87
2026-10-01 16:02:40,175,0.00196759259259259,96,4,2.120538,422.3265,NA,26062.51
2026-10-01 16:02:30,165,0.00185185185185185,96,4,2.120509,423.0734,NA,26056.98
2026-10-01 16:02:20,155,0.00173611111111111,96,4,2.120266,424.0058,NA,26052.16
2026-10-01 16:02:10,145,0.00162037037037037,96,4,2.120636,423.5588,NA,26043.76
2026-10-01 16:02:00,135,0.00150462962962963,96,4,2.121034,423.624,NA,26044.62
2026-10-01 16:01:50,125,0.00138888888888889,96,4,2.12189,423.9431,NA,26050.94
2026-10-01 16:01:40,115,0.00127314814814815,96,4,2.12182,423.7319,NA,26066.08
2026-10-01 16:01:30,105,0.00115740740740741,96,4,2.121023,424.4993,NA,26068.54
2026-10-01 16:01:20,95,0.00104166666666667,96,4,2.121845,423.9844,NA,26063.64
2026-10-01 16:01:10,85,0.000925925925925926,96,4,2.121988,424.2279,NA,26066.31
2026-10-01 16:01:00,75,0.000810185185185185,96,4,2.121615,423.7782,NA,26062.35
2026-10-01 16:00:50,65,0.000694444444444444,96,4,2.122715,423.8924,0.35124,26064.26
2026-10-01 16:00:40,55,0.000578703703703704,96,4,2.121593,422.8899,NA,26072.02
2026-10-01 16:00:30,45,0.000462962962962963,96,4,2.121745,423.819,NA,26076.38
2026-10-01 16:00:20,35,0.000347222222222222,96,4,2.123097,424.2771,NA,26088.48
2026-10-01 16:00:10,25,0.000231481481481481,96,4,2.133139,430.3183,NA,26103.06
2026-10-01 16:00:00,15,0.000115740740740741,96,4,2.219646,477.1999,NA,26149.56
2026-10-01 15:59:50,5,0,96,4,2.178703,440.3554,NA,26225.09
2026-10-01 15:59:40,0,0.00694444444444444,95,11,2.163104,484.8264,NA,26211.58
2026-10-01 15:59:30,595,0.0068287037037037,95,11,2.243071,455.2274,NA,26235.64
2026-10-01 15:59:20,585,0.00671296296296296,95,11,2.172297,465.9163,NA,26262.13
2026-10-01 15:59:10,575,0.00659722222222222,95,11,2.123422,422.6821,NA,26322.31
2026-10-01 15:59:00,565,0.00648148148148148,95,11,2.119413,421.2475,NA,26318.68
2026-10-01 15:58:50,555,0.00636574074074074,95,11,2.127648,421.0522,NA,26351.18
2026-10-01 15:58:40,545,0.00625,95,11,2.138983,421.5333,NA,26024.4
2026-10-01 15:58:30,535,0.00613425925925926,95,11,2.138743,420.1963,NA,26025.94
2026-10-01 15:58:20,525,0.00601851851851852,95,11,2.138481,421.3748,NA,26022.85
2026-10-01 15:58:10,515,0.00590277777777778,95,11,2.138141,422.4433,NA,26020.12
2026-10-01 15:58:00,505,0.00578703703703704,95,11,2.137661,422.8801,NA,26034.32
2026-10-01 15:57:50,495,0.0056712962962963,95,11,2.136325,421.4781,NA,26049.1
2026-10-01 15:57:40,485,0.00555555555555556,95,11,2.137477,421.9631,NA,26066.42
2026-10-01 15:57:30,475,0.00543981481481481,95,11,2.136723,422.2379,NA,26090.96
2026-10-01 15:57:20,465,0.00532407407407407,95,11,2.137206,423.4738,NA,26118.57
2026-10-01 15:57:10,455,0.00520833333333333,95,11,2.136196,423.2108,NA,26138.33
2026-10-01 15:57:00,445,0.00509259259259259,95,11,2.138049,423.7251,NA,26141.43
2026-10-01 15:56:50,435,0.00497685185185185,95,11,2.137254,423.7294,NA,26149.98
2026-10-01 15:56:40,425,0.00486111111111111,95,11,2.138475,422.8693,NA,26157.54
2026-10-01 15:56:30,415,0.00474537037037037,95,11,2.13607,422.6389,NA,26160.21
2026-10-01 15:56:20,405,0.00462962962962963,95,11,2.135039,422.2688,NA,26155.49
2026-10-01 15:56:10,395,0.00451388888888889,95,11,2.135465,422.2643,NA,26153.33
2026-10-01 15:56:00,385,0.00439814814814815,95,11,2.13619,424.2223,NA,26158.34
2026-10-01 15:55:50,375,0.00428240740740741,95,11,2.134971,423.3329,NA,26168.31
2026-10-01 15:55:40,365,0.00416666666666667,95,11,2.132851,422.8839,NA,26183.13
2026-10-01 15:55:30,355,0.00405092592592593,95,11,2.133926,423.153,NA,26183
2026-10-01 15:55:20,345,0.00393518518518518,95,11,2.134345,422.932,NA,26174.23
2026-10-01 15:55:10,335,0.00381944444444444,95,11,2.133267,423.2769,NA,26172.24
2026-10-01 15:55:00,325,0.0037037037037037,95,11,2.133478,423.2867,NA,26168.43
2026-10-01 15:54:50,315,0.00358796296296296,95,11,2.133345,423.933,NA,26172.07
2026-10-01 15:54:40,305,0.00347222222222222,95,11,2.132084,423.008,NA,26171.34
2026-10-01 15:54:30,295,0.00335648148148148,95,11,2.132737,423.7166,NA,26186.05
2026-10-01 15:54:20,285,0.00324074074074074,95,11,2.130624,423.2663,NA,26189.66
2026-10-01 15:54:10,275,0.003125,95,11,2.131364,424.4696,NA,26186.79
2026-10-01 15:54:00,265,0.00300925925925926,95,11,2.128847,421.3631,NA,26189.16
2026-10-01 15:53:50,255,0.00289351851851852,95,11,2.128578,423.1789,NA,26202.85
2026-10-01 15:53:40,245,0.00277777777777778,95,11,2.12975,423.5426,NA,26217.4
2026-10-01 15:53:30,235,0.00266203703703704,95,11,2.127177,422.9367,NA,26230.94
2026-10-01 15:53:20,225,0.0025462962962963,95,11,2.127342,424.2885,NA,26241.58
2026-10-01 15:53:10,215,0.00243055555555556,95,11,2.12872,426.7632,NA,26248.02
2026-10-01 15:53:00,205,0.00231481481481481,95,11,2.126393,423.2601,NA,26251.97
2026-10-01 15:52:50,195,0.00219907407407407,95,11,2.124875,421.9849,NA,26258.2
2026-10-01 15:52:40,185,0.00208333333333333,95,11,2.124699,422.6565,NA,26276.75
2026-10-01 15:52:30,175,0.00196759259259259,95,11,2.125054,422.1241,NA,26287.37
2026-10-01 15:52:20,165,0.00185185185185185,95,11,2.125685,422.4005,0.3512015,26297.42
2026-10-01 15:52:10,155,0.00173611111111111,95,11,2.125745,423.1146,NA,26303.29
2026-10-01 15:52:00,145,0.00162037037037037,95,11,2.125633,423.4144,NA,26301.28
2026-10-01 15:51:50,135,0.00150462962962963,95,11,2.126157,423.3838,NA,26300.62
2026-10-01 15:51:40,125,0.00138888888888889,95,11,2.126034,423.4183,NA,26300.87
2026-10-01 15:51:30,115,0.00127314814814815,95,11,2.1265,422.5117,NA,26299.31
2026-10-01 15:51:20,105,0.00115740740740741,95,11,2.127749,424.1404,NA,26288.92
2026-10-01 15:51:10,95,0.00104166666666667,95,11,2.128405,424.5655,NA,26266.77
2026-10-01 15:51:00,85,0.000925925925925926,95,11,2.13028,424.8184,NA,26244.12
2026-10-01 15:50:50,75,0.000810185185185185,95,11,2.130068,424.9446,NA,26227.47
2026-10-01 15:50:40,65,0.000694444444444444,95,11,2.129699,424.599,NA,26205.27
2026-10-01 15:50:30,55,0.000578703703703704,95,11,2.131619,425.4863,NA,26167.3
2026-10-01 15:50:20,45,0.000462962962962963,95,11,2.127518,423.937,NA,26130.58
2026-10-01 15:50:10,35,0.000347222222222222,95,11,2.129875,424.4826,NA,26088.56
2026-10-01 15:50:00,25,0.000231481481481481,95,11,2.222454,487.3464,NA,26035.04
2026-10-01 15:49:50,15,0.000115740740740741,95,11,2.16158,488.0934,NA,25970.92
2026-10-01 15:49:40,5,0,95,11,2.153273,452.3219,NA,25969.46
2026-10-01 15:49:30,0,0.00694444444444444,94,2,2.117595,421.5745,NA,25905.54
2026-10-01 15:49:20,595,0.0068287037037037,94,2,2.117622,421.2567,NA,25983.63
2026-10-01 15:49:10,585,0.00671296296296296,94,2,2.117558,421.6252,NA,26045.2
2026-10-01 15:49:00,575,0.00659722222222222,94,2,2.116491,421.3847,NA,26276.37
2026-10-01 15:48:50,565,0.00648148148148148,94,2,2.118992,421.4592,NA,26376.88
2026-10-01 15:48:40,555,0.00636574074074074,94,2,2.12114,421.6969,NA,26425.59
2026-10-01 15:48:30,545,0.00625,94,2,2.12658,419.2045,NA,26419.47
2026-10-01 15:48:20,535,0.00613425925925926,94,2,2.12698,419.0987,NA,26427.62
2026-10-01 15:48:10,525,0.00601851851851852,94,2,2.126944,418.8782,NA,26439.61
2026-10-01 15:48:00,515,0.00590277777777778,94,2,2.126795,419.8263,NA,26447.04
2026-10-01 15:47:50,505,0.00578703703703704,94,2,2.126614,419.3915,NA,26450.16
2026-10-01 15:47:40,495,0.0056712962962963,94,2,2.126515,418.9253,NA,26445.36
2026-10-01 15:47:30,485,0.00555555555555556,94,2,2.128068,419.6984,NA,26429.64
2026-10-01 15:47:20,475,0.00543981481481481,94,2,2.127807,419.7943,NA,26407.42
2026-10-01 15:47:10,465,0.00532407407407407,94,2,2.128572,420.099,NA,26396.08
2026-10-01 15:47:00,455,0.00520833333333333,94,2,2.129306,419.5331,NA,26399.86
2026-10-01 15:46:50,445,0.00509259259259259,94,2,2.1276,419.815,NA,26402.39
2026-10-01 15:46:40,435,0.00497685185185185,94,2,2.127946,419.4382,NA,26408.07
2026-10-01 15:46:30,425,0.00486111111111111,94,2,2.128163,419.7683,NA,26414.1
2026-10-01 15:46:20,415,0.00474537037037037,94,2,2.129083,418.7712,NA,26407.47
2026-10-01 15:46:10,405,0.00462962962962963,94,2,2.13275,419.312,NA,26403.2
2026-10-01 15:46:00,395,0.00451388888888889,94,2,2.134693,419.7444,NA,26393.75
2026-10-01 15:45:50,385,0.00439814814814815,94,2,2.134297,419.3199,NA,26397.38
2026-10-01 15:45:40,375,0.00428240740740741,94,2,2.132866,419.8937,NA,26401.65
2026-10-01 15:45:30,365,0.00416666666666667,94,2,2.129017,419.9947,NA,26392.15
2026-10-01 15:45:20,355,0.00405092592592593,94,2,2.127589,420.5156,NA,26387.94
2026-10-01 15:45:10,345,0.00393518518518518,94,2,2.127681,420.059,NA,26389.09
2026-10-01 15:45:00,335,0.00381944444444444,94,2,2.125843,418.7805,NA,26390.22
2026-10-01 15:44:50,325,0.0037037037037037,94,2,2.126467,420.2467,NA,26377.75
2026-10-01 15:44:40,315,0.00358796296296296,94,2,2.126435,420.2846,NA,26377.54
2026-10-01 15:44:30,305,0.00347222222222222,94,2,2.126284,419.9679,NA,26370.29
2026-10-01 15:44:20,295,0.00335648148148148,94,2,2.125912,419.6565,NA,26371.27
2026-10-01 15:44:10,285,0.00324074074074074,94,2,2.125964,420.1145,NA,26366.91
2026-10-01 15:44:00,275,0.003125,94,2,2.126266,418.8593,NA,26357.47
2026-10-01 15:43:50,265,0.00300925925925926,94,2,2.127906,419.3224,0.3517642,26346.63
2026-10-01 15:43:40,255,0.00289351851851852,94,2,2.128454,420.1168,NA,26340.75
2026-10-01 15:43:30,245,0.00277777777777778,94,2,2.124872,419.7758,NA,26331.33
2026-10-01 15:43:20,235,0.00266203703703704,94,2,2.124166,419.9987,NA,26332.56
2026-10-01 15:43:10,225,0.0025462962962963,94,2,2.124288,420.3358,NA,26336.69
2026-10-01 15:43:00,215,0.00243055555555556,94,2,2.12456,420.6213,NA,26348.41
2026-10-01 15:42:50,205,0.00231481481481481,94,2,2.122963,419.9882,NA,26354.59
2026-10-01 15:42:40,195,0.00219907407407407,94,2,2.122876,420.3054,NA,26352.32
2026-10-01 15:42:30,185,0.00208333333333333,94,2,2.122868,419.988,NA,26357.76
2026-10-01 15:42:20,175,0.00196759259259259,94,2,2.12315,420.7155,NA,26358.73
2026-10-01 15:42:10,165,0.00185185185185185,94,2,2.123617,419.894,NA,26358.95
2026-10-01 15:42:00,155,0.00173611111111111,94,2,2.124125,420.8333,NA,26352.91
2026-10-01 15:41:50,145,0.00162037037037037,94,2,2.123364,420.6021,NA,26345.76
2026-10-01 15:41:40,135,0.00150462962962963,94,2,2.123759,420.4078,NA,26345.97
2026-10-01 15:41:30,125,0.00138888888888889,94,2,2.123628,420.1655,NA,26353.54
2026-10-01 15:41:20,115,0.00127314814814815,94,2,2.125262,420.8517,NA,26356.49
2026-10-01 15:41:10,105,0.00115740740740741,94,2,2.126091,420.2936,NA,26356.35
2026-10-01 15:41:00,95,0.00104166666666667,94,2,2.125569,420.343,NA,26352.66
2026-10-01 15:40:50,85,0.000925925925925926,94,2,2.127493,420.9329,0.3512853,26352.37
2026-10-01 15:40:40,75,0.000810185185185185,94,2,2.127102,421.2206,NA,26355.21
2026-10-01 15:40:30,65,0.000694444444444444,94,2,2.126035,420.4739,NA,26359.02
2026-10-01 15:40:20,55,0.000578703703703704,94,2,2.123824,421.6067,NA,26376.78
2026-10-01 15:40:10,45,0.000462962962962963,94,2,2.121481,421.7293,NA,26383.64
2026-10-01 15:40:00,35,0.000347222222222222,94,2,2.121975,422.1208,NA,26401.59
2026-10-01 15:39:50,25,0.000231481481481481,94,2,2.132831,432.4746,NA,26430.96
2026-10-01 15:39:40,15,0.000115740740740741,94,2,2.168918,446.2459,NA,26529.1
2026-10-01 15:39:30,5,0,94,2,2.142858,466.3526,NA,26708.07
2026-10-01 15:39:20,0,0.00694444444444444,93,10,2.142597,487.4799,NA,26690.46
2026-10-01 15:39:10,595,0.0068287037037037,93,10,2.126792,478.4814,NA,26708.46
2026-10-01 15:39:00,585,0.00671296296296296,93,10,2.151543,444.052,NA,26651.83
2026-10-01 15:38:50,575,0.00659722222222222,93,10,2.104234,421.7738,NA,26596.2
2026-10-01 15:38:40,565,0.00648148148148148,93,10,2.105996,422.0404,NA,26796.42
2026-10-01 15:38:30,555,0.00636574074074074,93,10,2.112764,421.345,NA,26992.71
2026-10-01 15:38:20,545,0.00625,93,10,2.12382,425.3302,NA,26630.62
2026-10-01 15:38:10,535,0.00613425925925926,93,10,2.12495,426.4693,NA,26655.9
2026-10-01 15:38:00,525,0.00601851851851852,93,10,2.125413,425.9239,NA,26673.96
2026-10-01 15:37:50,515,0.00590277777777778,93,10,2.126343,427.881,NA,26679.84
2026-10-01 15:37:40,505,0.00578703703703704,93,10,2.12654,429.4362,NA,26671.8
2026-10-01 15:37:30,495,0.0056712962962963,93,10,2.125537,429.8609,NA,26667.67
2026-10-01 15:37:20,485,0.00555555555555556,93,10,2.125316,429.7398,NA,26662.86
2026-10-01 15:37:10,475,0.00543981481481481,93,10,2.12608,428.6956,NA,26651.1
2026-10-01 15:37:00,465,0.00532407407407407,93,10,2.127184,427.6691,NA,26656.56
2026-10-01 15:36:50,455,0.00520833333333333,93,10,2.122997,425.2884,NA,26656.11
2026-10-01 15:36:40,445,0.00509259259259259,93,10,2.123471,425.0152,NA,26657.29
2026-10-01 15:36:30,435,0.00497685185185185,93,10,2.123322,425.6851,NA,26653.4
2026-10-01 15:36:20,425,0.00486111111111111,93,10,2.126088,427.1736,NA,26639.75
2026-10-01 15:36:10,415,0.00474537037037037,93,10,2.132221,427.0528,NA,26632.11
2026-10-01 15:36:00,405,0.00462962962962963,93,10,2.11782,427.0728,NA,26631.49
2026-10-01 15:35:50,395,0.00451388888888889,93,10,2.116954,427.4762,NA,26622.43
2026-10-01 15:35:40,385,0.00439814814814815,93,10,2.116433,427.1138,NA,26615.15
2026-10-01 15:35:30,375,0.00428240740740741,93,10,2.115371,427.4511,NA,26624.63
2026-10-01 15:35:20,365,0.00416666666666667,93,10,2.115527,426.664,NA,26634.4
2026-10-01 15:35:10,355,0.00405092592592593,93,10,2.116627,426.7493,NA,26643.68
2026-10-01 15:35:00,345,0.00393518518518518,93,10,2.116129,426.9032,NA,26646.16
2026-10-01 15:34:50,335,0.00381944444444444,93,10,2.117985,428.9653,NA,26641.11
2026-10-01 15:34:40,325,0.0037037037037037,93,10,2.120352,428.8241,NA,26621.33
2026-10-01 15:34:30,315,0.00358796296296296,93,10,2.114589,428.0854,NA,26596.84
2026-10-01 15:34:20,305,0.00347222222222222,93,10,2.113157,427.2269,NA,26582.87
2026-10-01 15:34:10,295,0.00335648148148148,93,10,2.110424,424.606,NA,26566.12
2026-10-01 15:34:00,285,0.00324074074074074,93,10,2.108474,424.6087,NA,26555.85
2026-10-01 15:33:50,275,0.003125,93,10,2.107266,423.3664,NA,26556.35
2026-10-01 15:33:40,265,0.00300925925925926,93,10,2.106678,423.2184,NA,26565.94
2026-10-01 15:33:30,255,0.00289351851851852,93,10,2.107228,423.7069,NA,26581.25
2026-10-01 15:33:20,245,0.00277777777777778,93,10,2.108007,422.8493,NA,26592.41
2026-10-01 15:33:10,235,0.00266203703703704,93,10,2.106504,423.0061,NA,26605.67
2026-10-01 15:33:00,225,0.0025462962962963,93,10,2.106452,422.5627,NA,26609.47
2026-10-01 15:32:50,215,0.00243055555555556,93,10,2.104959,422.7271,NA,26603.65
2026-10-01 15:32:40,205,0.00231481481481481,93,10,2.104595,422.3554,NA,26609.79
2026-10-01 15:32:30,195,0.00219907407407407,93,10,2.106201,422.6826,NA,26623.43
2026-10-01 15:32:20,185,0.00208333333333333,93,10,2.104043,423.5422,NA,26647.76
2026-10-01 15:32:10,175,0.00196759259259259,93,10,2.103641,423.6935,NA,26671.4
2026-10-01 15:32:00,165,0.00185185185185185,93,10,2.102857,424.0103,NA,26692.5
2026-10-01 15:31:50,155,0.00173611111111111,93,10,2.103597,425.5594,NA,26712.08
2026-10-01 15:31:40,145,0.00162037037037037,93,10,2.10484,426.5223,NA,26728.91
2026-10-01 15:31:30,135,0.00150462962962963,93,10,2.103724,428.1328,NA,26747.44
2026-10-01 15:31:20,125,0.00138888888888889,93,10,2.1034,430.0226,NA,26748.34
2026-10-01 15:31:10,115,0.00127314814814815,93,10,2.104059,431.4317,NA,26740.48
2026-10-01 15:31:00,105,0.00115740740740741,93,10,2.105648,430.9662,NA,26722.57
2026-10-01 15:30:50,95,0.00104166666666667,93,10,2.103622,428.6666,0.3521623,26724.42
2026-10-01 15:30:40,85,0.000925925925925926,93,10,2.104217,423.6617,NA,26739.95
2026-10-01 15:30:30,75,0.000810185185185185,93,10,2.107312,423.8874,NA,26755.11
2026-10-01 15:30:20,65,0.000694444444444444,93,10,2.109148,425.3633,NA,26766.07
2026-10-01 15:30:10,55,0.000578703703703704,93,10,2.105011,426.92,NA,26770.1
2026-10-01 15:30:00,45,0.000462962962962963,93,10,2.106502,429.6256,NA,26762.31
2026-10-01 15:29:50,35,0.000347222222222222,93,10,2.104291,432.9289,NA,26765.82
2026-10-01 15:29:40,25,0.000231481481481481,93,10,2.114048,442.0006,NA,26770.64
2026-10-01 15:29:30,15,0.000115740740740741,93,10,2.278771,561.9477,NA,26800.59
2026-10-01 15:29:20,5,0,93,10,2.14829,489.5986,NA,27100.94
2026-10-01 15:29:10,0,0.00694444444444444,92,7,2.132161,482.8099,NA,27037.94
2026-10-01 15:29:00,595,0.0068287037037037,92,7,2.11445,452.3279,NA,26917.23
2026-10-01 15:28:50,585,0.00671296296296296,92,7,2.097586,419.9233,NA,26935.45
2026-10-01 15:28:40,575,0.00659722222222222,92,7,2.099263,417.7552,NA,26959.99
2026-10-01 15:28:30,565,0.00648148148148148,92,7,2.10232,418.0203,NA,26989.65
2026-10-01 15:28:20,555,0.00636574074074074,92,7,2.103637,419.627,NA,26865.04
2026-10-01 15:28:10,545,0.00625,92,7,2.103056,414.5554,NA,26940.64
2026-10-01 15:28:00,535,0.00613425925925926,92,7,2.102963,414.415,NA,26962.11
2026-10-01 15:27:50,525,0.00601851851851852,92,7,2.103118,415.2816,NA,26991.84
2026-10-01 15:27:40,515,0.00590277777777778,92,7,2.103157,415.4364,NA,27015.33
2026-10-01 15:27:30,505,0.00578703703703704,92,7,2.104702,416.5426,NA,27048.9
2026-10-01 15:27:20,495,0.0056712962962963,92,7,2.105653,417.0638,NA,27089.23
2026-10-01 15:27:10,485,0.00555555555555556,92,7,2.102854,417.7585,NA,27127.99
2026-10-01 15:27:00,475,0.00543981481481481,92,7,2.10489,420.8184,NA,27135.4
2026-10-01 15:26:50,465,0.00532407407407407,92,7,2.107263,421.996,NA,27131.48
2026-10-01 15:26:40,455,0.00520833333333333,92,7,2.107537,422.5133,NA,27127.55
2026-10-01 15:26:30,445,0.00509259259259259,92,7,2.110221,417.2863,NA,27140.56
2026-10-01 15:26:20,435,0.00497685185185185,92,7,2.106228,416.0891,NA,27151.24
2026-10-01 15:26:10,425,0.00486111111111111,92,7,2.104832,415.3424,NA,27174.7
2026-10-01 15:26:00,415,0.00474537037037037,92,7,2.099694,415.6104,NA,27192.18
2026-10-01 15:25:50,405,0.00462962962962963,92,7,2.099751,415.6754,0.352218,27209.22
2026-10-01 15:25:40,395,0.00451388888888889,92,7,2.1006,416.201,NA,27224.01
2026-10-01 15:25:30,385,0.00439814814814815,92,7,2.101437,416.6089,NA,27244.85
2026-10-01 15:25:20,375,0.00428240740740741,92,7,2.09965,416.1034,NA,27264.9
2026-10-01 15:25:10,365,0.00416666666666667,92,7,2.09917,416.6724,NA,27301
2026-10-01 15:25:00,354,0.00405092592592593,92,7,2.098564,417.5706,NA,27354.49
2026-10-01 15:24:50,345,0.00393518518518518,92,7,2.09815,417.0127,NA,27404.24
2026-10-01 15:24:40,335,0.00381944444444444,92,7,2.098772,418.4434,NA,27446.36
2026-10-01 15:24:30,325,0.0037037037037037,92,7,2.099493,419.2423,NA,27485.47
2026-10-01 15:24:20,315,0.00358796296296296,92,7,2.099569,419.7133,NA,27524.22
2026-10-01 15:24:10,305,0.00347222222222222,92,7,2.101228,421.6425,NA,27539.67
2026-10-01 15:24:00,295,0.00335648148148148,92,7,2.100151,422.3822,NA,27556.15
2026-10-01 15:23:50,285,0.00324074074074074,92,7,2.100481,422.994,NA,27563.56
2026-10-01 15:23:40,275,0.003125,92,7,2.100697,424.0143,NA,27566.44
2026-10-01 15:23:30,265,0.00300925925925926,92,7,2.099859,422.8658,NA,27564.63
2026-10-01 15:23:20,255,0.00289351851851852,92,7,2.099428,422.2147,NA,27562.07
2026-10-01 15:23:10,245,0.00277777777777778,92,7,2.100768,421.6945,NA,27562.54
2026-10-01 15:23:00,235,0.00266203703703704,92,7,2.100291,419.1955,NA,27585.07
2026-10-01 15:22:50,225,0.0025462962962963,92,7,2.097074,418.847,0.3524344,27611.42
2026-10-01 15:22:40,215,0.00243055555555556,92,7,2.100224,418.0132,NA,27638.88
2026-10-01 15:22:30,205,0.00231481481481481,92,7,2.100017,419.0357,NA,27667.77
2026-10-01 15:22:20,195,0.00219907407407407,92,7,2.100515,420.014,NA,27703.51
2026-10-01 15:22:10,185,0.00208333333333333,92,7,2.100311,419.1266,NA,27719.84
2026-10-01 15:22:00,175,0.00196759259259259,92,7,2.100975,418.8487,NA,27734.08
2026-10-01 15:21:50,165,0.00185185185185185,92,7,2.10192,419.9392,NA,27757.83
2026-10-01 15:21:40,155,0.00173611111111111,92,7,2.104637,419.6319,NA,27779.35
2026-10-01 15:21:30,145,0.00162037037037037,92,7,2.105909,421.4076,NA,27803.04
2026-10-01 15:21:20,135,0.00150462962962963,92,7,2.104046,421.7764,NA,27826.97
2026-10-01 15:21:10,125,0.00138888888888889,92,7,2.104614,421.4901,NA,27848.88
2026-10-01 15:21:00,115,0.00127314814814815,92,7,2.096645,422.3444,NA,27881.39
2026-10-01 15:20:50,105,0.00115740740740741,92,7,2.096768,423.6387,NA,27908
2026-10-01 15:20:40,95,0.00104166666666667,92,7,2.097432,425.422,0.3522276,27934.46
2026-10-01 15:20:30,85,0.000925925925925926,92,7,2.097487,427.0365,NA,27961.97
2026-10-01 15:20:20,75,0.000810185185185185,92,7,2.097601,429.1835,NA,27987.57
2026-10-01 15:20:10,65,0.000694444444444444,92,7,2.099013,428.1758,NA,28028.58
2026-10-01 15:20:00,55,0.000578703703703704,92,7,2.097641,422.2796,NA,28046.12
2026-10-01 15:19:50,45,0.000462962962962963,92,7,2.096226,419.9374,NA,28034.61
2026-10-01 15:19:40,35,0.000347222222222222,92,7,2.097131,419.4627,NA,28018.66
2026-10-01 15:19:30,25,0.000231481481481481,92,7,2.112395,431.0102,NA,28003.06
2026-10-01 15:19:20,15,0.000115740740740741,92,7,2.13999,457.778,NA,28008.03
2026-10-01 15:19:10,5,0,92,7,2.161288,520.3777,NA,28017.57
2026-10-01 15:19:00,0,0.00694444444444444,91,1,2.130224,455.9333,NA,27960.56
2026-10-01 15:18:50,595,0.0068287037037037,91,1,2.123971,461.2735,NA,27886.41
2026-10-01 15:18:40,585,0.00671296296296296,91,1,2.102981,421.1517,NA,27769.02
2026-10-01 15:18:30,575,0.00659722222222222,91,1,2.098309,419.2982,NA,27740.6
2026-10-01 15:18:20,565,0.00648148148148148,91,1,2.099917,418.6973,NA,27785.42
2026-10-01 15:18:10,555,0.00636574074074074,91,1,2.102647,417.4201,NA,27970.13
2026-10-01 15:18:00,545,0.00625,91,1,2.109115,419.2163,NA,27631.76
2026-10-01 15:17:50,535,0.00613425925925926,91,1,2.108362,418.702,NA,27649.24
2026-10-01 15:17:40,525,0.00601851851851852,91,1,2.107442,418.1166,NA,27665.38
2026-10-01 15:17:30,515,0.00590277777777778,91,1,2.105351,417.6498,NA,27691.16
2026-10-01 15:17:20,505,0.00578703703703704,91,1,2.104752,417.5873,NA,27713.49
2026-10-01 15:17:10,495,0.0056712962962963,91,1,2.104241,418.1722,NA,27733.18
2026-10-01 15:17:00,485,0.00555555555555556,91,1,2.104644,418.1741,NA,27753.83
2026-10-01 15:16:50,475,0.00543981481481481,91,1,2.105431,418.231,NA,27778.57
2026-10-01 15:16:40,465,0.00532407407407407,91,1,2.10644,418.161,NA,27799.82
2026-10-01 15:16:30,455,0.00520833333333333,91,1,2.107773,417.5495,NA,27818.99
2026-10-01 15:16:20,445,0.00509259259259259,91,1,2.109308,418.3613,NA,27833.72
2026-10-01 15:16:10,435,0.00497685185185185,91,1,2.108523,417.8847,NA,27845.67
2026-10-01 15:16:00,425,0.00486111111111111,91,1,2.109961,418.6936,NA,27860.2
2026-10-01 15:15:50,415,0.00474537037037037,91,1,2.109395,418.4699,0.351565,27876.01
2026-10-01 15:15:40,405,0.00462962962962963,91,1,2.114872,418.6857,NA,27882.03
2026-10-01 15:15:30,395,0.00451388888888889,91,1,2.12092,418.4145,NA,27894.52
2026-10-01 15:15:20,385,0.00439814814814815,91,1,2.104338,418.1714,NA,27908.92
2026-10-01 15:15:10,375,0.00428240740740741,91,1,2.10518,419.1281,NA,27925.07
2026-10-01 15:15:00,365,0.00416666666666667,91,1,2.106358,418.3122,NA,27931
2026-10-01 15:14:50,355,0.00405092592592593,91,1,2.111871,418.2426,NA,27939.94
2026-10-01 15:14:40,345,0.00393518518518518,91,1,2.105376,419.073,NA,27942.81
2026-10-01 15:14:30,335,0.00381944444444444,91,1,2.102532,418.8387,NA,27957.48
2026-10-01 15:14:20,325,0.0037037037037037,91,1,2.102843,419.3003,NA,27975.57
2026-10-01 15:14:10,315,0.00358796296296296,91,1,2.101544,419.1242,NA,27985.64
2026-10-01 15:14:00,305,0.00347222222222222,91,1,2.100554,419.157,NA,28000.87
2026-10-01 15:13:50,295,0.00335648148148148,91,1,2.101025,419.5448,NA,28021.57
2026-10-01 15:13:40,285,0.00324074074074074,91,1,2.101339,420.3402,NA,28044.19
2026-10-01 15:13:30,275,0.003125,91,1,2.101669,421.2267,NA,28065.28
2026-10-01 15:13:20,265,0.00300925925925926,91,1,2.101538,420.0653,NA,28078.16
2026-10-01 15:13:10,255,0.00289351851851852,91,1,2.100885,420.8013,NA,28094.62
2026-10-01 15:13:00,245,0.00277777777777778,91,1,2.101084,420.7003,0.3515558,28108.63
2026-10-01 15:12:50,235,0.00266203703703704,91,1,2.100616,420.7255,NA,28118.04
2026-10-01 15:12:40,225,0.0025462962962963,91,1,2.100338,420.0895,NA,28142.64
2026-10-01 15:12:30,215,0.00243055555555556,91,1,2.100528,419.7799,NA,28158.42
2026-10-01 15:12:20,205,0.00231481481481481,91,1,2.100436,420.0581,NA,28168.37
2026-10-01 15:12:10,195,0.00219907407407407,91,1,2.100189,420.17,NA,28172.82
2026-10-01 15:12:00,185,0.00208333333333333,91,1,2.098979,419.8043,NA,28174.96
2026-10-01 15:11:50,175,0.00196759259259259,91,1,2.100568,419.7227,NA,28177.52
2026-10-01 15:11:40,165,0.00185185185185185,91,1,2.102047,419.767,NA,28174.25
2026-10-01 15:11:30,155,0.00173611111111111,91,1,2.102129,420.2915,NA,28175.21
2026-10-01 15:11:20,145,0.00162037037037037,91,1,2.100457,420.1631,NA,28180
2026-10-01 15:11:10,135,0.00150462962962963,91,1,2.100029,419.8919,NA,28187.05
2026-10-01 15:11:00,125,0.00138888888888889,91,1,2.099119,419.9774,NA,28202.79
2026-10-01 15:10:50,115,0.00127314814814815,91,1,2.098998,419.9325,0.3515157,28214.35
2026-10-01 15:10:40,105,0.00115740740740741,91,1,2.099895,420.4329,NA,28235.84
2026-10-01 15:10:30,95,0.00104166666666667,91,1,2.099964,419.823,0.351905,28242.73
2026-10-01 15:10:20,85,0.000925925925925926,91,1,2.100579,420.9753,NA,28250.12
2026-10-01 15:10:10,75,0.000810185185185185,91,1,2.100979,420.5681,NA,28255.47
2026-10-01 15:10:00,65,0.000694444444444444,91,1,2.100929,420.6289,NA,28255.52
2026-10-01 15:09:50,55,0.000578703703703704,91,1,2.101312,420.1573,NA,28240.26
2026-10-01 15:09:40,45,0.000462962962962963,91,1,2.103599,422.0221,NA,28227.18
2026-10-01 15:09:30,35,0.000347222222222222,91,1,2.107731,421.7555,NA,28218
2026-10-01 15:09:20,25,0.000231481481481481,91,1,2.134881,441.9653,NA,28216.68
2026-10-01 15:09:10,15,0.000115740740740741,91,1,2.151279,499.0537,NA,28219.31
2026-10-01 15:09:00,5,0,91,1,2.132493,485.2336,NA,28202.4
2026-10-01 15:08:50,0,0.00694444444444444,90,6,2.129492,485.837,NA,28207.25
2026-10-01 15:08:40,595,0.0068287037037037,90,6,2.127436,482.5841,NA,28236.7
2026-10-01 15:08:30,585,0.00671296296296296,90,6,2.11922,484.8457,NA,28281.96
2026-10-01 15:08:20,575,0.00659722222222222,90,6,2.130834,483.5509,NA,28381.32
2026-10-01 15:08:10,565,0.00648148148148148,90,6,2.100689,418.2633,NA,28370.35
2026-10-01 15:08:00,555,0.00636574074074074,90,6,2.102528,417.671,NA,28237.26
2026-10-01 15:07:50,545,0.00625,90,6,2.106768,417.4364,NA,27976.51
2026-10-01 15:07:40,535,0.00613425925925926,90,6,2.106873,418.4152,NA,27996.83
2026-10-01 15:07:30,525,0.00601851851851852,90,6,2.105508,417.6725,NA,28011.02
2026-10-01 15:07:20,515,0.00590277777777778,90,6,2.105537,417.4774,NA,28013.79
2026-10-01 15:07:10,505,0.00578703703703704,90,6,2.106309,417.7804,NA,28023.85
2026-10-01 15:07:00,495,0.0056712962962963,90,6,2.107103,417.2947,NA,28035.71
2026-10-01 15:06:50,485,0.00555555555555556,90,6,2.106853,416.8046,NA,28052.29
2026-10-01 15:06:40,475,0.00543981481481481,90,6,2.108588,417.8913,NA,28068.32
2026-10-01 15:06:30,465,0.00532407407407407,90,6,2.107861,417.252,NA,28076.02
2026-10-01 15:06:20,455,0.00520833333333333,90,6,2.106015,417.3111,NA,28077.18
2026-10-01 15:06:10,445,0.00509259259259259,90,6,2.105349,418.1072,NA,28073.09
2026-10-01 15:06:00,435,0.00497685185185185,90,6,2.104076,417.9141,NA,28063.21
2026-10-01 15:05:50,425,0.00486111111111111,90,6,2.104574,419.0952,NA,28067.15
2026-10-01 15:05:40,415,0.00474537037037037,90,6,2.105908,418.8957,NA,28083.42
2026-10-01 15:05:30,405,0.00462962962962963,90,6,2.106863,419.954,NA,28100.55
2026-10-01 15:05:20,395,0.00451388888888889,90,6,2.10747,421.2562,NA,28103.98
2026-10-01 15:05:10,385,0.00439814814814815,90,6,2.107169,422.4197,NA,28101.96
2026-10-01 15:05:00,375,0.00428240740740741,90,6,2.10641,421.2416,NA,28113.58
2026-10-01 15:04:50,365,0.00416666666666667,90,6,2.105344,421.6699,NA,28120.8
2026-10-01 15:04:40,355,0.00405092592592593,90,6,2.104805,420.1715,NA,28126.17
2026-10-01 15:04:30,345,0.00393518518518518,90,6,2.103875,417.6039,NA,28138.15
2026-10-01 15:04:20,335,0.00381944444444444,90,6,2.104009,418.2755,NA,28155.4
2026-10-01 15:04:10,325,0.0037037037037037,90,6,2.104904,418.2507,NA,28175.27
2026-10-01 15:04:00,315,0.00358796296296296,90,6,2.105953,418.8455,NA,28190.15
2026-10-01 15:03:50,304,0.00347222222222222,90,6,2.10748,418.9057,NA,28205.4
2026-10-01 15:03:40,294,0.00335648148148148,90,6,2.106436,419.5104,NA,28210.76
2026-10-01 15:03:30,285,0.00324074074074074,90,6,2.104335,419.5508,NA,28214.02
2026-10-01 15:03:20,275,0.003125,90,6,2.103874,420.2491,NA,28211.17
2026-10-01 15:03:10,264,0.00300925925925926,90,6,2.10358,420.2465,NA,28202.67
2026-10-01 15:03:00,255,0.00289351851851852,90,6,2.103014,420.5889,NA,28202.63
2026-10-01 15:02:50,245,0.00277777777777778,90,6,2.102617,421.3499,NA,28201.38
2026-10-01 15:02:40,235,0.00266203703703704,90,6,2.102275,421.9978,NA,28210.69
2026-10-01 15:02:30,225,0.0025462962962963,90,6,2.102783,422.205,NA,28223.62
2026-10-01 15:02:20,215,0.00243055555555556,90,6,2.102957,422.013,NA,28248.67
2026-10-01 15:02:10,205,0.00231481481481481,90,6,2.10204,420.9604,NA,28270.89
2026-10-01 15:02:00,195,0.00219907407407407,90,6,2.100972,420.3005,NA,28283.42
2026-10-01 15:01:50,185,0.00208333333333333,90,6,2.100549,419.9066,NA,28302.79
2026-10-01 15:01:40,175,0.00196759259259259,90,6,2.100775,421.101,NA,28321.96
2026-10-01 15:01:30,165,0.00185185185185185,90,6,2.101127,419.7781,NA,28335.4
2026-10-01 15:01:20,155,0.00173611111111111,90,6,2.102435,419.4244,NA,28350.09
2026-10-01 15:01:10,145,0.00162037037037037,90,6,2.103166,420.6015,NA,28370.04
2026-10-01 15:01:00,135,0.00150462962962963,90,6,2.100542,419.1765,NA,28388.02
2026-10-01 15:00:50,125,0.00138888888888889,90,6,2.100331,418.6042,0.353468,28406.2
2026-10-01 15:00:40,115,0.00127314814814815,90,6,2.104137,419.8115,NA,28416.12
2026-10-01 15:00:30,105,0.00115740740740741,90,6,2.101759,419.9918,NA,28428.35
2026-10-01 15:00:20,95,0.00104166666666667,90,6,2.101972,419.8426,NA,28434.08
2026-10-01 15:00:10,85,0.000925925925925926,90,6,2.101751,419.2108,NA,28444.33
2026-10-01 15:00:00,74,0.000810185185185185,90,6,2.102294,421.0812,NA,28446.88
2026-10-01 14:59:50,65,0.000694444444444444,90,6,2.123348,431.5965,NA,28436.44
2026-10-01 14:59:40,55,0.000578703703703704,90,6,2.154387,463.36,NA,28419.87
2026-10-01 14:59:30,45,0.000462962962962963,90,6,2.222331,576.1243,NA,28437.61
2026-10-01 14:59:20,35,0.000347222222222222,90,6,2.097334,421.3959,NA,28356.81
2026-10-01 14:59:10,25,0.000231481481481481,90,6,2.096348,423.7975,NA,28457.51
2026-10-01 14:59:00,15,0.000115740740740741,90,6,2.095885,424.0014,NA,28832.89
2026-10-01 14:58:50,5,0,90,6,2.107871,419.977,NA,29084.09
2026-10-01 14:58:40,0,0.00694444444444444,89,3,2.11021,419.418,NA,29078.03
2026-10-01 14:58:30,595,0.0068287037037037,89,3,2.10755,419.7404,NA,29081.04
2026-10-01 14:58:20,585,0.00671296296296296,89,3,2.10712,418.8806,NA,29085.68
2026-10-01 14:58:10,575,0.00659722222222222,89,3,2.106149,419.4345,NA,29097.33
2026-10-01 14:58:00,565,0.00648148148148148,89,3,2.117145,422.4714,NA,29142.44
2026-10-01 14:57:50,555,0.00636574074074074,89,3,2.106148,427.8527,NA,28369.8
2026-10-01 14:57:40,545,0.00625,89,3,2.108734,417.858,NA,28065.42
2026-10-01 14:57:30,535,0.00613425925925926,89,3,2.10831,417.9288,NA,28061.37
2026-10-01 14:57:20,525,0.00601851851851852,89,3,2.108396,418.5659,NA,28059.06
2026-10-01 14:57:10,515,0.00590277777777778,89,3,2.108552,418.582,NA,28067.66
2026-10-01 14:57:00,505,0.00578703703703704,89,3,2.108424,418.7563,NA,28072.72
2026-10-01 14:56:50,495,0.0056712962962963,89,3,2.108628,419.7627,NA,28089.38
2026-10-01 14:56:40,484,0.00555555555555556,89,3,2.10952,420.0625,NA,28105.68
2026-10-01 14:56:30,475,0.00543981481481481,89,3,2.108297,421.2359,NA,28122.44
2026-10-01 14:56:20,465,0.00532407407407407,89,3,2.108148,420.4064,NA,28146.13
2026-10-01 14:56:10,455,0.00520833333333333,89,3,2.108628,418.2176,NA,28165.31
2026-10-01 14:56:00,444,0.00509259259259259,89,3,2.106324,417.7913,NA,28180.5
2026-10-01 14:55:50,435,0.00497685185185185,89,3,2.107388,418.8411,0.3523149,28195.99
2026-10-01 14:55:40,425,0.00486111111111111,89,3,2.107572,418.7494,NA,28210.78
2026-10-01 14:55:30,415,0.00474537037037037,89,3,2.106297,416.781,NA,28220
2026-10-01 14:55:20,405,0.00462962962962963,89,3,2.105427,417.1031,NA,28232.26
2026-10-01 14:55:10,395,0.00451388888888889,89,3,2.105882,417.5675,NA,28238.33
2026-10-01 14:55:00,385,0.00439814814814815,89,3,2.106488,417.6274,NA,28245.64
2026-10-01 14:54:50,375,0.00428240740740741,89,3,2.108545,417.9058,NA,28243.32
2026-10-01 14:54:40,365,0.00416666666666667,89,3,2.108555,417.5878,NA,28249.93
2026-10-01 14:54:30,355,0.00405092592592593,89,3,2.103219,417.3058,NA,28240.06
2026-10-01 14:54:20,345,0.00393518518518518,89,3,2.105368,418.2793,NA,28242.38
2026-10-01 14:54:10,335,0.00381944444444444,89,3,2.103081,418.2607,NA,28247.6
2026-10-01 14:54:00,325,0.0037037037037037,89,3,2.103363,418.0615,NA,28260.44
2026-10-01 14:53:50,315,0.00358796296296296,89,3,2.104764,417.8843,NA,28274.86
2026-10-01 14:53:40,305,0.00347222222222222,89,3,2.105211,418.2963,NA,28286.17
2026-10-01 14:53:30,294,0.00335648148148148,89,3,2.103683,418.2153,NA,28291.78
2026-10-01 14:53:20,284,0.00324074074074074,89,3,2.104777,418.2845,NA,28296.45
2026-10-01 14:53:10,275,0.003125,89,3,2.107267,418.4645,NA,28308.51
2026-10-01 14:53:00,265,0.00300925925925926,89,3,2.105526,418.7277,NA,28321.95
2026-10-01 14:52:50,255,0.00289351851851852,89,3,2.106131,419.4093,NA,28326
2026-10-01 14:52:40,245,0.00277777777777778,89,3,2.105697,419.766,NA,28330.6
2026-10-01 14:52:30,235,0.00266203703703704,89,3,2.105167,420.1101,NA,28335.69
2026-10-01 14:52:20,225,0.0025462962962963,89,3,2.105277,421.0096,NA,28347.79
2026-10-01 14:52:10,215,0.00243055555555556,89,3,2.103464,420.8157,NA,28343.09
2026-10-01 14:52:00,205,0.00231481481481481,89,3,2.103713,420.3233,NA,28349.03
2026-10-01 14:51:50,195,0.00219907407407407,89,3,2.106275,419.6291,NA,28355.21
2026-10-01 14:51:40,185,0.00208333333333333,89,3,2.098955,418.6997,NA,28355.19
2026-10-01 14:51:30,175,0.00196759259259259,89,3,2.099529,419.2862,NA,28357.7
2026-10-01 14:51:20,165,0.00185185185185185,89,3,2.099913,419.9544,NA,28357.04
2026-10-01 14:51:10,155,0.00173611111111111,89,3,2.100002,420.1286,NA,28358.5
2026-10-01 14:51:00,145,0.00162037037037037,89,3,2.101399,420.4708,NA,28370.43
2026-10-01 14:50:50,135,0.00150462962962963,89,3,2.102269,419.8059,0.352597,28381.38
2026-10-01 14:50:40,125,0.00138888888888889,89,3,2.103863,420.1872,NA,28398.99
2026-10-01 14:50:30,115,0.00127314814814815,89,3,2.099955,420.7082,NA,28415.01
2026-10-01 14:50:20,105,0.00115740740740741,89,3,2.100738,419.6796,NA,28422.06
2026-10-01 14:50:10,95,0.00104166666666667,89,3,2.100083,420.1907,NA,28443.37
2026-10-01 14:50:00,85,0.000925925925925926,89,3,2.10149,421.8871,0.3530461,28458.54
2026-10-01 14:49:50,75,0.000810185185185185,89,3,2.101216,423.1779,NA,28461.64
2026-10-01 14:49:40,65,0.000694444444444444,89,3,2.100148,423.0587,NA,28470.66
2026-10-01 14:49:30,55,0.000578703703703704,89,3,2.100806,422.1141,NA,28482.25
2026-10-01 14:49:20,45,0.000462962962962963,89,3,2.100731,421.7685,NA,28495.58
2026-10-01 14:49:10,35,0.000347222222222222,89,3,2.100939,421.1577,NA,28524.13
2026-10-01 14:49:00,25,0.000231481481481481,89,3,2.099125,420.544,NA,28538.93
2026-10-01 14:48:50,15,0.000115740740740741,89,3,2.098032,420.1837,NA,28546.1
2026-10-01 14:48:40,5,0,89,3,2.105926,425.116,NA,28548.41
2026-10-01 14:48:30,0,0.00694444444444444,88,12,2.209583,503.1929,NA,28526.95
2026-10-01 14:48:20,595,0.0068287037037037,88,12,2.18162,576.1337,NA,28554.39
2026-10-01 14:48:10,585,0.00671296296296296,88,12,2.170704,570.2756,0.3592687,28630.86
2026-10-01 14:48:00,575,0.00659722222222222,88,12,2.096053,419.7779,NA,28628.03
2026-10-01 14:47:50,565,0.00648148148148148,88,12,2.099447,421.2069,NA,28751.24
2026-10-01 14:47:40,555,0.00636574074074074,88,12,2.103678,419.8429,NA,29339.94
2026-10-01 14:47:30,545,0.00625,88,12,2.125,417.127,NA,29282.85
2026-10-01 14:47:20,535,0.00613425925925926,88,12,2.145843,416.1666,NA,29250.07
2026-10-01 14:47:10,525,0.00601851851851852,88,12,2.175263,417.4508,NA,29226.46
2026-10-01 14:47:00,515,0.00590277777777778,88,12,2.173943,417.484,NA,29197.98
2026-10-01 14:46:50,505,0.00578703703703704,88,12,2.172132,417.2169,NA,29177.67
2026-10-01 14:46:40,495,0.0056712962962963,88,12,2.171269,416.7089,NA,29166.32
2026-10-01 14:46:30,485,0.00555555555555556,88,12,2.169901,416.8728,NA,29142.11
2026-10-01 14:46:20,475,0.00543981481481481,88,12,2.16802,417.1129,NA,29112.12
2026-10-01 14:46:10,465,0.00532407407407407,88,12,2.167381,417.0898,NA,29083.06
2026-10-01 14:46:00,454,0.00520833333333333,88,12,2.166119,417.1682,NA,29052.53
2026-10-01 14:45:50,445,0.00509259259259259,88,12,2.164499,417.3488,NA,29042.82
2026-10-01 14:45:40,434,0.00497685185185185,88,12,2.1629,416.524,NA,29034.59
2026-10-01 14:45:30,424,0.00486111111111111,88,12,2.161409,417.2795,NA,29026.68
2026-10-01 14:45:20,415,0.00474537037037037,88,12,2.160048,416.6626,NA,29012.16
2026-10-01 14:45:10,405,0.00462962962962963,88,12,2.158432,416.5473,NA,28973.71
2026-10-01 14:45:00,395,0.00451388888888889,88,12,2.156971,417.1281,NA,28939.16
2026-10-01 14:44:50,385,0.00439814814814815,88,12,2.155199,416.2766,NA,28912.1
2026-10-01 14:44:40,375,0.00428240740740741,88,12,2.1541,416.8495,NA,28875.23
2026-10-01 14:44:30,365,0.00416666666666667,88,12,2.152846,416.3737,NA,28827.77
2026-10-01 14:44:20,355,0.00405092592592593,88,12,2.15127,416.7408,NA,28782.32
2026-10-01 14:44:10,345,0.00393518518518518,88,12,2.149815,416.6304,NA,28759.2
2026-10-01 14:44:00,335,0.00381944444444444,88,12,2.148374,417.5045,NA,28733.15
2026-10-01 14:43:50,325,0.0037037037037037,88,12,2.147221,416.7415,NA,28695.31
2026-10-01 14:43:40,315,0.00358796296296296,88,12,2.146005,417.1154,NA,28653.98
2026-10-01 14:43:30,305,0.00347222222222222,88,12,2.144691,416.9394,NA,28625.52
2026-10-01 14:43:20,295,0.00335648148148148,88,12,2.142965,417.6121,NA,28593.71
2026-10-01 14:43:10,285,0.00324074074074074,88,12,2.141599,416.8886,NA,28565.49
2026-10-01 14:43:00,275,0.003125,88,12,2.140543,417.1554,NA,28543.21
2026-10-01 14:42:50,265,0.00300925925925926,88,12,2.13949,416.8645,NA,28514.92
2026-10-01 14:42:40,255,0.00289351851851852,88,12,2.138123,417.3433,NA,28483
2026-10-01 14:42:30,245,0.00277777777777778,88,12,2.136826,417.6435,0.3527654,28453.13
2026-10-01 14:42:20,234,0.00266203703703704,88,12,2.134973,417.7218,NA,28429.54
2026-10-01 14:42:10,225,0.0025462962962963,88,12,2.134002,418.0912,NA,28413.12
2026-10-01 14:42:00,215,0.00243055555555556,88,12,2.132734,418.5541,NA,28411.06
2026-10-01 14:41:50,205,0.00231481481481481,88,12,2.131457,417.8648,NA,28409.93
2026-10-01 14:41:40,195,0.00219907407407407,88,12,2.130577,418.6345,NA,28411.28
2026-10-01 14:41:30,185,0.00208333333333333,88,12,2.129754,418.7462,NA,28415.14
2026-10-01 14:41:20,175,0.00196759259259259,88,12,2.128211,417.4218,NA,28434.62
2026-10-01 14:41:10,165,0.00185185185185185,88,12,2.125076,418.8787,NA,28451.67
2026-10-01 14:41:00,155,0.00173611111111111,88,12,2.128708,417.5717,NA,28473.86
2026-10-01 14:40:50,145,0.00162037037037037,88,12,2.140484,418.4373,NA,28495.99
2026-10-01 14:40:40,135,0.00150462962962963,88,12,2.143572,417.5962,NA,28514.81
2026-10-01 14:40:30,125,0.00138888888888889,88,12,2.109193,417.8159,NA,28533.33
2026-10-01 14:40:20,115,0.00127314814814815,88,12,2.108727,418.693,NA,28553.17
2026-10-01 14:40:10,105,0.00115740740740741,88,12,2.116236,417.4765,NA,28569.88
2026-10-01 14:40:00,95,0.00104166666666667,88,12,2.118752,419.0966,NA,28594.88
2026-10-01 14:39:50,85,0.000925925925925926,88,12,2.106569,419.6988,NA,28627.84
2026-10-01 14:39:40,75,0.000810185185185185,88,12,2.104001,419.5587,NA,28677.16
2026-10-01 14:39:30,65,0.000694444444444444,88,12,2.104957,419.328,NA,28735.08
2026-10-01 14:39:20,55,0.000578703703703704,88,12,2.105669,419.4662,NA,28797.63
2026-10-01 14:39:10,45,0.000462962962962963,88,12,2.1137,418.8922,NA,28865.31
2026-10-01 14:39:00,34,0.000347222222222222,88,12,2.103569,419.1714,NA,28910.63
2026-10-01 14:38:50,24,0.000231481481481481,88,12,2.104995,419.2116,NA,28909.12
2026-10-01 14:38:40,14,0.000115740740740741,88,12,2.100151,417.725,NA,28905.52
2026-10-01 14:38:30,5,0,88,12,2.098213,418.3686,NA,28821.81
2026-10-01 14:38:20,0,0.00694444444444444,87,9,2.098441,420.4391,0.3511368,28744.53
2026-10-01 14:38:10,594,0.0068287037037037,87,9,2.097428,421.0191,NA,28738.49
2026-10-01 14:38:00,585,0.00671296296296296,87,9,2.097885,422.3947,NA,28734.82
2026-10-01 14:37:50,575,0.00659722222222222,87,9,2.09907,424.0459,NA,28735.6
2026-10-01 14:37:40,565,0.00648148148148148,87,9,2.101377,425.8402,NA,28729.95
2026-10-01 14:37:30,555,0.00636574074074074,87,9,2.103976,423.7213,NA,28719.84
2026-10-01 14:37:20,545,0.00625,87,9,2.106367,423.5512,0.35131,28717.54
2026-10-01 14:37:10,535,0.00613425925925926,87,9,2.106004,419.5556,NA,28727.13
2026-10-01 14:37:00,525,0.00601851851851852,87,9,2.108673,418.7285,NA,28730.09
2026-10-01 14:36:50,515,0.00590277777777778,87,9,2.108133,418.7364,NA,28730.35
2026-10-01 14:36:40,505,0.00578703703703704,87,9,2.107245,418.0908,NA,28735.98
2026-10-01 14:36:30,495,0.0056712962962963,87,9,2.109432,417.9959,NA,28733.93
2026-10-01 14:36:20,485,0.00555555555555556,87,9,2.107504,419.1558,NA,28728.31
2026-10-01 14:36:10,475,0.00543981481481481,87,9,2.108112,418.4718,NA,28724.89
2026-10-01 14:36:00,465,0.00532407407407407,87,9,2.11237,418.7982,NA,28721.22
2026-10-01 14:35:50,455,0.00520833333333333,87,9,2.109199,419.4294,0.3513339,28721.97
2026-10-01 14:35:40,445,0.00509259259259259,87,9,2.111482,419.9258,NA,28720.05
2026-10-01 14:35:30,435,0.00497685185185185,87,9,2.115097,419.7774,NA,28717.62
2026-10-01 14:35:20,425,0.00486111111111111,87,9,2.111712,420.0889,NA,28729.58
2026-10-01 14:35:10,415,0.00474537037037037,87,9,2.110593,420.0136,NA,28742.67
2026-10-01 14:35:00,404,0.00462962962962963,87,9,2.104886,419.6691,NA,28753.97
2026-10-01 14:34:50,394,0.00451388888888889,87,9,2.10518,419.4235,NA,28761.95
2026-10-01 14:34:40,385,0.00439814814814815,87,9,2.106016,419.572,NA,28759.31
2026-10-01 14:34:30,375,0.00428240740740741,87,9,2.108106,419.0908,NA,28756.14
2026-10-01 14:34:20,365,0.00416666666666667,87,9,2.107671,419.9178,NA,28759.33
2026-10-01 14:34:10,355,0.00405092592592593,87,9,2.110495,419.3622,NA,28763.1
2026-10-01 14:34:00,345,0.00393518518518518,87,9,2.111217,419.4997,NA,28766.13
2026-10-01 14:33:50,335,0.00381944444444444,87,9,2.104387,419.2747,NA,28780.61
2026-10-01 14:33:40,325,0.0037037037037037,87,9,2.103152,419.2959,NA,28797.19
2026-10-01 14:33:30,315,0.00358796296296296,87,9,2.103511,419.6368,NA,28812.84
2026-10-01 14:33:20,305,0.00347222222222222,87,9,2.102919,419.3338,NA,28828.33
2026-10-01 14:33:10,295,0.00335648148148148,87,9,2.102428,419.4633,NA,28843.55
2026-10-01 14:33:00,285,0.00324074074074074,87,9,2.102828,419.9345,NA,28855.23
2026-10-01 14:32:50,275,0.003125,87,9,2.101782,419.5492,NA,28877.83
2026-10-01 14:32:40,265,0.00300925925925926,87,9,2.10174,419.9004,NA,28905.19
2026-10-01 14:32:30,255,0.00289351851851852,87,9,2.102012,420.7281,NA,28940.4
2026-10-01 14:32:20,245,0.00277777777777778,87,9,2.101342,419.1061,0.3511723,28975.26
2026-10-01 14:32:10,235,0.00266203703703704,87,9,2.102187,420.2392,NA,29011.89
2026-10-01 14:32:00,225,0.0025462962962963,87,9,2.102043,419.7155,NA,29050
2026-10-01 14:31:50,215,0.00243055555555556,87,9,2.102921,420.1378,NA,29089.59
2026-10-01 14:31:40,205,0.00231481481481481,87,9,2.103921,420.0956,NA,29131.2
2026-10-01 14:31:30,195,0.00219907407407407,87,9,2.107537,420.026,NA,29170.65
2026-10-01 14:31:20,185,0.00208333333333333,87,9,2.111693,418.9097,NA,29218.86
2026-10-01 14:31:10,175,0.00196759259259259,87,9,2.115794,419.7519,NA,29266.86
2026-10-01 14:31:00,165,0.00185185185185185,87,9,2.10374,420.2966,NA,29310.67
2026-10-01 14:30:50,155,0.00173611111111111,87,9,2.106226,419.2218,0.3512662,29355.32
2026-10-01 14:30:40,145,0.00162037037037037,87,9,2.108378,418.5291,NA,29403.79
2026-10-01 14:30:30,135,0.00150462962962963,87,9,2.109267,418.4755,NA,29447.34
2026-10-01 14:30:20,125,0.00138888888888889,87,9,2.104754,418.9602,NA,29497.89
2026-10-01 14:30:10,115,0.00127314814814815,87,9,2.10534,418.0412,NA,29550.42
2026-10-01 14:30:00,105,0.00115740740740741,87,9,2.107947,419.351,NA,29610.2
2026-10-01 14:29:50,95,0.00104166666666667,87,9,2.102968,418.407,NA,29665.89
2026-10-01 14:29:40,85,0.000925925925925926,87,9,2.105446,418.297,NA,29724.24
2026-10-01 14:29:30,75,0.000810185185185185,87,9,2.110004,418.4277,NA,29784.13
2026-10-01 14:29:20,65,0.000694444444444444,87,9,2.105039,419.0994,NA,29850.15
2026-10-01 14:29:10,55,0.000578703703703704,87,9,2.108484,419.0928,NA,29916.6
2026-10-01 14:29:00,45,0.000462962962962963,87,9,2.115038,419.841,NA,30006.62
2026-10-01 14:28:50,35,0.000347222222222222,87,9,2.128478,419.1778,NA,30127.44
2026-10-01 14:28:40,25,0.000231481481481481,87,9,2.152871,434.0122,NA,30281.68
2026-10-01 14:28:30,15,0.000115740740740741,87,9,2.145145,477.4309,NA,30549.21
2026-10-01 14:28:20,5,0,87,9,2.135887,442.3584,NA,30611.26
2026-10-01 14:28:10,0,0.00694444444444444,86,5,2.104386,420.3004,NA,30569.81
2026-10-01 14:28:00,595,0.0068287037037037,86,5,2.105837,421.4046,NA,30524.75
2026-10-01 14:27:50,585,0.00671296296296296,86,5,2.109984,422.4705,NA,30443.64
2026-10-01 14:27:40,575,0.00659722222222222,86,5,2.111271,421.5542,NA,30298.09
2026-10-01 14:27:30,565,0.00648148148148148,86,5,2.114993,420.603,NA,30059.26
2026-10-01 14:27:20,555,0.00636574074074074,86,5,2.133854,423.9146,NA,29588.21
2026-10-01 14:27:10,545,0.00625,86,5,2.160397,418.8272,NA,29577.66
2026-10-01 14:27:00,535,0.00613425925925926,86,5,2.185307,418.3682,NA,29595.01
2026-10-01 14:26:50,525,0.00601851851851852,86,5,2.218853,417.4313,0.3512709,29613.32
2026-10-01 14:26:40,515,0.00590277777777778,86,5,2.289571,416.5865,NA,29623.54
2026-10-01 14:26:30,505,0.00578703703703704,86,5,2.305205,416.7527,NA,29633.01
2026-10-01 14:26:20,495,0.0056712962962963,86,5,2.209251,416.9012,NA,29634.82
2026-10-01 14:26:10,485,0.00555555555555556,86,5,2.171894,417.1357,NA,29643.76
2026-10-01 14:26:00,475,0.00543981481481481,86,5,2.145883,416.9141,NA,29647.85
2026-10-01 14:25:50,465,0.00532407407407407,86,5,2.127071,416.8335,0.3515468,29653.99
2026-10-01 14:25:40,455,0.00520833333333333,86,5,2.124044,416.8771,NA,29652.19
2026-10-01 14:25:30,445,0.00509259259259259,86,5,2.113596,416.8975,NA,29656.33
2026-10-01 14:25:20,435,0.00497685185185185,86,5,2.105421,416.8891,NA,29654.54
2026-10-01 14:25:10,425,0.00486111111111111,86,5,2.102254,416.397,NA,29645.1
2026-10-01 14:25:00,415,0.00474537037037037,86,5,2.099156,416.7897,NA,29648.08
2026-10-01 14:24:50,405,0.00462962962962963,86,5,2.099313,416.5759,NA,29664.06
2026-10-01 14:24:40,395,0.00451388888888889,86,5,2.099785,416.6623,NA,29665.77
2026-10-01 14:24:30,385,0.00439814814814815,86,5,2.102431,417.5067,NA,29672.47
2026-10-01 14:24:20,375,0.00428240740740741,86,5,2.102517,416.7971,NA,29674.46
2026-10-01 14:24:10,365,0.00416666666666667,86,5,2.103335,416.7777,NA,29676.75
2026-10-01 14:24:00,355,0.00405092592592593,86,5,2.102324,416.9016,NA,29678.12
2026-10-01 14:23:50,345,0.00393518518518518,86,5,2.101495,416.8241,NA,29678.65
2026-10-01 14:23:40,335,0.00381944444444444,86,5,2.103339,416.687,NA,29675.3
2026-10-01 14:23:30,325,0.0037037037037037,86,5,2.106003,417.0136,NA,29679.37
2026-10-01 14:23:20,315,0.00358796296296296,86,5,2.107289,416.4772,NA,29684.83
2026-10-01 14:23:10,305,0.00347222222222222,86,5,2.112881,416.5649,NA,29696.7
2026-10-01 14:23:00,295,0.00335648148148148,86,5,2.104814,417.0644,NA,29696.76
2026-10-01 14:22:50,285,0.00324074074074074,86,5,2.103249,417.5239,NA,29690.27
2026-10-01 14:22:40,275,0.003125,86,5,2.098138,416.2771,NA,29684.72
2026-10-01 14:22:30,265,0.00300925925925926,86,5,2.095548,417.5932,NA,29681.85
2026-10-01 14:22:20,255,0.00289351851851852,86,5,2.095887,417.571,NA,29676.02
2026-10-01 14:22:10,245,0.00277777777777778,86,5,2.09622,416.9665,NA,29679.99
2026-10-01 14:22:00,235,0.00266203703703704,86,5,2.095302,417.0641,NA,29681.26
2026-10-01 14:21:50,225,0.0025462962962963,86,5,2.09524,417.2369,0.3514893,29679.04
2026-10-01 14:21:40,215,0.00243055555555556,86,5,2.095048,417.2273,NA,29686.7
2026-10-01 14:21:30,205,0.00231481481481481,86,5,2.095545,416.4968,NA,29691.29
2026-10-01 14:21:20,195,0.00219907407407407,86,5,2.097141,416.5154,NA,29703.97
2026-10-01 14:21:10,185,0.00208333333333333,86,5,2.098465,417.1373,NA,29718
2026-10-01 14:21:00,174,0.00196759259259259,86,5,2.099918,416.4916,NA,29734.18
2026-10-01 14:20:50,165,0.00185185185185185,86,5,2.104693,416.1081,0.3512868,29735.99
2026-10-01 14:20:40,155,0.00173611111111111,86,5,2.103754,417.8661,NA,29745.66
2026-10-01 14:20:30,145,0.00162037037037037,86,5,2.104586,418.0063,NA,29754.81
2026-10-01 14:20:20,135,0.00150462962962963,86,5,2.109054,418.1416,0.3516735,29753.88
2026-10-01 14:20:10,125,0.00138888888888889,86,5,2.106998,417.7757,0.3519285,29762.96
2026-10-01 14:20:00,115,0.00127314814814815,86,5,2.112573,417.3813,NA,29772.51
2026-10-01 14:19:50,105,0.00115740740740741,86,5,2.120406,416.9655,NA,29785.52
2026-10-01 14:19:40,95,0.00104166666666667,86,5,2.137925,417.2602,NA,29806.61
2026-10-01 14:19:30,85,0.000925925925925926,86,5,2.154258,418.4953,NA,29833.87
2026-10-01 14:19:20,75,0.000810185185185185,86,5,2.189643,416.9722,NA,29871.34
2026-10-01 14:19:10,65,0.000694444444444444,86,5,2.234259,417.2389,NA,29905.88
2026-10-01 14:19:00,55,0.000578703703703704,86,5,2.216761,417.8171,NA,29932.07
2026-10-01 14:18:50,45,0.000462962962962963,86,5,2.251643,417.3528,NA,29967.86
2026-10-01 14:18:40,35,0.000347222222222222,86,5,2.273494,418.2512,NA,29994.06
2026-10-01 14:18:30,25,0.000231481481481481,86,5,2.32721,422.3096,NA,30047.01
2026-10-01 14:18:20,15,0.000115740740740741,86,5,2.573477,596.2723,NA,30075.88
2026-10-01 14:18:10,5,0,86,5,2.169924,493.3006,NA,30195.2
2026-10-01 14:18:00,0,0.00694444444444444,85,8,2.121609,480.4395,NA,30240.96
2026-10-01 14:17:50,595,0.0068287037037037,85,8,2.141862,475.881,NA,30379.38
2026-10-01 14:17:40,585,0.00671296296296296,85,8,2.104169,421.8633,NA,30517.61
2026-10-01 14:17:30,574,0.00659722222222222,85,8,2.101909,421.4827,NA,30353.98
2026-10-01 14:17:20,564,0.00648148148148148,85,8,2.105867,419.8039,NA,30403.13
2026-10-01 14:17:10,555,0.00636574074074074,85,8,2.11369,421.0051,NA,30310.85
2026-10-01 14:17:00,545,0.00625,85,8,2.127178,420.0735,NA,30071.23
2026-10-01 14:16:50,535,0.00613425925925926,85,8,2.126908,419.6884,NA,30089.75
2026-10-01 14:16:40,525,0.00601851851851852,85,8,2.129842,419.7198,NA,30116.34
2026-10-01 14:16:30,515,0.00590277777777778,85,8,2.133715,419.7523,NA,30138.17
2026-10-01 14:16:20,505,0.00578703703703704,85,8,2.138731,419.7725,NA,30146.66
2026-10-01 14:16:10,495,0.0056712962962963,85,8,2.146016,418.9028,0.3566863,30153.03
2026-10-01 14:16:00,485,0.00555555555555556,85,8,2.15382,418.6523,NA,30154.84
2026-10-01 14:15:50,475,0.00543981481481481,85,8,2.168056,419.4919,NA,30164.33
2026-10-01 14:15:40,465,0.00532407407407407,85,8,2.169585,419.7945,NA,30181.35
2026-10-01 14:15:30,455,0.00520833333333333,85,8,2.177706,419.7171,NA,30192.02
2026-10-01 14:15:20,445,0.00509259259259259,85,8,2.170276,418.8901,0.3564467,30207.5
2026-10-01 14:15:10,435,0.00497685185185185,85,8,2.170369,418.7868,0.3558686,30221.89
2026-10-01 14:15:00,425,0.00486111111111111,85,8,2.17176,418.2736,NA,30241.69
2026-10-01 14:14:50,415,0.00474537037037037,85,8,2.169829,418.5403,NA,30272.43
2026-10-01 14:14:40,405,0.00462962962962963,85,8,2.180065,418.9942,NA,30303.35
2026-10-01 14:14:30,395,0.00451388888888889,85,8,2.178221,418.7075,NA,30339.62
2026-10-01 14:14:20,385,0.00439814814814815,85,8,2.198554,417.9062,NA,30368.7
2026-10-01 14:14:10,375,0.00428240740740741,85,8,2.190632,418.3322,NA,30400.14
2026-10-01 14:14:00,365,0.00416666666666667,85,8,2.17476,418.718,NA,30436.44
2026-10-01 14:13:50,354,0.00405092592592593,85,8,2.153136,418.754,NA,30477.56
2026-10-01 14:13:40,345,0.00393518518518518,85,8,2.115477,417.5523,NA,30514.3
2026-10-01 14:13:30,335,0.00381944444444444,85,8,2.10605,419.0905,NA,30542.66
2026-10-01 14:13:20,325,0.0037037037037037,85,8,2.106145,417.3078,NA,30568.76
2026-10-01 14:13:10,315,0.00358796296296296,85,8,2.105757,417.8021,NA,30593.98
2026-10-01 14:13:00,305,0.00347222222222222,85,8,2.104355,418.0845,NA,30628.54
2026-10-01 14:12:50,295,0.00335648148148148,85,8,2.104022,417.1173,NA,30658.84
2026-10-01 14:12:40,285,0.00324074074074074,85,8,2.103025,416.9605,NA,30676.28
2026-10-01 14:12:30,275,0.003125,85,8,2.102906,416.7528,NA,30690.64
2026-10-01 14:12:20,265,0.00300925925925926,85,8,2.102966,416.4404,NA,30703.78
2026-10-01 14:12:10,255,0.00289351851851852,85,8,2.102251,416.3639,NA,30721.82
2026-10-01 14:12:00,245,0.00277777777777778,85,8,2.101454,416.1973,NA,30722.62
2026-10-01 14:11:50,235,0.00266203703703704,85,8,2.10166,416.3865,0.3571878,30731.47
2026-10-01 14:11:40,225,0.0025462962962963,85,8,2.101073,415.4525,NA,30740.78
2026-10-01 14:11:30,215,0.00243055555555556,85,8,2.101317,415.2488,NA,30737.18
2026-10-01 14:11:20,205,0.00231481481481481,85,8,2.10447,416.4008,NA,30732.78
2026-10-01 14:11:10,195,0.00219907407407407,85,8,2.100352,415.9898,NA,30728.86
2026-10-01 14:11:00,185,0.00208333333333333,85,8,2.099618,416.3876,NA,30721.64
2026-10-01 14:10:50,175,0.00196759259259259,85,8,2.100233,416.3691,0.3561435,30716.46
2026-10-01 14:10:40,165,0.00185185185185185,85,8,2.100646,416.2145,NA,30713.67
2026-10-01 14:10:30,155,0.00173611111111111,85,8,2.098831,416.8295,NA,30705.54
2026-10-01 14:10:20,145,0.00162037037037037,85,8,2.099296,417.443,NA,30704.5
2026-10-01 14:10:10,134,0.00150462962962963,85,8,2.09907,418.0436,NA,30700.57
2026-10-01 14:10:00,125,0.00138888888888889,85,8,2.098583,417.185,NA,30695.4
2026-10-01 14:09:50,115,0.00127314814814815,85,8,2.09648,416.5758,NA,30688.89
2026-10-01 14:09:40,105,0.00115740740740741,85,8,2.09719,416.8507,NA,30686.89
2026-10-01 14:09:30,95,0.00104166666666667,85,8,2.097676,415.9399,NA,30685.5
2026-10-01 14:09:20,85,0.000925925925925926,85,8,2.097527,416.0159,NA,30675.71
2026-10-01 14:09:10,75,0.000810185185185185,85,8,2.096792,417.8345,NA,30666.13
2026-10-01 14:09:00,65,0.000694444444444444,85,8,2.097794,417.7309,NA,30661.39
2026-10-01 14:08:50,55,0.000578703703703704,85,8,2.09816,417.6647,NA,30641.62
2026-10-01 14:08:40,45,0.000462962962962963,85,8,2.09913,417.7603,NA,30616.9
2026-10-01 14:08:30,35,0.000347222222222222,85,8,2.098988,416.9505,NA,30590.98
2026-10-01 14:08:20,25,0.000231481481481481,85,8,2.12811,434.6207,NA,30552.02
2026-10-01 14:08:10,15,0.000115740740740741,85,8,2.157562,422.9974,NA,30436.78
2026-10-01 14:08:00,5,0,85,8,2.092915,419.0951,NA,30348.72
2026-10-01 14:07:50,0,0.00694444444444444,84,4,2.092381,418.5741,NA,30340.45
2026-10-01 14:07:40,595,0.0068287037037037,84,4,2.093391,417.2816,NA,30395.26
2026-10-01 14:07:30,585,0.00671296296296296,84,4,2.093354,418.2713,NA,30392.32
2026-10-01 14:07:20,575,0.00659722222222222,84,4,2.09306,418.7185,NA,30396.63
2026-10-01 14:07:10,565,0.00648148148148148,84,4,2.093388,418.7481,0.3600359,30377.28
2026-10-01 14:07:00,555,0.00636574074074074,84,4,2.09353,417.2693,NA,30599.23
2026-10-01 14:06:50,545,0.00625,84,4,2.096885,419.0414,NA,30208.91
2026-10-01 14:06:40,534,0.00613425925925926,84,4,2.096449,418.971,NA,30210.14
2026-10-01 14:06:30,524,0.00601851851851852,84,4,2.096887,418.7578,NA,30230.71
2026-10-01 14:06:20,514,0.00590277777777778,84,4,2.097421,419.0527,NA,30239.11
2026-10-01 14:06:10,505,0.00578703703703704,84,4,2.100559,420.2298,NA,30240.36
2026-10-01 14:06:00,495,0.0056712962962963,84,4,2.099412,418.6701,NA,30235.46
2026-10-01 14:05:50,485,0.00555555555555556,84,4,2.100708,418.4763,0.3515626,30224.1
2026-10-01 14:05:40,475,0.00543981481481481,84,4,2.098928,419.651,NA,30220.48
2026-10-01 14:05:30,465,0.00532407407407407,84,4,2.096441,418.9686,NA,30227.6
2026-10-01 14:05:20,455,0.00520833333333333,84,4,2.096634,420.686,NA,30228.32
2026-10-01 14:05:10,445,0.00509259259259259,84,4,2.097469,419.981,NA,30234.54
2026-10-01 14:05:00,435,0.00497685185185185,84,4,2.098212,418.9533,NA,30238.15
2026-10-01 14:04:50,425,0.00486111111111111,84,4,2.100579,420.9418,NA,30247.46
2026-10-01 14:04:40,415,0.00474537037037037,84,4,2.100789,419.9836,NA,30255.58
2026-10-01 14:04:30,405,0.00462962962962963,84,4,2.103217,418.4851,NA,30266.12
2026-10-01 14:04:20,395,0.00451388888888889,84,4,2.108131,418.6108,NA,30274.34
2026-10-01 14:04:10,385,0.00439814814814815,84,4,2.112602,418.8744,NA,30280.74
2026-10-01 14:04:00,375,0.00428240740740741,84,4,2.114948,418.815,NA,30290.73
2026-10-01 14:03:50,365,0.00416666666666667,84,4,2.122007,417.4709,NA,30304.73
2026-10-01 14:03:40,355,0.00405092592592593,84,4,2.125334,418.0923,0.3514624,30318.88
2026-10-01 14:03:30,345,0.00393518518518518,84,4,2.138972,417.885,NA,30330.87
2026-10-01 14:03:20,335,0.00381944444444444,84,4,2.139242,417.3647,NA,30340.3
2026-10-01 14:03:10,324,0.0037037037037037,84,4,2.14729,417.6906,NA,30347.34
2026-10-01 14:03:00,314,0.00358796296296296,84,4,2.14967,418.0303,NA,30339.63
2026-10-01 14:02:50,305,0.00347222222222222,84,4,2.162214,417.4213,NA,30346.24
2026-10-01 14:02:40,295,0.00335648148148148,84,4,2.187814,417.4985,NA,30350.4
2026-10-01 14:02:30,285,0.00324074074074074,84,4,2.18693,417.2648,NA,30357.31
2026-10-01 14:02:20,275,0.003125,84,4,2.185722,416.9257,NA,30369.91
2026-10-01 14:02:10,265,0.00300925925925926,84,4,2.206656,417.8105,NA,30388.47
2026-10-01 14:02:00,255,0.00289351851851852,84,4,2.277483,417.2388,NA,30412.21
2026-10-01 14:01:50,245,0.00277777777777778,84,4,2.251627,418.456,NA,30431.1
2026-10-01 14:01:40,235,0.00266203703703704,84,4,2.272145,416.9838,NA,30450.75
2026-10-01 14:01:30,225,0.0025462962962963,84,4,2.255505,416.7553,NA,30459.27
2026-10-01 14:01:20,215,0.00243055555555556,84,4,2.315251,417.054,NA,30463.61
2026-10-01 14:01:10,205,0.00231481481481481,84,4,2.290259,417.5439,NA,30469.38
2026-10-01 14:01:00,195,0.00219907407407407,84,4,2.175452,417.6082,NA,30468.45
2026-10-01 14:00:50,185,0.00208333333333333,84,4,2.110022,416.9409,0.3514128,30470.77
2026-10-01 14:00:40,175,0.00196759259259259,84,4,2.101516,416.7737,NA,30469.63
2026-10-01 14:00:30,165,0.00185185185185185,84,4,2.091534,418.427,NA,30468.03
2026-10-01 14:00:20,155,0.00173611111111111,84,4,2.09101,417.795,NA,30463.28
2026-10-01 14:00:10,145,0.00162037037037037,84,4,2.089729,417.554,NA,30465.5
2026-10-01 14:00:00,135,0.00150462962962963,84,4,2.089987,417.9248,NA,30473.51
2026-10-01 13:59:50,125,0.00138888888888889,84,4,2.089864,416.608,NA,30487.81
2026-10-01 13:59:40,115,0.00127314814814815,84,4,2.090178,416.9081,0.3510704,30506.63
2026-10-01 13:59:30,104,0.00115740740740741,84,4,2.090341,416.5541,NA,30521.51
2026-10-01 13:59:20,95,0.00104166666666667,84,4,2.091519,416.5021,NA,30531.07
2026-10-01 13:59:10,85,0.000925925925925926,84,4,2.090504,416.803,NA,30536.66
2026-10-01 13:59:00,75,0.000810185185185185,84,4,2.091412,416.2413,NA,30542.14
2026-10-01 13:58:50,65,0.000694444444444444,84,4,2.092362,416.4048,NA,30549.73
2026-10-01 13:58:40,55,0.000578703703703704,84,4,2.095731,416.5048,NA,30559.52
2026-10-01 13:58:30,45,0.000462962962962963,84,4,2.099312,417.2298,NA,30564.22
2026-10-01 13:58:20,35,0.000347222222222222,84,4,2.098245,417.4486,NA,30560.4
2026-10-01 13:58:10,25,0.000231481481481481,84,4,2.107858,421.8452,NA,30555.39
2026-10-01 13:58:00,15,0.000115740740740741,84,4,2.233588,501.4668,NA,30508.86
2026-10-01 13:57:50,5,0,84,4,2.180102,443.2577,NA,30457.1
2026-10-01 13:57:40,0,0.00694444444444444,83,11,2.149116,484.0742,NA,30501.02
2026-10-01 13:57:30,595,0.0068287037037037,83,11,2.208861,452.544,NA,30610.25
2026-10-01 13:57:20,585,0.00671296296296296,83,11,2.166954,460.8236,NA,30814.48
2026-10-01 13:57:10,575,0.00659722222222222,83,11,2.116406,424.0653,NA,31093.15
2026-10-01 13:57:00,565,0.00648148148148148,83,11,2.104043,420.6952,NA,30790.79
2026-10-01 13:56:50,555,0.00636574074074074,83,11,2.11155,418.3118,NA,30710.64
2026-10-01 13:56:40,545,0.00625,83,11,2.111093,416.7984,NA,30187.65
2026-10-01 13:56:30,535,0.00613425925925926,83,11,2.112074,418.4752,NA,30190.24
2026-10-01 13:56:20,525,0.00601851851851852,83,11,2.111857,418.3506,NA,30201.64
2026-10-01 13:56:10,515,0.00590277777777778,83,11,2.110767,418.4432,NA,30215.59
2026-10-01 13:56:00,504,0.00578703703703704,83,11,2.111511,417.6452,NA,30234.11
2026-10-01 13:55:50,495,0.0056712962962963,83,11,2.110669,416.7392,0.3521486,30255.86
2026-10-01 13:55:40,485,0.00555555555555556,83,11,2.111952,415.5654,0.3520195,30274.94
2026-10-01 13:55:30,475,0.00543981481481481,83,11,2.11647,416.4892,NA,30286.35
2026-10-01 13:55:20,465,0.00532407407407407,83,11,2.113085,415.7783,0.3515341,30288.96
2026-10-01 13:55:10,455,0.00520833333333333,83,11,2.110823,416.1875,NA,30287.94
2026-10-01 13:55:00,445,0.00509259259259259,83,11,2.109252,415.9616,NA,30290.43
2026-10-01 13:54:50,435,0.00497685185185185,83,11,2.107026,416.6459,NA,30290.21
2026-10-01 13:54:40,425,0.00486111111111111,83,11,2.108105,416.0013,NA,30283.84
2026-10-01 13:54:30,415,0.00474537037037037,83,11,2.112506,417.6746,NA,30296.97
2026-10-01 13:54:20,405,0.00462962962962963,83,11,2.107061,416.6567,NA,30297.54
2026-10-01 13:54:10,395,0.00451388888888889,83,11,2.108578,416.1614,NA,30298.39
2026-10-01 13:54:00,385,0.00439814814814815,83,11,2.108046,417.136,NA,30318.35
2026-10-01 13:53:50,375,0.00428240740740741,83,11,2.107348,417.4749,NA,30329.2
2026-10-01 13:53:40,365,0.00416666666666667,83,11,2.10899,418.7063,NA,30348.27
2026-10-01 13:53:30,355,0.00405092592592593,83,11,2.106214,416.9608,0.3521978,30368.3
2026-10-01 13:53:20,345,0.00393518518518518,83,11,2.104995,417.4292,NA,30380.9
2026-10-01 13:53:10,335,0.00381944444444444,83,11,2.104341,416.6382,NA,30391.78
2026-10-01 13:53:00,325,0.0037037037037037,83,11,2.104427,416.1812,NA,30392.29
2026-10-01 13:52:50,315,0.00358796296296296,83,11,2.10576,416.8691,NA,30401.37
2026-10-01 13:52:40,305,0.00347222222222222,83,11,2.105687,416.2639,NA,30410.99
2026-10-01 13:52:30,295,0.00335648148148148,83,11,2.106711,417.5277,NA,30413.95
2026-10-01 13:52:20,285,0.00324074074074074,83,11,2.106786,417.8694,NA,30415.84
2026-10-01 13:52:10,274,0.003125,83,11,2.104182,417.7776,NA,30415.13
2026-10-01 13:52:00,265,0.00300925925925926,83,11,2.096974,417.3387,NA,30424.35
2026-10-01 13:51:50,255,0.00289351851851852,83,11,2.095967,416.3812,NA,30425.58
2026-10-01 13:51:40,245,0.00277777777777778,83,11,2.096624,418.1659,NA,30423.86
2026-10-01 13:51:30,235,0.00266203703703704,83,11,2.096822,417.8202,NA,30423.77
2026-10-01 13:51:20,225,0.0025462962962963,83,11,2.09675,418.7241,NA,30428.37
2026-10-01 13:51:10,215,0.00243055555555556,83,11,2.094788,417.7772,NA,30435.99
2026-10-01 13:51:00,205,0.00231481481481481,83,11,2.093074,418.9364,NA,30436.69
2026-10-01 13:50:50,195,0.00219907407407407,83,11,2.091717,417.9888,0.3518291,30455.67
2026-10-01 13:50:40,185,0.00208333333333333,83,11,2.092087,418.2892,0.3518767,30474.4
2026-10-01 13:50:30,175,0.00196759259259259,83,11,2.09072,418.7387,NA,30491.43
2026-10-01 13:50:20,165,0.00185185185185185,83,11,2.092875,418.6028,NA,30517.28
2026-10-01 13:50:10,155,0.00173611111111111,83,11,2.090832,417.4866,NA,30531.14
2026-10-01 13:50:00,145,0.00162037037037037,83,11,2.092002,416.6558,NA,30536
2026-10-01 13:49:50,135,0.00150462962962963,83,11,2.09286,415.2246,NA,30537.8
2026-10-01 13:49:40,125,0.00138888888888889,83,11,2.0909,416.4423,NA,30540.11
2026-10-01 13:49:30,115,0.00127314814814815,83,11,2.092162,416.6257,NA,30540.79
2026-10-01 13:49:20,105,0.00115740740740741,83,11,2.089319,416.31,NA,30533.62
2026-10-01 13:49:10,95,0.00104166666666667,83,11,2.090577,417.4091,NA,30526.93
2026-10-01 13:49:00,85,0.000925925925925926,83,11,2.091763,417.6931,NA,30517.02
2026-10-01 13:48:50,74,0.000810185185185185,83,11,2.09091,417.4511,NA,30527.69
2026-10-01 13:48:40,64,0.000694444444444444,83,11,2.093165,418.1328,NA,30547.73
2026-10-01 13:48:30,55,0.000578703703703704,83,11,2.091799,417.3162,NA,30562.62
2026-10-01 13:48:20,45,0.000462962962962963,83,11,2.094358,418.1274,NA,30581.3
2026-10-01 13:48:10,35,0.000347222222222222,83,11,2.093005,418.6729,NA,30601.67
2026-10-01 13:48:00,25,0.000231481481481481,83,11,2.146044,457.3456,NA,30613.08
2026-10-01 13:47:50,15,0.000115740740740741,83,11,2.143359,484.6443,NA,30639.95
2026-10-01 13:47:40,5,0,83,11,2.131691,454.189,NA,30492.69
2026-10-01 13:47:30,0,0.00694444444444444,82,2,2.099674,421.3612,NA,30403.39
2026-10-01 13:47:20,595,0.0068287037037037,82,2,2.099435,421.094,NA,30457.91
2026-10-01 13:47:10,585,0.00671296296296296,82,2,2.099486,421.6191,NA,30485.9
2026-10-01 13:47:00,575,0.00659722222222222,82,2,2.099672,421.3055,NA,30616.42
2026-10-01 13:46:50,565,0.00648148148148148,82,2,2.100378,421.0064,NA,30443.14
2026-10-01 13:46:40,555,0.00636574074074074,82,2,2.100363,422.1027,NA,30330.34
2026-10-01 13:46:30,545,0.00625,82,2,2.094468,416.7758,NA,30178.03
2026-10-01 13:46:20,535,0.00613425925925926,82,2,2.096505,416.5422,NA,30178.47
2026-10-01 13:46:10,525,0.00601851851851852,82,2,2.097018,416.2184,NA,30179.21
2026-10-01 13:46:00,515,0.00590277777777778,82,2,2.093492,416.309,NA,30168.24
2026-10-01 13:45:50,505,0.00578703703703704,82,2,2.092268,416.2769,0.3522699,30155.84
2026-10-01 13:45:40,495,0.0056712962962963,82,2,2.092129,415.5383,NA,30158.81
2026-10-01 13:45:30,485,0.00555555555555556,82,2,2.094045,415.5948,NA,30162.3
2026-10-01 13:45:20,475,0.00543981481481481,82,2,2.094677,415.9423,NA,30164.3
2026-10-01 13:45:10,464,0.00532407407407407,82,2,2.092408,415.8474,NA,30159.84
2026-10-01 13:45:00,454,0.00520833333333333,82,2,2.091185,415.8227,NA,30156.7
2026-10-01 13:44:50,445,0.00509259259259259,82,2,2.09017,416.9543,NA,30151.83
2026-10-01 13:44:40,435,0.00497685185185185,82,2,2.089256,415.8965,NA,30156.86
2026-10-01 13:44:30,425,0.00486111111111111,82,2,2.089767,416.346,0.3513848,30161.41
2026-10-01 13:44:20,415,0.00474537037037037,82,2,2.089814,416.8506,NA,30159.37
2026-10-01 13:44:10,405,0.00462962962962963,82,2,2.08949,417.0601,NA,30169.08
2026-10-01 13:44:00,395,0.00451388888888889,82,2,2.092263,416.6672,NA,30184.36
2026-10-01 13:43:50,385,0.00439814814814815,82,2,2.093453,416.8851,NA,30198.01
2026-10-01 13:43:40,375,0.00428240740740741,82,2,2.087984,415.8798,NA,30217.23
2026-10-01 13:43:30,365,0.00416666666666667,82,2,2.088255,416.5266,NA,30236.95
2026-10-01 13:43:20,355,0.00405092592592593,82,2,2.08779,417.3221,0.3512825,30249.54
2026-10-01 13:43:10,345,0.00393518518518518,82,2,2.087369,416.9885,0.3511364,30254.73
2026-10-01 13:43:00,335,0.00381944444444444,82,2,2.088002,418.1255,NA,30247.67
2026-10-01 13:42:50,325,0.0037037037037037,82,2,2.087242,418.7563,NA,30257.6
2026-10-01 13:42:40,315,0.00358796296296296,82,2,2.088912,418.2999,NA,30271.88
2026-10-01 13:42:30,305,0.00347222222222222,82,2,2.088952,417.5426,NA,30274.33
2026-10-01 13:42:20,295,0.00335648148148148,82,2,2.088983,415.9925,0.3516199,30282.15
2026-10-01 13:42:10,285,0.00324074074074074,82,2,2.086793,415.3356,NA,30289.98
2026-10-01 13:42:00,275,0.003125,82,2,2.085678,415.6764,NA,30300.9
2026-10-01 13:41:50,265,0.00300925925925926,82,2,2.085221,415.9044,NA,30307.46
2026-10-01 13:41:40,255,0.00289351851851852,82,2,2.085021,415.4709,NA,30308.38
2026-10-01 13:41:30,244,0.00277777777777778,82,2,2.08452,415.9839,NA,30306.67
2026-10-01 13:41:20,235,0.00266203703703704,82,2,2.084633,415.6365,NA,30297.03
2026-10-01 13:41:10,225,0.0025462962962963,82,2,2.084845,416.1339,NA,30290.77
2026-10-01 13:41:00,215,0.00243055555555556,82,2,2.085018,415.5238,NA,30295.39
2026-10-01 13:40:50,205,0.00231481481481481,82,2,2.085626,416.1013,0.3518011,30300.84
2026-10-01 13:40:40,195,0.00219907407407407,82,2,2.086936,416.2067,NA,30300.41
2026-10-01 13:40:30,185,0.00208333333333333,82,2,2.087951,416.1598,0.3518457,30307.3
2026-10-01 13:40:20,175,0.00196759259259259,82,2,2.085151,415.9746,NA,30301.93
2026-10-01 13:40:10,165,0.00185185185185185,82,2,2.085273,416.4875,NA,30292.54
2026-10-01 13:40:00,155,0.00173611111111111,82,2,2.085883,416.5103,NA,30293.43
2026-10-01 13:39:50,145,0.00162037037037037,82,2,2.086118,415.8165,NA,30309.61
2026-10-01 13:39:40,135,0.00150462962962963,82,2,2.085688,415.0623,NA,30313.46
2026-10-01 13:39:30,125,0.00138888888888889,82,2,2.085776,416.8025,NA,30320.8
2026-10-01 13:39:20,115,0.00127314814814815,82,2,2.085933,416.7281,0.3520373,30334.53
2026-10-01 13:39:10,105,0.00115740740740741,82,2,2.086098,416.2373,NA,30348.06
2026-10-01 13:39:00,95,0.00104166666666667,82,2,2.085722,417.1384,NA,30367.77
2026-10-01 13:38:50,85,0.000925925925925926,82,2,2.08656,417.5551,0.3517973,30385.17
2026-10-01 13:38:40,75,0.000810185185185185,82,2,2.08517,416.8497,NA,30398.95
2026-10-01 13:38:30,65,0.000694444444444444,82,2,2.08559,417.4823,NA,30422.63
2026-10-01 13:38:20,55,0.000578703703703704,82,2,2.085564,418.2975,NA,30452.13
2026-10-01 13:38:10,45,0.000462962962962963,82,2,2.086118,417.8694,NA,30492.18
2026-10-01 13:38:00,34,0.000347222222222222,82,2,2.086621,418.3748,NA,30541.15
2026-10-01 13:37:50,24,0.000231481481481481,82,2,2.098825,425.8891,NA,30602.86
2026-10-01 13:37:40,14,0.000115740740740741,82,2,2.156383,445.5403,NA,30669.19
2026-10-01 13:37:30,5,0,82,2,2.14069,467.4173,NA,30755.44
2026-10-01 13:37:20,0,0.00694444444444444,81,10,2.138918,483.7695,NA,30900.67
2026-10-01 13:37:10,595,0.0068287037037037,81,10,2.122031,477.4761,NA,31074.53
2026-10-01 13:37:00,585,0.00671296296296296,81,10,2.157156,448.3544,0.3544125,31327.06
2026-10-01 13:36:50,575,0.00659722222222222,81,10,2.112132,421.5735,NA,31458.57
2026-10-01 13:36:40,565,0.00648148148148148,81,10,2.110381,420.8737,NA,31312.68
2026-10-01 13:36:30,555,0.00636574074074074,81,10,2.109656,420.1289,NA,30957.93
2026-10-01 13:36:20,545,0.00625,81,10,2.106397,419.11,NA,30495.19
2026-10-01 13:36:10,535,0.00613425925925926,81,10,2.105151,419.6254,NA,30496.75
2026-10-01 13:36:00,525,0.00601851851851852,81,10,2.105206,418.8812,NA,30493.36
2026-10-01 13:35:50,515,0.00590277777777778,81,10,2.10481,419.0182,NA,30503.04
2026-10-01 13:35:40,505,0.00578703703703704,81,10,2.104414,418.5608,NA,30509.61
2026-10-01 13:35:30,495,0.0056712962962963,81,10,2.103662,418.652,NA,30504.75
2026-10-01 13:35:20,485,0.00555555555555556,81,10,2.103094,418.2208,0.3513343,30498.58
2026-10-01 13:35:10,475,0.00543981481481481,81,10,2.102205,419.0087,NA,30495.9
2026-10-01 13:35:00,465,0.00532407407407407,81,10,2.102659,418.942,NA,30491.35
2026-10-01 13:34:50,455,0.00520833333333333,81,10,2.101764,419.45,NA,30495.41
2026-10-01 13:34:40,445,0.00509259259259259,81,10,2.101745,419.2658,NA,30506.6
2026-10-01 13:34:30,435,0.00497685185185185,81,10,2.10047,419.8459,NA,30525.32
2026-10-01 13:34:20,425,0.00486111111111111,81,10,2.100219,418.2782,NA,30540.68
2026-10-01 13:34:10,415,0.00474537037037037,81,10,2.099623,418.8535,NA,30558.6
2026-10-01 13:34:00,405,0.00462962962962963,81,10,2.099629,418.9255,NA,30564.21
2026-10-01 13:33:50,395,0.00451388888888889,81,10,2.099077,419.0911,NA,30565.76
2026-10-01 13:33:40,385,0.00439814814814815,81,10,2.098458,418.9207,NA,30586.11
2026-10-01 13:33:30,375,0.00428240740740741,81,10,2.098484,418.3882,NA,30597.67
2026-10-01 13:33:20,365,0.00416666666666667,81,10,2.097331,417.6878,NA,30598.3
2026-10-01 13:33:10,355,0.00405092592592593,81,10,2.098322,418.3524,NA,30597.65
2026-10-01 13:33:00,345,0.00393518518518518,81,10,2.097698,418.4217,NA,30598.77
2026-10-01 13:32:50,335,0.00381944444444444,81,10,2.097386,418.6926,NA,30595.88
2026-10-01 13:32:40,325,0.0037037037037037,81,10,2.097895,419.2067,0.3515594,30605.42
2026-10-01 13:32:30,315,0.00358796296296296,81,10,2.094715,417.8286,NA,30599.44
2026-10-01 13:32:20,305,0.00347222222222222,81,10,2.093663,418.1199,NA,30595.47
2026-10-01 13:32:10,295,0.00335648148148148,81,10,2.093073,418.6949,NA,30594.13
2026-10-01 13:32:00,285,0.00324074074074074,81,10,2.093117,418.2948,NA,30588.56
2026-10-01 13:31:50,275,0.003125,81,10,2.092238,419.2001,NA,30591.21
2026-10-01 13:31:40,265,0.00300925925925926,81,10,2.091574,418.1524,NA,30590.1
2026-10-01 13:31:30,255,0.00289351851851852,81,10,2.09148,417.962,NA,30595.65
2026-10-01 13:31:20,245,0.00277777777777778,81,10,2.089721,417.9018,NA,30592.97
2026-10-01 13:31:10,235,0.00266203703703704,81,10,2.090427,418.4133,NA,30594.52
2026-10-01 13:31:00,225,0.0025462962962963,81,10,2.089069,417.262,NA,30601.06
2026-10-01 13:30:50,215,0.00243055555555556,81,10,2.088071,417.9029,0.3522007,30608.09
2026-10-01 13:30:40,205,0.00231481481481481,81,10,2.088499,419.182,NA,30609.95
2026-10-01 13:30:30,195,0.00219907407407407,81,10,2.088862,417.1458,NA,30623.2
2026-10-01 13:30:20,185,0.00208333333333333,81,10,2.089158,417.506,NA,30631.43
2026-10-01 13:30:10,175,0.00196759259259259,81,10,2.09113,417.6754,NA,30642.01
2026-10-01 13:30:00,165,0.00185185185185185,81,10,2.09161,417.8873,NA,30644.46
2026-10-01 13:29:50,155,0.00173611111111111,81,10,2.089459,418.2604,NA,30652.83
2026-10-01 13:29:40,145,0.00162037037037037,81,10,2.090477,417.6842,NA,30664.38
2026-10-01 13:29:30,135,0.00150462962962963,81,10,2.087637,418.5309,NA,30675.2
2026-10-01 13:29:20,125,0.00138888888888889,81,10,2.087453,418.5349,NA,30674.06
2026-10-01 13:29:10,115,0.00127314814814815,81,10,2.086799,419.5627,NA,30669.13
2026-10-01 13:29:00,105,0.00115740740740741,81,10,2.087273,419.3641,NA,30665.71
2026-10-01 13:28:50,95,0.00104166666666667,81,10,2.087569,418.8481,NA,30665.71
2026-10-01 13:28:40,85,0.000925925925925926,81,10,2.087629,418.2249,0.3524458,30668.85
2026-10-01 13:28:30,75,0.000810185185185185,81,10,2.089488,419.2039,NA,30679.98
2026-10-01 13:28:20,65,0.000694444444444444,81,10,2.088361,419.1298,NA,30698.39
2026-10-01 13:28:10,55,0.000578703703703704,81,10,2.088719,420.0764,NA,30714.4
2026-10-01 13:28:00,45,0.000462962962962963,81,10,2.087738,420.0703,NA,30736.97
2026-10-01 13:27:50,35,0.000347222222222222,81,10,2.090036,419.4643,NA,30762.72
2026-10-01 13:27:40,25,0.000231481481481481,81,10,2.097646,424.7059,NA,30794.2
2026-10-01 13:27:30,15,0.000115740740740741,81,10,2.262056,553.0313,NA,30807.5
2026-10-01 13:27:20,5,0,81,10,2.177353,497.4472,NA,30842.41
2026-10-01 13:27:10,0,0.00694444444444444,80,7,2.152974,484.441,NA,30840.04
2026-10-01 13:27:00,595,0.0068287037037037,80,7,2.121405,451.8359,NA,30887.22
2026-10-01 13:26:50,585,0.00671296296296296,80,7,2.099416,419.0518,NA,30856.45
2026-10-01 13:26:40,575,0.00659722222222222,80,7,2.099732,419.2359,NA,30900.43
2026-10-01 13:26:30,565,0.00648148148148148,80,7,2.100985,417.9541,NA,30953.79
2026-10-01 13:26:20,555,0.00636574074074074,80,7,2.099756,417.8331,NA,31077.23
2026-10-01 13:26:10,545,0.00625,80,7,2.091788,410.4431,NA,31018.75
2026-10-01 13:26:00,535,0.00613425925925926,80,7,2.092248,410.8847,NA,31022.99
2026-10-01 13:25:50,525,0.00601851851851852,80,7,2.093087,410.4842,0.3516498,31031.44
2026-10-01 13:25:40,515,0.00590277777777778,80,7,2.09306,409.9073,NA,31039.31
2026-10-01 13:25:30,505,0.00578703703703704,80,7,2.092108,411.6375,NA,31047.8
2026-10-01 13:25:20,495,0.0056712962962963,80,7,2.09276,412.4617,0.3524081,31046.48
2026-10-01 13:25:10,485,0.00555555555555556,80,7,2.092602,411.5785,NA,31048.85
2026-10-01 13:25:00,475,0.00543981481481481,80,7,2.092604,412.1216,NA,31038.37
2026-10-01 13:24:50,465,0.00532407407407407,80,7,2.093134,412.0657,NA,31030.49
2026-10-01 13:24:40,455,0.00520833333333333,80,7,2.092076,412.1649,NA,31023.16
2026-10-01 13:24:30,445,0.00509259259259259,80,7,2.090944,412.4355,NA,31016.94
2026-10-01 13:24:20,435,0.00497685185185185,80,7,2.09156,413.522,NA,30995.61
2026-10-01 13:24:10,425,0.00486111111111111,80,7,2.09196,413.5699,NA,30987.86
2026-10-01 13:24:00,415,0.00474537037037037,80,7,2.09101,414.114,NA,30986.62
2026-10-01 13:23:50,404,0.00462962962962963,80,7,2.092116,412.5854,NA,30978.97
2026-10-01 13:23:40,395,0.00451388888888889,80,7,2.092374,412.6615,NA,30973.53
2026-10-01 13:23:30,385,0.00439814814814815,80,7,2.093577,412.3704,NA,30963.82
2026-10-01 13:23:20,375,0.00428240740740741,80,7,2.097196,413.6024,NA,30945.1
2026-10-01 13:23:10,365,0.00416666666666667,80,7,2.094132,413.4206,NA,30935.95
2026-10-01 13:23:00,355,0.00405092592592593,80,7,2.094608,413.5545,NA,30920.43
2026-10-01 13:22:50,345,0.00393518518518518,80,7,2.088608,413.6277,NA,30912.12
2026-10-01 13:22:40,335,0.00381944444444444,80,7,2.089048,413.7591,NA,30921.59
2026-10-01 13:22:30,325,0.0037037037037037,80,7,2.089472,414.3989,NA,30939.04
2026-10-01 13:22:20,315,0.00358796296296296,80,7,2.091223,413.5587,NA,30954.46
2026-10-01 13:22:10,305,0.00347222222222222,80,7,2.094532,413.5699,NA,30965.93
2026-10-01 13:22:00,295,0.00335648148148148,80,7,2.095455,414.5211,NA,30973.62
2026-10-01 13:21:50,285,0.00324074074074074,80,7,2.094591,414.6781,NA,30966.41
2026-10-01 13:21:40,275,0.003125,80,7,2.087024,415.1301,NA,30955.31
2026-10-01 13:21:30,265,0.00300925925925926,80,7,2.087274,415.2204,NA,30962.26
2026-10-01 13:21:20,255,0.00289351851851852,80,7,2.089046,415.1963,NA,30963.52
2026-10-01 13:21:10,245,0.00277777777777778,80,7,2.087922,415.8862,NA,30953.57
2026-10-01 13:21:00,235,0.00266203703703704,80,7,2.089045,416.4361,NA,30948.93
2026-10-01 13:20:50,225,0.0025462962962963,80,7,2.090728,415.8015,0.3522589,30947.4
2026-10-01 13:20:40,215,0.00243055555555556,80,7,2.093422,416.7268,NA,30959.03
2026-10-01 13:20:30,205,0.00231481481481481,80,7,2.08555,416.3928,NA,30960.29
2026-10-01 13:20:20,195,0.00219907407407407,80,7,2.085651,417.1557,0.3523363,30963.85
2026-10-01 13:20:10,185,0.00208333333333333,80,7,2.085245,416.4846,NA,30971.13
2026-10-01 13:20:00,175,0.00196759259259259,80,7,2.083858,416.3157,NA,30980.95
2026-10-01 13:19:50,165,0.00185185185185185,80,7,2.083756,415.8942,NA,30977.62
2026-10-01 13:19:40,155,0.00173611111111111,80,7,2.083659,415.4457,NA,30976.98
2026-10-01 13:19:30,145,0.00162037037037037,80,7,2.084023,415.6049,NA,30984.97
2026-10-01 13:19:20,135,0.00150462962962963,80,7,2.084022,415.7135,0.352543,30987.34
2026-10-01 13:19:10,125,0.00138888888888889,80,7,2.085067,415.5336,NA,30985.68
2026-10-01 13:19:00,115,0.00127314814814815,80,7,2.087947,415.5479,0.3519986,30979.54
2026-10-01 13:18:50,105,0.00115740740740741,80,7,2.087183,416.3184,NA,30971.39
2026-10-01 13:18:40,95,0.00104166666666667,80,7,2.08786,416.1646,NA,30957.53
2026-10-01 13:18:30,85,0.000925925925925926,80,7,2.085545,416.1224,NA,30951.66
2026-10-01 13:18:20,75,0.000810185185185185,80,7,2.085334,417.266,NA,30945.11
2026-10-01 13:18:10,65,0.000694444444444444,80,7,2.086473,415.9089,NA,30935.59
2026-10-01 13:18:00,55,0.000578703703703704,80,7,2.085716,416.5021,NA,30925.97
2026-10-01 13:17:50,45,0.000462962962962963,80,7,2.086828,417.3696,NA,30909.55
2026-10-01 13:17:40,35,0.000347222222222222,80,7,2.085026,417.8015,NA,30883.73
2026-10-01 13:17:30,25,0.000231481481481481,80,7,2.094995,425.6153,NA,30847.1
2026-10-01 13:17:20,15,0.000115740740740741,80,7,2.156201,460.0316,NA,30789.09
2026-10-01 13:17:10,5,0,80,7,2.180131,515.322,NA,30623.88
2026-10-01 13:17:00,0,0.00694444444444444,79,1,2.155668,461.2198,NA,30592.14
2026-10-01 13:16:50,595,0.0068287037037037,79,1,2.138,459.192,NA,30568.89
2026-10-01 13:16:40,585,0.00671296296296296,79,1,2.11125,423.8073,NA,30604.43
2026-10-01 13:16:30,575,0.00659722222222222,79,1,2.101518,420.2385,0.3741942,30563.3
2026-10-01 13:16:20,565,0.00648148148148148,79,1,2.104377,418.7869,NA,30621.92
2026-10-01 13:16:10,555,0.00636574074074074,79,1,2.104682,415.9815,NA,30859.36
2026-10-01 13:16:00,545,0.00625,79,1,2.095659,413.524,NA,30561.27
2026-10-01 13:15:50,535,0.00613425925925926,79,1,2.095091,414.427,NA,30583.8
2026-10-01 13:15:40,525,0.00601851851851852,79,1,2.095581,414.26,NA,30585.21
2026-10-01 13:15:30,515,0.00590277777777778,79,1,2.095463,414.5145,NA,30574.05
2026-10-01 13:15:20,505,0.00578703703703704,79,1,2.094545,414.9163,NA,30559.95
2026-10-01 13:15:10,495,0.0056712962962963,79,1,2.094692,415.4982,NA,30549.78
2026-10-01 13:15:00,485,0.00555555555555556,79,1,2.094811,415.161,NA,30544.54
2026-10-01 13:14:50,475,0.00543981481481481,79,1,2.095139,415.2352,NA,30541.08
2026-10-01 13:14:40,465,0.00532407407407407,79,1,2.094686,415.8399,NA,30540.26
2026-10-01 13:14:30,455,0.00520833333333333,79,1,2.094994,414.9291,NA,30541.87
2026-10-01 13:14:20,445,0.00509259259259259,79,1,2.096048,415.3683,NA,30535.29
2026-10-01 13:14:10,435,0.00497685185185185,79,1,2.096038,415.8513,NA,30520.2
2026-10-01 13:14:00,425,0.00486111111111111,79,1,2.100097,415.6418,NA,30506.22
2026-10-01 13:13:50,415,0.00474537037037037,79,1,2.105742,414.0772,NA,30494.16
2026-10-01 13:13:40,404,0.00462962962962963,79,1,2.101228,415.3549,NA,30495.38
2026-10-01 13:13:30,395,0.00451388888888889,79,1,2.094717,415.5215,NA,30493.73
2026-10-01 13:13:20,385,0.00439814814814815,79,1,2.092291,415.8444,NA,30494.12
2026-10-01 13:13:10,375,0.00428240740740741,79,1,2.093669,414.5443,0.3511563,30491.85
2026-10-01 13:13:00,365,0.00416666666666667,79,1,2.09187,415.7443,NA,30482.16
2026-10-01 13:12:50,355,0.00405092592592593,79,1,2.089713,415.7051,NA,30470.5
2026-10-01 13:12:40,345,0.00393518518518518,79,1,2.088975,415.6628,NA,30469.66
2026-10-01 13:12:30,335,0.00381944444444444,79,1,2.088989,416.482,NA,30467.93
2026-10-01 13:12:20,325,0.0037037037037037,79,1,2.088948,416.7014,NA,30460.49
2026-10-01 13:12:10,315,0.00358796296296296,79,1,2.089171,416.2906,NA,30452.54
2026-10-01 13:12:00,305,0.00347222222222222,79,1,2.088435,416.2858,NA,30454.52
2026-10-01 13:11:50,295,0.00335648148148148,79,1,2.088091,417.0794,NA,30456.51
2026-10-01 13:11:40,285,0.00324074074074074,79,1,2.088617,416.4047,NA,30457.05
2026-10-01 13:11:30,275,0.003125,79,1,2.088234,416.693,0.3521047,30450.78
2026-10-01 13:11:20,265,0.00300925925925926,79,1,2.088174,417.7155,NA,30451.04
2026-10-01 13:11:10,255,0.00289351851851852,79,1,2.087917,417.3366,NA,30461.43
2026-10-01 13:11:00,245,0.00277777777777778,79,1,2.087189,416.8639,NA,30474.16
2026-10-01 13:10:50,235,0.00266203703703704,79,1,2.088024,416.7662,NA,30484.3
2026-10-01 13:10:40,225,0.0025462962962963,79,1,2.089611,417.4346,NA,30488.41
2026-10-01 13:10:30,215,0.00243055555555556,79,1,2.088923,417.2707,NA,30483.97
2026-10-01 13:10:20,205,0.00231481481481481,79,1,2.088176,417.1315,0.3519113,30476.29
2026-10-01 13:10:10,195,0.00219907407407407,79,1,2.087206,416.6724,NA,30469.31
2026-10-01 13:10:00,185,0.00208333333333333,79,1,2.085239,416.8196,NA,30456.67
2026-10-01 13:09:50,175,0.00196759259259259,79,1,2.085417,417.4555,NA,30449.51
2026-10-01 13:09:40,165,0.00185185185185185,79,1,2.084746,418.1659,NA,30456.01
2026-10-01 13:09:30,155,0.00173611111111111,79,1,2.086049,417.7397,NA,30457.54
2026-10-01 13:09:20,145,0.00162037037037037,79,1,2.08753,418.1207,NA,30459.56
2026-10-01 13:09:10,135,0.00150462962962963,79,1,2.087055,417.692,NA,30460.52
2026-10-01 13:09:00,125,0.00138888888888889,79,1,2.085418,417.5695,NA,30454.95
2026-10-01 13:08:50,115,0.00127314814814815,79,1,2.087341,418.05,NA,30448.68
2026-10-01 13:08:40,105,0.00115740740740741,79,1,2.090273,417.0792,0.3520001,30447.72
2026-10-01 13:08:30,95,0.00104166666666667,79,1,2.089444,418.0289,NA,30444.13
2026-10-01 13:08:20,85,0.000925925925925926,79,1,2.087959,417.8052,NA,30441.61
2026-10-01 13:08:10,75,0.000810185185185185,79,1,2.08905,417.8977,NA,30445.63
2026-10-01 13:08:00,65,0.000694444444444444,79,1,2.088894,418.667,NA,30426.73
2026-10-01 13:07:50,55,0.000578703703703704,79,1,2.088636,419.0928,0.3513487,30411.84
2026-10-01 13:07:40,45,0.000462962962962963,79,1,2.088881,419.2173,0.351578,30398.58
2026-10-01 13:07:30,35,0.000347222222222222,79,1,2.088024,420.7638,NA,30387.86
2026-10-01 13:07:20,25,0.000231481481481481,79,1,2.107081,435.6823,NA,30392.54
2026-10-01 13:07:10,15,0.000115740740740741,79,1,2.156088,494.3198,NA,30401.84
2026-10-01 13:07:00,5,0,79,1,2.131974,483.5113,NA,30284.83
2026-10-01 13:06:50,0,0.00694444444444444,78,6,2.128278,482.0627,NA,30317.23
2026-10-01 13:06:40,595,0.0068287037037037,78,6,2.127457,482.208,0.353461,30390.82
2026-10-01 13:06:30,585,0.00671296296296296,78,6,2.118777,484.2484,NA,30500.49
2026-10-01 13:06:20,575,0.00659722222222222,78,6,2.129105,480.6044,NA,30769.02
2026-10-01 13:06:10,565,0.00648148148148148,78,6,2.103375,423.4454,NA,30741.7
2026-10-01 13:06:00,555,0.00636574074074074,78,6,2.10335,423.1267,NA,30344.85
2026-10-01 13:05:50,545,0.00625,78,6,2.096551,414.4407,0.3522704,30047.67
2026-10-01 13:05:40,535,0.00613425925925926,78,6,2.095468,414.0798,0.3525087,30034.94
2026-10-01 13:05:30,525,0.00601851851851852,78,6,2.093087,415.5184,NA,30031.58
2026-10-01 13:05:20,515,0.00590277777777778,78,6,2.09087,415.0213,NA,30031.22
2026-10-01 13:05:10,504,0.00578703703703704,78,6,2.088871,413.7945,NA,30036.67
2026-10-01 13:05:00,495,0.0056712962962963,78,6,2.088267,414.4573,NA,30038.79
2026-10-01 13:04:50,485,0.00555555555555556,78,6,2.088464,414.9112,NA,30047.48
2026-10-01 13:04:40,475,0.00543981481481481,78,6,2.088104,414.371,NA,30050.76
2026-10-01 13:04:30,465,0.00532407407407407,78,6,2.087842,415.1642,0.3524161,30051.53
2026-10-01 13:04:20,455,0.00520833333333333,78,6,2.088426,414.7052,NA,30051.19
2026-10-01 13:04:10,445,0.00509259259259259,78,6,2.088122,414.7246,NA,30058.69
2026-10-01 13:04:00,435,0.00497685185185185,78,6,2.087491,415.2792,NA,30061.93
2026-10-01 13:03:50,425,0.00486111111111111,78,6,2.086781,414.5873,NA,30063.42
2026-10-01 13:03:40,415,0.00474537037037037,78,6,2.086813,415.6403,0.3526774,30066.43
2026-10-01 13:03:30,405,0.00462962962962963,78,6,2.086444,414.6302,NA,30073.71
2026-10-01 13:03:20,395,0.00451388888888889,78,6,2.086708,415.7006,NA,30069.87
2026-10-01 13:03:10,385,0.00439814814814815,78,6,2.086936,415.2831,NA,30076.9
2026-10-01 13:03:00,375,0.00428240740740741,78,6,2.090122,415.9953,NA,30064.96
2026-10-01 13:02:50,365,0.00416666666666667,78,6,2.087731,415.0768,NA,30053.64
2026-10-01 13:02:40,355,0.00405092592592593,78,6,2.088179,415.4678,NA,30044.79
2026-10-01 13:02:30,345,0.00393518518518518,78,6,2.087499,415.621,NA,30032.28
2026-10-01 13:02:20,335,0.00381944444444444,78,6,2.088132,414.8746,NA,30022.36
2026-10-01 13:02:10,325,0.0037037037037037,78,6,2.08544,415.1814,NA,30013.14
2026-10-01 13:02:00,315,0.00358796296296296,78,6,2.084717,415.6707,0.3530333,30013.37
2026-10-01 13:01:50,305,0.00347222222222222,78,6,2.084722,414.8029,NA,30003.83
2026-10-01 13:01:40,295,0.00335648148148148,78,6,2.084012,416.7666,NA,30007.11
2026-10-01 13:01:30,285,0.00324074074074074,78,6,2.084329,416.0467,NA,30003.48
2026-10-01 13:01:20,275,0.003125,78,6,2.084528,415.6911,NA,29991.41
2026-10-01 13:01:10,265,0.00300925925925926,78,6,2.08532,416.0116,NA,29978.31
2026-10-01 13:01:00,255,0.00289351851851852,78,6,2.084561,416.0552,0.352613,29969.71
2026-10-01 13:00:50,245,0.00277777777777778,78,6,2.083179,416.5053,0.3531725,29959.93
2026-10-01 13:00:40,235,0.00266203703703704,78,6,2.083548,416.4526,NA,29954.2
2026-10-01 13:00:30,225,0.0025462962962963,78,6,2.082161,417.3503,NA,29953.27
2026-10-01 13:00:20,215,0.00243055555555556,78,6,2.082137,419.0002,0.3530207,29954.76
2026-10-01 13:00:10,205,0.00231481481481481,78,6,2.080359,417.9464,NA,29956.65
2026-10-01 13:00:00,195,0.00219907407407407,78,6,2.080229,418.5361,NA,29966.19
2026-10-01 12:59:50,185,0.00208333333333333,78,6,2.080021,418.2079,NA,29978.83
2026-10-01 12:59:40,174,0.00196759259259259,78,6,2.079777,418.7953,NA,29981.6
2026-10-01 12:59:30,165,0.00185185185185185,78,6,2.080492,419.0053,NA,29986.54
2026-10-01 12:59:20,155,0.00173611111111111,78,6,2.080763,418.326,0.3536358,29993.12
2026-10-01 12:59:10,145,0.00162037037037037,78,6,2.080247,418.1253,NA,29999.23
2026-10-01 12:59:00,135,0.00150462962962963,78,6,2.081349,417.5741,NA,30003.24
2026-10-01 12:58:50,125,0.00138888888888889,78,6,2.081795,418.0766,NA,30007.21
2026-10-01 12:58:40,115,0.00127314814814815,78,6,2.084599,417.9724,NA,30025.52
2026-10-01 12:58:30,105,0.00115740740740741,78,6,2.081837,418.1531,NA,30039.68
2026-10-01 12:58:20,95,0.00104166666666667,78,6,2.082317,418.2954,NA,30062.04
2026-10-01 12:58:10,85,0.000925925925925926,78,6,2.083069,418.9616,NA,30087.96
2026-10-01 12:58:00,75,0.000810185185185185,78,6,2.084999,418.7494,NA,30124.25
2026-10-01 12:57:50,65,0.000694444444444444,78,6,2.098652,426.4893,0.3519823,30166.31
2026-10-01 12:57:40,55,0.000578703703703704,78,6,2.192944,466.0417,0.3466419,30232.75
2026-10-01 12:57:30,45,0.000462962962962963,78,6,2.279645,565.126,NA,30379.52
2026-10-01 12:57:20,35,0.000347222222222222,78,6,2.107597,425.5087,NA,30470.65
2026-10-01 12:57:10,25,0.000231481481481481,78,6,2.108466,426.6989,NA,30553.32
2026-10-01 12:57:00,15,0.000115740740740741,78,6,2.107883,423.8941,NA,30702.8
2026-10-01 12:56:50,5,0,78,6,2.080392,418.6724,NA,30580.84
2026-10-01 12:56:40,0,0.00694444444444444,77,3,2.080732,417.713,NA,30560.05
2026-10-01 12:56:30,595,0.0068287037037037,77,3,2.080539,417.7229,NA,30556.82
2026-10-01 12:56:20,585,0.00671296296296296,77,3,2.083204,418.0993,NA,30548.23
2026-10-01 12:56:10,575,0.00659722222222222,77,3,2.085603,417.5381,NA,30559.06
2026-10-01 12:56:00,565,0.00648148148148148,77,3,2.095582,420.2592,NA,30609.5
2026-10-01 12:55:50,555,0.00636574074074074,77,3,2.107967,442.876,NA,29775.66
2026-10-01 12:55:40,545,0.00625,77,3,2.089757,417.7121,NA,29529.07
2026-10-01 12:55:30,535,0.00613425925925926,77,3,2.089841,417.2,NA,29528.79
2026-10-01 12:55:20,525,0.00601851851851852,77,3,2.089335,417.5054,NA,29538.41
2026-10-01 12:55:10,515,0.00590277777777778,77,3,2.089608,418.0533,NA,29551.25
2026-10-01 12:55:00,505,0.00578703703703704,77,3,2.088402,417.8162,NA,29571.98
2026-10-01 12:54:50,495,0.0056712962962963,77,3,2.087734,418.2495,NA,29582.85
2026-10-01 12:54:40,485,0.00555555555555556,77,3,2.08805,417.3839,NA,29585.56
2026-10-01 12:54:30,475,0.00543981481481481,77,3,2.088456,417.6588,NA,29590
2026-10-01 12:54:20,465,0.00532407407407407,77,3,2.089427,416.7836,NA,29589.17
2026-10-01 12:54:10,455,0.00520833333333333,77,3,2.090312,417.4773,NA,29598.44
2026-10-01 12:54:00,445,0.00509259259259259,77,3,2.090575,417.6534,NA,29609.63
2026-10-01 12:53:50,435,0.00497685185185185,77,3,2.091011,418.3462,NA,29615.58
2026-10-01 12:53:40,425,0.00486111111111111,77,3,2.091503,417.9364,NA,29618.11
2026-10-01 12:53:30,415,0.00474537037037037,77,3,2.096545,417.6158,0.35207,29624.33
2026-10-01 12:53:20,405,0.00462962962962963,77,3,2.102823,417.2339,0.3523617,29631.17
2026-10-01 12:53:10,395,0.00451388888888889,77,3,2.114104,417.9668,NA,29642.28
2026-10-01 12:53:00,385,0.00439814814814815,77,3,2.127695,416.7918,0.3523985,29661.87
2026-10-01 12:52:50,375,0.00428240740740741,77,3,2.158511,417.4274,0.3523724,29673.26
2026-10-01 12:52:40,365,0.00416666666666667,77,3,2.175568,417.415,NA,29686.36
2026-10-01 12:52:30,355,0.00405092592592593,77,3,2.177569,417.1444,NA,29695.92
2026-10-01 12:52:20,345,0.00393518518518518,77,3,2.177505,417.8762,NA,29709.87
2026-10-01 12:52:10,335,0.00381944444444444,77,3,2.123776,417.6262,NA,29719.39
2026-10-01 12:52:00,325,0.0037037037037037,77,3,2.090153,418.3967,NA,29740.11
2026-10-01 12:51:50,315,0.00358796296296296,77,3,2.082737,418.0575,0.3526234,29750.04
2026-10-01 12:51:40,305,0.00347222222222222,77,3,2.081012,417.7617,0.3526588,29760.89
2026-10-01 12:51:30,295,0.00335648148148148,77,3,2.082024,417.8472,0.3524546,29766.2
2026-10-01 12:51:20,285,0.00324074074074074,77,3,2.081655,419.2725,0.3527826,29779.57
2026-10-01 12:51:10,275,0.003125,77,3,2.080754,418.4653,0.3527246,29795.73
2026-10-01 12:51:00,265,0.00300925925925926,77,3,2.080483,418.3098,0.3525911,29815.77
2026-10-01 12:50:50,255,0.00289351851851852,77,3,2.079849,418.7021,NA,29830.03
2026-10-01 12:50:40,245,0.00277777777777778,77,3,2.079475,419.0684,0.3524776,29837.7
2026-10-01 12:50:30,235,0.00266203703703704,77,3,2.079482,418.5515,0.3525922,29848.53
2026-10-01 12:50:20,225,0.0025462962962963,77,3,2.079427,419.2881,NA,29855.38
2026-10-01 12:50:10,215,0.00243055555555556,77,3,2.079996,419.4408,0.3525925,29865.33
2026-10-01 12:50:00,205,0.00231481481481481,77,3,2.080843,419.4439,0.3528311,29874.81
2026-10-01 12:49:50,195,0.00219907407407407,77,3,2.079492,419.3791,NA,29885.91
2026-10-01 12:49:40,185,0.00208333333333333,77,3,2.081374,419.7976,0.3527965,29894.76
2026-10-01 12:49:30,175,0.00196759259259259,77,3,2.084423,418.5597,NA,29912.33
2026-10-01 12:49:20,165,0.00185185185185185,77,3,2.083427,418.3022,NA,29927.32
2026-10-01 12:49:10,155,0.00173611111111111,77,3,2.082591,418.5372,0.3530278,29935.98
2026-10-01 12:49:00,145,0.00162037037037037,77,3,2.08195,417.3729,NA,29944.55
2026-10-01 12:48:50,135,0.00150462962962963,77,3,2.081644,418.2138,0.3532794,29957.84
2026-10-01 12:48:40,125,0.00138888888888889,77,3,2.081849,418.3098,0.3530437,29965.33
2026-10-01 12:48:30,115,0.00127314814814815,77,3,2.082158,418.7894,NA,29971.17
2026-10-01 12:48:20,105,0.00115740740740741,77,3,2.083382,418.6342,0.3531189,29982.93
2026-10-01 12:48:10,95,0.00104166666666667,77,3,2.082475,419.0136,0.3532468,29987.76
2026-10-01 12:48:00,85,0.000925925925925926,77,3,2.08228,419.3224,NA,30001.18
2026-10-01 12:47:50,75,0.000810185185185185,77,3,2.082742,419.4056,NA,30023.55
2026-10-01 12:47:40,65,0.000694444444444444,77,3,2.083772,418.4426,0.3535655,30043.45
2026-10-01 12:47:30,55,0.000578703703703704,77,3,2.084185,419.5045,NA,30069.96
2026-10-01 12:47:20,45,0.000462962962962963,77,3,2.085641,419.0992,0.353898,30096.75
2026-10-01 12:47:10,35,0.000347222222222222,77,3,2.084074,419.6811,0.3539519,30126.26
2026-10-01 12:47:00,25,0.000231481481481481,77,3,2.085062,419.7414,NA,30155.98
2026-10-01 12:46:50,15,0.000115740740740741,77,3,2.085753,420.0561,NA,30188.04
2026-10-01 12:46:40,5,0,77,3,2.09236,422.0612,0.352022,30235.29
2026-10-01 12:46:30,0,0.00694444444444444,76,12,2.21376,498.0828,NA,30285.81
2026-10-01 12:46:20,595,0.0068287037037037,76,12,2.235287,562.4561,0.3552955,30378.35
2026-10-01 12:46:10,585,0.00671296296296296,76,12,2.225157,557.0634,0.3601639,30581.73
2026-10-01 12:46:00,575,0.00659722222222222,76,12,2.11418,427.981,0.3825604,30759.68
2026-10-01 12:45:50,565,0.00648148148148148,76,12,2.114649,426.7711,0.3901084,30811.65
2026-10-01 12:45:40,555,0.00636574074074074,76,12,2.113942,425.0424,0.3918617,31036.39
2026-10-01 12:45:30,544,0.00625,76,12,2.097206,418.0603,NA,30819.38
2026-10-01 12:45:20,535,0.00613425925925926,76,12,2.108294,417.1998,NA,30809.33
2026-10-01 12:45:10,525,0.00601851851851852,76,12,2.131379,416.1972,0.3528816,30810.03
2026-10-01 12:45:00,515,0.00590277777777778,76,12,2.140961,415.4592,0.3529606,30815.2
2026-10-01 12:44:50,505,0.00578703703703704,76,12,2.139848,416.3496,NA,30816.99
2026-10-01 12:44:40,495,0.0056712962962963,76,12,2.138263,418.6592,0.3530452,30824.18
2026-10-01 12:44:30,485,0.00555555555555556,76,12,2.13631,418.4922,0.3528816,30819.27
2026-10-01 12:44:20,474,0.00543981481481481,76,12,2.134537,418.9255,NA,30808.35
2026-10-01 12:44:10,465,0.00532407407407407,76,12,2.132792,417.3737,0.3525552,30798.3
2026-10-01 12:44:00,455,0.00520833333333333,76,12,2.131101,417.1487,0.3526813,30796.02
2026-10-01 12:43:50,445,0.00509259259259259,76,12,2.129444,417.2228,0.3527354,30796.21
2026-10-01 12:43:40,435,0.00497685185185185,76,12,2.127701,416.993,0.3529311,30808.75
2026-10-01 12:43:30,425,0.00486111111111111,76,12,2.126202,417.1912,0.3529691,30811.35
2026-10-01 12:43:20,414,0.00474537037037037,76,12,2.124297,417.0131,NA,30817.19
2026-10-01 12:43:10,405,0.00462962962962963,76,12,2.122862,416.7663,0.3527668,30822.13
2026-10-01 12:43:00,394,0.00451388888888889,76,12,2.120982,417.0274,NA,30822.6
2026-10-01 12:42:50,385,0.00439814814814815,76,12,2.119742,416.6463,0.3526684,30829.74
2026-10-01 12:42:40,375,0.00428240740740741,76,12,2.117882,417.7519,0.3530623,30830.9
2026-10-01 12:42:30,365,0.00416666666666667,76,12,2.116599,417.5866,0.3530283,30823.88
2026-10-01 12:42:20,355,0.00405092592592593,76,12,2.114596,416.7609,0.3530526,30814.11
2026-10-01 12:42:10,345,0.00393518518518518,76,12,2.113078,416.8738,NA,30802.97
2026-10-01 12:42:00,335,0.00381944444444444,76,12,2.111896,416.6624,0.3529262,30796.3
2026-10-01 12:41:50,325,0.0037037037037037,76,12,2.110075,417.4133,NA,30796.24
2026-10-01 12:41:40,314,0.00358796296296296,76,12,2.107555,417.6556,NA,30805.39
2026-10-01 12:41:30,305,0.00347222222222222,76,12,2.105768,417.5085,0.352378,30802.88
2026-10-01 12:41:20,295,0.00335648148148148,76,12,2.104189,417.6953,NA,30807.55
2026-10-01 12:41:10,285,0.00324074074074074,76,12,2.1018,417.9539,0.3524083,30807.01
2026-10-01 12:41:00,275,0.003125,76,12,2.100142,417.7192,0.3523376,30812.07
2026-10-01 12:40:50,265,0.00300925925925926,76,12,2.098274,417.4792,0.3522292,30827.8
2026-10-01 12:40:40,255,0.00289351851851852,76,12,2.096185,418.0963,0.3526542,30833.72
2026-10-01 12:40:30,245,0.00277777777777778,76,12,2.094933,417.7801,NA,30828.07
2026-10-01 12:40:20,235,0.00266203703703704,76,12,2.093455,418.8116,0.3522799,30834.02
2026-10-01 12:40:10,225,0.0025462962962963,76,12,2.091878,418.9139,0.3525608,30847.03
2026-10-01 12:40:00,215,0.00243055555555556,76,12,2.090397,418.9454,0.3523289,30858.63
2026-10-01 12:39:50,205,0.00231481481481481,76,12,2.088908,419.1184,0.3523761,30872.49
2026-10-01 12:39:40,195,0.00219907407407407,76,12,2.087333,418.9839,0.3527346,30879.22
2026-10-01 12:39:30,185,0.00208333333333333,76,12,2.086399,419.6148,NA,30883.56
2026-10-01 12:39:20,175,0.00196759259259259,76,12,2.085137,419.1628,0.351999,30894.34
2026-10-01 12:39:10,165,0.00185185185185185,76,12,2.08288,420.4971,0.3519857,30907.12
2026-10-01 12:39:00,155,0.00173611111111111,76,12,2.082784,418.7491,0.3521165,30923.62
2026-10-01 12:38:50,145,0.00162037037037037,76,12,2.084597,419.2731,0.3520234,30935.59
2026-10-01 12:38:40,135,0.00150462962962963,76,12,2.083965,418.7101,0.3520234,30937.42
2026-10-01 12:38:30,125,0.00138888888888889,76,12,2.083538,417.7268,0.3520587,30943.3
2026-10-01 12:38:20,115,0.00127314814814815,76,12,2.083703,417.8737,0.3519271,30956.93
2026-10-01 12:38:10,104,0.00115740740740741,76,12,2.082363,417.4749,NA,30977.28
2026-10-01 12:38:00,95,0.00104166666666667,76,12,2.080978,417.2188,0.3517588,30993.63
2026-10-01 12:37:50,85,0.000925925925925926,76,12,2.080831,416.5397,0.3518209,31010.43
2026-10-01 12:37:40,75,0.000810185185185185,76,12,2.081025,416.4424,0.3520464,31020.14
2026-10-01 12:37:30,65,0.000694444444444444,76,12,2.081353,416.5554,NA,31024.76
2026-10-01 12:37:20,55,0.000578703703703704,76,12,2.081158,416.1027,0.3520507,31028.05
2026-10-01 12:37:10,45,0.000462962962962963,76,12,2.081956,415.8234,0.3521875,31026.95
2026-10-01 12:37:00,35,0.000347222222222222,76,12,2.083087,416.1313,0.352093,31023.09
2026-10-01 12:36:50,25,0.000231481481481481,76,12,2.084994,416.2821,0.3518197,31026.01
2026-10-01 12:36:40,15,0.000115740740740741,76,12,2.090371,416.3879,0.3518234,31025.37
2026-10-01 12:36:30,5,0,76,12,2.08479,417.493,NA,30962.28
2026-10-01 12:36:20,0,0.00694444444444444,75,9,2.084156,417.4883,0.3512534,30897.61
2026-10-01 12:36:10,595,0.0068287037037037,75,9,2.084135,417.5579,NA,30924.43
2026-10-01 12:36:00,585,0.00671296296296296,75,9,2.085277,416.8937,0.3513165,30944.38
2026-10-01 12:35:50,575,0.00659722222222222,75,9,2.090092,417.2223,0.3510415,30971.92
2026-10-01 12:35:40,565,0.00648148148148148,75,9,2.086592,415.6277,0.3511178,30995.86
2026-10-01 12:35:30,555,0.00636574074074074,75,9,2.090296,413.5992,0.3512534,31021.44
2026-10-01 12:35:20,545,0.00625,75,9,2.09061,414.874,NA,31046.13
2026-10-01 12:35:10,535,0.00613425925925926,75,9,2.092144,414.4564,0.3510529,31076.36
2026-10-01 12:35:00,525,0.00601851851851852,75,9,2.090255,415.4295,0.3510452,31103.81
2026-10-01 12:34:50,515,0.00590277777777778,75,9,2.090706,414.6375,0.3515861,31128.7
2026-10-01 12:34:40,504,0.00578703703703704,75,9,2.090757,414.4227,NA,31155.51
2026-10-01 12:34:30,495,0.0056712962962963,75,9,2.090398,415.0007,NA,31182.49
2026-10-01 12:34:20,485,0.00555555555555556,75,9,2.090986,414.5074,0.3512709,31217.49
2026-10-01 12:34:10,475,0.00543981481481481,75,9,2.091609,413.6171,0.3510731,31258.09
2026-10-01 12:34:00,465,0.00532407407407407,75,9,2.089752,414.9787,0.3510588,31315.4
2026-10-01 12:33:50,455,0.00520833333333333,75,9,2.090227,414.0403,0.3515308,31365.21
2026-10-01 12:33:40,445,0.00509259259259259,75,9,2.089245,414.9174,0.3513555,31422.19
2026-10-01 12:33:30,435,0.00497685185185185,75,9,2.089508,415.1724,0.3514837,31485.56
2026-10-01 12:33:20,425,0.00486111111111111,75,9,2.089304,414.8228,0.3514025,31547.4
2026-10-01 12:33:10,415,0.00474537037037037,75,9,2.088546,415.3981,NA,31617.14
2026-10-01 12:33:00,405,0.00462962962962963,75,9,2.088161,414.2753,0.3513706,31715.4
2026-10-01 12:32:50,395,0.00451388888888889,75,9,2.088066,414.8853,0.3513091,31835.67
2026-10-01 12:32:40,385,0.00439814814814815,75,9,2.087795,414.6404,0.351323,31984.55
2026-10-01 12:32:30,375,0.00428240740740741,75,9,2.088106,414.9822,0.3514561,32150.68
2026-10-01 12:32:20,365,0.00416666666666667,75,9,2.089178,415.3069,0.3512837,32365.06
2026-10-01 12:32:10,355,0.00405092592592593,75,9,2.087213,414.4591,0.3519065,32603.49
2026-10-01 12:32:00,345,0.00393518518518518,75,9,2.085697,414.6628,0.3517627,32877.42
2026-10-01 12:31:50,335,0.00381944444444444,75,9,2.085759,415.4505,0.3519738,33147.97
2026-10-01 12:31:40,325,0.0037037037037037,75,9,2.085778,414.9557,0.352016,33400.21
2026-10-01 12:31:30,315,0.00358796296296296,75,9,2.086184,415.0475,NA,33610.19
2026-10-01 12:31:20,305,0.00347222222222222,75,9,2.085357,415.1586,NA,33806.34
2026-10-01 12:31:10,295,0.00335648148148148,75,9,2.085601,414.2296,0.351637,34012.46
2026-10-01 12:31:00,284,0.00324074074074074,75,9,2.085948,414.105,NA,34215.99
2026-10-01 12:30:50,275,0.003125,75,9,2.087361,413.8755,0.3523097,34441.21
2026-10-01 12:30:40,265,0.00300925925925926,75,9,2.08683,415.2726,0.352031,34675.63
2026-10-01 12:30:30,255,0.00289351851851852,75,9,2.084108,414.1696,0.3523683,34893.52
2026-10-01 12:30:20,245,0.00277777777777778,75,9,2.084117,413.0234,NA,35016.04
2026-10-01 12:30:10,235,0.00266203703703704,75,9,2.083552,412.885,0.3522751,35065.09
2026-10-01 12:30:00,225,0.0025462962962963,75,9,2.083531,414.1513,0.3521396,35080.35
2026-10-01 12:29:50,215,0.00243055555555556,75,9,2.083327,414.4076,0.3524683,35057.21
2026-10-01 12:29:40,205,0.00231481481481481,75,9,2.085088,413.655,0.3522491,35022.7
2026-10-01 12:29:30,195,0.00219907407407407,75,9,2.084303,414.4312,0.3524622,35002.2
2026-10-01 12:29:20,185,0.00208333333333333,75,9,2.085478,414.7951,0.3526397,34986.07
2026-10-01 12:29:10,175,0.00196759259259259,75,9,2.085012,415.1981,0.3520711,34982.37
2026-10-01 12:29:00,165,0.00185185185185185,75,9,2.083068,415.048,0.3521838,34987.46
2026-10-01 12:28:50,155,0.00173611111111111,75,9,2.083631,414.6109,NA,34950.96
2026-10-01 12:28:40,145,0.00162037037037037,75,9,2.082876,415.1915,0.3522455,34888.24
2026-10-01 12:28:30,135,0.00150462962962963,75,9,2.082935,415.7688,0.3521467,34814.73
2026-10-01 12:28:20,125,0.00138888888888889,75,9,2.083666,416.9225,0.3520074,34736.5
2026-10-01 12:28:10,115,0.00127314814814815,75,9,2.084636,416.5464,0.3521126,34655.3
2026-10-01 12:28:00,105,0.00115740740740741,75,9,2.085281,416.4954,0.3520856,34556.06
2026-10-01 12:27:50,95,0.00104166666666667,75,9,2.085737,415.4377,0.3521376,34443.12
2026-10-01 12:27:40,85,0.000925925925925926,75,9,2.087563,414.5302,NA,34321.8
2026-10-01 12:27:30,74,0.000810185185185185,75,9,2.08623,413.8084,NA,34182.84
2026-10-01 12:27:20,65,0.000694444444444444,75,9,2.086831,414.9168,0.3518937,34034.8
2026-10-01 12:27:10,55,0.000578703703703704,75,9,2.088558,415.0241,0.3514626,33871.79
2026-10-01 12:27:00,45,0.000462962962962963,75,9,2.0905,416.4064,NA,33690.4
2026-10-01 12:26:50,35,0.000347222222222222,75,9,2.091088,416.3252,0.3509435,33485.82
2026-10-01 12:26:40,25,0.000231481481481481,75,9,2.099932,425.3071,0.3473618,33224.9
2026-10-01 12:26:30,15,0.000115740740740741,75,9,2.154317,477.8091,0.3470197,32849.37
2026-10-01 12:26:20,5,0,75,9,2.137432,443.7154,0.3557741,32127
2026-10-01 12:26:10,0,0.00694444444444444,74,5,2.106119,429.5362,0.3563683,31962.72
2026-10-01 12:26:00,595,0.0068287037037037,74,5,2.106376,427.7628,0.3564529,31787.05
2026-10-01 12:25:50,585,0.00671296296296296,74,5,2.106128,429.1189,NA,31567.66
2026-10-01 12:25:40,575,0.00659722222222222,74,5,2.10728,426.8437,0.3561043,31253.26
2026-10-01 12:25:30,565,0.00648148148148148,74,5,2.109013,425.2408,NA,30750.26
2026-10-01 12:25:20,555,0.00636574074074074,74,5,2.10589,429.034,0.3557825,29916.21
2026-10-01 12:25:10,545,0.00625,74,5,2.091986,417.3146,0.3512756,29899.38
2026-10-01 12:25:00,535,0.00613425925925926,74,5,2.089966,417.672,0.3513868,29888.69
2026-10-01 12:24:50,525,0.00601851851851852,74,5,2.090434,417.7806,0.3511455,29884.57
2026-10-01 12:24:40,515,0.00590277777777778,74,5,2.088544,417.0283,0.3513826,29884.97
2026-10-01 12:24:30,505,0.00578703703703704,74,5,2.088661,417.5971,NA,29885.22
2026-10-01 12:24:20,495,0.0056712962962963,74,5,2.087794,417.6687,NA,29887.17
2026-10-01 12:24:10,485,0.00555555555555556,74,5,2.08874,416.9901,0.3510799,29890.23
2026-10-01 12:24:00,474,0.00543981481481481,74,5,2.088235,418.3116,0.3513141,29890.18
2026-10-01 12:23:50,465,0.00532407407407407,74,5,2.08734,417.6022,0.351265,29886.29
2026-10-01 12:23:40,455,0.00520833333333333,74,5,2.088296,417.3927,0.3512619,29891.05
2026-10-01 12:23:30,445,0.00509259259259259,74,5,2.087327,417.8178,NA,29888.07
2026-10-01 12:23:20,435,0.00497685185185185,74,5,2.086247,417.5229,0.3513346,29886.48
2026-10-01 12:23:10,425,0.00486111111111111,74,5,2.086874,417.8872,0.3513729,29886.44
2026-10-01 12:23:00,415,0.00474537037037037,74,5,2.086327,417.1872,0.351303,29886.83
2026-10-01 12:22:50,405,0.00462962962962963,74,5,2.085574,416.9421,0.3511468,29888.06
2026-10-01 12:22:40,395,0.00451388888888889,74,5,2.085246,417.0029,0.351423,29886.15
2026-10-01 12:22:30,385,0.00439814814814815,74,5,2.084708,416.8588,0.351347,29880.46
2026-10-01 12:22:20,375,0.00428240740740741,74,5,2.084616,417.6459,0.3512936,29878.8
2026-10-01 12:22:10,365,0.00416666666666667,74,5,2.084418,418.0899,0.3513386,29877.96
2026-10-01 12:22:00,355,0.00405092592592593,74,5,2.084577,417.0296,0.3513474,29877.94
2026-10-01 12:21:50,345,0.00393518518518518,74,5,2.084136,416.878,NA,29888.9
2026-10-01 12:21:40,335,0.00381944444444444,74,5,2.084545,416.8243,0.3514676,29893.56
2026-10-01 12:21:30,325,0.0037037037037037,74,5,2.083614,416.5763,0.3514595,29896.02
2026-10-01 12:21:20,315,0.00358796296296296,74,5,2.082306,417.5916,0.3514984,29898.43
2026-10-01 12:21:10,305,0.00347222222222222,74,5,2.083282,416.5899,0.3515999,29910.14
2026-10-01 12:21:00,295,0.00335648148148148,74,5,2.086173,416.145,0.3513295,29906.78
2026-10-01 12:20:50,285,0.00324074074074074,74,5,2.084104,416.9664,0.3517545,29901.94
2026-10-01 12:20:40,275,0.003125,74,5,2.081831,416.7144,0.3514147,29902.24
2026-10-01 12:20:30,265,0.00300925925925926,74,5,2.0813,417.4541,NA,29904.25
2026-10-01 12:20:20,255,0.00289351851851852,74,5,2.081601,417.8427,0.3516388,29906.31
2026-10-01 12:20:10,245,0.00277777777777778,74,5,2.080779,417.6779,0.3513614,29909.96
2026-10-01 12:20:00,235,0.00266203703703704,74,5,2.081231,418.192,0.3513786,29912.08
2026-10-01 12:19:50,225,0.0025462962962963,74,5,2.081026,417.6027,0.3516212,29924.01
2026-10-01 12:19:40,215,0.00243055555555556,74,5,2.081377,418.4912,0.351473,29947.1
2026-10-01 12:19:30,205,0.00231481481481481,74,5,2.080768,417.3276,0.3513795,29970.31
2026-10-01 12:19:20,195,0.00219907407407407,74,5,2.082253,417.5026,0.3517734,29984.92
2026-10-01 12:19:10,185,0.00208333333333333,74,5,2.082441,417.8388,0.3516195,30003.48
2026-10-01 12:19:00,175,0.00196759259259259,74,5,2.081078,418.5821,0.352083,30029.1
2026-10-01 12:18:50,165,0.00185185185185185,74,5,2.081244,418.8719,0.351469,30049.69
2026-10-01 12:18:40,155,0.00173611111111111,74,5,2.08268,418.938,NA,30067.05
2026-10-01 12:18:30,145,0.00162037037037037,74,5,2.081365,418.2295,0.3513909,30089.98
2026-10-01 12:18:20,135,0.00150462962962963,74,5,2.080305,417.2386,0.3516125,30125.01
2026-10-01 12:18:10,125,0.00138888888888889,74,5,2.080411,418.2522,NA,30162.16
2026-10-01 12:18:00,115,0.00127314814814815,74,5,2.081428,417.9184,0.3518412,30186.93
2026-10-01 12:17:50,105,0.00115740740740741,74,5,2.082385,418.6372,0.3520451,30207.64
2026-10-01 12:17:40,94,0.00104166666666667,74,5,2.085363,416.6141,NA,30226.89
2026-10-01 12:17:30,84,0.000925925925925926,74,5,2.082143,418.337,NA,30268.09
2026-10-01 12:17:20,75,0.000810185185185185,74,5,2.082534,418.0719,0.3519641,30320.09
2026-10-01 12:17:10,65,0.000694444444444444,74,5,2.082332,419.0047,0.3522596,30380.02
2026-10-01 12:17:00,55,0.000578703703703704,74,5,2.082923,418.4248,NA,30455.34
2026-10-01 12:16:50,45,0.000462962962962963,74,5,2.083426,418.6008,0.3520809,30546.03
2026-10-01 12:16:40,34,0.000347222222222222,74,5,2.083937,418.9133,NA,30662.96
2026-10-01 12:16:30,25,0.000231481481481481,74,5,2.085952,421.2548,NA,30816.14
2026-10-01 12:16:20,15,0.000115740740740741,74,5,2.284879,540.6305,0.3145102,31003.94
2026-10-01 12:16:10,5,0,74,5,2.153326,494.1676,0.3563178,31390.64
2026-10-01 12:16:00,0,0.00694444444444444,73,8,2.122622,479.8457,0.3572313,31713.79
2026-10-01 12:15:50,595,0.0068287037037037,73,8,2.139422,468.3438,0.3578856,32284.1
2026-10-01 12:15:40,584,0.00671296296296296,73,8,2.114812,431.6378,0.3626074,32048.45
2026-10-01 12:15:30,574,0.00659722222222222,73,8,2.112944,429.1067,0.363274,31744.97
2026-10-01 12:15:20,564,0.00648148148148148,73,8,2.116985,427.9236,0.3624988,31307.4
2026-10-01 12:15:10,554,0.00636574074074074,73,8,2.116877,424.8954,0.3599133,30635.88
2026-10-01 12:15:00,544,0.00625,73,8,2.105476,412.5282,0.356895,30535.66
2026-10-01 12:14:50,534,0.00613425925925926,73,8,2.104385,412.4258,0.3568534,30526.01
2026-10-01 12:14:40,524,0.00601851851851852,73,8,2.104918,412.7224,NA,30513.1
2026-10-01 12:14:30,514,0.00590277777777778,73,8,2.103707,412.049,0.3565667,30500.86
2026-10-01 12:14:20,504,0.00578703703703704,73,8,2.103669,412.0953,0.356395,30491.57
2026-10-01 12:14:10,494,0.0056712962962963,73,8,2.102523,412.5813,0.3567845,30487.89
2026-10-01 12:14:00,484,0.00555555555555556,73,8,2.10172,412.7162,0.3565034,30485
2026-10-01 12:13:50,474,0.00543981481481481,73,8,2.101841,412.2785,0.35678,30484.54
2026-10-01 12:13:40,464,0.00532407407407407,73,8,2.100749,412.8823,0.3564577,30478.7
2026-10-01 12:13:30,454,0.00520833333333333,73,8,2.100612,412.777,0.3567389,30469.3
2026-10-01 12:13:20,444,0.00509259259259259,73,8,2.099277,413.4142,0.3565585,30461.49
2026-10-01 12:13:10,434,0.00497685185185185,73,8,2.100591,413.2513,0.3561396,30451.35
2026-10-01 12:13:00,424,0.00486111111111111,73,8,2.100354,412.7939,NA,30439.85
2026-10-01 12:12:50,414,0.00474537037037037,73,8,2.10139,412.9219,0.3566296,30437.1
2026-10-01 12:12:40,404,0.00462962962962963,73,8,2.099841,413.1077,0.3564909,30441.37
2026-10-01 12:12:30,394,0.00451388888888889,73,8,2.100047,413.4837,0.3565765,30442.02
2026-10-01 12:12:20,384,0.00439814814814815,73,8,2.101427,412.4835,0.3560534,30435.9
2026-10-01 12:12:10,374,0.00428240740740741,73,8,2.095718,412.4689,0.3561545,30427
2026-10-01 12:12:00,364,0.00416666666666667,73,8,2.096596,413.4823,NA,30417.5
2026-10-01 12:11:50,354,0.00405092592592593,73,8,2.096839,413.7547,NA,30396.71
2026-10-01 12:11:40,344,0.00393518518518518,73,8,2.095167,413.9275,NA,30387.38
2026-10-01 12:11:30,334,0.00381944444444444,73,8,2.096803,413.3864,0.3561494,30388.4
2026-10-01 12:11:20,324,0.0037037037037037,73,8,2.095522,413.7272,NA,30374.83
2026-10-01 12:11:10,314,0.00358796296296296,73,8,2.092808,413.4973,0.3563033,30364.79
2026-10-01 12:11:00,304,0.00347222222222222,73,8,2.091515,413.2269,NA,30359.7
2026-10-01 12:10:50,294,0.00335648148148148,73,8,2.090968,414.8929,0.3558839,30359.29
2026-10-01 12:10:40,284,0.00324074074074074,73,8,2.090113,414.8945,0.3552641,30346.47
2026-10-01 12:10:30,274,0.003125,73,8,2.089445,414.3406,0.3549456,30342.91
2026-10-01 12:10:20,264,0.00300925925925926,73,8,2.09009,414.889,0.3552265,30336.77
2026-10-01 12:10:10,254,0.00289351851851852,73,8,2.091003,414.6159,0.355235,30318.26
2026-10-01 12:10:00,244,0.00277777777777778,73,8,2.088712,416.3275,0.3554455,30300.66
2026-10-01 12:09:50,234,0.00266203703703704,73,8,2.087798,415.5945,NA,30297.78
2026-10-01 12:09:40,224,0.0025462962962963,73,8,2.088161,415.9104,0.3555681,30299.82
2026-10-01 12:09:30,214,0.00243055555555556,73,8,2.088589,415.668,0.3553772,30301.3
2026-10-01 12:09:20,204,0.00231481481481481,73,8,2.088642,415.9278,0.3545342,30293.11
2026-10-01 12:09:10,194,0.00219907407407407,73,8,2.088917,416.1751,0.3542411,30281.92
2026-10-01 12:09:00,184,0.00208333333333333,73,8,2.087949,416.6353,0.354448,30270.53
2026-10-01 12:08:50,174,0.00196759259259259,73,8,2.089182,417.2744,0.3548244,30256.51
2026-10-01 12:08:40,164,0.00185185185185185,73,8,2.091559,417.1429,0.3548998,30239.04
2026-10-01 12:08:30,154,0.00173611111111111,73,8,2.090863,416.7535,NA,30233.61
2026-10-01 12:08:20,144,0.00162037037037037,73,8,2.091327,416.5026,0.3553304,30223.8
2026-10-01 12:08:10,134,0.00150462962962963,73,8,2.090727,416.9666,0.3555785,30200.06
2026-10-01 12:08:00,124,0.00138888888888889,73,8,2.091308,416.3773,0.3554052,30172.19
2026-10-01 12:07:50,114,0.00127314814814815,73,8,2.091213,416.9135,NA,30138.03
2026-10-01 12:07:40,104,0.00115740740740741,73,8,2.090467,417.0887,0.3548525,30114.89
2026-10-01 12:07:30,94,0.00104166666666667,73,8,2.090235,416.8764,0.354729,30086.78
2026-10-01 12:07:20,84,0.000925925925925926,73,8,2.091814,417.4088,0.3550556,30063.92
2026-10-01 12:07:10,74,0.000810185185185185,73,8,2.093667,417.9354,NA,30024.02
2026-10-01 12:07:00,64,0.000694444444444444,73,8,2.091703,417.7425,0.3546632,29980.22
2026-10-01 12:06:50,54,0.000578703703703704,73,8,2.091813,417.9413,0.3554246,29929.52
2026-10-01 12:06:40,44,0.000462962962962963,73,8,2.092809,418.0607,0.3547398,29872.68
2026-10-01 12:06:30,34,0.000347222222222222,73,8,2.095247,418.0007,0.3549184,29790.51
2026-10-01 12:06:20,24,0.000231481481481481,73,8,2.115211,429.9117,NA,29693.07
2026-10-01 12:06:10,14,0.000115740740740741,73,8,2.208869,437.7905,0.3613167,29475
2026-10-01 12:06:00,4,0,73,8,2.114234,425.967,0.3636808,29177.29
2026-10-01 12:05:50,0,0.00694444444444444,72,4,2.113952,426.2326,0.363114,29183.35
2026-10-01 12:05:40,594,0.0068287037037037,72,4,2.114249,424.6497,NA,29245.29
2026-10-01 12:05:30,584,0.00671296296296296,72,4,2.116131,425.2088,0.3609482,29278.95
2026-10-01 12:05:20,574,0.00659722222222222,72,4,2.116031,423.5192,0.3604172,29340.91
2026-10-01 12:05:10,564,0.00648148148148148,72,4,2.117539,422.917,NA,29259.26
2026-10-01 12:05:00,554,0.00636574074074074,72,4,2.117171,422.0348,0.3618044,29152.57
2026-10-01 12:04:50,544,0.00625,72,4,2.101927,418.8003,0.3519831,28978.71
2026-10-01 12:04:40,534,0.00613425925925926,72,4,2.103507,418.2839,0.3519928,28984.9
2026-10-01 12:04:30,524,0.00601851851851852,72,4,2.110425,418.3863,0.352159,28993.49
2026-10-01 12:04:20,514,0.00590277777777778,72,4,2.109467,418.7393,0.3519641,28999.66
2026-10-01 12:04:10,504,0.00578703703703704,72,4,2.112446,418.537,0.3517038,28994.18
2026-10-01 12:04:00,494,0.0056712962962963,72,4,2.115303,419.0337,0.3516268,28985.13
2026-10-01 12:03:50,484,0.00555555555555556,72,4,2.110798,419.3293,NA,28982.72
2026-10-01 12:03:40,474,0.00543981481481481,72,4,2.110204,419.8387,0.3517982,28975.65
2026-10-01 12:03:30,464,0.00532407407407407,72,4,2.10521,419.716,0.3520421,28963.27
2026-10-01 12:03:20,454,0.00520833333333333,72,4,2.107111,419.4133,0.3519843,28969.89
2026-10-01 12:03:10,444,0.00509259259259259,72,4,2.109719,418.5494,0.3518304,28966.69
2026-10-01 12:03:00,434,0.00497685185185185,72,4,2.106859,418.9976,0.3521363,28961.8
2026-10-01 12:02:50,424,0.00486111111111111,72,4,2.108602,419.1064,NA,28947.52
2026-10-01 12:02:40,414,0.00474537037037037,72,4,2.108985,419.0781,NA,28942.79
2026-10-01 12:02:30,404,0.00462962962962963,72,4,2.111724,418.6426,0.3519295,28932.52
2026-10-01 12:02:20,394,0.00451388888888889,72,4,2.1083,419.0666,0.3518323,28923.89
2026-10-01 12:02:10,384,0.00439814814814815,72,4,2.10486,418.5877,0.3520443,28916.22
2026-10-01 12:02:00,374,0.00428240740740741,72,4,2.105492,418.1992,NA,28905.09
2026-10-01 12:01:50,364,0.00416666666666667,72,4,2.105195,418.9787,0.3520641,28892.79
2026-10-01 12:01:40,354,0.00405092592592593,72,4,2.103469,419.0182,0.3517239,28883.44
2026-10-01 12:01:30,344,0.00393518518518518,72,4,2.104103,419.2725,0.352045,28869.67
2026-10-01 12:01:20,334,0.00381944444444444,72,4,2.102954,419.0091,0.3519393,28860.85
2026-10-01 12:01:10,324,0.0037037037037037,72,4,2.101164,419.5161,0.3519295,28858.03
2026-10-01 12:01:00,314,0.00358796296296296,72,4,2.101243,418.6578,0.3518087,28858.9
2026-10-01 12:00:50,304,0.00347222222222222,72,4,2.100672,419.8606,0.3517797,28848.85
2026-10-01 12:00:40,294,0.00335648148148148,72,4,2.102104,418.9171,0.3516471,28845.53
2026-10-01 12:00:30,284,0.00324074074074074,72,4,2.100883,419.9873,0.3519005,28837.72
2026-10-01 12:00:20,274,0.003125,72,4,2.102464,418.8234,NA,28839.17
2026-10-01 12:00:10,264,0.00300925925925926,72,4,2.100199,419.4885,0.3518794,28840.75
2026-10-01 12:00:00,254,0.00289351851851852,72,4,2.100021,420.64,0.3520881,28829.38
2026-10-01 11:59:50,244,0.00277777777777778,72,4,2.099941,420.3114,NA,28823.12
2026-10-01 11:59:40,234,0.00266203703703704,72,4,2.099718,420.3249,0.3520395,28821.11
2026-10-01 11:59:30,224,0.0025462962962963,72,4,2.098622,419.899,0.3518399,28829.85
2026-10-01 11:59:20,214,0.00243055555555556,72,4,2.098414,420.1938,0.3520373,28837.54
2026-10-01 11:59:10,204,0.00231481481481481,72,4,2.102566,419.9362,0.351882,28845.84
2026-10-01 11:59:00,194,0.00219907407407407,72,4,2.099941,420.0525,0.3520471,28859.71
2026-10-01 11:58:50,184,0.00208333333333333,72,4,2.101647,419.5537,0.351476,28864.45
2026-10-01 11:58:40,174,0.00196759259259259,72,4,2.10271,420.0806,NA,28863.78
2026-10-01 11:58:30,164,0.00185185185185185,72,4,2.10253,419.7563,NA,28861.58
2026-10-01 11:58:20,154,0.00173611111111111,72,4,2.10139,420.7306,0.3516442,28860.04
2026-10-01 11:58:10,144,0.00162037037037037,72,4,2.100646,420.1224,0.3520635,28864.32
2026-10-01 11:58:00,134,0.00150462962962963,72,4,2.100656,420.2217,0.3518768,28862.29
2026-10-01 11:57:50,124,0.00138888888888889,72,4,2.10052,420.1875,0.3518616,28861.37
2026-10-01 11:57:40,114,0.00127314814814815,72,4,2.101835,420.0822,NA,28864.36
2026-10-01 11:57:30,104,0.00115740740740741,72,4,2.103323,421.8757,NA,28872.89
2026-10-01 11:57:20,94,0.00104166666666667,72,4,2.106568,421.2832,0.3516014,28884.92
2026-10-01 11:57:10,84,0.000925925925925926,72,4,2.106589,420.9366,NA,28896.17
2026-10-01 11:57:00,74,0.000810185185185185,72,4,2.105967,419.8985,0.3515742,28917.51
2026-10-01 11:56:50,64,0.000694444444444444,72,4,2.107296,420.7091,0.3518356,28941.51
2026-10-01 11:56:40,54,0.000578703703703704,72,4,2.111194,421.3832,0.3519795,28958.38
2026-10-01 11:56:30,44,0.000462962962962963,72,4,2.11165,422.1987,0.3519466,28986.62
2026-10-01 11:56:20,34,0.000347222222222222,72,4,2.111745,422.3974,0.3516226,29031.08
2026-10-01 11:56:10,24,0.000231481481481481,72,4,2.115041,425.847,0.350482,29085.19
2026-10-01 11:56:00,14,0.000115740740740741,72,4,2.191083,473.7005,0.2828754,29138.83
2026-10-01 11:55:50,4,0,72,4,2.186713,449.0514,0.3544036,29201.45
2026-10-01 11:55:40,0,0.00694444444444444,71,11,2.165262,480.5415,0.3537564,29257.64
2026-10-01 11:55:30,594,0.0068287037037037,71,11,2.22884,458.9621,0.3537648,29367.54
2026-10-01 11:55:20,584,0.00671296296296296,71,11,2.172017,463.2772,0.3544814,29602.63
2026-10-01 11:55:10,574,0.00659722222222222,71,11,2.140464,433.4428,0.3562721,29733
2026-10-01 11:55:00,564,0.00648148148148148,71,11,2.130422,428.6588,0.3577028,29493.37
2026-10-01 11:54:50,554,0.00636574074074074,71,11,2.130301,427.3751,NA,29046.97
2026-10-01 11:54:40,544,0.00625,71,11,2.121688,416.5257,0.3528533,28778.32
2026-10-01 11:54:30,534,0.00613425925925926,71,11,2.121597,416.7598,0.3531474,28784.07
2026-10-01 11:54:20,524,0.00601851851851852,71,11,2.121706,416.8827,0.3531817,28792.01
2026-10-01 11:54:10,514,0.00590277777777778,71,11,2.120951,416.8239,0.3532169,28794.4
2026-10-01 11:54:00,504,0.00578703703703704,71,11,2.121335,416.7124,0.352965,28797.78
2026-10-01 11:53:50,494,0.0056712962962963,71,11,2.121023,416.0679,NA,28797.01
2026-10-01 11:53:40,484,0.00555555555555556,71,11,2.120955,416.3601,0.3530237,28794.67
2026-10-01 11:53:30,474,0.00543981481481481,71,11,2.12075,416.1132,0.3528618,28793.93
2026-10-01 11:53:20,464,0.00532407407407407,71,11,2.120306,415.9253,NA,28798.12
2026-10-01 11:53:10,454,0.00520833333333333,71,11,2.120181,416.3726,0.3527914,28794.15
2026-10-01 11:53:00,444,0.00509259259259259,71,11,2.121054,417.7942,0.3526871,28782.51
2026-10-01 11:52:50,434,0.00497685185185185,71,11,2.117209,416.6295,0.3525073,28776.23
2026-10-01 11:52:40,424,0.00486111111111111,71,11,2.1169,417.6133,0.352646,28763.97
2026-10-01 11:52:30,414,0.00474537037037037,71,11,2.116624,418.1641,0.3529971,28751.4
2026-10-01 11:52:20,404,0.00462962962962963,71,11,2.115729,418.4916,NA,28750.29
2026-10-01 11:52:10,394,0.00451388888888889,71,11,2.115045,417.8515,0.3526633,28742.32
2026-10-01 11:52:00,384,0.00439814814814815,71,11,2.114977,417.2599,0.3526394,28738.45
2026-10-01 11:51:50,374,0.00428240740740741,71,11,2.114296,418.6067,0.352339,28737.95
2026-10-01 11:51:40,364,0.00416666666666667,71,11,2.1151,417.74,0.3526501,28737.92
2026-10-01 11:51:30,354,0.00405092592592593,71,11,2.114264,418.5303,0.3524166,28740.48
2026-10-01 11:51:20,344,0.00393518518518518,71,11,2.113396,418.2954,0.3527555,28742.75
2026-10-01 11:51:10,334,0.00381944444444444,71,11,2.113351,417.9675,0.3527103,28753.23
2026-10-01 11:51:00,324,0.0037037037037037,71,11,2.112602,418.7903,NA,28766.45
2026-10-01 11:50:50,314,0.00358796296296296,71,11,2.112234,419.1628,0.3527227,28772.01
2026-10-01 11:50:40,304,0.00347222222222222,71,11,2.112166,419.2147,0.3524208,28770.97
2026-10-01 11:50:30,294,0.00335648148148148,71,11,2.11263,418.7497,0.3527566,28767.04
2026-10-01 11:50:20,284,0.00324074074074074,71,11,2.111268,419.6258,0.3528732,28765.46
2026-10-01 11:50:10,274,0.003125,71,11,2.110095,420.4162,0.3527737,28770.88
2026-10-01 11:50:00,264,0.00300925925925926,71,11,2.110111,420.3631,0.3526014,28778.32
2026-10-01 11:49:50,254,0.00289351851851852,71,11,2.10963,420.1709,0.3527319,28790.9
2026-10-01 11:49:40,244,0.00277777777777778,71,11,2.11049,420.0177,NA,28797.07
2026-10-01 11:49:30,234,0.00266203703703704,71,11,2.108465,419.4197,0.352437,28805.88
2026-10-01 11:49:20,224,0.0025462962962963,71,11,2.108804,419.1064,0.3528354,28816.11
2026-10-01 11:49:10,214,0.00243055555555556,71,11,2.109418,419.9435,NA,28820.89
2026-10-01 11:49:00,204,0.00231481481481481,71,11,2.113154,420.0376,0.3523551,28827.86
2026-10-01 11:48:50,194,0.00219907407407407,71,11,2.109092,421.6724,0.3525903,28833.23
2026-10-01 11:48:40,184,0.00208333333333333,71,11,2.107633,421.2651,0.3526166,28839.06
2026-10-01 11:48:30,174,0.00196759259259259,71,11,2.106942,421.3954,0.3524225,28845.26
2026-10-01 11:48:20,164,0.00185185185185185,71,11,2.107424,422.045,0.3525104,28852.9
2026-10-01 11:48:10,154,0.00173611111111111,71,11,2.108936,422.5232,0.3526536,28862.21
2026-10-01 11:48:00,144,0.00162037037037037,71,11,2.109477,421.2134,0.3527015,28873.51
2026-10-01 11:47:50,134,0.00150462962962963,71,11,2.114554,420.7386,0.3529046,28884.78
2026-10-01 11:47:40,124,0.00138888888888889,71,11,2.110503,420.1655,0.3529488,28904.29
2026-10-01 11:47:30,114,0.00127314814814815,71,11,2.112598,420.7222,0.3528614,28934.89
2026-10-01 11:47:20,104,0.00115740740740741,71,11,2.110437,420.931,0.3527739,28971.73
2026-10-01 11:47:10,94,0.00104166666666667,71,11,2.112186,422.0624,0.3528493,29012.13
2026-10-01 11:47:00,84,0.000925925925925926,71,11,2.111157,420.6347,0.3529892,29048.19
2026-10-01 11:46:50,74,0.000810185185185185,71,11,2.112804,420.8265,0.3528337,29090.69
2026-10-01 11:46:40,64,0.000694444444444444,71,11,2.115444,423.0739,0.3519791,29131.63
2026-10-01 11:46:30,54,0.000578703703703704,71,11,2.112033,420.9733,0.3523744,29185.66
2026-10-01 11:46:20,44,0.000462962962962963,71,11,2.11327,423.261,0.352202,29265.79
2026-10-01 11:46:10,34,0.000347222222222222,71,11,2.116919,424.1116,0.3520612,29377.81
2026-10-01 11:46:00,24,0.000231481481481481,71,11,2.160704,454.3931,NA,29540.93
2026-10-01 11:45:50,15,0.000115740740740741,71,11,2.18606,490.2453,0.3558495,29818.01
2026-10-01 11:45:40,4,0,71,11,2.167817,455.4367,0.35564,30019.37
2026-10-01 11:45:30,0,0.00694444444444444,70,2,2.145077,434.5109,0.360224,29916.79
2026-10-01 11:45:20,595,0.0068287037037037,70,2,2.148743,432.9753,0.359942,29803.82
2026-10-01 11:45:10,585,0.00671296296296296,70,2,2.155678,433.088,0.3595432,29609.45
2026-10-01 11:45:00,575,0.00659722222222222,70,2,2.166435,431.7585,0.3594803,29315.39
2026-10-01 11:44:50,565,0.00648148148148148,70,2,2.163909,430.2234,0.3580192,28981.73
2026-10-01 11:44:40,555,0.00636574074074074,70,2,2.159586,429.1736,0.3564323,28505.9
2026-10-01 11:44:30,545,0.00625,70,2,2.135688,419.7866,NA,28489.58
2026-10-01 11:44:20,535,0.00613425925925926,70,2,2.119367,419.7448,0.352624,28507.6
2026-10-01 11:44:10,525,0.00601851851851852,70,2,2.112766,419.4817,NA,28514.39
2026-10-01 11:44:00,515,0.00590277777777778,70,2,2.113012,420.2021,0.3526699,28524.12
2026-10-01 11:43:50,505,0.00578703703703704,70,2,2.11356,419.8118,0.3526801,28532.66
2026-10-01 11:43:40,495,0.0056712962962963,70,2,2.112327,420.1395,0.3526095,28535.02
2026-10-01 11:43:30,485,0.00555555555555556,70,2,2.111707,420.1155,0.3526464,28539.31
2026-10-01 11:43:20,475,0.00543981481481481,70,2,2.112418,419.9851,0.3524489,28558.09
2026-10-01 11:43:10,465,0.00532407407407407,70,2,2.110912,419.4049,0.3525865,28572.06
2026-10-01 11:43:00,455,0.00520833333333333,70,2,2.111553,419.4105,0.352362,28579.55
2026-10-01 11:42:50,445,0.00509259259259259,70,2,2.1107,420.5503,0.3523824,28588.22
2026-10-01 11:42:40,435,0.00497685185185185,70,2,2.111217,419.8488,0.3526227,28603.19
2026-10-01 11:42:30,425,0.00486111111111111,70,2,2.11096,419.9376,0.3527913,28616.65
2026-10-01 11:42:20,415,0.00474537037037037,70,2,2.111398,420.06,NA,28634.12
2026-10-01 11:42:10,405,0.00462962962962963,70,2,2.110624,420.5008,0.3525096,28652.39
2026-10-01 11:42:00,395,0.00451388888888889,70,2,2.110327,420.7881,NA,28672.57
2026-10-01 11:41:50,385,0.00439814814814815,70,2,2.1116,420.7054,0.3525456,28685.71
2026-10-01 11:41:40,375,0.00428240740740741,70,2,2.110323,421.0201,0.3525994,28698.51
2026-10-01 11:41:30,365,0.00416666666666667,70,2,2.110153,421.3829,0.35265,28710.25
2026-10-01 11:41:20,355,0.00405092592592593,70,2,2.110284,421.5037,0.3526411,28723.21
2026-10-01 11:41:10,345,0.00393518518518518,70,2,2.111242,420.9073,0.3526531,28740.15
2026-10-01 11:41:00,335,0.00381944444444444,70,2,2.109672,421.3382,0.3526842,28752.18
2026-10-01 11:40:50,325,0.0037037037037037,70,2,2.109893,421.1958,0.3524939,28759.63
2026-10-01 11:40:40,315,0.00358796296296296,70,2,2.109509,421.0939,NA,28769.93
2026-10-01 11:40:30,305,0.00347222222222222,70,2,2.109883,420.6115,0.3527738,28787.25
2026-10-01 11:40:20,295,0.00335648148148148,70,2,2.111259,420.7852,NA,28802.49
2026-10-01 11:40:10,285,0.00324074074074074,70,2,2.109415,421.1917,0.352632,28821.1
2026-10-01 11:40:00,275,0.003125,70,2,2.10962,421.7114,NA,28839.97
2026-10-01 11:39:50,265,0.00300925925925926,70,2,2.109365,422.2904,0.3527518,28867.96
2026-10-01 11:39:40,255,0.00289351851851852,70,2,2.109032,422.1454,0.3528531,28905.19
2026-10-01 11:39:30,245,0.00277777777777778,70,2,2.109691,421.9048,0.3530658,28944.96
2026-10-01 11:39:20,235,0.00266203703703704,70,2,2.108866,423.2718,0.3529931,28979.07
2026-10-01 11:39:10,225,0.0025462962962963,70,2,2.108756,422.1391,0.3529536,29014.84
2026-10-01 11:39:00,215,0.00243055555555556,70,2,2.108993,422.0702,NA,29050.76
2026-10-01 11:38:50,205,0.00231481481481481,70,2,2.109335,422.3815,0.3528156,29090.05
2026-10-01 11:38:40,195,0.00219907407407407,70,2,2.109907,422.7641,0.3531103,29129.54
2026-10-01 11:38:30,185,0.00208333333333333,70,2,2.110239,423.1056,0.3531235,29177.1
2026-10-01 11:38:20,175,0.00196759259259259,70,2,2.111418,422.6394,0.3534244,29228.64
2026-10-01 11:38:10,165,0.00185185185185185,70,2,2.109517,423.1934,0.353482,29297.93
2026-10-01 11:38:00,155,0.00173611111111111,70,2,2.109757,422.5815,0.3535173,29377.48
2026-10-01 11:37:50,145,0.00162037037037037,70,2,2.109153,422.3248,0.3534899,29466.95
2026-10-01 11:37:40,135,0.00150462962962963,70,2,2.109342,422.6491,0.3531511,29577.57
2026-10-01 11:37:30,125,0.00138888888888889,70,2,2.109073,421.4454,0.3538369,29707.93
2026-10-01 11:37:20,115,0.00127314814814815,70,2,2.11023,422.362,0.353928,29887.29
2026-10-01 11:37:10,105,0.00115740740740741,70,2,2.110501,420.1475,NA,30131.45
2026-10-01 11:37:00,95,0.00104166666666667,70,2,2.109639,420.9595,0.3546584,30432.95
2026-10-01 11:36:50,85,0.000925925925925926,70,2,2.109734,421.7742,0.3549459,30753.07
2026-10-01 11:36:40,75,0.000810185185185185,70,2,2.109687,421.037,0.3551658,31110.14
2026-10-01 11:36:30,65,0.000694444444444444,70,2,2.10874,423.3589,0.3549208,31451.85
2026-10-01 11:36:20,55,0.000578703703703704,70,2,2.108333,423.3932,0.3550545,31808.15
2026-10-01 11:36:10,45,0.000462962962962963,70,2,2.108287,421.6752,NA,32365.55
2026-10-01 11:36:00,35,0.000347222222222222,70,2,2.10948,419.5663,0.3540545,32331.2
2026-10-01 11:35:50,25,0.000231481481481481,70,2,2.118066,424.8127,0.3512484,32071.86
2026-10-01 11:35:40,15,0.000115740740740741,70,2,2.177701,452.847,NA,31646.89
2026-10-01 11:35:30,5,0,70,2,2.158363,469.8819,0.3567913,30910.26
2026-10-01 11:35:20,0,0.00694444444444444,69,10,2.157266,483.9282,0.3546388,30735.09
2026-10-01 11:35:10,594,0.0068287037037037,69,10,2.149499,477.8689,0.3540991,30563.73
2026-10-01 11:35:00,584,0.00671296296296296,69,10,2.178908,452.607,0.3570853,30353.32
2026-10-01 11:34:50,574,0.00659722222222222,69,10,2.148069,436.1723,0.3626118,30069.06
2026-10-01 11:34:40,564,0.00648148148148148,69,10,2.141452,432.4457,0.3618236,29621.51
2026-10-01 11:34:30,554,0.00636574074074074,69,10,2.145902,433.9535,0.358662,28817.51
2026-10-01 11:34:20,544,0.00625,69,10,2.145565,426.1371,0.3529778,28574.73
2026-10-01 11:34:10,534,0.00613425925925926,69,10,2.147229,426.4066,0.3532031,28575.48
2026-10-01 11:34:00,524,0.00601851851851852,69,10,2.14233,425.6472,0.3531648,28576.49
2026-10-01 11:33:50,514,0.00590277777777778,69,10,2.141477,426.3067,0.3529489,28582.01
2026-10-01 11:33:40,504,0.00578703703703704,69,10,2.145171,426.1447,0.3528805,28581.44
2026-10-01 11:33:30,494,0.0056712962962963,69,10,2.140694,425.5883,0.3529947,28579.62
2026-10-01 11:33:20,484,0.00555555555555556,69,10,2.142998,425.9259,0.3531546,28574.63
2026-10-01 11:33:10,474,0.00543981481481481,69,10,2.142565,426.3934,NA,28571.81
2026-10-01 11:33:00,464,0.00532407407407407,69,10,2.142534,426.0367,0.3529499,28575.1
2026-10-01 11:32:50,454,0.00520833333333333,69,10,2.140707,426.418,0.3529001,28575.6
2026-10-01 11:32:40,444,0.00509259259259259,69,10,2.140117,426.299,0.3531835,28579.66
2026-10-01 11:32:30,434,0.00497685185185185,69,10,2.138826,426.5025,0.3531667,28586.44
2026-10-01 11:32:20,424,0.00486111111111111,69,10,2.135045,425.3723,0.3530826,28586.59
2026-10-01 11:32:10,414,0.00474537037037037,69,10,2.137575,426.3985,NA,28587.7
2026-10-01 11:32:00,404,0.00462962962962963,69,10,2.135313,425.4272,0.3530396,28594.16
2026-10-01 11:31:50,394,0.00451388888888889,69,10,2.135709,425.9151,0.3534115,28600.76
2026-10-01 11:31:40,384,0.00439814814814815,69,10,2.140741,427.5435,0.3531801,28604.59
2026-10-01 11:31:30,374,0.00428240740740741,69,10,2.135688,425.5959,0.3529339,28623.52
2026-10-01 11:31:20,364,0.00416666666666667,69,10,2.133717,425.407,0.3535333,28637.98
2026-10-01 11:31:10,354,0.00405092592592593,69,10,2.132123,425.3569,0.3532525,28646.1
2026-10-01 11:31:00,344,0.00393518518518518,69,10,2.132971,424.693,0.3529384,28662.34
2026-10-01 11:30:50,335,0.00381944444444444,69,10,2.131668,425.2324,0.3535942,28683.63
2026-10-01 11:30:40,324,0.0037037037037037,69,10,2.12954,424.386,0.352978,28701.71
2026-10-01 11:30:30,314,0.00358796296296296,69,10,2.129859,425.1222,0.3531059,28719.18
2026-10-01 11:30:20,305,0.00347222222222222,69,10,2.12903,425.9958,0.3535661,28737.38
2026-10-01 11:30:10,294,0.00335648148148148,69,10,2.125829,425.2319,NA,28757.23
2026-10-01 11:30:00,284,0.00324074074074074,69,10,2.129004,425.3345,0.3533681,28785.24
2026-10-01 11:29:50,274,0.003125,69,10,2.125605,425.03,0.3536727,28820.38
2026-10-01 11:29:40,264,0.00300925925925926,69,10,2.124367,425.4822,0.3538134,28866.3
2026-10-01 11:29:30,254,0.00289351851851852,69,10,2.126036,425.1701,0.3539059,28929.19
2026-10-01 11:29:20,244,0.00277777777777778,69,10,2.123029,424.5478,0.3538703,29008.33
2026-10-01 11:29:10,234,0.00266203703703704,69,10,2.121697,425.5984,0.3540639,29101.21
2026-10-01 11:29:00,224,0.0025462962962963,69,10,2.122078,425.7395,0.3542959,29235.06
2026-10-01 11:28:50,214,0.00243055555555556,69,10,2.122795,425.9385,0.3542978,29384.68
2026-10-01 11:28:40,204,0.00231481481481481,69,10,2.120998,426.0268,NA,29542.92
2026-10-01 11:28:30,194,0.00219907407407407,69,10,2.118305,424.9725,0.3550117,29731.99
2026-10-01 11:28:20,184,0.00208333333333333,69,10,2.118713,424.7111,0.354941,29903.6
2026-10-01 11:28:10,174,0.00196759259259259,69,10,2.119154,425.7121,NA,30048.56
2026-10-01 11:28:00,164,0.00185185185185185,69,10,2.117416,424.851,0.3549529,30182.65
2026-10-01 11:27:50,154,0.00173611111111111,69,10,2.115888,424.0351,0.3547416,30298.18
2026-10-01 11:27:40,144,0.00162037037037037,69,10,2.11815,424.1345,0.3546639,30405.67
2026-10-01 11:27:30,134,0.00150462962962963,69,10,2.121247,424.7137,0.3552568,30509.78
2026-10-01 11:27:20,124,0.00138888888888889,69,10,2.124105,425.2158,0.3552389,30603.83
2026-10-01 11:27:10,114,0.00127314814814815,69,10,2.125443,424.6158,0.3552226,30687.21
2026-10-01 11:27:00,104,0.00115740740740741,69,10,2.122894,424.7628,0.3553882,30751.37
2026-10-01 11:26:50,94,0.00104166666666667,69,10,2.122013,424.7549,0.3553628,30791.23
2026-10-01 11:26:40,84,0.000925925925925926,69,10,2.12297,423.8048,NA,30808.4
2026-10-01 11:26:30,74,0.000810185185185185,69,10,2.122241,424.9345,0.3553431,30804.82
2026-10-01 11:26:20,64,0.000694444444444444,69,10,2.124538,424.0186,0.3555651,30787.76
2026-10-01 11:26:10,54,0.000578703703703704,69,10,2.123651,424.5532,0.355322,30750.61
2026-10-01 11:26:00,44,0.000462962962962963,69,10,2.121659,426.0419,0.3551122,30685.7
2026-10-01 11:25:50,35,0.000347222222222222,69,10,2.123867,425.0806,0.3552473,30591.11
2026-10-01 11:25:40,24,0.000231481481481481,69,10,2.128948,429.8976,0.3537353,30429.01
2026-10-01 11:25:30,14,0.000115740740740741,69,10,2.20539,492.547,0.2993518,30146.87
2026-10-01 11:25:20,4,0,69,10,2.2263,499.7951,0.3587815,29587.47
2026-10-01 11:25:10,0,0.00694444444444444,68,7,2.195683,484.1972,0.3586056,29438.28
2026-10-01 11:25:00,594,0.0068287037037037,68,7,2.158706,451.3161,0.3606122,29271.48
2026-10-01 11:24:50,584,0.00671296296296296,68,7,2.137947,430.2136,0.3662791,29064.08
2026-10-01 11:24:40,574,0.00659722222222222,68,7,2.139856,429.0074,NA,28710.21
2026-10-01 11:24:30,564,0.00648148148148148,68,7,2.141007,428.5952,0.3671076,28339.18
2026-10-01 11:24:20,554,0.00636574074074074,68,7,2.138781,429.1086,NA,28001.57
2026-10-01 11:24:10,544,0.00625,68,7,2.128072,416.6329,0.3532686,28003.33
2026-10-01 11:24:00,534,0.00613425925925926,68,7,2.127873,416.7198,0.3530712,27995.02
2026-10-01 11:23:50,524,0.00601851851851852,68,7,2.127757,417.9278,0.3530885,27988.81
2026-10-01 11:23:40,514,0.00590277777777778,68,7,2.127913,418.2492,0.3532263,27991.83
2026-10-01 11:23:30,504,0.00578703703703704,68,7,2.127505,418.8806,0.3532161,27998.15
2026-10-01 11:23:20,494,0.0056712962962963,68,7,2.126887,419.1672,0.3534128,28004.29
2026-10-01 11:23:10,484,0.00555555555555556,68,7,2.126659,418.6338,0.3533179,28014.2
2026-10-01 11:23:00,474,0.00543981481481481,68,7,2.126576,419.0408,0.3535433,28019.1
2026-10-01 11:22:50,464,0.00532407407407407,68,7,2.126399,419.4545,NA,28017.72
2026-10-01 11:22:40,454,0.00520833333333333,68,7,2.126673,419.6228,0.3530005,28021.8
2026-10-01 11:22:30,444,0.00509259259259259,68,7,2.12686,420.2798,0.3529097,28025.81
2026-10-01 11:22:20,434,0.00497685185185185,68,7,2.127527,420.3471,NA,28028.06
2026-10-01 11:22:10,424,0.00486111111111111,68,7,2.12812,419.5912,0.3530581,28026.88
2026-10-01 11:22:00,414,0.00474537037037037,68,7,2.126611,421.0389,0.353314,28027.65
2026-10-01 11:21:50,404,0.00462962962962963,68,7,2.127642,421.1481,0.3533261,28026.68
2026-10-01 11:21:40,394,0.00451388888888889,68,7,2.127288,421.3618,0.3533175,28033.39
2026-10-01 11:21:30,384,0.00439814814814815,68,7,2.124757,421.0263,0.3533446,28028.6
2026-10-01 11:21:20,374,0.00428240740740741,68,7,2.123617,420.9614,0.3532382,28027.94
2026-10-01 11:21:10,364,0.00416666666666667,68,7,2.123909,422.2397,NA,28024.06
2026-10-01 11:21:00,354,0.00405092592592593,68,7,2.123347,421.3801,0.3530523,28023.86
2026-10-01 11:20:50,345,0.00393518518518518,68,7,2.123296,422.3509,0.3534792,28021.48
2026-10-01 11:20:40,334,0.00381944444444444,68,7,2.123645,421.8363,0.3533796,28019.2
2026-10-01 11:20:30,324,0.0037037037037037,68,7,2.122903,422.7199,0.3532877,28016.13
2026-10-01 11:20:20,314,0.00358796296296296,68,7,2.122491,422.9682,NA,28014.32
2026-10-01 11:20:10,304,0.00347222222222222,68,7,2.122356,423.8782,0.3533516,28013.69
2026-10-01 11:20:00,294,0.00335648148148148,68,7,2.12272,424.1411,0.3527421,28018.08
2026-10-01 11:19:50,284,0.00324074074074074,68,7,2.123545,423.7099,0.3533602,28022.5
2026-10-01 11:19:40,274,0.003125,68,7,2.122936,423.7474,NA,28024.63
2026-10-01 11:19:30,264,0.00300925925925926,68,7,2.122991,425.0408,0.3535166,28027.41
2026-10-01 11:19:20,254,0.00289351851851852,68,7,2.122437,424.7563,NA,28023.6
2026-10-01 11:19:10,244,0.00277777777777778,68,7,2.12195,424.7857,0.3534442,28031.86
2026-10-01 11:19:00,234,0.00266203703703704,68,7,2.121536,425.3491,0.3532834,28045.47
2026-10-01 11:18:50,224,0.0025462962962963,68,7,2.121461,425.8831,0.353402,28055.54
2026-10-01 11:18:40,214,0.00243055555555556,68,7,2.121241,426.2617,0.3530103,28064.13
2026-10-01 11:18:30,204,0.00231481481481481,68,7,2.122676,426.206,0.3532577,28068.6
2026-10-01 11:18:20,194,0.00219907407407407,68,7,2.125062,426.7294,0.3535676,28069.36
2026-10-01 11:18:10,184,0.00208333333333333,68,7,2.126528,426.2611,0.3535072,28066.54
2026-10-01 11:18:00,174,0.00196759259259259,68,7,2.13027,426.0973,0.3534019,28067.31
2026-10-01 11:17:50,164,0.00185185185185185,68,7,2.132282,426.1977,NA,28067.42
2026-10-01 11:17:40,154,0.00173611111111111,68,7,2.136303,426.4061,0.3536939,28075.81
2026-10-01 11:17:30,144,0.00162037037037037,68,7,2.130238,427.0648,0.3535524,28082.66
2026-10-01 11:17:20,134,0.00150462962962963,68,7,2.131471,426.7295,0.3536749,28097.08
2026-10-01 11:17:10,124,0.00138888888888889,68,7,2.135063,426.356,NA,28106.16
2026-10-01 11:17:00,114,0.00127314814814815,68,7,2.130917,426.4696,NA,28107.97
2026-10-01 11:16:50,104,0.00115740740740741,68,7,2.126776,426.2001,0.3535641,28109.78
2026-10-01 11:16:40,94,0.00104166666666667,68,7,2.123213,427.3394,0.3537162,28109.93
2026-10-01 11:16:30,84,0.000925925925925926,68,7,2.125106,426.3852,0.3535561,28107.65
2026-10-01 11:16:20,74,0.000810185185185185,68,7,2.123943,426.3962,NA,28104.08
2026-10-01 11:16:10,64,0.000694444444444444,68,7,2.124026,426.6045,0.3538078,28098.6
2026-10-01 11:16:00,54,0.000578703703703704,68,7,2.121989,426.6086,0.3538289,28090.41
2026-10-01 11:15:50,45,0.000462962962962963,68,7,2.122186,427.7779,0.3534153,28090.97
2026-10-01 11:15:40,34,0.000347222222222222,68,7,2.122452,428.2888,0.3535772,28102.7
2026-10-01 11:15:30,24,0.000231481481481481,68,7,2.131364,434.0177,NA,28107.86
2026-10-01 11:15:20,15,0.000115740740740741,68,7,2.202893,484.7083,0.3488953,28085.67
2026-10-01 11:15:10,4,0,68,7,2.221659,517.759,0.3566094,28021.6
2026-10-01 11:15:00,0,0.00694444444444444,67,1,2.201865,485.7026,0.356326,28020.91
2026-10-01 11:14:50,595,0.0068287037037037,67,1,2.177804,475.1416,0.3573176,28038.36
2026-10-01 11:14:40,585,0.00671296296296296,67,1,2.144371,435.1953,0.3601869,28117.99
2026-10-01 11:14:30,575,0.00659722222222222,67,1,2.134837,433.8551,0.3677935,28113.69
2026-10-01 11:14:20,565,0.00648148148148148,67,1,2.137576,432.8393,NA,28087.99
2026-10-01 11:14:10,555,0.00636574074074074,67,1,2.140386,432.0735,0.3675122,28001.59
2026-10-01 11:14:00,545,0.00625,67,1,2.13668,424.4886,0.3531012,27930.94
2026-10-01 11:13:50,535,0.00613425925925926,67,1,2.138183,424.3149,0.3531323,27945.62
2026-10-01 11:13:40,525,0.00601851851851852,67,1,2.138985,424.692,0.3533367,27954.5
2026-10-01 11:13:30,515,0.00590277777777778,67,1,2.139281,424.1937,0.3531917,27962.39
2026-10-01 11:13:20,505,0.00578703703703704,67,1,2.140918,424.3595,0.3533855,27972.34
2026-10-01 11:13:10,495,0.0056712962962963,67,1,2.141853,423.7492,0.3528673,27985.41
2026-10-01 11:13:00,485,0.00555555555555556,67,1,2.143107,423.4696,0.3530072,27989.68
2026-10-01 11:12:50,475,0.00543981481481481,67,1,2.146055,423.4242,NA,27998.16
2026-10-01 11:12:40,465,0.00532407407407407,67,1,2.148052,424.0879,NA,28003.76
2026-10-01 11:12:30,455,0.00520833333333333,67,1,2.151875,424.1815,0.3535927,28005.89
2026-10-01 11:12:20,445,0.00509259259259259,67,1,2.137129,424.3299,NA,28005.29
2026-10-01 11:12:10,435,0.00497685185185185,67,1,2.135695,424.3818,0.3533266,28005.59
2026-10-01 11:12:00,425,0.00486111111111111,67,1,2.136103,424.5726,0.3535874,28004.93
2026-10-01 11:11:50,415,0.00474537037037037,67,1,2.137502,425.3929,NA,28005.68
2026-10-01 11:11:40,405,0.00462962962962963,67,1,2.134891,426.2419,NA,28010.73
2026-10-01 11:11:30,395,0.00451388888888889,67,1,2.135406,425.6764,0.3534343,28010.41
2026-10-01 11:11:20,385,0.00439814814814815,67,1,2.135111,427.0541,0.3534951,28006.43
2026-10-01 11:11:10,375,0.00428240740740741,67,1,2.135164,426.9778,NA,28003.42
2026-10-01 11:11:00,365,0.00416666666666667,67,1,2.134352,426.1382,0.3533222,27998.38
2026-10-01 11:10:50,355,0.00405092592592593,67,1,2.134357,425.908,0.3534748,27995.63
2026-10-01 11:10:40,345,0.00393518518518518,67,1,2.135592,426.5239,NA,27992.95
2026-10-01 11:10:30,335,0.00381944444444444,67,1,2.138305,426.8852,NA,27992.43
2026-10-01 11:10:20,325,0.0037037037037037,67,1,2.133579,426.2718,NA,27993.12
2026-10-01 11:10:10,315,0.00358796296296296,67,1,2.13389,426.7263,0.3534021,27996.78
2026-10-01 11:10:00,305,0.00347222222222222,67,1,2.13425,427.2162,NA,28000.97
2026-10-01 11:09:50,295,0.00335648148148148,67,1,2.13429,427.048,0.3537885,28005.94
2026-10-01 11:09:40,285,0.00324074074074074,67,1,2.133522,427.7344,0.3535927,28012
2026-10-01 11:09:30,275,0.003125,67,1,2.135659,427.5231,0.3535069,28017.94
2026-10-01 11:09:20,265,0.00300925925925926,67,1,2.135206,427.8827,0.3537511,28020.99
2026-10-01 11:09:10,255,0.00289351851851852,67,1,2.13519,427.3071,0.3537904,28031.53
2026-10-01 11:09:00,245,0.00277777777777778,67,1,2.13617,427.5035,NA,28038.3
2026-10-01 11:08:50,235,0.00266203703703704,67,1,2.137702,428.4137,0.353654,28042.19
2026-10-01 11:08:40,225,0.0025462962962963,67,1,2.142394,428.4218,0.353732,28048.35
2026-10-01 11:08:30,215,0.00243055555555556,67,1,2.130863,427.9458,0.3540932,28051.22
2026-10-01 11:08:20,205,0.00231481481481481,67,1,2.129977,427.7358,0.353869,28059.28
2026-10-01 11:08:10,195,0.00219907407407407,67,1,2.131084,427.8501,0.3539561,28072.13
2026-10-01 11:08:00,185,0.00208333333333333,67,1,2.129537,428.4362,NA,28085.4
2026-10-01 11:07:50,175,0.00196759259259259,67,1,2.13108,428.3621,0.3535924,28096.6
2026-10-01 11:07:40,165,0.00185185185185185,67,1,2.130067,427.6184,0.3537818,28110.42
2026-10-01 11:07:30,155,0.00173611111111111,67,1,2.130686,428.005,NA,28123.35
2026-10-01 11:07:20,145,0.00162037037037037,67,1,2.129818,429.7205,0.3540028,28138.51
2026-10-01 11:07:10,135,0.00150462962962963,67,1,2.130154,428.2731,NA,28159.85
2026-10-01 11:07:00,125,0.00138888888888889,67,1,2.129392,428.2444,0.3538849,28177.45
2026-10-01 11:06:50,115,0.00127314814814815,67,1,2.131222,429.0214,0.3539945,28199.2
2026-10-01 11:06:40,105,0.00115740740740741,67,1,2.134758,427.6563,0.3539933,28225.04
2026-10-01 11:06:30,95,0.00104166666666667,67,1,2.132087,428.3832,0.3536923,28257.09
2026-10-01 11:06:20,85,0.000925925925925926,67,1,2.129916,428.0918,0.353678,28288.44
2026-10-01 11:06:10,75,0.000810185185185185,67,1,2.131516,428.0872,0.3540515,28325.19
2026-10-01 11:06:00,65,0.000694444444444444,67,1,2.136746,428.5424,0.354113,28359.45
2026-10-01 11:05:50,55,0.000578703703703704,67,1,2.131834,428.1146,NA,28391.82
2026-10-01 11:05:40,45,0.000462962962962963,67,1,2.130087,428.8691,NA,28427.08
2026-10-01 11:05:30,35,0.000347222222222222,67,1,2.129691,429.5302,NA,28465.16
2026-10-01 11:05:20,25,0.000231481481481481,67,1,2.146107,440.8123,NA,28509.4
2026-10-01 11:05:10,15,0.000115740740740741,67,1,2.1847,505.651,0.3572201,28560.83
2026-10-01 11:05:00,5,0,67,1,2.16527,486.2697,0.3554373,28561.01
2026-10-01 11:04:50,0,0.00694444444444444,66,6,2.163354,483.3246,0.3548494,28616.81
2026-10-01 11:04:40,595,0.0068287037037037,66,6,2.161785,482.4239,0.35523,28721.33
2026-10-01 11:04:30,585,0.00671296296296296,66,6,2.156577,483.0788,0.3544421,28877.35
2026-10-01 11:04:20,575,0.00659722222222222,66,6,2.164093,479.763,0.3558581,29124.86
2026-10-01 11:04:10,565,0.00648148148148148,66,6,2.145637,434.1776,0.3592,29030.44
2026-10-01 11:04:00,555,0.00636574074074074,66,6,2.145971,435.2217,0.3590908,28517.69
2026-10-01 11:03:50,545,0.00625,66,6,2.138227,422.0899,0.3541985,28540.72
2026-10-01 11:03:40,535,0.00613425925925926,66,6,2.137687,422.4557,0.3544271,28595.3
2026-10-01 11:03:30,525,0.00601851851851852,66,6,2.137748,422.4044,0.3546564,28658.14
2026-10-01 11:03:20,515,0.00590277777777778,66,6,2.137945,423.1942,0.3543465,28732.55
2026-10-01 11:03:10,505,0.00578703703703704,66,6,2.138257,422.6724,0.3547844,28809.38
2026-10-01 11:03:00,495,0.0056712962962963,66,6,2.138705,422.6907,0.354503,28906.14
2026-10-01 11:02:50,485,0.00555555555555556,66,6,2.138397,423.221,0.354411,29015.85
2026-10-01 11:02:40,475,0.00543981481481481,66,6,2.137479,423.267,0.3552488,29146.03
2026-10-01 11:02:30,465,0.00532407407407407,66,6,2.137176,422.9175,0.3552936,29290.62
2026-10-01 11:02:20,455,0.00520833333333333,66,6,2.137399,423.4236,0.3548634,29450.68
2026-10-01 11:02:10,445,0.00509259259259259,66,6,2.137049,422.7884,0.3554363,29634.31
2026-10-01 11:02:00,435,0.00497685185185185,66,6,2.13667,423.342,0.3552919,29868.47
2026-10-01 11:01:50,425,0.00486111111111111,66,6,2.136908,423.6328,0.3557377,30190.79
2026-10-01 11:01:40,415,0.00474537037037037,66,6,2.137444,424.0356,0.3569345,30696.62
2026-10-01 11:01:30,405,0.00462962962962963,66,6,2.137023,422.1057,NA,31223.07
2026-10-01 11:01:20,395,0.00451388888888889,66,6,2.136426,420.9524,0.3570113,31459.1
2026-10-01 11:01:10,385,0.00439814814814815,66,6,2.136312,420.7282,NA,31467.14
2026-10-01 11:01:00,375,0.00428240740740741,66,6,2.135984,422.2267,NA,31454.39
2026-10-01 11:00:50,365,0.00416666666666667,66,6,2.136158,422.5151,0.3575874,31432.17
2026-10-01 11:00:40,355,0.00405092592592593,66,6,2.137028,421.8907,0.3576332,31401.21
2026-10-01 11:00:30,345,0.00393518518518518,66,6,2.139667,421.8979,NA,31363.46
2026-10-01 11:00:20,335,0.00381944444444444,66,6,2.13585,422.2354,0.3561931,31330.28
2026-10-01 11:00:10,325,0.0037037037037037,66,6,2.135262,422.5723,NA,31295.7
2026-10-01 11:00:00,315,0.00358796296296296,66,6,2.135004,423.0132,0.356051,31268.95
2026-10-01 10:59:50,305,0.00347222222222222,66,6,2.13532,422.9866,0.3561671,31237.99
2026-10-01 10:59:40,295,0.00335648148148148,66,6,2.135043,423.708,0.3558474,31200.95
2026-10-01 10:59:30,285,0.00324074074074074,66,6,2.134395,423.7644,0.3561691,31156.17
2026-10-01 10:59:20,275,0.003125,66,6,2.134626,423.5273,0.355815,31118.43
2026-10-01 10:59:10,265,0.00300925925925926,66,6,2.134481,423.3772,0.3560901,31068.95
2026-10-01 10:59:00,255,0.00289351851851852,66,6,2.136053,424.7262,0.3552946,31020.49
2026-10-01 10:58:50,245,0.00277777777777778,66,6,2.13291,425.4915,0.3560848,30966.65
2026-10-01 10:58:40,235,0.00266203703703704,66,6,2.133324,424.4356,NA,30919.05
2026-10-01 10:58:30,225,0.0025462962962963,66,6,2.13304,425.9716,0.3564055,30872.17
2026-10-01 10:58:20,215,0.00243055555555556,66,6,2.133128,426.0203,0.3559944,30827.77
2026-10-01 10:58:10,205,0.00231481481481481,66,6,2.13242,426.3634,0.3557614,30784.49
2026-10-01 10:58:00,195,0.00219907407407407,66,6,2.132604,426.6158,0.3563472,30748.94
2026-10-01 10:57:50,185,0.00208333333333333,66,6,2.132298,427.0836,0.3562144,30715.73
2026-10-01 10:57:40,175,0.00196759259259259,66,6,2.132226,426.8152,0.356506,30678.14
2026-10-01 10:57:30,165,0.00185185185185185,66,6,2.131764,427.528,0.3563555,30642.41
2026-10-01 10:57:20,154,0.00173611111111111,66,6,2.131974,428.0652,0.3564253,30611.39
2026-10-01 10:57:10,145,0.00162037037037037,66,6,2.132735,427.2499,0.3556082,30571.28
2026-10-01 10:57:00,135,0.00150462962962963,66,6,2.132124,427.5103,NA,30519.79
2026-10-01 10:56:50,125,0.00138888888888889,66,6,2.133339,428.0778,0.3565256,30466.84
2026-10-01 10:56:40,115,0.00127314814814815,66,6,2.133363,427.3812,0.3556595,30400.65
2026-10-01 10:56:30,105,0.00115740740740741,66,6,2.132811,427.1524,0.3563609,30329.32
2026-10-01 10:56:20,95,0.00104166666666667,66,6,2.132885,427.4679,0.3569,30259.35
2026-10-01 10:56:10,85,0.000925925925925926,66,6,2.132923,427.6057,NA,30181.05
2026-10-01 10:56:00,75,0.000810185185185185,66,6,2.134237,427.8449,0.3560971,30096.5
2026-10-01 10:55:50,65,0.000694444444444444,66,6,2.148653,435.5287,NA,29995.43
2026-10-01 10:55:40,55,0.000578703703703704,66,6,2.262526,493.2929,NA,29885.92
2026-10-01 10:55:30,45,0.000462962962962963,66,6,2.322043,558.3724,0.3615146,29751.5
2026-10-01 10:55:20,35,0.000347222222222222,66,6,2.157186,441.9737,0.36901,29600.74
2026-10-01 10:55:10,25,0.000231481481481481,66,6,2.159096,441.2079,0.3774431,29279.01
2026-10-01 10:55:00,15,0.000115740740740741,66,6,2.156585,439.2671,0.3736144,29070.55
2026-10-01 10:54:50,5,0,66,6,2.132848,430.3337,NA,28359.58
2026-10-01 10:54:40,0,0.00694444444444444,65,3,2.134375,430.4522,0.3543769,28357.8
2026-10-01 10:54:30,595,0.0068287037037037,65,3,2.133703,429.4133,NA,28378.52
2026-10-01 10:54:20,585,0.00671296296296296,65,3,2.136832,429.5305,0.3539921,28407.82
2026-10-01 10:54:10,575,0.00659722222222222,65,3,2.143996,429.8452,0.3537264,28429.17
2026-10-01 10:54:00,565,0.00648148148148148,65,3,2.148341,433.367,0.3518089,28399.37
2026-10-01 10:53:50,555,0.00636574074074074,65,3,2.153052,460.3279,0.3587274,28059.64
2026-10-01 10:53:40,545,0.00625,65,3,2.14569,428.7918,0.3553146,28193.55
2026-10-01 10:53:30,535,0.00613425925925926,65,3,2.144976,428.2867,0.3548785,28268.97
2026-10-01 10:53:20,525,0.00601851851851852,65,3,2.144426,428.4189,NA,28344.52
2026-10-01 10:53:10,515,0.00590277777777778,65,3,2.144086,428.5693,0.3555251,28425.03
2026-10-01 10:53:00,505,0.00578703703703704,65,3,2.143647,428.1884,0.3548505,28499.36
2026-10-01 10:52:50,495,0.0056712962962963,65,3,2.142983,427.8051,0.3551094,28580.63
2026-10-01 10:52:40,485,0.00555555555555556,65,3,2.142848,427.8733,0.3548156,28669.92
2026-10-01 10:52:30,475,0.00543981481481481,65,3,2.142506,428.5385,0.3555357,28767.15
2026-10-01 10:52:20,465,0.00532407407407407,65,3,2.142467,428.7366,0.3553862,28874.87
2026-10-01 10:52:10,455,0.00520833333333333,65,3,2.142295,428.4087,0.3556131,28991.97
2026-10-01 10:52:00,445,0.00509259259259259,65,3,2.142869,428.7407,0.3555721,29128.3
2026-10-01 10:51:50,435,0.00497685185185185,65,3,2.143725,429.6026,0.3552409,29282.28
2026-10-01 10:51:40,425,0.00486111111111111,65,3,2.143714,428.9862,0.3556702,29468.13
2026-10-01 10:51:30,415,0.00474537037037037,65,3,2.144503,428.9709,0.3565054,29714.38
2026-10-01 10:51:20,405,0.00462962962962963,65,3,2.1444,428.8616,0.3566732,30020.17
2026-10-01 10:51:10,395,0.00451388888888889,65,3,2.142773,429.135,0.356196,30299.79
2026-10-01 10:51:00,385,0.00439814814814815,65,3,2.143442,429.3431,0.3574747,30591.01
2026-10-01 10:50:50,375,0.00428240740740741,65,3,2.142341,427.1632,0.3569622,30750.18
2026-10-01 10:50:40,364,0.00416666666666667,65,3,2.142589,427.3901,0.3563583,30807.8
2026-10-01 10:50:30,355,0.00405092592592593,65,3,2.140974,428.4643,0.3566849,30825.47
2026-10-01 10:50:20,345,0.00393518518518518,65,3,2.140391,428.0007,0.3566841,30828.35
2026-10-01 10:50:10,335,0.00381944444444444,65,3,2.139686,427.9911,0.3567924,30828.06
2026-10-01 10:50:00,325,0.0037037037037037,65,3,2.1398,428.5924,NA,30817.3
2026-10-01 10:49:50,315,0.00358796296296296,65,3,2.139123,428.3761,0.3567346,30799.03
2026-10-01 10:49:40,305,0.00347222222222222,65,3,2.138622,427.8636,NA,30785.78
2026-10-01 10:49:30,295,0.00335648148148148,65,3,2.138366,428.1131,NA,30763.8
2026-10-01 10:49:20,285,0.00324074074074074,65,3,2.138141,428.8931,0.3558317,30746.35
2026-10-01 10:49:10,275,0.003125,65,3,2.137198,427.715,0.3557785,30726.47
2026-10-01 10:49:00,265,0.00300925925925926,65,3,2.13655,427.6104,0.3565847,30710.12
2026-10-01 10:48:50,255,0.00289351851851852,65,3,2.135392,427.6897,0.3564364,30691.32
2026-10-01 10:48:40,245,0.00277777777777778,65,3,2.135382,428.2814,0.3563828,30673.6
2026-10-01 10:48:30,235,0.00266203703703704,65,3,2.135739,427.9431,0.3558733,30655.12
2026-10-01 10:48:20,225,0.0025462962962963,65,3,2.135121,427.8708,0.3562595,30637.23
2026-10-01 10:48:10,215,0.00243055555555556,65,3,2.134591,428.067,NA,30617.13
2026-10-01 10:48:00,205,0.00231481481481481,65,3,2.134234,428.3137,0.3563252,30598.46
2026-10-01 10:47:50,195,0.00219907407407407,65,3,2.134247,428.5405,0.3564511,30584.43
2026-10-01 10:47:40,185,0.00208333333333333,65,3,2.134924,429.2124,NA,30566.05
2026-10-01 10:47:30,175,0.00196759259259259,65,3,2.135851,428.735,0.3558055,30551.7
2026-10-01 10:47:20,165,0.00185185185185185,65,3,2.137357,430.4924,0.3566146,30536.22
2026-10-01 10:47:10,155,0.00173611111111111,65,3,2.137606,431.4244,0.3564896,30526.7
2026-10-01 10:47:00,145,0.00162037037037037,65,3,2.138719,431.4696,0.3559627,30521.64
2026-10-01 10:46:50,135,0.00150462962962963,65,3,2.13994,432.4673,0.3567269,30521.76
2026-10-01 10:46:40,125,0.00138888888888889,65,3,2.141397,432.9743,NA,30536.91
2026-10-01 10:46:30,115,0.00127314814814815,65,3,2.141748,432.8862,0.3572156,30563.28
2026-10-01 10:46:20,105,0.00115740740740741,65,3,2.140687,431.92,0.3571713,30589.77
2026-10-01 10:46:10,95,0.00104166666666667,65,3,2.141786,432.5407,0.3571647,30593.5
2026-10-01 10:46:00,85,0.000925925925925926,65,3,2.141304,432.0639,0.3571796,30580.11
2026-10-01 10:45:50,75,0.000810185185185185,65,3,2.14255,432.2925,0.3573598,30552.6
2026-10-01 10:45:40,65,0.000694444444444444,65,3,2.144133,432.253,0.3567382,30523.29
2026-10-01 10:45:30,55,0.000578703703703704,65,3,2.145743,432.9501,0.3573942,30484.41
2026-10-01 10:45:20,45,0.000462962962962963,65,3,2.147903,432.3767,0.3570371,30431.74
2026-10-01 10:45:10,35,0.000347222222222222,65,3,2.144592,432.6891,0.3573587,30372.73
2026-10-01 10:45:00,25,0.000231481481481481,65,3,2.144446,433.2615,NA,30290.22
2026-10-01 10:44:50,15,0.000115740740740741,65,3,2.146033,433.7876,0.3559103,30188.71
2026-10-01 10:44:40,5,0,65,3,2.15001,436.2598,NA,30042.6
2026-10-01 10:44:30,0,0.00694444444444444,64,12,2.208608,483.6953,NA,29854.81
2026-10-01 10:44:20,595,0.0068287037037037,64,12,2.304393,562.1915,0.35612,29624.59
2026-10-01 10:44:10,585,0.00671296296296296,64,12,2.274113,557.0588,0.3587876,29337.98
2026-10-01 10:44:00,575,0.00659722222222222,64,12,2.158756,447.1921,0.36511,28943.31
2026-10-01 10:43:50,565,0.00648148148148148,64,12,2.15948,445.1966,NA,28343.75
2026-10-01 10:43:40,554,0.00636574074074074,64,12,2.160849,449.6297,0.3704289,27125.04
2026-10-01 10:43:30,545,0.00625,64,12,2.159628,432.8875,0.3544174,27020.96
2026-10-01 10:43:20,535,0.00613425925925926,64,12,2.174927,430.761,NA,27022.63
2026-10-01 10:43:10,525,0.00601851851851852,64,12,2.20064,427.6359,0.3547316,27027.26
2026-10-01 10:43:00,515,0.00590277777777778,64,12,2.203103,427.7829,NA,27037.3
2026-10-01 10:42:50,505,0.00578703703703704,64,12,2.201755,427.8886,0.3546267,27043.38
2026-10-01 10:42:40,494,0.0056712962962963,64,12,2.199327,428.2377,0.3543691,27041.64
2026-10-01 10:42:30,485,0.00555555555555556,64,12,2.197895,427.5131,0.3546458,27035.76
2026-10-01 10:42:20,475,0.00543981481481481,64,12,2.196153,427.7104,0.3546635,27036.58
2026-10-01 10:42:10,465,0.00532407407407407,64,12,2.194335,428.0377,0.3540274,27036.58
2026-10-01 10:42:00,455,0.00520833333333333,64,12,2.193174,428.048,0.3548528,27037.5
2026-10-01 10:41:50,445,0.00509259259259259,64,12,2.191256,428.0001,0.3546234,27037.71
2026-10-01 10:41:40,435,0.00497685185185185,64,12,2.189713,427.5361,0.3547096,27040.2
2026-10-01 10:41:30,425,0.00486111111111111,64,12,2.187761,428.2009,0.3535172,27039.53
2026-10-01 10:41:20,415,0.00474537037037037,64,12,2.186306,428.7446,0.3545833,27040.13
2026-10-01 10:41:10,405,0.00462962962962963,64,12,2.184927,428.9983,0.3542846,27040.79
2026-10-01 10:41:00,395,0.00451388888888889,64,12,2.182554,428.8637,0.3543009,27045.94
2026-10-01 10:40:50,385,0.00439814814814815,64,12,2.181461,429.4036,0.3543654,27052.76
2026-10-01 10:40:40,375,0.00428240740740741,64,12,2.179513,428.7974,0.3545088,27063.45
2026-10-01 10:40:30,365,0.00416666666666667,64,12,2.17771,429.0091,0.3544673,27070.52
2026-10-01 10:40:20,355,0.00405092592592593,64,12,2.175965,428.9394,0.3536106,27078.4
2026-10-01 10:40:10,344,0.00393518518518518,64,12,2.173645,429.1049,NA,27084.17
2026-10-01 10:40:00,335,0.00381944444444444,64,12,2.172004,429.5349,0.3547628,27089.15
2026-10-01 10:39:50,325,0.0037037037037037,64,12,2.170435,429.8215,0.3537812,27092.05
2026-10-01 10:39:40,315,0.00358796296296296,64,12,2.169374,429.8062,0.355021,27094.07
2026-10-01 10:39:30,305,0.00347222222222222,64,12,2.167041,429.8362,0.3538948,27102.44
2026-10-01 10:39:20,295,0.00335648148148148,64,12,2.165044,430.3134,NA,27111.43
2026-10-01 10:39:10,285,0.00324074074074074,64,12,2.163357,430.3775,0.3537095,27118.19
2026-10-01 10:39:00,275,0.003125,64,12,2.161643,430.0874,0.3543202,27124.55
2026-10-01 10:38:50,265,0.00300925925925926,64,12,2.160162,431.0388,0.3544554,27132.44
2026-10-01 10:38:40,255,0.00289351851851852,64,12,2.158074,431.3745,0.3536772,27143.42
2026-10-01 10:38:30,245,0.00277777777777778,64,12,2.156217,430.9686,0.3540567,27149.51
2026-10-01 10:38:20,235,0.00266203703703704,64,12,2.154256,431.6207,0.3540204,27164.34
2026-10-01 10:38:10,225,0.0025462962962963,64,12,2.152895,431.1645,0.3543783,27177.9
2026-10-01 10:38:00,215,0.00243055555555556,64,12,2.151019,432.2251,0.3540813,27187.5
2026-10-01 10:37:50,205,0.00231481481481481,64,12,2.14932,432.3205,0.3543578,27198.81
2026-10-01 10:37:40,195,0.00219907407407407,64,12,2.147451,432.3412,0.3542215,27203.05
2026-10-01 10:37:30,185,0.00208333333333333,64,12,2.145873,433.0198,0.3538975,27213.69
2026-10-01 10:37:20,175,0.00196759259259259,64,12,2.144096,433.488,0.3538655,27233.45
2026-10-01 10:37:10,165,0.00185185185185185,64,12,2.143435,433.7127,0.3543164,27254.97
2026-10-01 10:37:00,155,0.00173611111111111,64,12,2.141514,434.233,0.3538894,27277.3
2026-10-01 10:36:50,145,0.00162037037037037,64,12,2.139737,433.0469,NA,27308.71
2026-10-01 10:36:40,135,0.00150462962962963,64,12,2.139834,433.0623,NA,27333.47
2026-10-01 10:36:30,125,0.00138888888888889,64,12,2.140961,432.8946,0.3544017,27368.25
2026-10-01 10:36:20,115,0.00127314814814815,64,12,2.140262,432.7662,0.3536848,27420.49
2026-10-01 10:36:10,105,0.00115740740740741,64,12,2.141218,432.7401,NA,27480.37
2026-10-01 10:36:00,95,0.00104166666666667,64,12,2.140166,433.2723,0.3537985,27543.91
2026-10-01 10:35:50,85,0.000925925925925926,64,12,2.141095,432.1169,NA,27610.3
2026-10-01 10:35:40,75,0.000810185185185185,64,12,2.142953,433.5316,NA,27681.25
2026-10-01 10:35:30,65,0.000694444444444444,64,12,2.143951,433.5878,0.3539542,27769.3
2026-10-01 10:35:20,55,0.000578703703703704,64,12,2.150835,434.12,0.3534398,27876.67
2026-10-01 10:35:10,45,0.000462962962962963,64,12,2.140157,433.3615,0.3540805,28011.25
2026-10-01 10:35:00,35,0.000347222222222222,64,12,2.141414,433.9465,0.3533507,28196.41
2026-10-01 10:34:50,25,0.000231481481481481,64,12,2.141417,435.0787,0.3548184,28461.51
2026-10-01 10:34:40,15,0.000115740740740741,64,12,2.140041,435.5179,0.3535437,28917.51
2026-10-01 10:34:30,5,0,64,12,2.140644,432.2593,0.3543126,29311.48
2026-10-01 10:34:20,0,0.00694444444444444,63,9,2.141413,430.7937,0.3540628,29220.95
2026-10-01 10:34:10,595,0.0068287037037037,63,9,2.1422,430.9486,0.3538691,29211.97
2026-10-01 10:34:00,585,0.00671296296296296,63,9,2.142709,431.0486,0.3531837,29195.56
2026-10-01 10:33:50,575,0.00659722222222222,63,9,2.144138,430.0955,0.3543448,29180.52
2026-10-01 10:33:40,565,0.00648148148148148,63,9,2.146159,428.0175,0.3538217,29171.3
2026-10-01 10:33:30,555,0.00636574074074074,63,9,2.148693,425.9893,0.3545021,29154.66
2026-10-01 10:33:20,545,0.00625,63,9,2.150259,424.6962,0.3543235,29139.31
2026-10-01 10:33:10,535,0.00613425925925926,63,9,2.150515,425.7379,0.3543373,29116.11
2026-10-01 10:33:00,525,0.00601851851851852,63,9,2.149831,426.0272,0.3538027,29098.49
2026-10-01 10:32:50,515,0.00590277777777778,63,9,2.149517,426.18,0.3536152,29068.96
2026-10-01 10:32:40,505,0.00578703703703704,63,9,2.150306,426.2014,NA,29046.96
2026-10-01 10:32:30,495,0.0056712962962963,63,9,2.14981,426.6053,0.35355,29028.09
2026-10-01 10:32:20,485,0.00555555555555556,63,9,2.149184,426.3929,0.353929,29014.39
2026-10-01 10:32:10,475,0.00543981481481481,63,9,2.149095,427.4115,NA,29000.21
2026-10-01 10:32:00,465,0.00532407407407407,63,9,2.148699,427.414,0.353621,28989.76
2026-10-01 10:31:50,455,0.00520833333333333,63,9,2.148345,427.0026,NA,28972.39
2026-10-01 10:31:40,445,0.00509259259259259,63,9,2.148262,427.7039,0.3546588,28958.94
2026-10-01 10:31:30,435,0.00497685185185185,63,9,2.147797,427.9711,NA,28944.55
2026-10-01 10:31:20,425,0.00486111111111111,63,9,2.147619,428.7957,0.3532018,28934.26
2026-10-01 10:31:10,415,0.00474537037037037,63,9,2.147365,428.4604,NA,28929.52
2026-10-01 10:31:00,405,0.00462962962962963,63,9,2.146652,429.2372,0.3541245,28928.94
2026-10-01 10:30:50,395,0.00451388888888889,63,9,2.146407,429.0454,0.3543821,28924.79
2026-10-01 10:30:40,385,0.00439814814814815,63,9,2.146167,430.0927,NA,28926.53
2026-10-01 10:30:30,375,0.00428240740740741,63,9,2.146643,429.8249,0.3542144,28925.89
2026-10-01 10:30:20,365,0.00416666666666667,63,9,2.146966,429.9424,0.3541275,28929.61
2026-10-01 10:30:10,355,0.00405092592592593,63,9,2.146881,430.1206,0.3543635,28935.23
2026-10-01 10:30:00,345,0.00393518518518518,63,9,2.14719,430.766,0.353993,28939.91
2026-10-01 10:29:50,335,0.00381944444444444,63,9,2.146653,430.491,0.354338,28944.47
2026-10-01 10:29:40,325,0.0037037037037037,63,9,2.146716,430.8635,0.3543955,28945.62
2026-10-01 10:29:30,315,0.00358796296296296,63,9,2.146626,430.718,NA,28951.26
2026-10-01 10:29:20,305,0.00347222222222222,63,9,2.149008,430.3257,NA,28956.57
2026-10-01 10:29:10,295,0.00335648148148148,63,9,2.146224,431.045,0.354128,28954.32
2026-10-01 10:29:00,285,0.00324074074074074,63,9,2.145744,431.0511,0.3540955,28950.21
2026-10-01 10:28:50,275,0.003125,63,9,2.145831,431.7049,0.353979,28946.07
2026-10-01 10:28:40,265,0.00300925925925926,63,9,2.145301,432.5645,0.3536389,28938.13
2026-10-01 10:28:30,254,0.00289351851851852,63,9,2.145012,432.5154,NA,28926.06
2026-10-01 10:28:20,245,0.00277777777777778,63,9,2.146211,432.6801,0.3545366,28918.57
2026-10-01 10:28:10,235,0.00266203703703704,63,9,2.145365,432.8094,0.3543059,28908.9
2026-10-01 10:28:00,225,0.0025462962962963,63,9,2.14683,434.1189,0.3545088,28901.5
2026-10-01 10:27:50,215,0.00243055555555556,63,9,2.146383,434.2753,0.3545107,28896.05
2026-10-01 10:27:40,205,0.00231481481481481,63,9,2.147624,433.2745,0.3546163,28893.14
2026-10-01 10:27:30,195,0.00219907407407407,63,9,2.148758,433.7814,0.3541877,28891.6
2026-10-01 10:27:20,185,0.00208333333333333,63,9,2.150911,434.045,0.3542817,28887.02
2026-10-01 10:27:10,175,0.00196759259259259,63,9,2.149236,434.2133,0.3543157,28885.02
2026-10-01 10:27:00,165,0.00185185185185185,63,9,2.147017,433.9668,0.3544034,28882.13
2026-10-01 10:26:50,155,0.00173611111111111,63,9,2.144829,433.7994,0.3543373,28879.57
2026-10-01 10:26:40,145,0.00162037037037037,63,9,2.142851,433.836,0.3545503,28878.27
2026-10-01 10:26:30,135,0.00150462962962963,63,9,2.144722,433.9911,0.354383,28868.86
2026-10-01 10:26:20,125,0.00138888888888889,63,9,2.143314,434.2722,0.3546489,28863.92
2026-10-01 10:26:10,115,0.00127314814814815,63,9,2.142637,434.284,0.3545858,28865.56
2026-10-01 10:26:00,105,0.00115740740740741,63,9,2.142041,435.0204,0.3547191,28865.6
2026-10-01 10:25:50,95,0.00104166666666667,63,9,2.142376,435.3611,0.3537219,28865.58
2026-10-01 10:25:40,85,0.000925925925925926,63,9,2.142449,435.6476,0.3545802,28864.56
2026-10-01 10:25:30,75,0.000810185185185185,63,9,2.146034,436.2771,0.3540027,28855.54
2026-10-01 10:25:20,65,0.000694444444444444,63,9,2.143095,435.226,NA,28845.12
2026-10-01 10:25:10,55,0.000578703703703704,63,9,2.144276,436.2556,0.3536289,28835.94
2026-10-01 10:25:00,45,0.000462962962962963,63,9,2.145347,436.5112,0.3541669,28819.38
2026-10-01 10:24:50,35,0.000347222222222222,63,9,2.143994,436.8651,0.3534809,28802.68
2026-10-01 10:24:40,25,0.000231481481481481,63,9,2.156452,446.9814,0.3499808,28782.98
2026-10-01 10:24:30,15,0.000115740740740741,63,9,2.205349,504.4367,0.3571814,28768.57
2026-10-01 10:24:20,5,0,63,9,2.161851,452.6402,0.3580205,28763.94
2026-10-01 10:24:10,0,0.00694444444444444,62,5,2.153241,448.0081,0.358389,28762.34
2026-10-01 10:24:00,595,0.0068287037037037,62,5,2.15205,446.7618,0.3581259,28777.54
2026-10-01 10:23:50,585,0.00671296296296296,62,5,2.154321,446.4286,0.3576055,28777.94
2026-10-01 10:23:40,575,0.00659722222222222,62,5,2.15355,444.7558,0.3573882,28757.61
2026-10-01 10:23:30,565,0.00648148148148148,62,5,2.154958,445.5426,0.3593091,28570.3
2026-10-01 10:23:20,555,0.00636574074074074,62,5,2.153658,443.781,0.358506,28565.91
2026-10-01 10:23:10,545,0.00625,62,5,2.149366,428.8078,NA,28732.97
2026-10-01 10:23:00,535,0.00613425925925926,62,5,2.149315,428.7756,0.3545576,28857.46
2026-10-01 10:22:50,525,0.00601851851851852,62,5,2.14929,428.303,0.3549193,28989.09
2026-10-01 10:22:40,515,0.00590277777777778,62,5,2.149213,427.8596,0.3548354,29121.04
2026-10-01 10:22:30,505,0.00578703703703704,62,5,2.149966,427.7225,0.355007,29253.56
2026-10-01 10:22:20,495,0.0056712962962963,62,5,2.150635,428.5912,NA,29392.69
2026-10-01 10:22:10,485,0.00555555555555556,62,5,2.149005,428.8941,0.3542361,29535.29
2026-10-01 10:22:00,475,0.00543981481481481,62,5,2.148369,428.515,NA,29688.16
2026-10-01 10:21:50,464,0.00532407407407407,62,5,2.146216,429.3023,0.3547685,29850.14
2026-10-01 10:21:40,455,0.00520833333333333,62,5,2.145935,428.4854,0.3548375,30008.62
2026-10-01 10:21:30,445,0.00509259259259259,62,5,2.146041,428.7751,0.3550154,30115.08
2026-10-01 10:21:20,435,0.00497685185185185,62,5,2.145537,429.0524,0.354964,30181.97
2026-10-01 10:21:10,425,0.00486111111111111,62,5,2.145397,428.1398,0.3546611,30250.32
2026-10-01 10:21:00,415,0.00474537037037037,62,5,2.145373,428.8453,0.3545434,30293.94
2026-10-01 10:20:50,405,0.00462962962962963,62,5,2.145306,429.1305,0.3550027,30298.27
2026-10-01 10:20:40,395,0.00451388888888889,62,5,2.14541,429.3565,0.3545972,30270.9
2026-10-01 10:20:30,385,0.00439814814814815,62,5,2.145058,430.0666,0.3546574,30237.81
2026-10-01 10:20:20,375,0.00428240740740741,62,5,2.145079,430.0484,NA,30203.52
2026-10-01 10:20:10,365,0.00416666666666667,62,5,2.14553,429.9611,0.3547182,30167.48
2026-10-01 10:20:00,355,0.00405092592592593,62,5,2.145226,429.9204,0.3549064,30131.67
2026-10-01 10:19:50,345,0.00393518518518518,62,5,2.145122,430.9671,0.3550427,30091.78
2026-10-01 10:19:40,335,0.00381944444444444,62,5,2.144515,430.9784,0.3550796,30051.46
2026-10-01 10:19:30,325,0.0037037037037037,62,5,2.14467,430.7338,0.3548976,30008.87
2026-10-01 10:19:20,315,0.00358796296296296,62,5,2.144507,431.3185,NA,29960.16
2026-10-01 10:19:10,305,0.00347222222222222,62,5,2.144572,431.6841,NA,29912.54
2026-10-01 10:19:00,295,0.00335648148148148,62,5,2.144267,431.5981,NA,29868.33
2026-10-01 10:18:50,284,0.00324074074074074,62,5,2.143642,431.6045,0.3546323,29826.35
2026-10-01 10:18:40,275,0.003125,62,5,2.143455,431.9764,0.3552458,29785.38
2026-10-01 10:18:30,264,0.00300925925925926,62,5,2.143454,432.1675,0.3546345,29745.85
2026-10-01 10:18:20,255,0.00289351851851852,62,5,2.14341,432.566,0.3550531,29704.78
2026-10-01 10:18:10,245,0.00277777777777778,62,5,2.14314,430.3786,0.3552047,29661.86
2026-10-01 10:18:00,235,0.00266203703703704,62,5,2.142957,432.6508,NA,29617.62
2026-10-01 10:17:50,225,0.0025462962962963,62,5,2.143079,432.2635,0.3549646,29572.95
2026-10-01 10:17:40,215,0.00243055555555556,62,5,2.14375,432.1298,NA,29526.59
2026-10-01 10:17:30,205,0.00231481481481481,62,5,2.142898,432.8593,NA,29477.05
2026-10-01 10:17:20,195,0.00219907407407407,62,5,2.144506,433.1902,0.3553716,29419.12
2026-10-01 10:17:10,185,0.00208333333333333,62,5,2.143293,433.5605,0.3548568,29351.74
2026-10-01 10:17:00,175,0.00196759259259259,62,5,2.143302,433.2844,0.3551416,29281.45
2026-10-01 10:16:50,165,0.00185185185185185,62,5,2.143484,433.722,0.3547547,29214.78
2026-10-01 10:16:40,155,0.00173611111111111,62,5,2.14454,434.1921,0.3547791,29144.65
2026-10-01 10:16:30,145,0.00162037037037037,62,5,2.145081,433.584,0.3547443,29064.71
2026-10-01 10:16:20,135,0.00150462962962963,62,5,2.153301,432.4659,NA,28982.88
2026-10-01 10:16:10,125,0.00138888888888889,62,5,2.14733,433.5488,NA,28895.16
2026-10-01 10:16:00,115,0.00127314814814815,62,5,2.14557,433.5837,0.3543514,28802.38
2026-10-01 10:15:50,105,0.00115740740740741,62,5,2.149201,434.27,0.3539351,28705.28
2026-10-01 10:15:40,94,0.00104166666666667,62,5,2.146653,435.5905,NA,28605.78
2026-10-01 10:15:30,85,0.000925925925925926,62,5,2.144084,435.4271,NA,28504.51
2026-10-01 10:15:20,75,0.000810185185185185,62,5,2.142873,435.4741,0.3549349,28400.58
2026-10-01 10:15:10,64,0.000694444444444444,62,5,2.14231,436.0211,0.3547383,28290.13
2026-10-01 10:15:00,55,0.000578703703703704,62,5,2.141894,435.5232,0.354757,28175.22
2026-10-01 10:14:50,45,0.000462962962962963,62,5,2.142564,437.531,0.3539774,28054.38
2026-10-01 10:14:40,34,0.000347222222222222,62,5,2.141162,437.1797,0.3544641,27928.31
2026-10-01 10:14:30,25,0.000231481481481481,62,5,2.143614,438.1065,0.3538525,27763.64
2026-10-01 10:14:20,15,0.000115740740740741,62,5,2.249939,501.5146,0.2995804,27453.89
2026-10-01 10:14:10,5,0,62,5,2.18295,500.4497,0.3557388,27061.48
2026-10-01 10:14:00,0,0.00694444444444444,61,8,2.172143,486.5082,0.356617,26904.83
2026-10-01 10:13:50,595,0.0068287037037037,61,8,2.183593,477.2726,0.356527,26750.56
2026-10-01 10:13:40,585,0.00671296296296296,61,8,2.163544,451.5643,NA,26564.55
2026-10-01 10:13:30,575,0.00659722222222222,61,8,2.164191,448.9794,0.3637098,26319.98
2026-10-01 10:13:20,565,0.00648148148148148,61,8,2.168233,446.0268,NA,25961.8
2026-10-01 10:13:10,555,0.00636574074074074,61,8,2.166492,439.7626,0.3602176,25561.52
2026-10-01 10:13:00,545,0.00625,61,8,2.166484,423.3982,0.3554137,25616.04
2026-10-01 10:12:50,535,0.00613425925925926,61,8,2.166295,423.5424,0.3559002,25619.54
2026-10-01 10:12:40,525,0.00601851851851852,61,8,2.164968,424.4657,0.3552025,25621.05
2026-10-01 10:12:30,515,0.00590277777777778,61,8,2.16435,424.4415,0.3563958,25620.17
2026-10-01 10:12:20,505,0.00578703703703704,61,8,2.163787,425.1321,0.3548061,25620.56
2026-10-01 10:12:10,495,0.0056712962962963,61,8,2.163561,425.1584,0.3558594,25621.07
2026-10-01 10:12:00,485,0.00555555555555556,61,8,2.163666,425.0833,0.3556767,25622.95
2026-10-01 10:11:50,475,0.00543981481481481,61,8,2.162465,426.2668,0.3556082,25628.43
2026-10-01 10:11:40,465,0.00532407407407407,61,8,2.162017,425.83,0.3561493,25632.81
2026-10-01 10:11:30,454,0.00520833333333333,61,8,2.160855,426.6824,0.3557938,25633.2
2026-10-01 10:11:20,444,0.00509259259259259,61,8,2.159809,427.281,0.3550326,25633.35
2026-10-01 10:11:10,435,0.00497685185185185,61,8,2.158832,426.8747,0.3557125,25631.78
2026-10-01 10:11:00,425,0.00486111111111111,61,8,2.157861,427.6107,NA,25633.46
2026-10-01 10:10:50,415,0.00474537037037037,61,8,2.157241,428.2806,0.3559496,25634.9
2026-10-01 10:10:40,405,0.00462962962962963,61,8,2.156939,429.4386,NA,25638.2
2026-10-01 10:10:30,395,0.00451388888888889,61,8,2.156792,428.7655,0.3564229,25640.88
2026-10-01 10:10:20,385,0.00439814814814815,61,8,2.155402,428.9633,NA,25642.17
2026-10-01 10:10:10,375,0.00428240740740741,61,8,2.155353,429.5734,0.3555512,25641.41
2026-10-01 10:10:00,365,0.00416666666666667,61,8,2.15423,430.7562,0.3560198,25643.88
2026-10-01 10:09:50,355,0.00405092592592593,61,8,2.153971,430.0905,0.3559578,25651.19
2026-10-01 10:09:40,345,0.00393518518518518,61,8,2.153187,431.264,0.3557006,25661.75
2026-10-01 10:09:30,335,0.00381944444444444,61,8,2.15292,431.1845,0.3556304,25670.63
2026-10-01 10:09:20,325,0.0037037037037037,61,8,2.151994,432.8138,0.3557998,25673.84
2026-10-01 10:09:10,315,0.00358796296296296,61,8,2.151289,432.1128,0.3563544,25680.7
2026-10-01 10:09:00,305,0.00347222222222222,61,8,2.150295,432.7785,0.3561154,25686.47
2026-10-01 10:08:50,295,0.00335648148148148,61,8,2.149822,433.3334,0.3559964,25692.46
2026-10-01 10:08:40,285,0.00324074074074074,61,8,2.149546,433.7862,NA,25704.31
2026-10-01 10:08:30,275,0.003125,61,8,2.150011,434.1426,0.3557545,25712.35
2026-10-01 10:08:20,265,0.00300925925925926,61,8,2.148851,434.2244,0.3564521,25721.98
2026-10-01 10:08:10,255,0.00289351851851852,61,8,2.147983,435.0851,0.3561583,25734.17
2026-10-01 10:08:00,245,0.00277777777777778,61,8,2.14741,435.179,0.3562506,25746.85
2026-10-01 10:07:50,235,0.00266203703703704,61,8,2.147379,436.1152,NA,25754.59
2026-10-01 10:07:40,225,0.0025462962962963,61,8,2.145812,435.8218,0.3564306,25764.2
2026-10-01 10:07:30,214,0.00243055555555556,61,8,2.144964,436.5276,0.3562411,25780.83
2026-10-01 10:07:20,204,0.00231481481481481,61,8,2.144182,437.0677,0.3564432,25796.11
2026-10-01 10:07:10,195,0.00219907407407407,61,8,2.143278,437.8626,0.3568148,25808.92
2026-10-01 10:07:00,185,0.00208333333333333,61,8,2.143267,436.5653,NA,25826.62
2026-10-01 10:06:50,175,0.00196759259259259,61,8,2.143602,436.0236,0.3561646,25841.79
2026-10-01 10:06:40,165,0.00185185185185185,61,8,2.143574,437.4702,NA,25859.34
2026-10-01 10:06:30,155,0.00173611111111111,61,8,2.143306,436.8827,0.356146,25880.09
2026-10-01 10:06:20,145,0.00162037037037037,61,8,2.142745,437.0081,0.3565462,25904.71
2026-10-01 10:06:10,135,0.00150462962962963,61,8,2.143812,438.1122,0.3562447,25931.76
2026-10-01 10:06:00,125,0.00138888888888889,61,8,2.142823,437.9956,0.3565534,25958.69
2026-10-01 10:05:50,115,0.00127314814814815,61,8,2.142929,437.656,0.356263,25987.83
2026-10-01 10:05:40,105,0.00115740740740741,61,8,2.14403,437.4026,0.3564082,26021.5
2026-10-01 10:05:30,95,0.00104166666666667,61,8,2.144959,436.7087,0.3571649,26058.56
2026-10-01 10:05:20,85,0.000925925925925926,61,8,2.144454,436.7366,NA,26099.79
2026-10-01 10:05:10,75,0.000810185185185185,61,8,2.143785,437.3486,0.3568905,26145.78
2026-10-01 10:05:00,65,0.000694444444444444,61,8,2.144193,436.7415,0.3572589,26202.09
2026-10-01 10:04:50,55,0.000578703703703704,61,8,2.144975,436.8975,0.3566467,26273.23
2026-10-01 10:04:40,45,0.000462962962962963,61,8,2.14354,437.6294,0.3569793,26365.21
2026-10-01 10:04:30,35,0.000347222222222222,61,8,2.14366,437.8927,0.3575282,26484.75
2026-10-01 10:04:20,25,0.000231481481481481,61,8,2.163244,448.5193,NA,26627.12
2026-10-01 10:04:10,15,0.000115740740740741,61,8,2.215894,464.3642,NA,26798.35
2026-10-01 10:04:00,4,0,61,8,2.156943,449.5699,0.3629465,26714.88
2026-10-01 10:03:50,0,0.00694444444444444,60,4,2.158517,449.2583,NA,26646.29
2026-10-01 10:03:40,595,0.0068287037037037,60,4,2.159621,449.4563,0.3615762,26579.16
2026-10-01 10:03:30,585,0.00671296296296296,60,4,2.159378,448.4263,0.3597321,26455
2026-10-01 10:03:20,575,0.00659722222222222,60,4,2.162867,448.4312,0.3600256,26404.51
2026-10-01 10:03:10,565,0.00648148148148148,60,4,2.166987,447.6061,0.3588994,26248.31
2026-10-01 10:03:00,555,0.00636574074074074,60,4,2.168623,446.1947,0.3609147,25948.16
2026-10-01 10:02:50,545,0.00625,60,4,2.144935,436.7335,0.3541665,26050.42
2026-10-01 10:02:40,535,0.00613425925925926,60,4,2.144814,436.2967,0.3541003,26113.31
2026-10-01 10:02:30,525,0.00601851851851852,60,4,2.145842,436.82,0.3541241,26176.8
2026-10-01 10:02:20,515,0.00590277777777778,60,4,2.14489,437.0819,0.3544115,26250.44
2026-10-01 10:02:10,505,0.00578703703703704,60,4,2.1446,436.6549,NA,26332.12
2026-10-01 10:02:00,495,0.0056712962962963,60,4,2.149658,435.6358,0.3540934,26428.89
2026-10-01 10:01:50,485,0.00555555555555556,60,4,2.147387,435.3652,0.3547542,26545.07
2026-10-01 10:01:40,475,0.00543981481481481,60,4,2.145949,435.8721,NA,26688.81
2026-10-01 10:01:30,465,0.00532407407407407,60,4,2.145204,435.0881,0.3549428,26873.69
2026-10-01 10:01:20,455,0.00520833333333333,60,4,2.14628,436.2784,0.3549836,27092.72
2026-10-01 10:01:10,445,0.00509259259259259,60,4,2.147315,436.1637,NA,27296.4
2026-10-01 10:01:00,435,0.00497685185185185,60,4,2.144088,435.55,0.3541826,27436.4
2026-10-01 10:00:50,425,0.00486111111111111,60,4,2.143283,435.3505,NA,27507.29
2026-10-01 10:00:40,414,0.00474537037037037,60,4,2.143383,435.6668,0.3547321,27538.42
2026-10-01 10:00:30,405,0.00462962962962963,60,4,2.143621,435.8585,0.3547616,27542.24
2026-10-01 10:00:20,395,0.00451388888888889,60,4,2.143924,436.0412,0.3547564,27545.38
2026-10-01 10:00:10,385,0.00439814814814815,60,4,2.143784,434.8643,NA,27543.07
2026-10-01 10:00:00,375,0.00428240740740741,60,4,2.143943,435.436,0.3548929,27540.28
2026-10-01 09:59:50,365,0.00416666666666667,60,4,2.14399,435.5706,0.3545875,27540.8
2026-10-01 09:59:40,355,0.00405092592592593,60,4,2.143806,436.0096,NA,27538.17
2026-10-01 09:59:30,345,0.00393518518518518,60,4,2.144484,436.098,0.3540395,27537.9
2026-10-01 09:59:20,335,0.00381944444444444,60,4,2.144893,435.7638,0.3545092,27539.93
2026-10-01 09:59:10,325,0.0037037037037037,60,4,2.146607,436.1982,0.3545051,27535.22
2026-10-01 09:59:00,315,0.00358796296296296,60,4,2.143752,436.8726,NA,27521.88
2026-10-01 09:58:50,305,0.00347222222222222,60,4,2.143871,436.6112,NA,27520.41
2026-10-01 09:58:40,295,0.00335648148148148,60,4,2.142676,437.1484,0.3545681,27515.5
2026-10-01 09:58:30,285,0.00324074074074074,60,4,2.142803,436.8307,0.3541021,27511.66
2026-10-01 09:58:20,275,0.003125,60,4,2.142853,437.3341,NA,27501.87
2026-10-01 09:58:10,265,0.00300925925925926,60,4,2.143196,437.3455,0.3546061,27494.72
2026-10-01 09:58:00,255,0.00289351851851852,60,4,2.143842,437.7136,NA,27485.15
2026-10-01 09:57:50,245,0.00277777777777778,60,4,2.144099,438.0243,NA,27479.96
2026-10-01 09:57:40,235,0.00266203703703704,60,4,2.144188,436.8928,NA,27471.5
2026-10-01 09:57:30,224,0.0025462962962963,60,4,2.143924,437.7769,0.3545274,27461.59
2026-10-01 09:57:20,214,0.00243055555555556,60,4,2.144201,438.0079,0.3547913,27455.53
2026-10-01 09:57:10,205,0.00231481481481481,60,4,2.145268,437.8207,NA,27447.61
2026-10-01 09:57:00,195,0.00219907407407407,60,4,2.144887,438.3481,0.3539771,27437.92
2026-10-01 09:56:50,185,0.00208333333333333,60,4,2.144961,437.5298,NA,27428.72
2026-10-01 09:56:40,175,0.00196759259259259,60,4,2.143135,438.3948,0.3546831,27419.28
2026-10-01 09:56:30,165,0.00185185185185185,60,4,2.142912,439.3641,0.3543705,27411.05
2026-10-01 09:56:20,155,0.00173611111111111,60,4,2.142735,439.0291,NA,27403.07
2026-10-01 09:56:10,145,0.00162037037037037,60,4,2.142898,439.3835,0.3542544,27393.96
2026-10-01 09:56:00,135,0.00150462962962963,60,4,2.142839,439.009,0.3547066,27388.36
2026-10-01 09:55:50,125,0.00138888888888889,60,4,2.143019,437.4333,0.3544586,27385.31
2026-10-01 09:55:40,115,0.00127314814814815,60,4,2.1423,438.7055,0.3546562,27383.96
2026-10-01 09:55:30,105,0.00115740740740741,60,4,2.142095,439.4076,0.3546111,27376.72
2026-10-01 09:55:20,95,0.00104166666666667,60,4,2.141988,439.2911,0.3540606,27369.5
2026-10-01 09:55:10,85,0.000925925925925926,60,4,2.141865,438.8744,0.3532478,27366.1
2026-10-01 09:55:00,75,0.000810185185185185,60,4,2.143253,437.8361,0.3544536,27364.17
2026-10-01 09:54:50,65,0.000694444444444444,60,4,2.142532,438.5374,NA,27372.72
2026-10-01 09:54:40,55,0.000578703703703704,60,4,2.141385,438.8861,0.3531404,27384.48
2026-10-01 09:54:30,45,0.000462962962962963,60,4,2.141897,439.1606,NA,27397.54
2026-10-01 09:54:20,35,0.000347222222222222,60,4,2.142322,440.4908,0.3533593,27410.52
2026-10-01 09:54:10,25,0.000231481481481481,60,4,2.148562,444.2258,NA,27422.95
2026-10-01 09:54:00,15,0.000115740740740741,60,4,2.180313,483.4786,0.3465984,27370.35
2026-10-01 09:53:50,5,0,60,4,2.197373,475.5697,NA,27201.04
2026-10-01 09:53:40,0,0.00694444444444444,59,11,2.181011,497.6557,0.3556474,27144.29
2026-10-01 09:53:30,594,0.0068287037037037,59,11,2.268913,483.8685,0.3546857,27103.91
2026-10-01 09:53:20,585,0.00671296296296296,59,11,2.179597,489.8735,NA,27043.37
2026-10-01 09:53:10,575,0.00659722222222222,59,11,2.159635,459.8889,0.3578366,26968.2
2026-10-01 09:53:00,565,0.00648148148148148,59,11,2.15835,453.8624,0.357845,26842.61
2026-10-01 09:52:50,555,0.00636574074074074,59,11,2.157307,454.3276,0.3601309,26601.09
2026-10-01 09:52:40,545,0.00625,59,11,2.153432,428.2178,NA,26757.02
2026-10-01 09:52:30,535,0.00613425925925926,59,11,2.153165,427.5009,0.3541757,26867.72
2026-10-01 09:52:20,525,0.00601851851851852,59,11,2.152348,428.6496,0.3536665,26983.5
2026-10-01 09:52:10,515,0.00590277777777778,59,11,2.152817,428.0117,0.3542468,27120.52
2026-10-01 09:52:00,505,0.00578703703703704,59,11,2.152857,427.9808,0.3556625,27279.65
2026-10-01 09:51:50,495,0.0056712962962963,59,11,2.156171,428.4721,NA,27485.55
2026-10-01 09:51:40,485,0.00555555555555556,59,11,2.151154,429.8127,0.3562024,27751.66
2026-10-01 09:51:30,475,0.00543981481481481,59,11,2.151309,429.7991,NA,28098.41
2026-10-01 09:51:20,465,0.00532407407407407,59,11,2.150433,428.4938,NA,28348.53
2026-10-01 09:51:10,455,0.00520833333333333,59,11,2.150005,427.7318,NA,28481.34
2026-10-01 09:51:00,445,0.00509259259259259,59,11,2.149515,428.6989,NA,28554.99
2026-10-01 09:50:50,435,0.00497685185185185,59,11,2.149064,428.9141,0.355241,28583.6
2026-10-01 09:50:40,425,0.00486111111111111,59,11,2.149408,429.7109,0.3568048,28586.06
2026-10-01 09:50:30,415,0.00474537037037037,59,11,2.148745,429.5208,NA,28584.62
2026-10-01 09:50:20,405,0.00462962962962963,59,11,2.147999,431.2229,0.3564155,28586.19
2026-10-01 09:50:10,394,0.00451388888888889,59,11,2.148454,430.8005,0.3561676,28588.75
2026-10-01 09:50:00,385,0.00439814814814815,59,11,2.147186,432.5526,0.3563035,28590.83
2026-10-01 09:49:50,375,0.00428240740740741,59,11,2.147356,432.3623,0.3555763,28586.17
2026-10-01 09:49:40,365,0.00416666666666667,59,11,2.146842,432.9566,0.3558567,28581.3
2026-10-01 09:49:30,355,0.00405092592592593,59,11,2.146605,433.6556,0.3559941,28575.87
2026-10-01 09:49:20,345,0.00393518518518518,59,11,2.146016,433.6329,0.3562505,28583.44
2026-10-01 09:49:10,335,0.00381944444444444,59,11,2.145907,433.2816,0.3563098,28578.03
2026-10-01 09:49:00,325,0.0037037037037037,59,11,2.145524,432.4617,NA,28572.32
2026-10-01 09:48:50,315,0.00358796296296296,59,11,2.145071,432.247,0.3564461,28565.51
2026-10-01 09:48:40,305,0.00347222222222222,59,11,2.14433,432.799,0.3564696,28558.87
2026-10-01 09:48:30,295,0.00335648148148148,59,11,2.144591,432.8153,0.3567295,28558.12
2026-10-01 09:48:20,285,0.00324074074074074,59,11,2.144565,433.5122,NA,28553.79
2026-10-01 09:48:10,275,0.003125,59,11,2.144073,433.9163,NA,28553.71
2026-10-01 09:48:00,265,0.00300925925925926,59,11,2.144324,435.477,0.3562609,28553.55
2026-10-01 09:47:50,255,0.00289351851851852,59,11,2.142595,435.4133,0.3559336,28546.96
2026-10-01 09:47:40,245,0.00277777777777778,59,11,2.142905,435.7981,NA,28540.17
2026-10-01 09:47:30,235,0.00266203703703704,59,11,2.142132,436.4103,NA,28534.84
2026-10-01 09:47:20,225,0.0025462962962963,59,11,2.141967,437.2297,0.3559315,28529.12
2026-10-01 09:47:10,215,0.00243055555555556,59,11,2.141557,437.0101,0.3564559,28530.79
2026-10-01 09:47:00,205,0.00231481481481481,59,11,2.142318,437.9671,0.356618,28527.94
2026-10-01 09:46:50,195,0.00219907407407407,59,11,2.151917,439.2072,NA,28520.67
2026-10-01 09:46:40,184,0.00208333333333333,59,11,2.14178,437.9889,0.3559106,28512.14
2026-10-01 09:46:30,174,0.00196759259259259,59,11,2.141264,438.04,0.3563227,28500.95
2026-10-01 09:46:20,165,0.00185185185185185,59,11,2.142127,436.6309,NA,28486.42
2026-10-01 09:46:10,155,0.00173611111111111,59,11,2.143465,437.9509,0.3556546,28474.43
2026-10-01 09:46:00,145,0.00162037037037037,59,11,2.141014,438.462,0.3559637,28459.71
2026-10-01 09:45:50,135,0.00150462962962963,59,11,2.141175,438.4284,0.3554628,28444.24
2026-10-01 09:45:40,125,0.00138888888888889,59,11,2.141385,438.2608,0.3561385,28432.88
2026-10-01 09:45:30,115,0.00127314814814815,59,11,2.141845,438.829,0.3565245,28419.14
2026-10-01 09:45:20,105,0.00115740740740741,59,11,2.142346,439.1316,NA,28409.23
2026-10-01 09:45:10,95,0.00104166666666667,59,11,2.141376,440.741,0.3555027,28401.57
2026-10-01 09:45:00,85,0.000925925925925926,59,11,2.141492,440.2414,NA,28401.95
2026-10-01 09:44:50,75,0.000810185185185185,59,11,2.145455,441.0563,NA,28406.74
2026-10-01 09:44:40,65,0.000694444444444444,59,11,2.141169,439.7032,0.3559856,28419.58
2026-10-01 09:44:30,55,0.000578703703703704,59,11,2.140795,439.284,NA,28449.27
2026-10-01 09:44:20,45,0.000462962962962963,59,11,2.140844,439.6745,0.3556592,28499.67
2026-10-01 09:44:10,35,0.000347222222222222,59,11,2.14242,442.1858,0.3559273,28571.63
2026-10-01 09:44:00,25,0.000231481481481481,59,11,2.19165,483.7656,0.3461432,28682.72
2026-10-01 09:43:50,15,0.000115740740740741,59,11,2.19238,520.8691,NA,28884.73
2026-10-01 09:43:40,5,0,59,11,2.169971,477.2953,0.3577203,28928.49
2026-10-01 09:43:30,0,0.00694444444444444,58,2,2.15248,465.5408,0.3633212,28844.51
2026-10-01 09:43:20,595,0.0068287037037037,58,2,2.152839,463.9851,0.3626729,28790.21
2026-10-01 09:43:10,585,0.00671296296296296,58,2,2.153393,464.3854,NA,28717.29
2026-10-01 09:43:00,574,0.00659722222222222,58,2,2.152188,463.9645,0.3618318,28628.65
2026-10-01 09:42:50,564,0.00648148148148148,58,2,2.15266,462.4072,0.3606577,28573.24
2026-10-01 09:42:40,555,0.00636574074074074,58,2,2.149902,452.4818,0.359231,28669.36
2026-10-01 09:42:30,545,0.00625,58,2,2.143395,432.5133,0.3562403,28704.06
2026-10-01 09:42:20,535,0.00613425925925926,58,2,2.143388,435.4135,0.3560393,28703.77
2026-10-01 09:42:10,525,0.00601851851851852,58,2,2.143396,432.4232,NA,28710.04
2026-10-01 09:42:00,515,0.00590277777777778,58,2,2.143783,432.9565,0.3563089,28708.51
2026-10-01 09:41:50,505,0.00578703703703704,58,2,2.144344,434.8925,0.3561779,28710.57
2026-10-01 09:41:40,495,0.0056712962962963,58,2,2.144281,434.0818,NA,28713.03
2026-10-01 09:41:30,485,0.00555555555555556,58,2,2.143654,433.7376,NA,28706.56
2026-10-01 09:41:20,475,0.00543981481481481,58,2,2.145552,435.3128,NA,28697.2
2026-10-01 09:41:10,465,0.00532407407407407,58,2,2.147624,435.0238,NA,28687.71
2026-10-01 09:41:00,455,0.00520833333333333,58,2,2.150347,433.694,0.355769,28674.66
2026-10-01 09:40:50,445,0.00509259259259259,58,2,2.142934,434.5938,0.3556111,28664.74
2026-10-01 09:40:40,435,0.00497685185185185,58,2,2.142036,433.5628,0.3561469,28649.74
2026-10-01 09:40:30,425,0.00486111111111111,58,2,2.141918,433.7405,NA,28632.42
2026-10-01 09:40:20,415,0.00474537037037037,58,2,2.141819,434.3699,NA,28622.02
2026-10-01 09:40:10,405,0.00462962962962963,58,2,2.143688,435.9467,0.3561011,28612.43
2026-10-01 09:40:00,395,0.00451388888888889,58,2,2.142559,435.4312,0.3562283,28593.38
2026-10-01 09:39:50,385,0.00439814814814815,58,2,2.143629,435.2288,0.3560179,28573.13
2026-10-01 09:39:40,375,0.00428240740740741,58,2,2.143018,435.8115,0.3552855,28552.23
2026-10-01 09:39:30,365,0.00416666666666667,58,2,2.143012,437.0782,0.3559723,28537.2
2026-10-01 09:39:20,354,0.00405092592592593,58,2,2.14236,436.9745,NA,28517.1
2026-10-01 09:39:10,345,0.00393518518518518,58,2,2.14197,436.1377,0.3559372,28502.01
2026-10-01 09:39:00,335,0.00381944444444444,58,2,2.141417,436.758,NA,28488.23
2026-10-01 09:38:50,325,0.0037037037037037,58,2,2.142093,436.7175,0.3561362,28474.27
2026-10-01 09:38:40,315,0.00358796296296296,58,2,2.141857,437.0132,0.3552966,28461.7
2026-10-01 09:38:30,305,0.00347222222222222,58,2,2.141523,438.4739,0.3559631,28444.14
2026-10-01 09:38:20,295,0.00335648148148148,58,2,2.141759,439.7043,0.3557899,28427.25
2026-10-01 09:38:10,285,0.00324074074074074,58,2,2.141496,439.7521,NA,28413.42
2026-10-01 09:38:00,275,0.003125,58,2,2.140921,438.1275,0.3557811,28400.02
2026-10-01 09:37:50,265,0.00300925925925926,58,2,2.141419,439.628,NA,28380.91
2026-10-01 09:37:40,255,0.00289351851851852,58,2,2.141355,439.2676,NA,28358.51
2026-10-01 09:37:30,245,0.00277777777777778,58,2,2.142164,441.6711,0.3557399,28336.79
2026-10-01 09:37:20,235,0.00266203703703704,58,2,2.141428,439.0632,0.3556005,28316.14
2026-10-01 09:37:10,225,0.0025462962962963,58,2,2.141171,440.2137,NA,28300.27
2026-10-01 09:37:00,215,0.00243055555555556,58,2,2.140763,441.636,0.3559358,28282.95
2026-10-01 09:36:50,205,0.00231481481481481,58,2,2.140212,439.3006,0.3559039,28261.41
2026-10-01 09:36:40,195,0.00219907407407407,58,2,2.140319,439.81,0.3554693,28239.27
2026-10-01 09:36:30,185,0.00208333333333333,58,2,2.140871,439.2522,0.3559737,28211.54
2026-10-01 09:36:20,175,0.00196759259259259,58,2,2.142647,440.1374,0.3558577,28189.41
2026-10-01 09:36:10,165,0.00185185185185185,58,2,2.14048,441.9739,NA,28164.84
2026-10-01 09:36:00,155,0.00173611111111111,58,2,2.140824,442.7413,0.3557861,28139.89
2026-10-01 09:35:50,145,0.00162037037037037,58,2,2.141785,444.109,NA,28112.81
2026-10-01 09:35:40,135,0.00150462962962963,58,2,2.142807,444.7388,0.3561259,28088.61
2026-10-01 09:35:30,125,0.00138888888888889,58,2,2.142692,445.4839,0.3561776,28062.88
2026-10-01 09:35:20,115,0.00127314814814815,58,2,2.143293,445.0677,NA,28036.21
2026-10-01 09:35:10,105,0.00115740740740741,58,2,2.143314,443.6442,0.3560142,28006.28
2026-10-01 09:35:00,95,0.00104166666666667,58,2,2.14409,441.3428,0.3561837,27978.09
2026-10-01 09:34:50,85,0.000925925925925926,58,2,2.142133,440.1569,0.3560392,27956.32
2026-10-01 09:34:40,75,0.000810185185185185,58,2,2.14207,440.8553,0.355795,27938.17
2026-10-01 09:34:30,65,0.000694444444444444,58,2,2.142195,440.4777,0.3550333,27906.36
2026-10-01 09:34:20,55,0.000578703703703704,58,2,2.143146,440.1175,0.355985,27875.62
2026-10-01 09:34:10,45,0.000462962962962963,58,2,2.142533,441.312,0.3553703,27846.08
2026-10-01 09:34:00,35,0.000347222222222222,58,2,2.143165,441.8923,0.3549035,27822.32
2026-10-01 09:33:50,25,0.000231481481481481,58,2,2.149846,445.6204,0.3534795,27791.05
2026-10-01 09:33:40,15,0.000115740740740741,58,2,2.201968,501.4614,0.3581252,27744.07
2026-10-01 09:33:30,5,0,58,2,2.18135,499.3009,0.3572694,27658.53
2026-10-01 09:33:20,0,0.00694444444444444,57,10,2.185093,515.8897,0.3556976,27569.3
2026-10-01 09:33:10,595,0.0068287037037037,57,10,2.176209,507.6064,0.3555789,27488.29
2026-10-01 09:33:00,585,0.00671296296296296,57,10,2.19668,487.4369,0.357616,27403.93
2026-10-01 09:32:50,575,0.00659722222222222,57,10,2.17118,474.2005,0.3631688,27301.42
2026-10-01 09:32:40,565,0.00648148148148148,57,10,2.165774,472.793,NA,27160.41
2026-10-01 09:32:30,555,0.00636574074074074,57,10,2.166617,471.3185,NA,27195.85
2026-10-01 09:32:20,545,0.00625,57,10,2.166656,441.221,NA,27251.99
2026-10-01 09:32:10,534,0.00613425925925926,57,10,2.168995,441.9629,0.3556304,27264.85
2026-10-01 09:32:00,525,0.00601851851851852,57,10,2.169233,442.0809,0.3553037,27274.08
2026-10-01 09:31:50,515,0.00590277777777778,57,10,2.16419,440.7304,NA,27284.16
2026-10-01 09:31:40,505,0.00578703703703704,57,10,2.163178,441.5124,NA,27288.3
2026-10-01 09:31:30,495,0.0056712962962963,57,10,2.166289,441.6931,NA,27295.94
2026-10-01 09:31:20,485,0.00555555555555556,57,10,2.161571,441.4129,0.3545999,27297.35
2026-10-01 09:31:10,475,0.00543981481481481,57,10,2.161614,441.4152,0.3554633,27300.53
2026-10-01 09:31:00,465,0.00532407407407407,57,10,2.16172,441.6569,NA,27299.57
2026-10-01 09:30:50,455,0.00520833333333333,57,10,2.161955,442.1528,NA,27299.18
2026-10-01 09:30:40,445,0.00509259259259259,57,10,2.158896,440.8718,0.355101,27305.88
2026-10-01 09:30:30,435,0.00497685185185185,57,10,2.161459,442.8545,0.354371,27308.52
2026-10-01 09:30:20,425,0.00486111111111111,57,10,2.161646,441.552,0.3540323,27309.78
2026-10-01 09:30:10,415,0.00474537037037037,57,10,2.157039,440.6994,0.3554886,27309.41
2026-10-01 09:30:00,405,0.00462962962962963,57,10,2.155268,441.623,0.355569,27313.97
2026-10-01 09:29:50,395,0.00451388888888889,57,10,2.157333,442.0658,NA,27316.1
2026-10-01 09:29:40,385,0.00439814814814815,57,10,2.156649,441.2048,0.3544391,27316.81
2026-10-01 09:29:30,375,0.00428240740740741,57,10,2.153973,442.2902,NA,27319.22
2026-10-01 09:29:20,365,0.00416666666666667,57,10,2.153413,441.827,NA,27315.88
2026-10-01 09:29:10,355,0.00405092592592593,57,10,2.152683,440.4876,0.3545102,27312.16
2026-10-01 09:29:00,345,0.00393518518518518,57,10,2.151581,440.9098,0.354835,27307.75
2026-10-01 09:28:50,335,0.00381944444444444,57,10,2.15051,440.9393,0.3541042,27301.33
2026-10-01 09:28:40,325,0.0037037037037037,57,10,2.150813,440.6038,0.3544298,27298.4
2026-10-01 09:28:30,315,0.00358796296296296,57,10,2.149024,441.4628,0.3547704,27293.88
2026-10-01 09:28:20,305,0.00347222222222222,57,10,2.149306,441.3043,0.3542756,27287.14
2026-10-01 09:28:10,295,0.00335648148148148,57,10,2.149657,440.6853,0.3545585,27282.07
2026-10-01 09:28:00,285,0.00324074074074074,57,10,2.149505,441.1547,0.3556473,27279.23
2026-10-01 09:27:50,275,0.003125,57,10,2.147883,441.3649,0.3558938,27276.06
2026-10-01 09:27:40,265,0.00300925925925926,57,10,2.148342,441.0004,NA,27271.26
2026-10-01 09:27:30,255,0.00289351851851852,57,10,2.148194,441.8055,0.3557637,27262.63
2026-10-01 09:27:20,245,0.00277777777777778,57,10,2.145947,441.4337,0.3561796,27256.41
2026-10-01 09:27:10,235,0.00266203703703704,57,10,2.147021,440.8324,0.3560164,27250.9
2026-10-01 09:27:00,225,0.0025462962962963,57,10,2.144481,441.862,0.3559702,27249.47
2026-10-01 09:26:50,215,0.00243055555555556,57,10,2.144344,441.4444,NA,27246.12
2026-10-01 09:26:40,205,0.00231481481481481,57,10,2.143643,442.2051,0.3559036,27247.41
2026-10-01 09:26:30,195,0.00219907407407407,57,10,2.144716,442.5425,0.3561452,27253
2026-10-01 09:26:20,185,0.00208333333333333,57,10,2.145427,442.7212,0.3562711,27254.7
2026-10-01 09:26:10,175,0.00196759259259259,57,10,2.146343,444.377,0.3561908,27249.86
2026-10-01 09:26:00,165,0.00185185185185185,57,10,2.145415,443.4677,0.3563071,27248.88
2026-10-01 09:25:50,155,0.00173611111111111,57,10,2.144594,442.5828,0.3561864,27250.82
2026-10-01 09:25:40,145,0.00162037037037037,57,10,2.143181,442.5167,0.3563275,27252.68
2026-10-01 09:25:30,135,0.00150462962962963,57,10,2.145461,442.7919,0.3561441,27250.19
2026-10-01 09:25:20,125,0.00138888888888889,57,10,2.144425,442.7634,0.3565342,27255.1
2026-10-01 09:25:10,115,0.00127314814814815,57,10,2.144033,443.4495,0.3564926,27262.02
2026-10-01 09:25:00,105,0.00115740740740741,57,10,2.144017,444.2387,0.3558726,27263.2
2026-10-01 09:24:50,95,0.00104166666666667,57,10,2.145683,444.2353,0.3565162,27267.72
2026-10-01 09:24:40,85,0.000925925925925926,57,10,2.146796,445.5085,0.3568322,27271.71
2026-10-01 09:24:30,75,0.000810185185185185,57,10,2.144006,446.1221,0.3562767,27272.72
2026-10-01 09:24:20,65,0.000694444444444444,57,10,2.14565,448.5797,0.3567264,27273.96
2026-10-01 09:24:10,55,0.000578703703703704,57,10,2.147438,452.4164,0.3563737,27277.05
2026-10-01 09:24:00,45,0.000462962962962963,57,10,2.150614,454.9926,NA,27281.65
2026-10-01 09:23:50,35,0.000347222222222222,57,10,2.151064,451.1827,0.3571482,27277.7
2026-10-01 09:23:40,25,0.000231481481481481,57,10,2.155073,451.0202,0.3553983,27259.88
2026-10-01 09:23:30,15,0.000115740740740741,57,10,2.216941,541.564,0.3510259,27204.76
2026-10-01 09:23:20,5,0,57,10,2.224137,520.8638,NA,27211.68
2026-10-01 09:23:10,0,0.00694444444444444,56,7,2.209295,516.2086,0.358579,27232.78
2026-10-01 09:23:00,595,0.0068287037037037,56,7,2.178342,478.3118,NA,27290.67
2026-10-01 09:22:50,585,0.00671296296296296,56,7,2.166092,472.5034,0.3597075,27355.69
2026-10-01 09:22:40,575,0.00659722222222222,56,7,2.165463,470.4737,NA,27422.1
2026-10-01 09:22:30,565,0.00648148148148148,56,7,2.172888,468.5863,0.3625589,27534.45
2026-10-01 09:22:20,555,0.00636574074074074,56,7,2.165596,458.0786,0.3610208,27835.45
2026-10-01 09:22:10,545,0.00625,56,7,2.156862,428.396,0.3571698,28115.22
2026-10-01 09:22:00,535,0.00613425925925926,56,7,2.156942,427.8708,0.3564562,28240.34
2026-10-01 09:21:50,525,0.00601851851851852,56,7,2.156474,428.1983,0.3573488,28280.62
2026-10-01 09:21:40,514,0.00590277777777778,56,7,2.155985,428.315,NA,28290.97
2026-10-01 09:21:30,505,0.00578703703703704,56,7,2.155926,428.6843,0.3559378,28302.79
2026-10-01 09:21:20,495,0.0056712962962963,56,7,2.155585,428.4875,0.3572926,28295.55
2026-10-01 09:21:10,485,0.00555555555555556,56,7,2.155033,428.8056,0.3573064,28287.83
2026-10-01 09:21:00,475,0.00543981481481481,56,7,2.154373,429.3533,0.356393,28278.06
2026-10-01 09:20:50,465,0.00532407407407407,56,7,2.154479,429.7478,0.3560897,28265.6
2026-10-01 09:20:40,455,0.00520833333333333,56,7,2.153769,430.5645,0.3555725,28256.19
2026-10-01 09:20:30,445,0.00509259259259259,56,7,2.154315,429.9277,0.3561311,28238.89
2026-10-01 09:20:20,435,0.00497685185185185,56,7,2.153609,430.2544,NA,28213.79
2026-10-01 09:20:10,425,0.00486111111111111,56,7,2.154436,431.6822,NA,28189.74
2026-10-01 09:20:00,415,0.00474537037037037,56,7,2.155203,431.9095,0.3556806,28163.86
2026-10-01 09:19:50,405,0.00462962962962963,56,7,2.154613,432.3197,NA,28143.17
2026-10-01 09:19:40,395,0.00451388888888889,56,7,2.154462,432.6229,NA,28116.79
2026-10-01 09:19:30,385,0.00439814814814815,56,7,2.157685,433.7217,0.3560217,28098.55
2026-10-01 09:19:20,375,0.00428240740740741,56,7,2.155978,433.9001,0.3565421,28076.27
2026-10-01 09:19:10,365,0.00416666666666667,56,7,2.156229,434.9455,0.355453,28054.69
2026-10-01 09:19:00,355,0.00405092592592593,56,7,2.15611,435.0271,0.3558368,28022.04
2026-10-01 09:18:50,345,0.00393518518518518,56,7,2.155727,435.4691,0.35676,27987.96
2026-10-01 09:18:40,335,0.00381944444444444,56,7,2.155647,435.7114,0.3570235,27960.59
2026-10-01 09:18:30,325,0.0037037037037037,56,7,2.155568,436.8801,0.3571462,27925.63
2026-10-01 09:18:20,315,0.00358796296296296,56,7,2.155071,436.8439,0.3571033,27898.63
2026-10-01 09:18:10,305,0.00347222222222222,56,7,2.154882,437.4631,0.3554681,27860.87
2026-10-01 09:18:00,295,0.00335648148148148,56,7,2.154491,437.5829,0.3558131,27831.66
2026-10-01 09:17:50,285,0.00324074074074074,56,7,2.15457,439.163,0.3570461,27797.03
2026-10-01 09:17:40,275,0.003125,56,7,2.154295,438.6515,0.3570113,27766.79
2026-10-01 09:17:30,265,0.00300925925925926,56,7,2.154307,439.11,0.356825,27728.29
2026-10-01 09:17:20,255,0.00289351851851852,56,7,2.153883,440.3812,NA,27697.3
2026-10-01 09:17:10,245,0.00277777777777778,56,7,2.153829,441.1041,0.3570393,27663.83
2026-10-01 09:17:00,235,0.00266203703703704,56,7,2.153044,441.35,NA,27634.78
2026-10-01 09:16:50,225,0.0025462962962963,56,7,2.153113,441.2426,0.3569602,27606.79
2026-10-01 09:16:40,215,0.00243055555555556,56,7,2.152854,442.5292,0.3568742,27574.6
2026-10-01 09:16:30,205,0.00231481481481481,56,7,2.152836,443.2104,0.3570086,27543.78
2026-10-01 09:16:20,195,0.00219907407407407,56,7,2.153116,443.4765,NA,27506.68
2026-10-01 09:16:10,185,0.00208333333333333,56,7,2.153119,443.3748,0.3569902,27470.44
2026-10-01 09:16:00,175,0.00196759259259259,56,7,2.15345,444.8806,NA,27437.2
2026-10-01 09:15:50,165,0.00185185185185185,56,7,2.153799,443.8536,NA,27397.16
2026-10-01 09:15:40,155,0.00173611111111111,56,7,2.154638,444.0206,NA,27363.99
2026-10-01 09:15:30,145,0.00162037037037037,56,7,2.155211,443.6005,0.3567086,27324.22
2026-10-01 09:15:20,135,0.00150462962962963,56,7,2.156076,442.8254,NA,27295.07
2026-10-01 09:15:10,125,0.00138888888888889,56,7,2.15676,443.4285,0.3568065,27257.09
2026-10-01 09:15:00,115,0.00127314814814815,56,7,2.157367,443.2507,NA,27220.85
2026-10-01 09:14:50,105,0.00115740740740741,56,7,2.155876,442.6063,0.3568104,27183.93
2026-10-01 09:14:40,95,0.00104166666666667,56,7,2.155497,442.2873,NA,27144.12
2026-10-01 09:14:30,84,0.000925925925925926,56,7,2.155763,443.4373,0.3566866,27108.82
2026-10-01 09:14:20,74,0.000810185185185185,56,7,2.156615,443.5346,0.3571427,27069.32
2026-10-01 09:14:10,65,0.000694444444444444,56,7,2.158857,445.3782,NA,27026.7
2026-10-01 09:14:00,55,0.000578703703703704,56,7,2.16223,446.5012,NA,26988.38
2026-10-01 09:13:50,45,0.000462962962962963,56,7,2.159193,447.6726,0.3568249,26957.06
2026-10-01 09:13:40,35,0.000347222222222222,56,7,2.16043,449.2288,0.3568464,26927.83
2026-10-01 09:13:30,25,0.000231481481481481,56,7,2.170846,457.5226,0.3541602,26900.5
2026-10-01 09:13:20,15,0.000115740740740741,56,7,2.235667,542.5722,0.3588102,26878.15
2026-10-01 09:13:10,5,0,56,7,2.253778,553.1191,NA,26872.03
2026-10-01 09:13:00,0,0.00694444444444444,55,1,2.211673,522.4877,0.3580029,26839.42
2026-10-01 09:12:50,595,0.0068287037037037,55,1,2.207747,518.9908,0.3584023,26839.87
2026-10-01 09:12:40,585,0.00671296296296296,55,1,2.178704,478.2127,0.3593753,26841.3
2026-10-01 09:12:30,575,0.00659722222222222,55,1,2.168163,476.4339,0.3583734,26834.05
2026-10-01 09:12:20,565,0.00648148148148148,55,1,2.170838,475.1489,0.3592555,26820.6
2026-10-01 09:12:10,555,0.00636574074074074,55,1,2.171514,471.584,NA,26793.38
2026-10-01 09:12:00,545,0.00625,55,1,2.174621,440.0909,0.3565997,26793.2
2026-10-01 09:11:50,535,0.00613425925925926,55,1,2.175225,440.9907,0.356312,26762.71
2026-10-01 09:11:40,525,0.00601851851851852,55,1,2.175815,441.7987,0.3564458,26723.85
2026-10-01 09:11:30,515,0.00590277777777778,55,1,2.175553,441.6776,NA,26686.8
2026-10-01 09:11:20,505,0.00578703703703704,55,1,2.172533,441.7103,NA,26654.77
2026-10-01 09:11:10,495,0.0056712962962963,55,1,2.17501,441.4248,NA,26619.12
2026-10-01 09:11:00,484,0.00555555555555556,55,1,2.17207,440.8446,0.3565715,26578.81
2026-10-01 09:10:50,475,0.00543981481481481,55,1,2.173353,443.274,0.3565146,26544.22
2026-10-01 09:10:40,464,0.00532407407407407,55,1,2.171865,442.7464,NA,26509.54
2026-10-01 09:10:30,454,0.00520833333333333,55,1,2.170863,443.0143,0.3566294,26472.48
2026-10-01 09:10:20,445,0.00509259259259259,55,1,2.171121,443.1981,NA,26434.49
2026-10-01 09:10:10,435,0.00497685185185185,55,1,2.170624,443.3982,0.3563819,26402.1
2026-10-01 09:10:00,425,0.00486111111111111,55,1,2.169723,444.9629,0.3553707,26363.19
2026-10-01 09:09:50,415,0.00474537037037037,55,1,2.169666,445.0313,NA,26325.63
2026-10-01 09:09:40,405,0.00462962962962963,55,1,2.170283,445.4413,0.35667,26287.95
2026-10-01 09:09:30,395,0.00451388888888889,55,1,2.169737,446.1577,NA,26252.35
2026-10-01 09:09:20,385,0.00439814814814815,55,1,2.169812,446.2318,0.3566141,26211.27
2026-10-01 09:09:10,375,0.00428240740740741,55,1,2.169023,446.9886,0.3566854,26175.12
2026-10-01 09:09:00,365,0.00416666666666667,55,1,2.170081,446.4651,0.3567335,26139.89
2026-10-01 09:08:50,355,0.00405092592592593,55,1,2.168701,446.7078,0.3563381,26102.57
2026-10-01 09:08:40,345,0.00393518518518518,55,1,2.16834,446.4375,0.3565044,26065.49
2026-10-01 09:08:30,335,0.00381944444444444,55,1,2.168401,448.0531,0.3567282,26032.18
2026-10-01 09:08:20,325,0.0037037037037037,55,1,2.167692,447.8621,NA,25997.38
2026-10-01 09:08:10,315,0.00358796296296296,55,1,2.167372,448.6086,NA,25964.28
2026-10-01 09:08:00,305,0.00347222222222222,55,1,2.166365,448.5982,0.3562565,25931.55
2026-10-01 09:07:50,295,0.00335648148148148,55,1,2.166329,448.6853,0.3566084,25892.68
2026-10-01 09:07:40,285,0.00324074074074074,55,1,2.166184,448.81,0.3560343,25860.63
2026-10-01 09:07:30,275,0.003125,55,1,2.166517,449.6049,0.3560132,25823.59
2026-10-01 09:07:20,265,0.00300925925925926,55,1,2.166321,450.5784,0.35687,25793.23
2026-10-01 09:07:10,254,0.00289351851851852,55,1,2.166715,449.8387,0.3566507,25762
2026-10-01 09:07:00,244,0.00277777777777778,55,1,2.165531,450.5607,0.3559589,25727.39
2026-10-01 09:06:50,235,0.00266203703703704,55,1,2.166004,451.0292,0.3566042,25696.94
2026-10-01 09:06:40,225,0.0025462962962963,55,1,2.165516,451.3089,NA,25666.19
2026-10-01 09:06:30,215,0.00243055555555556,55,1,2.16558,451.0335,0.3557307,25631.79
2026-10-01 09:06:20,205,0.00231481481481481,55,1,2.16518,453.1246,NA,25597.66
2026-10-01 09:06:10,195,0.00219907407407407,55,1,2.165229,452.3689,0.3563673,25559.98
2026-10-01 09:06:00,185,0.00208333333333333,55,1,2.16509,452.0923,0.3564041,25523.82
2026-10-01 09:05:50,175,0.00196759259259259,55,1,2.165181,453.2947,0.3564762,25488.67
2026-10-01 09:05:40,165,0.00185185185185185,55,1,2.167959,452.9641,NA,25449.83
2026-10-01 09:05:30,155,0.00173611111111111,55,1,2.16716,452.3478,0.3567703,25414.14
2026-10-01 09:05:20,145,0.00162037037037037,55,1,2.165531,452.6827,0.3566251,25378.74
2026-10-01 09:05:10,135,0.00150462962962963,55,1,2.1659,453.5518,0.3564424,25347.06
2026-10-01 09:05:00,125,0.00138888888888889,55,1,2.165159,453.4773,0.356153,25315.01
2026-10-01 09:04:50,115,0.00127314814814815,55,1,2.164477,454.1064,0.3567704,25277.02
2026-10-01 09:04:40,105,0.00115740740740741,55,1,2.164858,453.9279,0.3564854,25241.2
2026-10-01 09:04:30,95,0.00104166666666667,55,1,2.166903,453.8607,0.3566559,25204.68
2026-10-01 09:04:20,85,0.000925925925925926,55,1,2.16561,453.6222,0.3559177,25170.19
2026-10-01 09:04:10,75,0.000810185185185185,55,1,2.165269,453.9487,0.3562465,25140.86
2026-10-01 09:04:00,65,0.000694444444444444,55,1,2.165226,453.5976,0.3565577,25127.13
2026-10-01 09:03:50,54,0.000578703703703704,55,1,2.165844,454.2155,0.3564768,25102.8
2026-10-01 09:03:40,45,0.000462962962962963,55,1,2.16573,455.312,0.3566385,25077.92
2026-10-01 09:03:30,35,0.000347222222222222,55,1,2.166452,456.5563,0.3548798,25054.13
2026-10-01 09:03:20,25,0.000231481481481481,55,1,2.193696,482.903,NA,25022.79
2026-10-01 09:03:10,15,0.000115740740740741,55,1,2.194519,565.5049,NA,24987.65
2026-10-01 09:03:00,5,0,55,1,2.179292,527.233,NA,24947.35
2026-10-01 09:02:50,0,0.00694444444444444,54,6,2.180222,524.6914,0.3575313,24888.23
2026-10-01 09:02:40,595,0.0068287037037037,54,6,2.181026,518.1287,0.3580359,24866.96
2026-10-01 09:02:30,585,0.00671296296296296,54,6,2.178158,520.5436,0.3571031,24858.64
2026-10-01 09:02:20,575,0.00659722222222222,54,6,2.179407,516.8091,NA,24854.37
2026-10-01 09:02:10,565,0.00648148148148148,54,6,2.164702,477.2765,0.3586373,24849.93
2026-10-01 09:02:00,555,0.00636574074074074,54,6,2.166483,470.828,0.3597151,24825.41
2026-10-01 09:01:50,545,0.00625,54,6,2.170975,441.0721,0.3566773,24820.11
2026-10-01 09:01:40,535,0.00613425925925926,54,6,2.170514,440.8433,0.3570478,24785.15
2026-10-01 09:01:30,525,0.00601851851851852,54,6,2.170426,441.5824,NA,24751.75
2026-10-01 09:01:20,515,0.00590277777777778,54,6,2.169966,442.3158,NA,24718.59
2026-10-01 09:01:10,505,0.00578703703703704,54,6,2.169356,442.4414,0.357082,24685.76
2026-10-01 09:01:00,495,0.0056712962962963,54,6,2.169817,443.0204,0.3569422,24658.41
2026-10-01 09:00:50,485,0.00555555555555556,54,6,2.168996,443.471,0.3569118,24633.26
2026-10-01 09:00:40,474,0.00543981481481481,54,6,2.168725,444.288,0.3569676,24609.12
2026-10-01 09:00:30,465,0.00532407407407407,54,6,2.168865,444.6511,0.3565054,24584.08
2026-10-01 09:00:20,455,0.00520833333333333,54,6,2.168547,444.4978,NA,24559.15
2026-10-01 09:00:10,445,0.00509259259259259,54,6,2.168249,444.3188,NA,24537.96
2026-10-01 09:00:00,435,0.00497685185185185,54,6,2.168459,445.4725,0.3564798,24509.28
2026-10-01 08:59:50,425,0.00486111111111111,54,6,2.167815,446.5288,0.35682,24481.57
2026-10-01 08:59:40,415,0.00474537037037037,54,6,2.167509,446.3432,0.3566208,24457.07
2026-10-01 08:59:30,405,0.00462962962962963,54,6,2.16716,446.7919,0.3568265,24432.03
2026-10-01 08:59:20,395,0.00451388888888889,54,6,2.166904,447.5254,0.3563184,24397.25
2026-10-01 08:59:10,385,0.00439814814814815,54,6,2.166541,447.7515,0.3568305,24368.49
2026-10-01 08:59:00,375,0.00428240740740741,54,6,2.166363,448.4721,0.3569214,24338.91
2026-10-01 08:58:50,365,0.00416666666666667,54,6,2.166284,448.6361,0.3568594,24308.96
2026-10-01 08:58:40,355,0.00405092592592593,54,6,2.16635,449.1367,0.3569709,24279.16
2026-10-01 08:58:30,345,0.00393518518518518,54,6,2.165673,449.3539,0.356728,24250.67
2026-10-01 08:58:20,335,0.00381944444444444,54,6,2.165311,449.8074,0.3557205,24221.65
2026-10-01 08:58:10,325,0.0037037037037037,54,6,2.165186,449.88,0.3567004,24201.19
2026-10-01 08:58:00,315,0.00358796296296296,54,6,2.16487,450.9016,0.3567116,24174.86
2026-10-01 08:57:50,305,0.00347222222222222,54,6,2.164439,451.2281,0.3567169,24147.15
2026-10-01 08:57:40,295,0.00335648148148148,54,6,2.164844,451.0275,0.3565582,24123.83
2026-10-01 08:57:30,285,0.00324074074074074,54,6,2.164077,452.3007,NA,24093.35
2026-10-01 08:57:20,275,0.003125,54,6,2.16413,452.1016,0.356842,24062.1
2026-10-01 08:57:10,265,0.00300925925925926,54,6,2.163775,453.3922,0.3561369,24033.34
2026-10-01 08:57:00,255,0.00289351851851852,54,6,2.16369,453.5974,NA,24007.02
2026-10-01 08:56:50,244,0.00277777777777778,54,6,2.163542,454.2947,NA,23980.71
2026-10-01 08:56:40,234,0.00266203703703704,54,6,2.16348,455.1576,0.3568492,23950.03
2026-10-01 08:56:30,225,0.0025462962962963,54,6,2.163138,454.6359,0.3566167,23925.21
2026-10-01 08:56:20,215,0.00243055555555556,54,6,2.16312,456.6841,NA,23895.97
2026-10-01 08:56:10,205,0.00231481481481481,54,6,2.162961,455.5821,0.3567301,23866.99
2026-10-01 08:56:00,195,0.00219907407407407,54,6,2.162966,456.9558,NA,23838.9
2026-10-01 08:55:50,185,0.00208333333333333,54,6,2.16326,456.4896,0.3566828,23810.22
2026-10-01 08:55:40,175,0.00196759259259259,54,6,2.163403,457.8748,0.3562941,23782.09
2026-10-01 08:55:30,165,0.00185185185185185,54,6,2.163889,457.5392,NA,23749.31
2026-10-01 08:55:20,155,0.00173611111111111,54,6,2.165453,458.3327,0.356371,23723.09
2026-10-01 08:55:10,145,0.00162037037037037,54,6,2.165886,457.68,NA,23692.81
2026-10-01 08:55:00,135,0.00150462962962963,54,6,2.164016,457.5626,0.3570534,23656.71
2026-10-01 08:54:50,125,0.00138888888888889,54,6,2.163883,456.6736,NA,23627.58
2026-10-01 08:54:40,115,0.00127314814814815,54,6,2.165459,457.1392,NA,23598.86
2026-10-01 08:54:30,105,0.00115740740740741,54,6,2.163978,457.7936,0.3562459,23567.71
2026-10-01 08:54:20,95,0.00104166666666667,54,6,2.164245,458.0598,0.3558246,23534.38
2026-10-01 08:54:10,85,0.000925925925925926,54,6,2.16519,458.6975,0.357304,23500.74
2026-10-01 08:54:00,75,0.000810185185185185,54,6,2.166598,459.1954,0.3564121,23472.19
2026-10-01 08:53:50,65,0.000694444444444444,54,6,2.185791,474.6336,0.3512841,23440.12
2026-10-01 08:53:40,55,0.000578703703703704,54,6,2.237773,555.2354,0.3547972,23404.07
2026-10-01 08:53:30,45,0.000462962962962963,54,6,2.270252,598.9559,NA,23363.01
2026-10-01 08:53:20,35,0.000347222222222222,54,6,2.164634,493.129,0.3603906,23337.86
2026-10-01 08:53:10,24,0.000231481481481481,54,6,2.162394,493.0586,0.3591637,23337.08
2026-10-01 08:53:00,15,0.000115740740740741,54,6,2.161876,492.5735,0.3590329,23388.59
2026-10-01 08:52:50,5,0,54,6,2.163943,459.8344,NA,23414.36
2026-10-01 08:52:40,0,0.00694444444444444,53,3,2.165073,458.7219,0.3557937,23415.53
2026-10-01 08:52:30,595,0.0068287037037037,53,3,2.165346,457.939,0.3560894,23439.42
2026-10-01 08:52:20,585,0.00671296296296296,53,3,2.165552,458.176,NA,23468.24
2026-10-01 08:52:10,575,0.00659722222222222,53,3,2.167354,458.4382,NA,23506.94
2026-10-01 08:52:00,565,0.00648148148148148,53,3,2.176234,463.1995,0.3533919,23532.68
2026-10-01 08:51:50,555,0.00636574074074074,53,3,2.172626,490.2553,0.3563365,23519.83
2026-10-01 08:51:40,545,0.00625,53,3,2.175403,455.2995,NA,23523.1
2026-10-01 08:51:30,535,0.00613425925925926,53,3,2.178777,455.4802,NA,23503.73
2026-10-01 08:51:20,525,0.00601851851851852,53,3,2.18083,456.0171,NA,23481.45
2026-10-01 08:51:10,515,0.00590277777777778,53,3,2.180937,456.8673,NA,23458.39
2026-10-01 08:51:00,505,0.00578703703703704,53,3,2.17634,457.86,0.3550604,23435.53
2026-10-01 08:50:50,495,0.0056712962962963,53,3,2.172429,457.7087,0.3564975,23410.01
2026-10-01 08:50:40,485,0.00555555555555556,53,3,2.172446,458.5179,NA,23386.09
2026-10-01 08:50:30,475,0.00543981481481481,53,3,2.172642,458.6514,0.3562528,23365.34
2026-10-01 08:50:20,465,0.00532407407407407,53,3,2.172511,459.9979,0.3552155,23347.95
2026-10-01 08:50:10,455,0.00520833333333333,53,3,2.169798,461.9659,NA,23329.14
2026-10-01 08:50:00,445,0.00509259259259259,53,3,2.168966,464.4572,0.3558071,23305.68
2026-10-01 08:49:50,435,0.00497685185185185,53,3,2.168643,469.0767,NA,23290.1
2026-10-01 08:49:40,425,0.00486111111111111,53,3,2.168072,473.9502,NA,23267.93
2026-10-01 08:49:30,414,0.00474537037037037,53,3,2.168031,458.2017,0.3562338,23247.53
2026-10-01 08:49:20,405,0.00462962962962963,53,3,2.168364,457.7957,0.3564176,23229.76
2026-10-01 08:49:10,395,0.00451388888888889,53,3,2.167844,457.6012,0.3562343,23208.01
2026-10-01 08:49:00,385,0.00439814814814815,53,3,2.168249,457.6138,0.3560042,23194.42
2026-10-01 08:48:50,375,0.00428240740740741,53,3,2.168473,457.385,0.3562295,23180.83
2026-10-01 08:48:40,365,0.00416666666666667,53,3,2.168818,458.3821,0.3558278,23168.56
2026-10-01 08:48:30,355,0.00405092592592593,53,3,2.169198,457.7977,0.3565503,23153.47
2026-10-01 08:48:20,345,0.00393518518518518,53,3,2.169771,458.3649,NA,23136.23
2026-10-01 08:48:10,335,0.00381944444444444,53,3,2.170818,458.6205,NA,23116.39
2026-10-01 08:48:00,325,0.0037037037037037,53,3,2.174478,457.9409,0.3554953,23099.49
2026-10-01 08:47:50,315,0.00358796296296296,53,3,2.171563,459.0574,0.3564302,23075.2
2026-10-01 08:47:40,305,0.00347222222222222,53,3,2.174448,458.648,0.356185,23052.66
2026-10-01 08:47:30,295,0.00335648148148148,53,3,2.177295,459.0957,NA,23029.83
2026-10-01 08:47:20,285,0.00324074074074074,53,3,2.177057,458.9669,NA,23007.66
2026-10-01 08:47:10,275,0.003125,53,3,2.165865,459.4534,0.3562284,22980.2
2026-10-01 08:47:00,265,0.00300925925925926,53,3,2.168953,459.9068,0.3564173,22953.93
2026-10-01 08:46:50,255,0.00289351851851852,53,3,2.164703,459.3175,0.3565192,22930
2026-10-01 08:46:40,245,0.00277777777777778,53,3,2.163929,459.7249,0.356534,22904.58
2026-10-01 08:46:30,235,0.00266203703703704,53,3,2.163449,459.7966,0.3550872,22884.39
2026-10-01 08:46:20,225,0.0025462962962963,53,3,2.163597,460.4083,NA,22867.08
2026-10-01 08:46:10,214,0.00243055555555556,53,3,2.163249,460.1138,0.3562399,22849.77
2026-10-01 08:46:00,204,0.00231481481481481,53,3,2.16292,460.0999,0.355785,22834.8
2026-10-01 08:45:50,195,0.00219907407407407,53,3,2.162515,460.4663,0.356278,22815.47
2026-10-01 08:45:40,185,0.00208333333333333,53,3,2.162211,460.6609,0.3556125,22790.52
2026-10-01 08:45:30,175,0.00196759259259259,53,3,2.162165,460.6693,0.3560774,22766.21
2026-10-01 08:45:20,165,0.00185185185185185,53,3,2.162619,460.1757,0.3562776,22737.68
2026-10-01 08:45:10,155,0.00173611111111111,53,3,2.163077,460.2092,0.3565912,22712.68
2026-10-01 08:45:00,145,0.00162037037037037,53,3,2.163038,459.9216,0.3561927,22680.65
2026-10-01 08:44:50,135,0.00150462962962963,53,3,2.163169,460.6956,0.3567609,22652.64
2026-10-01 08:44:40,125,0.00138888888888889,53,3,2.163174,459.9819,0.3563702,22631.49
2026-10-01 08:44:30,115,0.00127314814814815,53,3,2.163779,460.6479,0.3566554,22605.95
2026-10-01 08:44:20,105,0.00115740740740741,53,3,2.163632,459.811,0.3560587,22576.94
2026-10-01 08:44:10,95,0.00104166666666667,53,3,2.163242,460.3497,NA,22549.38
2026-10-01 08:44:00,85,0.000925925925925926,53,3,2.163114,459.9668,NA,22522.34
2026-10-01 08:43:50,75,0.000810185185185185,53,3,2.162998,460.3916,0.3564604,22494.42
2026-10-01 08:43:40,65,0.000694444444444444,53,3,2.162642,459.5498,0.3564052,22465.3
2026-10-01 08:43:30,55,0.000578703703703704,53,3,2.162812,460.3126,NA,22435.57
2026-10-01 08:43:20,45,0.000462962962962963,53,3,2.163188,460.9564,0.3563619,22399.35
2026-10-01 08:43:10,35,0.000347222222222222,53,3,2.163133,461.6749,0.3561639,22370.16
2026-10-01 08:43:00,25,0.000231481481481481,53,3,2.163549,462.4853,0.3560895,22340.26
2026-10-01 08:42:50,15,0.000115740740740741,53,3,2.164184,463.0046,0.3552366,22307.62
2026-10-01 08:42:40,4,0,53,3,2.171312,470.8016,0.3533227,22276.5
2026-10-01 08:42:30,0,0.00694444444444444,52,12,2.205348,555.2845,NA,22246.73
2026-10-01 08:42:20,595,0.0068287037037037,52,12,2.25419,622.4493,0.3544426,22219.12
2026-10-01 08:42:10,585,0.00671296296296296,52,12,2.245308,617.8,0.35625,22191.3
2026-10-01 08:42:00,575,0.00659722222222222,52,12,2.167184,512.2134,NA,22171.75
2026-10-01 08:41:50,565,0.00648148148148148,52,12,2.167578,511.9977,0.3597523,22184.61
2026-10-01 08:41:40,555,0.00636574074074074,52,12,2.170504,508.4952,0.357968,22220.25
2026-10-01 08:41:30,545,0.00625,52,12,2.183475,459.5548,0.3550834,22307.11
2026-10-01 08:41:20,535,0.00613425925925926,52,12,2.196827,459.5356,NA,22296.69
2026-10-01 08:41:10,525,0.00601851851851852,52,12,2.225969,458.4024,0.3552739,22290.7
2026-10-01 08:41:00,515,0.00590277777777778,52,12,2.224019,458.7361,0.3558412,22275.4
2026-10-01 08:40:50,505,0.00578703703703704,52,12,2.222808,459.1558,0.3553907,22258.53
2026-10-01 08:40:40,495,0.0056712962962963,52,12,2.221206,458.7475,0.3554976,22243.22
2026-10-01 08:40:30,485,0.00555555555555556,52,12,2.21898,459.3047,NA,22224.4
2026-10-01 08:40:20,475,0.00543981481481481,52,12,2.217275,460.048,0.3557811,22207.26
2026-10-01 08:40:10,465,0.00532407407407407,52,12,2.215488,461.0264,NA,22197.02
2026-10-01 08:40:00,455,0.00520833333333333,52,12,2.213441,460.3932,0.355567,22185.7
2026-10-01 08:39:50,445,0.00509259259259259,52,12,2.210624,460.3634,NA,22174.88
2026-10-01 08:39:40,435,0.00497685185185185,52,12,2.208853,460.6572,0.3554318,22164.7
2026-10-01 08:39:30,425,0.00486111111111111,52,12,2.207156,460.5984,0.3557951,22150.85
2026-10-01 08:39:20,415,0.00474537037037037,52,12,2.204852,461.3244,0.3558798,22138.5
2026-10-01 08:39:10,405,0.00462962962962963,52,12,2.202908,460.545,NA,22130.37
2026-10-01 08:39:00,394,0.00451388888888889,52,12,2.20146,460.8688,NA,22123.83
2026-10-01 08:38:50,384,0.00439814814814815,52,12,2.199379,462.2183,0.3550699,22113.36
2026-10-01 08:38:40,375,0.00428240740740741,52,12,2.19775,462.1068,0.3550656,22106.23
2026-10-01 08:38:30,365,0.00416666666666667,52,12,2.195809,462.1112,0.3553967,22102.78
2026-10-01 08:38:20,355,0.00405092592592593,52,12,2.19399,463.8062,NA,22100.78
2026-10-01 08:38:10,345,0.00393518518518518,52,12,2.192454,462.0327,NA,22104.45
2026-10-01 08:38:00,335,0.00381944444444444,52,12,2.191166,462.4362,0.3554909,22094.34
2026-10-01 08:37:50,325,0.0037037037037037,52,12,2.188792,462.1514,NA,22084.94
2026-10-01 08:37:40,315,0.00358796296296296,52,12,2.187252,462.5554,NA,22076.96
2026-10-01 08:37:30,305,0.00347222222222222,52,12,2.185253,462.3217,NA,22073.86
2026-10-01 08:37:20,295,0.00335648148148148,52,12,2.183048,462.3292,NA,22072.71
2026-10-01 08:37:10,285,0.00324074074074074,52,12,2.18141,462.201,NA,22077.05
2026-10-01 08:37:00,275,0.003125,52,12,2.179312,462.3869,0.3556643,22081.32
2026-10-01 08:36:50,265,0.00300925925925926,52,12,2.177643,462.5819,0.3558197,22079.99
2026-10-01 08:36:40,255,0.00289351851851852,52,12,2.175592,462.4171,0.3558822,22080.25
2026-10-01 08:36:30,245,0.00277777777777778,52,12,2.174017,462.8202,0.3551559,22081.43
2026-10-01 08:36:20,235,0.00266203703703704,52,12,2.172625,462.9322,0.3543706,22074.39
2026-10-01 08:36:10,225,0.0025462962962963,52,12,2.170669,462.1823,0.3555656,22065.03
2026-10-01 08:36:00,215,0.00243055555555556,52,12,2.169132,463.226,NA,22059.43
2026-10-01 08:35:50,205,0.00231481481481481,52,12,2.167895,463.6093,0.3549844,22055.97
2026-10-01 08:35:40,195,0.00219907407407407,52,12,2.166547,462.8914,0.3554188,22056.14
2026-10-01 08:35:30,184,0.00208333333333333,52,12,2.164936,463.4602,0.3560325,22049.07
2026-10-01 08:35:20,175,0.00196759259259259,52,12,2.163179,463.3235,0.3541634,22043.35
2026-10-01 08:35:10,165,0.00185185185185185,52,12,2.161916,464.0105,NA,22039.18
2026-10-01 08:35:00,155,0.00173611111111111,52,12,2.161589,464.4521,0.3557223,22032.29
2026-10-01 08:34:50,145,0.00162037037037037,52,12,2.161005,464.6719,0.3545153,22034.89
2026-10-01 08:34:40,135,0.00150462962962963,52,12,2.160478,464.4419,0.3556557,22032.84
2026-10-01 08:34:30,125,0.00138888888888889,52,12,2.16098,464.5547,0.3556707,22026.76
2026-10-01 08:34:20,115,0.00127314814814815,52,12,2.161828,464.81,0.3551537,22030.08
2026-10-01 08:34:10,105,0.00115740740740741,52,12,2.161611,464.976,0.3560217,22032.1
2026-10-01 08:34:00,95,0.00104166666666667,52,12,2.16153,464.7592,0.3556512,22034.83
2026-10-01 08:33:50,85,0.000925925925925926,52,12,2.161974,464.6781,0.3556561,22038.81
2026-10-01 08:33:40,75,0.000810185185185185,52,12,2.162912,465.3188,0.3558083,22037.13
2026-10-01 08:33:30,65,0.000694444444444444,52,12,2.161776,465.0144,0.3547089,22033.56
2026-10-01 08:33:20,55,0.000578703703703704,52,12,2.160187,465.2599,0.3545278,22031.7
2026-10-01 08:33:10,45,0.000462962962962963,52,12,2.159756,465.2235,0.3544059,22029.32
2026-10-01 08:33:00,35,0.000347222222222222,52,12,2.160218,466.1315,NA,22021.02
2026-10-01 08:32:50,25,0.000231481481481481,52,12,2.159972,465.6651,NA,22009.52
2026-10-01 08:32:40,15,0.000115740740740741,52,12,2.160903,465.8163,0.3553863,22000.67
2026-10-01 08:32:30,5,0,52,12,2.161594,466.1681,NA,21980.19
2026-10-01 08:32:20,0,0.00694444444444444,51,9,2.162808,466.3499,0.3557048,21902.58
2026-10-01 08:32:10,595,0.0068287037037037,51,9,2.164106,466.651,0.355216,21897.34
2026-10-01 08:32:00,584,0.00671296296296296,51,9,2.16321,465.4682,0.3552725,21893.96
2026-10-01 08:31:50,575,0.00659722222222222,51,9,2.170484,467.2202,0.355006,21889.83
2026-10-01 08:31:40,565,0.00648148148148148,51,9,2.169311,465.2213,NA,21885.54
2026-10-01 08:31:30,555,0.00636574074074074,51,9,2.169409,466.6349,NA,21880.5
2026-10-01 08:31:20,545,0.00625,51,9,2.169631,466.1538,NA,21875.26
2026-10-01 08:31:10,535,0.00613425925925926,51,9,2.169289,466.495,NA,21869.84
2026-10-01 08:31:00,525,0.00601851851851852,51,9,2.169196,466.4209,0.3554913,21865.11
2026-10-01 08:30:50,515,0.00590277777777778,51,9,2.168132,466.7647,0.3550669,21863.22
2026-10-01 08:30:40,505,0.00578703703703704,51,9,2.167666,466.4241,0.3550321,21864.97
2026-10-01 08:30:30,495,0.0056712962962963,51,9,2.167293,466.7766,0.3557008,21865.71
2026-10-01 08:30:20,485,0.00555555555555556,51,9,2.167202,467.2797,0.3551376,21871.47
2026-10-01 08:30:10,475,0.00543981481481481,51,9,2.167419,466.7895,0.3556369,21880.03
2026-10-01 08:30:00,465,0.00532407407407407,51,9,2.166874,466.8272,0.3546295,21889.15
2026-10-01 08:29:50,455,0.00520833333333333,51,9,2.166348,467.0986,0.3555713,21898.83
2026-10-01 08:29:40,445,0.00509259259259259,51,9,2.165851,467.5668,0.3542501,21906.56
2026-10-01 08:29:30,435,0.00497685185185185,51,9,2.165701,467.143,0.3557338,21918.04
2026-10-01 08:29:20,425,0.00486111111111111,51,9,2.165213,467.514,0.3549915,21925.29
2026-10-01 08:29:10,415,0.00474537037037037,51,9,2.165139,467.6866,0.3558301,21935.21
2026-10-01 08:29:00,405,0.00462962962962963,51,9,2.164762,468.1414,0.3551206,21948.66
2026-10-01 08:28:50,395,0.00451388888888889,51,9,2.164253,467.7389,0.3551128,21959.45
2026-10-01 08:28:40,385,0.00439814814814815,51,9,2.164443,468.5468,NA,21969.11
2026-10-01 08:28:30,375,0.00428240740740741,51,9,2.163854,468.4323,0.3547444,21981.16
2026-10-01 08:28:20,365,0.00416666666666667,51,9,2.163424,468.5414,0.355034,21992.51
2026-10-01 08:28:10,355,0.00405092592592593,51,9,2.162892,468.3287,0.3543674,22000.56
2026-10-01 08:28:00,345,0.00393518518518518,51,9,2.162809,468.3707,NA,22006.4
2026-10-01 08:27:50,335,0.00381944444444444,51,9,2.162484,468.6791,0.3557798,22012.28
2026-10-01 08:27:40,325,0.0037037037037037,51,9,2.162321,469.1129,0.355741,22014.76
2026-10-01 08:27:30,315,0.00358796296296296,51,9,2.162235,468.2908,NA,22015.22
2026-10-01 08:27:20,305,0.00347222222222222,51,9,2.162709,469.4645,0.3546916,22013.15
2026-10-01 08:27:10,295,0.00335648148148148,51,9,2.161638,468.8385,NA,22013.88
2026-10-01 08:27:00,285,0.00324074074074074,51,9,2.161427,469.8105,0.3554995,22007.98
2026-10-01 08:26:50,275,0.003125,51,9,2.160885,470.3123,0.3554568,22004.73
2026-10-01 08:26:40,265,0.00300925925925926,51,9,2.161163,470.1635,0.3555516,21996.38
2026-10-01 08:26:30,255,0.00289351851851852,51,9,2.160523,469.7061,0.3545044,21987.53
2026-10-01 08:26:20,245,0.00277777777777778,51,9,2.160717,470.3286,0.3546818,21976.9
2026-10-01 08:26:10,235,0.00266203703703704,51,9,2.161144,470.3876,0.3553181,21967.47
2026-10-01 08:26:00,225,0.0025462962962963,51,9,2.160269,470.2984,0.3557516,21954.41
2026-10-01 08:25:50,214,0.00243055555555556,51,9,2.159647,472.1125,0.3557115,21948.07
2026-10-01 08:25:40,205,0.00231481481481481,51,9,2.159503,471.4442,0.3558582,21935.82
2026-10-01 08:25:30,195,0.00219907407407407,51,9,2.158805,471.5061,0.3556032,21919.14
2026-10-01 08:25:20,185,0.00208333333333333,51,9,2.158902,471.0359,0.3556195,21902.53
2026-10-01 08:25:10,175,0.00196759259259259,51,9,2.159923,470.9657,0.3550264,21884.77
2026-10-01 08:25:00,164,0.00185185185185185,51,9,2.159556,471.6725,0.3544089,21873.32
2026-10-01 08:24:50,154,0.00173611111111111,51,9,2.160693,472.4492,0.3555713,21870.45
2026-10-01 08:24:40,145,0.00162037037037037,51,9,2.160127,472.7456,NA,21864.79
2026-10-01 08:24:30,135,0.00150462962962963,51,9,2.15996,473.4647,0.3558309,21859.69
2026-10-01 08:24:20,125,0.00138888888888889,51,9,2.1598,473.2375,0.355749,21854.34
2026-10-01 08:24:10,115,0.00127314814814815,51,9,2.159225,473.2201,NA,21844.07
2026-10-01 08:24:00,105,0.00115740740740741,51,9,2.159452,473.6657,0.3549576,21832.33
2026-10-01 08:23:50,95,0.00104166666666667,51,9,2.159386,473.3862,0.3558623,21818.66
2026-10-01 08:23:40,85,0.000925925925925926,51,9,2.159424,474.2448,0.3557111,21807.39
2026-10-01 08:23:30,75,0.000810185185185185,51,9,2.15941,473.5899,0.3555127,21796.69
2026-10-01 08:23:20,65,0.000694444444444444,51,9,2.159689,473.5805,NA,21789.02
2026-10-01 08:23:10,55,0.000578703703703704,51,9,2.15973,473.871,NA,21782.87
2026-10-01 08:23:00,45,0.000462962962962963,51,9,2.159745,474.1195,0.3553568,21775.09
2026-10-01 08:22:50,35,0.000347222222222222,51,9,2.160793,475.3139,NA,21773.08
2026-10-01 08:22:40,25,0.000231481481481481,51,9,2.183502,496.2048,NA,21770.36
2026-10-01 08:22:30,15,0.000115740740740741,51,9,2.19973,561.5859,NA,21770.99
2026-10-01 08:22:20,5,0,51,9,2.162066,499.6911,NA,21763.8
2026-10-01 08:22:10,0,0.00694444444444444,50,5,2.162317,498.9511,0.357377,21730.51
2026-10-01 08:22:00,595,0.0068287037037037,50,5,2.163879,498.4581,0.3571658,21733.08
2026-10-01 08:21:50,585,0.00671296296296296,50,5,2.163241,497.3917,0.3567418,21739.72
2026-10-01 08:21:40,575,0.00659722222222222,50,5,2.164923,496.9637,0.3559558,21760.48
2026-10-01 08:21:30,565,0.00648148148148148,50,5,2.167286,495.7654,0.3563891,21775.85
2026-10-01 08:21:20,555,0.00636574074074074,50,5,2.167159,488.547,0.3567194,21771.81
2026-10-01 08:21:10,545,0.00625,50,5,2.168573,465.6355,0.3555911,21787.57
2026-10-01 08:21:00,535,0.00613425925925926,50,5,2.169854,465.2288,0.3556365,21775.81
2026-10-01 08:20:50,525,0.00601851851851852,50,5,2.17078,465.1978,NA,21771.95
2026-10-01 08:20:40,515,0.00590277777777778,50,5,2.173241,465.9021,NA,21768.89
2026-10-01 08:20:30,505,0.00578703703703704,50,5,2.166858,466.1156,0.3554739,21766.32
2026-10-01 08:20:20,495,0.0056712962962963,50,5,2.165205,465.546,0.3554576,21757.96
2026-10-01 08:20:10,485,0.00555555555555556,50,5,2.165325,465.9287,0.355512,21753.29
2026-10-01 08:20:00,475,0.00543981481481481,50,5,2.164995,465.9212,0.3542163,21744.46
2026-10-01 08:19:50,465,0.00532407407407407,50,5,2.164512,466.1689,0.355832,21741.7
2026-10-01 08:19:40,455,0.00520833333333333,50,5,2.164685,465.9931,0.3555788,21736.33
2026-10-01 08:19:30,445,0.00509259259259259,50,5,2.164201,464.9041,0.3553633,21730.25
2026-10-01 08:19:20,435,0.00497685185185185,50,5,2.164171,464.4738,0.3554955,21727.7
2026-10-01 08:19:10,425,0.00486111111111111,50,5,2.163848,464.6945,0.3555771,21727.3
2026-10-01 08:19:00,415,0.00474537037037037,50,5,2.164212,464.7399,NA,21719.02
2026-10-01 08:18:50,405,0.00462962962962963,50,5,2.164197,464.7556,0.3557115,21710.12
2026-10-01 08:18:40,395,0.00451388888888889,50,5,2.164323,465.0121,NA,21701.56
2026-10-01 08:18:30,385,0.00439814814814815,50,5,2.163502,463.8773,0.355403,21699.26
2026-10-01 08:18:20,375,0.00428240740740741,50,5,2.163516,464.4639,0.3555986,21684.55
2026-10-01 08:18:10,365,0.00416666666666667,50,5,2.163109,464.4889,NA,21670.75
2026-10-01 08:18:00,355,0.00405092592592593,50,5,2.162941,464.0031,0.3555324,21653.65
2026-10-01 08:17:50,344,0.00393518518518518,50,5,2.162719,464.8355,NA,21628.03
2026-10-01 08:17:40,335,0.00381944444444444,50,5,2.162669,465.0315,0.3554693,21608.92
2026-10-01 08:17:30,325,0.0037037037037037,50,5,2.162148,463.8867,0.3556276,21591.56
2026-10-01 08:17:20,315,0.00358796296296296,50,5,2.162367,463.8376,0.3551624,21573.29
2026-10-01 08:17:10,305,0.00347222222222222,50,5,2.162385,464.0045,0.3550136,21551.46
2026-10-01 08:17:00,295,0.00335648148148148,50,5,2.162472,464.9957,0.3558607,21529.43
2026-10-01 08:16:50,285,0.00324074074074074,50,5,2.162085,464.8631,0.3555934,21506.56
2026-10-01 08:16:40,275,0.003125,50,5,2.162101,464.6063,0.3552608,21480.25
2026-10-01 08:16:30,265,0.00300925925925926,50,5,2.162014,465.123,0.3555842,21454.94
2026-10-01 08:16:20,255,0.00289351851851852,50,5,2.161857,464.4996,0.3559149,21428.06
2026-10-01 08:16:10,245,0.00277777777777778,50,5,2.161506,466.4102,0.355676,21406.71
2026-10-01 08:16:00,235,0.00266203703703704,50,5,2.162301,466.2926,0.3542752,21380.15
2026-10-01 08:15:50,225,0.0025462962962963,50,5,2.162118,468.1734,0.3552357,21352.82
2026-10-01 08:15:40,215,0.00243055555555556,50,5,2.161314,469.1915,NA,21328
2026-10-01 08:15:30,205,0.00231481481481481,50,5,2.161252,468.6411,0.3557435,21311.79
2026-10-01 08:15:20,195,0.00219907407407407,50,5,2.161217,468.7854,0.3559968,21296.31
2026-10-01 08:15:10,185,0.00208333333333333,50,5,2.161208,468.6895,NA,21271.79
2026-10-01 08:15:00,175,0.00196759259259259,50,5,2.161391,469.8985,0.3551631,21247.9
2026-10-01 08:14:50,165,0.00185185185185185,50,5,2.161019,469.1234,0.3558744,21224.08
2026-10-01 08:14:40,155,0.00173611111111111,50,5,2.160917,470.13,0.3555424,21202.09
2026-10-01 08:14:30,145,0.00162037037037037,50,5,2.161022,470.1018,0.3548298,21182.04
2026-10-01 08:14:20,135,0.00150462962962963,50,5,2.16057,469.6458,0.3552489,21157.02
2026-10-01 08:14:10,125,0.00138888888888889,50,5,2.160423,470.0925,NA,21139.34
2026-10-01 08:14:00,115,0.00127314814814815,50,5,2.160092,469.9312,0.3555935,21123.18
2026-10-01 08:13:50,105,0.00115740740740741,50,5,2.160463,471.2658,NA,21107.54
2026-10-01 08:13:40,95,0.00104166666666667,50,5,2.160324,472.1153,0.3559398,21085.37
2026-10-01 08:13:30,85,0.000925925925925926,50,5,2.160283,471.7401,0.3559502,21069.18
2026-10-01 08:13:20,75,0.000810185185185185,50,5,2.160861,471.737,NA,21051.59
2026-10-01 08:13:10,65,0.000694444444444444,50,5,2.160274,472.0312,0.3559717,21039.54
2026-10-01 08:13:00,55,0.000578703703703704,50,5,2.160406,471.4617,0.3556153,21026.03
2026-10-01 08:12:50,45,0.000462962962962963,50,5,2.16008,471.9096,0.3551181,21014.7
2026-10-01 08:12:40,35,0.000347222222222222,50,5,2.160685,471.9877,0.355276,21012.26
2026-10-01 08:12:30,25,0.000231481481481481,50,5,2.165043,475.3745,0.3546517,21003.68
2026-10-01 08:12:20,15,0.000115740740740741,50,5,2.197701,526.8262,0.3383601,20996.75
2026-10-01 08:12:10,5,0,50,5,2.21044,542.8261,0.3561638,20987.6
2026-10-01 08:12:00,0,0.00694444444444444,49,8,2.202565,528.8976,0.3571732,20966.61
2026-10-01 08:11:50,595,0.0068287037037037,49,8,2.209276,519.5671,0.357204,20977.33
2026-10-01 08:11:40,585,0.00671296296296296,49,8,2.185548,497.5267,NA,20996.12
2026-10-01 08:11:30,575,0.00659722222222222,49,8,2.187266,496.6589,0.3575481,21025.97
2026-10-01 08:11:20,565,0.00648148148148148,49,8,2.187958,496.7635,0.3587993,21057.5
2026-10-01 08:11:10,555,0.00636574074074074,49,8,2.188969,492.3299,0.3579766,21050.34
2026-10-01 08:11:00,545,0.00625,49,8,2.194594,466.2523,0.3568359,21064.61
2026-10-01 08:10:50,535,0.00613425925925926,49,8,2.194046,465.8657,NA,21046.4
2026-10-01 08:10:40,525,0.00601851851851852,49,8,2.193562,465.9282,0.3569144,21028.82
2026-10-01 08:10:30,515,0.00590277777777778,49,8,2.19223,466.8549,0.355855,21009.81
2026-10-01 08:10:20,505,0.00578703703703704,49,8,2.191184,467.6241,0.3566621,21000.28
2026-10-01 08:10:10,495,0.0056712962962963,49,8,2.190148,467.9709,0.3568083,20992.27
2026-10-01 08:10:00,485,0.00555555555555556,49,8,2.189476,468.0666,0.3568517,20977.76
2026-10-01 08:09:50,475,0.00543981481481481,49,8,2.188297,468.8564,0.3568201,20966.36
2026-10-01 08:09:40,465,0.00532407407407407,49,8,2.186422,467.6713,NA,20952.83
2026-10-01 08:09:30,455,0.00520833333333333,49,8,2.185055,468.64,0.3557483,20945.56
2026-10-01 08:09:20,445,0.00509259259259259,49,8,2.185178,467.867,NA,20932.65
2026-10-01 08:09:10,435,0.00497685185185185,49,8,2.185296,467.4243,0.3565381,20917.25
2026-10-01 08:09:00,425,0.00486111111111111,49,8,2.183399,467.8492,0.3567591,20906.5
2026-10-01 08:08:50,415,0.00474537037037037,49,8,2.183504,467.6958,0.3562899,20898.5
2026-10-01 08:08:40,405,0.00462962962962963,49,8,2.182152,467.9572,NA,20888.14
2026-10-01 08:08:30,395,0.00451388888888889,49,8,2.181742,467.0733,0.3564315,20877.06
2026-10-01 08:08:20,385,0.00439814814814815,49,8,2.180481,468.2587,0.3567367,20867.77
2026-10-01 08:08:10,375,0.00428240740740741,49,8,2.179729,469.3454,0.3563766,20859.5
2026-10-01 08:08:00,365,0.00416666666666667,49,8,2.181062,469.5588,NA,20846.87
2026-10-01 08:07:50,355,0.00405092592592593,49,8,2.177077,470.3503,0.3566212,20835.44
2026-10-01 08:07:40,345,0.00393518518518518,49,8,2.177908,470.9833,0.356565,20826.76
2026-10-01 08:07:30,335,0.00381944444444444,49,8,2.176683,471.4237,NA,20818.1
2026-10-01 08:07:20,325,0.0037037037037037,49,8,2.175399,472.4314,NA,20806.51
2026-10-01 08:07:10,315,0.00358796296296296,49,8,2.174844,472.7005,NA,20798.2
2026-10-01 08:07:00,305,0.00347222222222222,49,8,2.175041,472.9177,0.3559902,20792.07
2026-10-01 08:06:50,295,0.00335648148148148,49,8,2.173661,473.6476,NA,20778.53
2026-10-01 08:06:40,285,0.00324074074074074,49,8,2.172996,474.5428,NA,20765.27
2026-10-01 08:06:30,275,0.003125,49,8,2.172356,474.607,NA,20755.24
2026-10-01 08:06:20,265,0.00300925925925926,49,8,2.172199,475.0241,NA,20747.56
2026-10-01 08:06:10,255,0.00289351851851852,49,8,2.171604,475.6751,0.3568857,20734.13
2026-10-01 08:06:00,245,0.00277777777777778,49,8,2.170281,475.2869,0.3563908,20723.61
2026-10-01 08:05:50,235,0.00266203703703704,49,8,2.171983,475.4036,0.3562821,20708.51
2026-10-01 08:05:40,225,0.0025462962962963,49,8,2.168612,475.6369,0.3560727,20699.17
2026-10-01 08:05:30,215,0.00243055555555556,49,8,2.167443,475.3234,0.3561792,20687.87
2026-10-01 08:05:20,205,0.00231481481481481,49,8,2.166976,475.6679,0.3565972,20673.09
2026-10-01 08:05:10,195,0.00219907407407407,49,8,2.167157,477.0409,NA,20662.17
2026-10-01 08:05:00,185,0.00208333333333333,49,8,2.166278,476.4279,0.3565471,20649.91
2026-10-01 08:04:50,175,0.00196759259259259,49,8,2.167071,476.9625,0.356283,20633.84
2026-10-01 08:04:40,165,0.00185185185185185,49,8,2.165893,477.2715,0.3563361,20621.54
2026-10-01 08:04:30,155,0.00173611111111111,49,8,2.167466,476.8677,0.3565084,20609.75
2026-10-01 08:04:20,145,0.00162037037037037,49,8,2.170066,475.8428,NA,20595.55
2026-10-01 08:04:10,135,0.00150462962962963,49,8,2.166312,476.6465,0.3564541,20574.42
2026-10-01 08:04:00,125,0.00138888888888889,49,8,2.167147,477.089,0.3562033,20557.08
2026-10-01 08:03:50,115,0.00127314814814815,49,8,2.167799,477.751,NA,20537.24
2026-10-01 08:03:40,105,0.00115740740740741,49,8,2.165215,478.5032,0.3562236,20515.57
2026-10-01 08:03:30,95,0.00104166666666667,49,8,2.166548,480.2807,0.3558803,20498.5
2026-10-01 08:03:20,85,0.000925925925925926,49,8,2.165692,480.5342,0.3552525,20479.65
2026-10-01 08:03:10,75,0.000810185185185185,49,8,2.16702,482.4114,0.3559577,20465.88
2026-10-01 08:03:00,65,0.000694444444444444,49,8,2.166647,484.1488,0.3563584,20451.71
2026-10-01 08:02:50,55,0.000578703703703704,49,8,2.166175,484.9846,0.3562193,20444.57
2026-10-01 08:02:40,45,0.000462962962962963,49,8,2.166671,487.1587,0.3561306,20430.2
2026-10-01 08:02:30,35,0.000347222222222222,49,8,2.167789,489.4142,0.3562023,20418.48
2026-10-01 08:02:20,25,0.000231481481481481,49,8,2.214042,513.27,0.3500601,20409.39
2026-10-01 08:02:10,15,0.000115740740740741,49,8,2.221135,524.7125,0.357639,20408
2026-10-01 08:02:00,5,0,49,8,2.214087,519.1504,NA,20396.01
2026-10-01 08:01:50,0,0.00694444444444444,48,4,2.20403,518.0808,0.357809,20362.93
2026-10-01 08:01:40,595,0.0068287037037037,48,4,2.208102,519.2916,0.3573427,20358.63
2026-10-01 08:01:30,585,0.00671296296296296,48,4,2.20768,519.7442,0.3572253,20359.9
2026-10-01 08:01:20,575,0.00659722222222222,48,4,2.212645,523.0546,0.3569405,20393.56
2026-10-01 08:01:10,565,0.00648148148148148,48,4,2.211841,525.2034,0.3567898,20458.93
2026-10-01 08:01:00,555,0.00636574074074074,48,4,2.190546,520.2003,0.3577612,20474.72
2026-10-01 08:00:50,545,0.00625,48,4,2.162815,505.6876,0.3559785,20483.4
2026-10-01 08:00:40,535,0.00613425925925926,48,4,2.162992,505.8711,0.3562088,20476.05
2026-10-01 08:00:30,525,0.00601851851851852,48,4,2.163599,505.748,0.3555991,20459.87
2026-10-01 08:00:20,515,0.00590277777777778,48,4,2.162687,506.2545,0.3560425,20440.75
2026-10-01 08:00:10,505,0.00578703703703704,48,4,2.161728,505.9977,0.3559932,20422.78
2026-10-01 08:00:00,495,0.0056712962962963,48,4,2.162056,506.5741,0.355684,20408.28
2026-10-01 07:59:50,485,0.00555555555555556,48,4,2.161455,506.1885,0.3555805,20390.29
2026-10-01 07:59:40,475,0.00543981481481481,48,4,2.162082,505.5111,0.3559785,20383.02
2026-10-01 07:59:30,465,0.00532407407407407,48,4,2.162198,506.8082,0.3559774,20367.25
2026-10-01 07:59:20,455,0.00520833333333333,48,4,2.161857,506.7189,0.355943,20351.88
2026-10-01 07:59:10,445,0.00509259259259259,48,4,2.163086,507.5793,NA,20341.77
2026-10-01 07:59:00,435,0.00497685185185185,48,4,2.161922,507.9737,NA,20331.16
2026-10-01 07:58:50,425,0.00486111111111111,48,4,2.161433,509.0297,NA,20315.46
2026-10-01 07:58:40,415,0.00474537037037037,48,4,2.162232,508.7352,0.3554566,20299.77
2026-10-01 07:58:30,405,0.00462962962962963,48,4,2.161998,510.0782,NA,20285
2026-10-01 07:58:20,395,0.00451388888888889,48,4,2.161024,510.9633,NA,20269.44
2026-10-01 07:58:10,385,0.00439814814814815,48,4,2.160593,510.3929,0.3547567,20253.43
2026-10-01 07:58:00,375,0.00428240740740741,48,4,2.160357,510.7969,0.3542665,20244.07
2026-10-01 07:57:50,365,0.00416666666666667,48,4,2.160335,512.1248,NA,20233.86
2026-10-01 07:57:40,355,0.00405092592592593,48,4,2.159699,512.106,0.3558403,20220.26
2026-10-01 07:57:30,345,0.00393518518518518,48,4,2.160119,512.313,NA,20208.96
2026-10-01 07:57:20,335,0.00381944444444444,48,4,2.160125,512.1653,0.3551369,20192.24
2026-10-01 07:57:10,325,0.0037037037037037,48,4,2.159529,512.4473,0.3558081,20180.01
2026-10-01 07:57:00,315,0.00358796296296296,48,4,2.158978,512.7226,0.3551655,20170.25
2026-10-01 07:56:50,305,0.00347222222222222,48,4,2.159326,512.7845,NA,20162.54
2026-10-01 07:56:40,295,0.00335648148148148,48,4,2.159222,513.6952,0.3553427,20146.76
2026-10-01 07:56:30,285,0.00324074074074074,48,4,2.159436,513.4654,0.3549728,20139.83
2026-10-01 07:56:20,275,0.003125,48,4,2.159436,514.4801,0.3553236,20126.54
2026-10-01 07:56:10,265,0.00300925925925926,48,4,2.159084,514.0522,NA,20115.45
2026-10-01 07:56:00,255,0.00289351851851852,48,4,2.158843,514.9099,0.3560789,20105.05
2026-10-01 07:55:50,245,0.00277777777777778,48,4,2.158948,514.0334,NA,20095.57
2026-10-01 07:55:40,235,0.00266203703703704,48,4,2.158749,514.5931,0.3550349,20089.49
2026-10-01 07:55:30,225,0.0025462962962963,48,4,2.157876,516.3643,0.3559477,20074.14
2026-10-01 07:55:20,215,0.00243055555555556,48,4,2.158263,515.8788,0.3548198,20065.18
2026-10-01 07:55:10,205,0.00231481481481481,48,4,2.158319,516.415,0.3561539,20058
2026-10-01 07:55:00,195,0.00219907407407407,48,4,2.157201,516.6528,NA,20048.82
2026-10-01 07:54:50,185,0.00208333333333333,48,4,2.157676,517.0551,0.3552712,20038.4
2026-10-01 07:54:40,175,0.00196759259259259,48,4,2.158917,516.902,NA,20024.74
2026-10-01 07:54:30,165,0.00185185185185185,48,4,2.157668,517.7778,0.3554848,20017.14
2026-10-01 07:54:20,155,0.00173611111111111,48,4,2.157492,517.759,0.3559689,20003.39
2026-10-01 07:54:10,145,0.00162037037037037,48,4,2.157528,517.4335,0.3542606,19997.3
2026-10-01 07:54:00,135,0.00150462962962963,48,4,2.1569,518.5241,0.3557681,19989.42
2026-10-01 07:53:50,125,0.00138888888888889,48,4,2.157017,518.6658,NA,19979.18
2026-10-01 07:53:40,115,0.00127314814814815,48,4,2.157496,520.181,0.3552964,19972.92
2026-10-01 07:53:30,105,0.00115740740740741,48,4,2.157072,519.5924,0.3559138,19963.44
2026-10-01 07:53:20,95,0.00104166666666667,48,4,2.157236,520.0865,0.3546363,19955.59
2026-10-01 07:53:10,85,0.000925925925925926,48,4,2.157063,519.8593,0.3561581,19949.98
2026-10-01 07:53:00,75,0.000810185185185185,48,4,2.157075,520.3746,NA,19947.29
2026-10-01 07:52:50,65,0.000694444444444444,48,4,2.157245,520.2614,0.3562537,19943.66
2026-10-01 07:52:40,55,0.000578703703703704,48,4,2.156747,520.1046,0.3557688,19940.77
2026-10-01 07:52:30,45,0.000462962962962963,48,4,2.157362,519.1202,NA,19937.6
2026-10-01 07:52:20,35,0.000347222222222222,48,4,2.158864,519.9943,NA,19933.66
2026-10-01 07:52:10,25,0.000231481481481481,48,4,2.168323,525.2542,0.3535671,19922.33
2026-10-01 07:52:00,15,0.000115740740740741,48,4,2.204744,561.1495,NA,19904.33
2026-10-01 07:51:50,5,0,48,4,2.200474,551.975,0.3568179,19883.92
2026-10-01 07:51:40,0,0.00694444444444444,47,11,2.191665,565.2931,0.3568572,19851.5
2026-10-01 07:51:30,595,0.0068287037037037,47,11,2.34695,554.7928,0.3549101,19841.99
2026-10-01 07:51:20,585,0.00671296296296296,47,11,2.186646,562.2748,NA,19841.25
2026-10-01 07:51:10,575,0.00659722222222222,47,11,2.170305,529.4237,0.355607,19855.11
2026-10-01 07:51:00,565,0.00648148148148148,47,11,2.169129,527.7946,NA,19900.37
2026-10-01 07:50:50,555,0.00636574074074074,47,11,2.169192,525.0157,0.3574897,19916.67
2026-10-01 07:50:40,545,0.00625,47,11,2.174923,517.9634,NA,19929.13
2026-10-01 07:50:30,535,0.00613425925925926,47,11,2.174172,517.9924,0.3556722,19918.47
2026-10-01 07:50:20,525,0.00601851851851852,47,11,2.175127,517.843,0.356587,19902.16
2026-10-01 07:50:10,515,0.00590277777777778,47,11,2.17324,516.7393,0.3567091,19883.34
2026-10-01 07:50:00,505,0.00578703703703704,47,11,2.173221,517.0239,0.3568259,19872.71
2026-10-01 07:49:50,495,0.0056712962962963,47,11,2.171452,517.7513,0.3562212,19867.06
2026-10-01 07:49:40,485,0.00555555555555556,47,11,2.17341,517.2327,0.3566652,19855.95
2026-10-01 07:49:30,475,0.00543981481481481,47,11,2.172907,518.0369,0.3555341,19847.1
2026-10-01 07:49:20,465,0.00532407407407407,47,11,2.172482,518.7829,0.3565717,19832.49
2026-10-01 07:49:10,455,0.00520833333333333,47,11,2.17247,519.6477,0.356402,19821.6
2026-10-01 07:49:00,445,0.00509259259259259,47,11,2.171855,518.9937,0.3557235,19809.41
2026-10-01 07:48:50,435,0.00497685185185185,47,11,2.171042,520.6386,NA,19798.69
2026-10-01 07:48:40,425,0.00486111111111111,47,11,2.171189,520.0427,NA,19791.27
2026-10-01 07:48:30,415,0.00474537037037037,47,11,2.169747,519.1887,0.3566747,19781.51
2026-10-01 07:48:20,405,0.00462962962962963,47,11,2.168673,520.3815,0.3554205,19771.6
2026-10-01 07:48:10,395,0.00451388888888889,47,11,2.169659,520.2423,NA,19763.84
2026-10-01 07:48:00,385,0.00439814814814815,47,11,2.169591,521.5994,NA,19752.9
2026-10-01 07:47:50,375,0.00428240740740741,47,11,2.168115,521.1046,NA,19745.76
2026-10-01 07:47:40,365,0.00416666666666667,47,11,2.167739,521.473,0.3565183,19739.01
2026-10-01 07:47:30,355,0.00405092592592593,47,11,2.168359,522.0029,0.3564615,19735.35
2026-10-01 07:47:20,345,0.00393518518518518,47,11,2.167444,521.962,0.3564402,19724.7
2026-10-01 07:47:10,335,0.00381944444444444,47,11,2.166272,521.5099,NA,19717.06
2026-10-01 07:47:00,325,0.0037037037037037,47,11,2.167361,521.5903,NA,19708.47
2026-10-01 07:46:50,315,0.00358796296296296,47,11,2.166364,522.842,NA,19700.16
2026-10-01 07:46:40,305,0.00347222222222222,47,11,2.166377,523.3201,NA,19697.34
2026-10-01 07:46:30,295,0.00335648148148148,47,11,2.165983,524.2379,0.3564148,19684.84
2026-10-01 07:46:20,285,0.00324074074074074,47,11,2.164823,523.6167,NA,19677.58
2026-10-01 07:46:10,275,0.003125,47,11,2.166555,524.1503,NA,19670.77
2026-10-01 07:46:00,264,0.00300925925925926,47,11,2.164881,523.8336,0.3562559,19662.55
2026-10-01 07:45:50,255,0.00289351851851852,47,11,2.163239,523.9711,0.3568847,19657.98
2026-10-01 07:45:40,245,0.00277777777777778,47,11,2.163032,525.0875,0.3565192,19647.12
2026-10-01 07:45:30,235,0.00266203703703704,47,11,2.163531,523.8353,NA,19633.72
2026-10-01 07:45:20,225,0.0025462962962963,47,11,2.163289,523.6049,0.3566152,19621.16
2026-10-01 07:45:10,215,0.00243055555555556,47,11,2.162635,524.9761,0.3563332,19609.34
2026-10-01 07:45:00,205,0.00231481481481481,47,11,2.166637,526.3965,0.3563762,19596.69
2026-10-01 07:44:50,195,0.00219907407407407,47,11,2.166054,525.6335,0.3568527,19584.4
2026-10-01 07:44:40,185,0.00208333333333333,47,11,2.162932,524.7945,NA,19576.79
2026-10-01 07:44:30,175,0.00196759259259259,47,11,2.161715,524.5583,0.3553084,19559.13
2026-10-01 07:44:20,165,0.00185185185185185,47,11,2.160405,524.489,NA,19543.04
2026-10-01 07:44:10,155,0.00173611111111111,47,11,2.160266,524.601,0.3566827,19528.41
2026-10-01 07:44:00,145,0.00162037037037037,47,11,2.1587,524.7364,0.3558499,19515.81
2026-10-01 07:43:50,135,0.00150462962962963,47,11,2.159055,523.9653,NA,19502.71
2026-10-01 07:43:40,125,0.00138888888888889,47,11,2.158337,524.2846,NA,19487.15
2026-10-01 07:43:30,115,0.00127314814814815,47,11,2.158313,524.8621,0.3558145,19470.83
2026-10-01 07:43:20,105,0.00115740740740741,47,11,2.157257,524.9827,0.3563161,19455.02
2026-10-01 07:43:10,94,0.00104166666666667,47,11,2.157318,525.1901,0.3561861,19442.13
2026-10-01 07:43:00,85,0.000925925925925926,47,11,2.158323,524.9719,0.3554705,19431.01
2026-10-01 07:42:50,75,0.000810185185185185,47,11,2.160218,525.7053,NA,19414.79
2026-10-01 07:42:40,65,0.000694444444444444,47,11,2.158567,525.7817,0.3560292,19398.93
2026-10-01 07:42:30,55,0.000578703703703704,47,11,2.160068,526.6077,NA,19380.34
2026-10-01 07:42:20,45,0.000462962962962963,47,11,2.163431,528.3624,0.3562101,19363.45
2026-10-01 07:42:10,35,0.000347222222222222,47,11,2.16277,530.0704,0.3546213,19348.73
2026-10-01 07:42:00,25,0.000231481481481481,47,11,2.229288,567.7552,NA,19342.45
2026-10-01 07:41:50,15,0.000115740740740741,47,11,2.216585,581.4116,NA,19344.15
2026-10-01 07:41:40,5,0,47,11,2.184961,547.227,NA,19329.96
2026-10-01 07:41:30,0,0.00694444444444444,46,2,2.175443,542.4682,0.3572072,19302.06
2026-10-01 07:41:20,595,0.0068287037037037,46,2,2.175226,542.6833,NA,19312
2026-10-01 07:41:10,585,0.00671296296296296,46,2,2.176615,542.7518,0.3575443,19336.32
2026-10-01 07:41:00,575,0.00659722222222222,46,2,2.171913,539.9785,0.3563766,19370.02
2026-10-01 07:40:50,565,0.00648148148148148,46,2,2.171794,540.3754,NA,19398.94
2026-10-01 07:40:40,555,0.00636574074074074,46,2,2.163828,534.9593,NA,19396.89
2026-10-01 07:40:30,544,0.00625,46,2,2.157236,527.8259,NA,19403.61
2026-10-01 07:40:20,535,0.00613425925925926,46,2,2.156497,527.7065,0.356782,19390.45
2026-10-01 07:40:10,525,0.00601851851851852,46,2,2.157148,528.5499,NA,19379.44
2026-10-01 07:40:00,515,0.00590277777777778,46,2,2.157469,528.5731,0.3564194,19370.32
2026-10-01 07:39:50,505,0.00578703703703704,46,2,2.157149,528.2726,NA,19359.27
2026-10-01 07:39:40,495,0.0056712962962963,46,2,2.157355,528.5899,0.3568558,19346.05
2026-10-01 07:39:30,485,0.00555555555555556,46,2,2.157526,529.2416,0.3567165,19330.84
2026-10-01 07:39:20,475,0.00543981481481481,46,2,2.157075,529.5796,NA,19322.19
2026-10-01 07:39:10,465,0.00532407407407407,46,2,2.157206,529.8981,0.3561476,19312.95
2026-10-01 07:39:00,455,0.00520833333333333,46,2,2.157398,530.209,NA,19303.6
2026-10-01 07:38:50,445,0.00509259259259259,46,2,2.158175,530.8633,NA,19295.54
2026-10-01 07:38:40,435,0.00497685185185185,46,2,2.157895,529.4871,NA,19286.4
2026-10-01 07:38:30,425,0.00486111111111111,46,2,2.158257,529.7412,NA,19278.58
2026-10-01 07:38:20,415,0.00474537037037037,46,2,2.158225,529.9776,NA,19271.19
2026-10-01 07:38:10,405,0.00462962962962963,46,2,2.158322,529.5752,0.3568657,19267.26
2026-10-01 07:38:00,395,0.00451388888888889,46,2,2.158228,529.6555,NA,19257.38
2026-10-01 07:37:50,385,0.00439814814814815,46,2,2.157072,529.7505,0.356636,19248.25
2026-10-01 07:37:40,375,0.00428240740740741,46,2,2.156619,530.0529,0.3565677,19232.23
2026-10-01 07:37:30,365,0.00416666666666667,46,2,2.156948,530.3539,0.3565182,19218.76
2026-10-01 07:37:20,355,0.00405092592592593,46,2,2.156945,530.8657,0.3564402,19209.94
2026-10-01 07:37:10,345,0.00393518518518518,46,2,2.156719,531.2723,0.3569024,19200.79
2026-10-01 07:37:00,335,0.00381944444444444,46,2,2.156818,531.242,NA,19192.77
2026-10-01 07:36:50,325,0.0037037037037037,46,2,2.156291,532.1116,0.3567907,19183.71
2026-10-01 07:36:40,315,0.00358796296296296,46,2,2.15652,531.8145,NA,19173.66
2026-10-01 07:36:30,305,0.00347222222222222,46,2,2.157389,531.0638,NA,19164.59
2026-10-01 07:36:20,295,0.00335648148148148,46,2,2.15608,531.1869,0.3567216,19151.59
2026-10-01 07:36:10,285,0.00324074074074074,46,2,2.156354,531.4531,0.3566604,19143.91
2026-10-01 07:36:00,275,0.003125,46,2,2.155607,531.6115,0.3569023,19128.54
2026-10-01 07:35:50,265,0.00300925925925926,46,2,2.15576,532.1185,0.3554514,19115.14
2026-10-01 07:35:40,255,0.00289351851851852,46,2,2.15526,531.4489,0.3567024,19102.71
2026-10-01 07:35:30,245,0.00277777777777778,46,2,2.154946,532.2948,0.3568588,19089.83
2026-10-01 07:35:20,235,0.00266203703703704,46,2,2.155271,532.2533,0.3566207,19077.27
2026-10-01 07:35:10,225,0.0025462962962963,46,2,2.1554,531.836,0.3554732,19062.33
2026-10-01 07:35:00,215,0.00243055555555556,46,2,2.155592,531.5477,NA,19052.43
2026-10-01 07:34:50,205,0.00231481481481481,46,2,2.154672,532.0009,0.3568724,19042.48
2026-10-01 07:34:40,195,0.00219907407407407,46,2,2.154922,531.7658,0.3562977,19031.38
2026-10-01 07:34:30,185,0.00208333333333333,46,2,2.15436,533.095,NA,19026.41
2026-10-01 07:34:20,175,0.00196759259259259,46,2,2.154635,532.485,0.3566075,19018.08
2026-10-01 07:34:10,165,0.00185185185185185,46,2,2.154728,532.1969,0.3570192,19009
2026-10-01 07:34:00,155,0.00173611111111111,46,2,2.154671,532.9871,0.3567104,19001.41
2026-10-01 07:33:50,145,0.00162037037037037,46,2,2.154538,533.3909,0.3569041,18992.22
2026-10-01 07:33:40,135,0.00150462962962963,46,2,2.154824,532.4315,NA,18976.07
2026-10-01 07:33:30,125,0.00138888888888889,46,2,2.155377,533.489,0.3563138,18965.33
2026-10-01 07:33:20,115,0.00127314814814815,46,2,2.155325,533.2444,0.356134,18953.98
2026-10-01 07:33:10,105,0.00115740740740741,46,2,2.155851,532.5444,NA,18943
2026-10-01 07:33:00,95,0.00104166666666667,46,2,2.155602,533.7874,0.3561789,18931.33
2026-10-01 07:32:50,85,0.000925925925925926,46,2,2.155493,533.5803,0.3566464,18923.55
2026-10-01 07:32:40,75,0.000810185185185185,46,2,2.155278,533.4318,0.355841,18915.86
2026-10-01 07:32:30,65,0.000694444444444444,46,2,2.155232,533.3763,0.3567863,18912.26
2026-10-01 07:32:20,55,0.000578703703703704,46,2,2.155181,534.0785,0.3565452,18909.4
2026-10-01 07:32:10,45,0.000462962962962963,46,2,2.155604,533.8183,NA,18907.36
2026-10-01 07:32:00,35,0.000347222222222222,46,2,2.156059,534.7735,0.3565165,18911.33
2026-10-01 07:31:50,25,0.000231481481481481,46,2,2.168437,541.2672,0.3530214,18916.62
2026-10-01 07:31:40,15,0.000115740740740741,46,2,2.223214,580.7199,0.3568942,18914.63
2026-10-01 07:31:30,5,0,46,2,2.204054,582.543,0.3576671,18900.8
2026-10-01 07:31:20,0,0.00694444444444444,45,10,2.213032,598.9649,NA,18876.69
2026-10-01 07:31:10,594,0.0068287037037037,45,10,2.211726,589.0472,0.3558539,18884.05
2026-10-01 07:31:00,585,0.00671296296296296,45,10,2.221306,578.4494,NA,18908.12
2026-10-01 07:30:50,575,0.00659722222222222,45,10,2.19747,560.4218,0.3574976,18958.34
2026-10-01 07:30:40,565,0.00648148148148148,45,10,2.200631,561.316,NA,19032.51
2026-10-01 07:30:30,555,0.00636574074074074,45,10,2.202773,560.2972,0.3564777,19049.53
2026-10-01 07:30:20,545,0.00625,45,10,2.19491,541.5867,NA,19062.58
2026-10-01 07:30:10,535,0.00613425925925926,45,10,2.194086,540.4415,NA,19050.66
2026-10-01 07:30:00,525,0.00601851851851852,45,10,2.191989,540.9429,0.356893,19043.03
2026-10-01 07:29:50,515,0.00590277777777778,45,10,2.192229,540.2321,0.3562205,19038.15
2026-10-01 07:29:40,505,0.00578703703703704,45,10,2.190474,540.5584,0.3555372,19028.56
2026-10-01 07:29:30,495,0.0056712962962963,45,10,2.189304,540.368,0.3561916,19024.31
2026-10-01 07:29:20,485,0.00555555555555556,45,10,2.18858,540.539,NA,19013.73
2026-10-01 07:29:10,475,0.00543981481481481,45,10,2.187086,540.3574,0.3553989,19008.16
2026-10-01 07:29:00,465,0.00532407407407407,45,10,2.185787,540.6431,NA,18999.82
2026-10-01 07:28:50,455,0.00520833333333333,45,10,2.185008,540.5816,NA,18990.08
2026-10-01 07:28:40,445,0.00509259259259259,45,10,2.184554,540.7027,0.3567662,18980.43
2026-10-01 07:28:30,435,0.00497685185185185,45,10,2.184306,540.6912,0.3555607,18975.9
2026-10-01 07:28:20,425,0.00486111111111111,45,10,2.185304,540.5878,NA,18967.52
2026-10-01 07:28:10,415,0.00474537037037037,45,10,2.181586,539.7667,NA,18956.76
2026-10-01 07:28:00,405,0.00462962962962963,45,10,2.180587,540.1649,0.3564478,18948.45
2026-10-01 07:27:50,395,0.00451388888888889,45,10,2.180368,539.9144,0.3562123,18939.93
2026-10-01 07:27:40,385,0.00439814814814815,45,10,2.179137,540.0118,0.356405,18930.72
2026-10-01 07:27:30,375,0.00428240740740741,45,10,2.179137,539.7956,NA,18923.71
2026-10-01 07:27:20,365,0.00416666666666667,45,10,2.177954,540.9063,NA,18915.01
2026-10-01 07:27:10,355,0.00405092592592593,45,10,2.17614,539.447,0.3568448,18903.46
2026-10-01 07:27:00,345,0.00393518518518518,45,10,2.175344,539.6686,0.3565455,18893.43
2026-10-01 07:26:50,335,0.00381944444444444,45,10,2.173747,539.0631,NA,18881.66
2026-10-01 07:26:40,325,0.0037037037037037,45,10,2.175678,539.5989,0.3567032,18876.96
2026-10-01 07:26:30,315,0.00358796296296296,45,10,2.1727,540.1413,0.3554221,18867.67
2026-10-01 07:26:20,305,0.00347222222222222,45,10,2.173784,539.402,NA,18862.03
2026-10-01 07:26:10,295,0.00335648148148148,45,10,2.168997,540.1974,NA,18852.3
2026-10-01 07:26:00,285,0.00324074074074074,45,10,2.17027,539.8585,0.3568171,18844.94
2026-10-01 07:25:50,275,0.003125,45,10,2.167103,540.6089,NA,18838.01
2026-10-01 07:25:40,265,0.00300925925925926,45,10,2.166404,540.4236,NA,18830.38
2026-10-01 07:25:30,255,0.00289351851851852,45,10,2.16462,539.5658,NA,18821.94
2026-10-01 07:25:20,245,0.00277777777777778,45,10,2.164743,539.6808,0.3567238,18815.65
2026-10-01 07:25:10,235,0.00266203703703704,45,10,2.165083,540.7551,0.3562251,18808.49
2026-10-01 07:25:00,225,0.0025462962962963,45,10,2.16256,539.6958,0.3572137,18795.18
2026-10-01 07:24:50,215,0.00243055555555556,45,10,2.163716,540.3577,NA,18786.48
2026-10-01 07:24:40,205,0.00231481481481481,45,10,2.161866,539.7995,0.3564325,18776.31
2026-10-01 07:24:30,195,0.00219907407407407,45,10,2.160424,540.1334,NA,18764.7
2026-10-01 07:24:20,185,0.00208333333333333,45,10,2.160077,540.1756,0.3554644,18754.01
2026-10-01 07:24:10,175,0.00196759259259259,45,10,2.161991,540.7683,0.3571682,18743.15
2026-10-01 07:24:00,165,0.00185185185185185,45,10,2.160112,540.5497,0.356884,18732.13
2026-10-01 07:23:50,155,0.00173611111111111,45,10,2.159524,540.6439,0.356189,18717.38
2026-10-01 07:23:40,145,0.00162037037037037,45,10,2.159654,540.9589,NA,18706.15
2026-10-01 07:23:30,135,0.00150462962962963,45,10,2.161619,541.8394,0.3571822,18693.15
2026-10-01 07:23:20,125,0.00138888888888889,45,10,2.158402,540.6841,NA,18681.97
2026-10-01 07:23:10,115,0.00127314814814815,45,10,2.16089,541.8997,0.3559415,18669.71
2026-10-01 07:23:00,105,0.00115740740740741,45,10,2.160791,541.4702,NA,18656.1
2026-10-01 07:22:50,95,0.00104166666666667,45,10,2.164096,541.2272,0.3558326,18645.82
2026-10-01 07:22:40,85,0.000925925925925926,45,10,2.160867,541.6142,0.355695,18633.51
2026-10-01 07:22:30,75,0.000810185185185185,45,10,2.161211,540.7737,0.3573163,18617.58
2026-10-01 07:22:20,65,0.000694444444444444,45,10,2.158719,541.4834,NA,18604.76
2026-10-01 07:22:10,55,0.000578703703703704,45,10,2.159715,540.8991,0.357163,18591.02
2026-10-01 07:22:00,45,0.000462962962962963,45,10,2.159002,540.9321,0.3557598,18576.12
2026-10-01 07:21:50,35,0.000347222222222222,45,10,2.160993,542.3995,NA,18559.32
2026-10-01 07:21:40,25,0.000231481481481481,45,10,2.180929,551.5148,NA,18544.73
2026-10-01 07:21:30,15,0.000115740740740741,45,10,2.283705,652.4757,0.357133,18529.18
2026-10-01 07:21:20,5,0,45,10,2.255314,615.8741,0.3565383,18510
2026-10-01 07:21:10,0,0.00694444444444444,44,7,2.239983,619.1403,0.3555417,18472.12
2026-10-01 07:21:00,595,0.0068287037037037,44,7,2.205561,562.2787,0.3562823,18453.41
2026-10-01 07:20:50,585,0.00671296296296296,44,7,2.199208,562.077,0.3566525,18432.23
2026-10-01 07:20:40,575,0.00659722222222222,44,7,2.203287,563.8503,NA,18424.72
2026-10-01 07:20:30,565,0.00648148148148148,44,7,2.208215,565.3649,0.3583553,18450.43
2026-10-01 07:20:20,555,0.00636574074074074,44,7,2.18532,556.8536,0.3574934,18452.83
2026-10-01 07:20:10,545,0.00625,44,7,2.160571,544.586,0.3568757,18466.48
2026-10-01 07:20:00,535,0.00613425925925926,44,7,2.159928,544.2117,NA,18461.49
2026-10-01 07:19:50,525,0.00601851851851852,44,7,2.159239,543.9263,0.3562597,18454.99
2026-10-01 07:19:40,515,0.00590277777777778,44,7,2.159125,543.838,0.3571499,18447.69
2026-10-01 07:19:30,505,0.00578703703703704,44,7,2.158906,543.9737,0.3569436,18440.22
2026-10-01 07:19:20,495,0.0056712962962963,44,7,2.157523,544.1019,0.3568149,18431.13
2026-10-01 07:19:10,485,0.00555555555555556,44,7,2.157801,543.2145,0.356476,18428.42
2026-10-01 07:19:00,475,0.00543981481481481,44,7,2.157223,543.632,0.3569383,18419.35
2026-10-01 07:18:50,465,0.00532407407407407,44,7,2.15688,543.7558,0.3570029,18409.52
2026-10-01 07:18:40,455,0.00520833333333333,44,7,2.15596,543.0558,0.3572107,18403.48
2026-10-01 07:18:30,445,0.00509259259259259,44,7,2.155632,543.0168,0.3569852,18401.14
2026-10-01 07:18:20,435,0.00497685185185185,44,7,2.155893,543.8455,0.355715,18394.91
2026-10-01 07:18:10,425,0.00486111111111111,44,7,2.156137,544.7381,0.3569369,18386.98
2026-10-01 07:18:00,415,0.00474537037037037,44,7,2.156028,545.2453,0.3565543,18378.29
2026-10-01 07:17:50,405,0.00462962962962963,44,7,2.155522,544.7954,0.3570693,18371.27
2026-10-01 07:17:40,395,0.00451388888888889,44,7,2.154641,544.875,NA,18366.71
2026-10-01 07:17:30,385,0.00439814814814815,44,7,2.15371,544.4224,0.3571695,18360.42
2026-10-01 07:17:20,375,0.00428240740740741,44,7,2.153743,544.6461,0.3568405,18350.34
2026-10-01 07:17:10,365,0.00416666666666667,44,7,2.153252,544.6295,NA,18342.03
2026-10-01 07:17:00,355,0.00405092592592593,44,7,2.153182,543.7991,0.3566717,18336.4
2026-10-01 07:16:50,345,0.00393518518518518,44,7,2.15365,543.4593,NA,18328.39
2026-10-01 07:16:40,335,0.00381944444444444,44,7,2.154949,541.8284,0.3563009,18318.37
2026-10-01 07:16:30,325,0.0037037037037037,44,7,2.15508,540.9208,0.3573451,18312.08
2026-10-01 07:16:20,315,0.00358796296296296,44,7,2.154449,541.2587,NA,18302.09
2026-10-01 07:16:10,305,0.00347222222222222,44,7,2.15444,541.5101,0.3569766,18294.56
2026-10-01 07:16:00,295,0.00335648148148148,44,7,2.15416,540.7194,0.3571768,18286.72
2026-10-01 07:15:50,285,0.00324074074074074,44,7,2.154301,541.3815,0.3572122,18282.08
2026-10-01 07:15:40,275,0.003125,44,7,2.154041,541.8839,0.3563415,18275.87
2026-10-01 07:15:30,265,0.00300925925925926,44,7,2.153542,542.4679,0.3567635,18266.31
2026-10-01 07:15:20,255,0.00289351851851852,44,7,2.153496,541.9955,0.3569316,18258.15
2026-10-01 07:15:10,245,0.00277777777777778,44,7,2.152486,542.1891,NA,18248.33
2026-10-01 07:15:00,235,0.00266203703703704,44,7,2.152259,543.2162,NA,18238.85
2026-10-01 07:14:50,225,0.0025462962962963,44,7,2.15163,542.9831,0.3567498,18229.9
2026-10-01 07:14:40,215,0.00243055555555556,44,7,2.151135,543.6429,0.3574531,18222.94
2026-10-01 07:14:30,205,0.00231481481481481,44,7,2.150797,544.1559,0.3562064,18211.9
2026-10-01 07:14:20,195,0.00219907407407407,44,7,2.150127,544.2573,NA,18203.44
2026-10-01 07:14:10,185,0.00208333333333333,44,7,2.149772,545.1012,0.3570874,18193.82
2026-10-01 07:14:00,175,0.00196759259259259,44,7,2.148461,545.7424,0.3572822,18180.12
2026-10-01 07:13:50,165,0.00185185185185185,44,7,2.148213,546.9444,NA,18167.54
2026-10-01 07:13:40,155,0.00173611111111111,44,7,2.148433,550.5109,NA,18158.89
2026-10-01 07:13:30,145,0.00162037037037037,44,7,2.148411,550.9821,0.3576604,18149.84
2026-10-01 07:13:20,135,0.00150462962962963,44,7,2.148232,551.2418,NA,18138.28
2026-10-01 07:13:10,125,0.00138888888888889,44,7,2.147999,551.6945,0.3577987,18129.54
2026-10-01 07:13:00,115,0.00127314814814815,44,7,2.147871,553.7483,0.357421,18122.55
2026-10-01 07:12:50,105,0.00115740740740741,44,7,2.147339,554.6439,0.3569926,18114.64
2026-10-01 07:12:40,95,0.00104166666666667,44,7,2.147062,554.2931,0.3575164,18105.18
2026-10-01 07:12:30,85,0.000925925925925926,44,7,2.146708,554.784,0.3566253,18099.21
2026-10-01 07:12:20,75,0.000810185185185185,44,7,2.146904,554.9511,0.3570995,18093.02
2026-10-01 07:12:10,65,0.000694444444444444,44,7,2.146341,556.316,0.35757,18081.7
2026-10-01 07:12:00,55,0.000578703703703704,44,7,2.146289,556.9464,NA,18075.14
2026-10-01 07:11:50,45,0.000462962962962963,44,7,2.146095,558.288,NA,18063.54
2026-10-01 07:11:40,35,0.000347222222222222,44,7,2.147145,559.5886,0.3570674,18055.61
2026-10-01 07:11:30,25,0.000231481481481481,44,7,2.170762,569.4378,0.3537343,18047.73
2026-10-01 07:11:20,15,0.000115740740740741,44,7,2.312277,659.1656,NA,18038.1
2026-10-01 07:11:10,5,0,44,7,2.287992,654.7246,0.3581797,18024.02
2026-10-01 07:11:00,0,0.00694444444444444,43,1,2.24387,630.604,NA,17999.82
2026-10-01 07:10:50,595,0.0068287037037037,43,1,2.237782,627.6572,0.3554392,17992.16
2026-10-01 07:10:40,584,0.00671296296296296,43,1,2.211896,580.3118,0.3569808,17993.46
2026-10-01 07:10:30,574,0.00659722222222222,43,1,2.20152,576.8065,0.357656,18003.7
2026-10-01 07:10:20,564,0.00648148148148148,43,1,2.202768,574.4597,NA,18053.21
2026-10-01 07:10:10,554,0.00636574074074074,43,1,2.1966,570.5807,0.3570037,18082.42
2026-10-01 07:10:00,544,0.00625,43,1,2.157463,547.3127,0.3569677,18098.28
2026-10-01 07:09:50,534,0.00613425925925926,43,1,2.156427,547.0765,NA,18091.76
2026-10-01 07:09:40,524,0.00601851851851852,43,1,2.15627,546.8503,0.3571511,18086.12
2026-10-01 07:09:30,514,0.00590277777777778,43,1,2.156145,546.6714,0.3563135,18080.27
2026-10-01 07:09:20,504,0.00578703703703704,43,1,2.155823,546.2811,NA,18071.93
2026-10-01 07:09:10,494,0.0056712962962963,43,1,2.155959,545.5622,0.3571336,18066.84
2026-10-01 07:09:00,484,0.00555555555555556,43,1,2.155266,545.6086,0.356563,18057.76
2026-10-01 07:08:50,474,0.00543981481481481,43,1,2.154633,545.6937,0.3564578,18049.6
2026-10-01 07:08:40,464,0.00532407407407407,43,1,2.154845,544.5667,0.356807,18039.83
2026-10-01 07:08:30,454,0.00520833333333333,43,1,2.154432,544.1263,0.3566117,18031.87
2026-10-01 07:08:20,444,0.00509259259259259,43,1,2.155562,543.6893,0.3567187,18026.34
2026-10-01 07:08:10,434,0.00497685185185185,43,1,2.153448,543.9893,0.3569367,18021.51
2026-10-01 07:08:00,424,0.00486111111111111,43,1,2.153447,543.7226,0.3569707,18010.05
2026-10-01 07:07:50,414,0.00474537037037037,43,1,2.152889,543.9701,NA,18002.55
2026-10-01 07:07:40,404,0.00462962962962963,43,1,2.153379,543.8002,NA,17997.09
2026-10-01 07:07:30,394,0.00451388888888889,43,1,2.15283,543.0214,0.3556659,17988.24
2026-10-01 07:07:20,384,0.00439814814814815,43,1,2.152162,543.3856,NA,17981.25
2026-10-01 07:07:10,374,0.00428240740740741,43,1,2.152282,542.5865,0.3568731,17970.75
2026-10-01 07:07:00,364,0.00416666666666667,43,1,2.152049,542.4871,0.3562691,17963.26
2026-10-01 07:06:50,354,0.00405092592592593,43,1,2.151641,542.9798,0.3567769,17955.06
2026-10-01 07:06:40,344,0.00393518518518518,43,1,2.152367,543.9573,0.3568893,17945.62
2026-10-01 07:06:30,334,0.00381944444444444,43,1,2.150963,545.0069,0.3565161,17933.93
2026-10-01 07:06:20,324,0.0037037037037037,43,1,2.150535,544.8345,NA,17921.37
2026-10-01 07:06:10,314,0.00358796296296296,43,1,2.150573,544.8663,0.3570498,17908.7
2026-10-01 07:06:00,304,0.00347222222222222,43,1,2.150361,544.2822,0.3566465,17897.01
2026-10-01 07:05:50,295,0.00335648148148148,43,1,2.149722,544.5745,NA,17879.9
2026-10-01 07:05:40,284,0.00324074074074074,43,1,2.150265,545.8665,0.3567154,17866.1
2026-10-01 07:05:30,274,0.003125,43,1,2.14936,544.9475,0.3568941,17852.87
2026-10-01 07:05:20,264,0.00300925925925926,43,1,2.14882,546.1559,0.3571129,17837.63
2026-10-01 07:05:10,254,0.00289351851851852,43,1,2.149074,546.736,0.3557215,17826.13
2026-10-01 07:05:00,244,0.00277777777777778,43,1,2.148432,546.8632,NA,17813.46
2026-10-01 07:04:50,234,0.00266203703703704,43,1,2.148224,546.1167,0.3565916,17800.61
2026-10-01 07:04:40,224,0.0025462962962963,43,1,2.147795,545.5449,0.3570287,17787.61
2026-10-01 07:04:30,214,0.00243055555555556,43,1,2.148247,544.509,NA,17775.07
2026-10-01 07:04:20,204,0.00231481481481481,43,1,2.14807,543.6082,NA,17764.74
2026-10-01 07:04:10,194,0.00219907407407407,43,1,2.148831,540.4273,NA,17753.05
2026-10-01 07:04:00,184,0.00208333333333333,43,1,2.149104,539.4274,0.3565974,17746.65
2026-10-01 07:03:50,174,0.00196759259259259,43,1,2.149798,536.3181,0.3567698,17737.41
2026-10-01 07:03:40,164,0.00185185185185185,43,1,2.152999,527.2206,0.3565583,17733.1
2026-10-01 07:03:30,154,0.00173611111111111,43,1,2.154042,524.8844,0.3565756,17730.16
2026-10-01 07:03:20,144,0.00162037037037037,43,1,2.154046,523.1678,0.3558859,17724.26
2026-10-01 07:03:10,134,0.00150462962962963,43,1,2.154983,522.8005,NA,17719.57
2026-10-01 07:03:00,124,0.00138888888888889,43,1,2.156041,522.1898,0.3553715,17716.57
2026-10-01 07:02:50,114,0.00127314814814815,43,1,2.15435,521.6696,0.3560513,17707.61
2026-10-01 07:02:40,104,0.00115740740740741,43,1,2.153631,521.5425,0.3560963,17700.05
2026-10-01 07:02:30,94,0.00104166666666667,43,1,2.154641,521.9293,0.3559125,17688.4
2026-10-01 07:02:20,84,0.000925925925925926,43,1,2.156764,523.0402,0.3559863,17678.78
2026-10-01 07:02:10,74,0.000810185185185185,43,1,2.156492,523.5177,0.3561776,17670.43
2026-10-01 07:02:00,64,0.000694444444444444,43,1,2.158694,523.2906,0.3560172,17657.57
2026-10-01 07:01:50,54,0.000578703703703704,43,1,2.154955,522.0235,0.3560853,17644.57
2026-10-01 07:01:40,44,0.000462962962962963,43,1,2.154359,522.1456,NA,17637.88
2026-10-01 07:01:30,34,0.000347222222222222,43,1,2.157282,522.2059,0.3547559,17628.3
2026-10-01 07:01:20,24,0.000231481481481481,43,1,2.24929,569.9977,NA,17617.58
2026-10-01 07:01:10,14,0.000115740740740741,43,1,2.250619,618.2699,NA,17624.65
2026-10-01 07:01:00,4,0,43,1,2.216905,590.7683,0.3559643,17613.62
2026-10-01 07:00:50,0,0.00694444444444444,42,6,2.218157,593.5125,0.3549048,17588.13
2026-10-01 07:00:40,594,0.0068287037037037,42,6,2.211529,584.1205,0.3562238,17587.46
2026-10-01 07:00:30,584,0.00671296296296296,42,6,2.211362,592.8154,0.3556914,17591.36
2026-10-01 07:00:20,574,0.00659722222222222,42,6,2.21144,593.2667,0.35613,17614.12
2026-10-01 07:00:10,564,0.00648148148148148,42,6,2.195608,560.3427,0.3552926,17682.18
2026-10-01 07:00:00,554,0.00636574074074074,42,6,2.187898,556.7914,0.3560124,17707.15
2026-10-01 06:59:50,544,0.00625,42,6,2.158885,531.5912,NA,17717.59
2026-10-01 06:59:40,534,0.00613425925925926,42,6,2.158712,532.549,0.3566499,17709.42
2026-10-01 06:59:30,524,0.00601851851851852,42,6,2.158438,532.4127,0.3568126,17698.91
2026-10-01 06:59:20,514,0.00590277777777778,42,6,2.158176,531.5428,0.3568405,17689.49
2026-10-01 06:59:10,504,0.00578703703703704,42,6,2.158108,532.0237,0.3554622,17684.12
2026-10-01 06:59:00,494,0.0056712962962963,42,6,2.158221,531.5558,0.3559216,17674.26
2026-10-01 06:58:50,484,0.00555555555555556,42,6,2.157588,531.3624,0.3565959,17668.05
2026-10-01 06:58:40,474,0.00543981481481481,42,6,2.157164,531.3145,0.3564348,17660.92
2026-10-01 06:58:30,464,0.00532407407407407,42,6,2.15698,532.6254,0.356641,17652.67
2026-10-01 06:58:20,454,0.00520833333333333,42,6,2.156358,532.1759,0.3565424,17643.53
2026-10-01 06:58:10,444,0.00509259259259259,42,6,2.156054,532.653,0.3565488,17635.52
2026-10-01 06:58:00,434,0.00497685185185185,42,6,2.157392,532.4208,0.3566788,17631.57
2026-10-01 06:57:50,424,0.00486111111111111,42,6,2.156641,531.6456,NA,17626.25
2026-10-01 06:57:40,414,0.00474537037037037,42,6,2.155795,531.9239,NA,17620.16
2026-10-01 06:57:30,404,0.00462962962962963,42,6,2.155587,532.3887,NA,17615.88
2026-10-01 06:57:20,394,0.00451388888888889,42,6,2.155627,532.6635,NA,17614.63
2026-10-01 06:57:10,384,0.00439814814814815,42,6,2.154517,532.5506,NA,17608.7
2026-10-01 06:57:00,374,0.00428240740740741,42,6,2.154325,532.2568,NA,17601.56
2026-10-01 06:56:50,364,0.00416666666666667,42,6,2.154469,531.9254,0.3563888,17596.17
2026-10-01 06:56:40,354,0.00405092592592593,42,6,2.153813,530.7576,0.3561368,17585.11
2026-10-01 06:56:30,344,0.00393518518518518,42,6,2.153178,531.48,NA,17577.61
2026-10-01 06:56:20,334,0.00381944444444444,42,6,2.153567,531.5711,0.3565941,17569.8
2026-10-01 06:56:10,324,0.0037037037037037,42,6,2.152861,531.5715,0.3565618,17559.68
2026-10-01 06:56:00,314,0.00358796296296296,42,6,2.153107,531.0063,0.355753,17551.55
2026-10-01 06:55:50,305,0.00347222222222222,42,6,2.153068,531.5062,0.356528,17539.63
2026-10-01 06:55:40,294,0.00335648148148148,42,6,2.152722,531.2091,0.356631,17527.54
2026-10-01 06:55:30,284,0.00324074074074074,42,6,2.151777,531.4397,0.3559943,17518.44
2026-10-01 06:55:20,274,0.003125,42,6,2.152455,532.01,0.3565152,17511.22
2026-10-01 06:55:10,264,0.00300925925925926,42,6,2.15202,533.1287,NA,17504.52
2026-10-01 06:55:00,254,0.00289351851851852,42,6,2.153461,541.7493,NA,17497
2026-10-01 06:54:50,244,0.00277777777777778,42,6,2.153845,544.5762,0.3567585,17489.51
2026-10-01 06:54:40,234,0.00266203703703704,42,6,2.153963,546.717,NA,17479.54
2026-10-01 06:54:30,224,0.0025462962962963,42,6,2.153925,546.8904,0.3567156,17473.76
2026-10-01 06:54:20,214,0.00243055555555556,42,6,2.153839,547.9489,0.3562434,17463.76
2026-10-01 06:54:10,204,0.00231481481481481,42,6,2.15291,548.0557,0.3565627,17451.66
2026-10-01 06:54:00,194,0.00219907407407407,42,6,2.153196,548.7739,0.3569662,17441.18
2026-10-01 06:53:50,184,0.00208333333333333,42,6,2.154123,552.3908,NA,17427.23
2026-10-01 06:53:40,174,0.00196759259259259,42,6,2.154643,553.923,0.3567661,17415.9
2026-10-01 06:53:30,164,0.00185185185185185,42,6,2.154356,555.2443,0.3558511,17403.88
2026-10-01 06:53:20,154,0.00173611111111111,42,6,2.154094,556.0112,0.3575831,17385.44
2026-10-01 06:53:10,144,0.00162037037037037,42,6,2.154254,556.4573,0.3571544,17368.23
2026-10-01 06:53:00,134,0.00150462962962963,42,6,2.154899,557.4617,0.357158,17350.27
2026-10-01 06:52:50,124,0.00138888888888889,42,6,2.155333,558.0535,0.3572042,17330.75
2026-10-01 06:52:40,114,0.00127314814814815,42,6,2.155914,558.8232,0.3571969,17313.37
2026-10-01 06:52:30,104,0.00115740740740741,42,6,2.157192,560.2739,NA,17291.79
2026-10-01 06:52:20,94,0.00104166666666667,42,6,2.158239,561.4797,0.3566446,17272.05
2026-10-01 06:52:10,84,0.000925925925925926,42,6,2.160112,563.3189,0.3564436,17247.76
2026-10-01 06:52:00,74,0.000810185185185185,42,6,2.160018,564.4253,0.3570309,17222.34
2026-10-01 06:51:50,64,0.000694444444444444,42,6,2.204383,579.4409,0.3483009,17192.71
2026-10-01 06:51:40,54,0.000578703703703704,42,6,2.254993,650.0703,0.3531594,17165.95
2026-10-01 06:51:30,44,0.000462962962962963,42,6,2.274196,678.1159,0.3558676,17134.42
2026-10-01 06:51:20,34,0.000347222222222222,42,6,2.200648,577.1853,0.356699,17103.46
2026-10-01 06:51:10,24,0.000231481481481481,42,6,2.191883,573.3916,NA,17066.13
2026-10-01 06:51:00,14,0.000115740740740741,42,6,2.193252,574.0427,0.3580382,17108.24
2026-10-01 06:50:50,4,0,42,6,2.163337,571.0244,0.3569749,17134.21
2026-10-01 06:50:40,0,0.00694444444444444,41,3,2.162778,571.3002,NA,17126.66
2026-10-01 06:50:30,594,0.0068287037037037,41,3,2.161641,571.5035,0.3573818,17137.69
2026-10-01 06:50:20,584,0.00671296296296296,41,3,2.162849,572.9429,0.356756,17159.69
2026-10-01 06:50:10,574,0.00659722222222222,41,3,2.163502,573.296,0.3573749,17206.86
2026-10-01 06:50:00,564,0.00648148148148148,41,3,2.175779,577.6568,0.3551701,17306.71
2026-10-01 06:49:50,554,0.00636574074074074,41,3,2.20337,586.9362,0.3552219,17335.08
2026-10-01 06:49:40,544,0.00625,41,3,2.165271,578.5873,0.3568077,17346
2026-10-01 06:49:30,534,0.00613425925925926,41,3,2.167425,579.2158,NA,17336.73
2026-10-01 06:49:20,524,0.00601851851851852,41,3,2.172129,579.8613,0.357454,17325.19
2026-10-01 06:49:10,514,0.00590277777777778,41,3,2.168456,579.8018,0.35746,17313.5
2026-10-01 06:49:00,504,0.00578703703703704,41,3,2.16666,579.9116,0.3573258,17302.14
2026-10-01 06:48:50,494,0.0056712962962963,41,3,2.165,579.6191,0.3575697,17289.86
2026-10-01 06:48:40,484,0.00555555555555556,41,3,2.164838,578.6309,0.357725,17278.76
2026-10-01 06:48:30,474,0.00543981481481481,41,3,2.163702,579.6034,0.3575194,17268.38
2026-10-01 06:48:20,464,0.00532407407407407,41,3,2.163213,578.748,0.357493,17256.74
2026-10-01 06:48:10,454,0.00520833333333333,41,3,2.163996,578.9384,NA,17246.54
2026-10-01 06:48:00,444,0.00509259259259259,41,3,2.163541,578.0358,NA,17235.79
2026-10-01 06:47:50,434,0.00497685185185185,41,3,2.161879,578.1393,NA,17224.82
2026-10-01 06:47:40,424,0.00486111111111111,41,3,2.162311,577.0453,0.35729,17216.3
2026-10-01 06:47:30,414,0.00474537037037037,41,3,2.157045,577.4397,0.3579174,17206
2026-10-01 06:47:20,404,0.00462962962962963,41,3,2.157027,575.9434,0.3572191,17195.27
2026-10-01 06:47:10,394,0.00451388888888889,41,3,2.155846,576.5218,NA,17186.34
2026-10-01 06:47:00,384,0.00439814814814815,41,3,2.155632,576.447,0.3580256,17174.47
2026-10-01 06:46:50,374,0.00428240740740741,41,3,2.155364,576.0358,0.3579897,17162.55
2026-10-01 06:46:40,364,0.00416666666666667,41,3,2.155602,576.7789,NA,17150.67
2026-10-01 06:46:30,354,0.00405092592592593,41,3,2.156078,577.1158,0.35757,17141.68
2026-10-01 06:46:20,344,0.00393518518518518,41,3,2.155485,577.0389,0.3578734,17133.69
2026-10-01 06:46:10,334,0.00381944444444444,41,3,2.155923,576.8972,0.3575462,17122.27
2026-10-01 06:46:00,324,0.0037037037037037,41,3,2.154791,576.6956,0.3571817,17114.62
2026-10-01 06:45:50,315,0.00358796296296296,41,3,2.153934,576.3005,0.3580211,17106.91
2026-10-01 06:45:40,304,0.00347222222222222,41,3,2.152829,575.2506,0.3579235,17096.94
2026-10-01 06:45:30,294,0.00335648148148148,41,3,2.152137,575.2201,0.3575847,17086.72
2026-10-01 06:45:20,284,0.00324074074074074,41,3,2.152386,573.8582,0.3572335,17077.53
2026-10-01 06:45:10,274,0.003125,41,3,2.151849,573.8777,0.3579232,17068.7
2026-10-01 06:45:00,264,0.00300925925925926,41,3,2.151889,573.306,0.3567275,17059.2
2026-10-01 06:44:50,254,0.00289351851851852,41,3,2.153407,574.4183,0.3579097,17050.62
2026-10-01 06:44:40,244,0.00277777777777778,41,3,2.154186,573.8111,0.3570998,17039.44
2026-10-01 06:44:30,234,0.00266203703703704,41,3,2.154954,575.1552,0.3578745,17028.5
2026-10-01 06:44:20,224,0.0025462962962963,41,3,2.153533,574.6426,0.3577587,17021.05
2026-10-01 06:44:10,214,0.00243055555555556,41,3,2.15195,573.0417,NA,17010.44
2026-10-01 06:44:00,204,0.00231481481481481,41,3,2.151617,572.5452,0.3575294,17003.98
2026-10-01 06:43:50,194,0.00219907407407407,41,3,2.153114,572.9475,0.3574589,16995.24
2026-10-01 06:43:40,184,0.00208333333333333,41,3,2.153246,573.769,0.3578518,16987.04
2026-10-01 06:43:30,174,0.00196759259259259,41,3,2.1564,574.4781,NA,16976.28
2026-10-01 06:43:20,164,0.00185185185185185,41,3,2.157244,574.9807,0.35787,16966.74
2026-10-01 06:43:10,154,0.00173611111111111,41,3,2.157329,575.111,0.3577198,16957.33
2026-10-01 06:43:00,144,0.00162037037037037,41,3,2.156553,573.4967,0.3575993,16946.92
2026-10-01 06:42:50,134,0.00150462962962963,41,3,2.159136,574.0085,0.3576049,16937.37
2026-10-01 06:42:40,124,0.00138888888888889,41,3,2.16187,574.4875,0.3576379,16926.45
2026-10-01 06:42:30,114,0.00127314814814815,41,3,2.162495,573.8318,0.3572599,16914.35
2026-10-01 06:42:20,104,0.00115740740740741,41,3,2.164394,572.5641,NA,16902.18
2026-10-01 06:42:10,94,0.00104166666666667,41,3,2.166042,572.1111,0.3572923,16891.41
2026-10-01 06:42:00,84,0.000925925925925926,41,3,2.163179,571.2362,0.3570163,16880.49
2026-10-01 06:41:50,74,0.000810185185185185,41,3,2.162262,570.2385,0.3576412,16869.84
2026-10-01 06:41:40,64,0.000694444444444444,41,3,2.163172,571.1753,0.3577088,16856.39
2026-10-01 06:41:30,54,0.000578703703703704,41,3,2.163913,571.1002,NA,16841.64
2026-10-01 06:41:20,44,0.000462962962962963,41,3,2.165972,572.3651,0.3574819,16826.81
2026-10-01 06:41:10,34,0.000347222222222222,41,3,2.16733,573.1059,0.3575544,16812.07
2026-10-01 06:41:00,24,0.000231481481481481,41,3,2.167668,573.0837,NA,16797
2026-10-01 06:40:50,14,0.000115740740740741,41,3,2.169344,574.1749,0.3572127,16780.39
2026-10-01 06:40:40,4,0,41,3,2.18373,579.8664,0.3535872,16763.09
2026-10-01 06:40:30,0,0.00694444444444444,40,12,2.247666,646.1954,0.3522754,16748.33
2026-10-01 06:40:20,594,0.0068287037037037,40,12,2.261169,693.1391,NA,16727.52
2026-10-01 06:40:10,584,0.00671296296296296,40,12,2.266864,684.6146,0.354483,16710.12
2026-10-01 06:40:00,574,0.00659722222222222,40,12,2.202755,572.8786,NA,16699.82
2026-10-01 06:39:50,564,0.00648148148148148,40,12,2.201065,572.2399,0.35719,16703.86
2026-10-01 06:39:40,554,0.00636574074074074,40,12,2.204069,574.2349,0.357055,16778.13
2026-10-01 06:39:30,544,0.00625,40,12,2.187177,572.7019,0.3570423,16839.19
2026-10-01 06:39:20,534,0.00613425925925926,40,12,2.212966,580.2284,0.3563337,16837.73
2026-10-01 06:39:10,524,0.00601851851851852,40,12,2.235466,586.2394,0.3557627,16832.23
2026-10-01 06:39:00,514,0.00590277777777778,40,12,2.233946,585.7498,NA,16826.55
2026-10-01 06:38:50,504,0.00578703703703704,40,12,2.232271,585.7849,0.3568325,16824.75
2026-10-01 06:38:40,494,0.0056712962962963,40,12,2.230549,585.103,0.3569354,16820.76
2026-10-01 06:38:30,484,0.00555555555555556,40,12,2.229325,584.4191,NA,16815.68
2026-10-01 06:38:20,474,0.00543981481481481,40,12,2.227473,585.1036,0.3568709,16810.88
2026-10-01 06:38:10,464,0.00532407407407407,40,12,2.226539,584.8704,0.3565516,16808.53
2026-10-01 06:38:00,454,0.00520833333333333,40,12,2.224661,584.0883,0.3566772,16803.08
2026-10-01 06:37:50,444,0.00509259259259259,40,12,2.223111,583.9006,0.3565292,16799.58
2026-10-01 06:37:40,434,0.00497685185185185,40,12,2.221899,584.1206,NA,16794.42
2026-10-01 06:37:30,424,0.00486111111111111,40,12,2.220248,583.4866,0.3564034,16791.27
2026-10-01 06:37:20,414,0.00474537037037037,40,12,2.218955,583.6611,0.3567128,16789.47
2026-10-01 06:37:10,404,0.00462962962962963,40,12,2.217697,583.2331,0.3566883,16783.61
2026-10-01 06:37:00,394,0.00451388888888889,40,12,2.21622,582.7293,0.3569263,16780.08
2026-10-01 06:36:50,384,0.00439814814814815,40,12,2.215008,582.6337,0.3563493,16776.21
2026-10-01 06:36:40,374,0.00428240740740741,40,12,2.213784,581.7047,0.3565172,16775.28
2026-10-01 06:36:30,364,0.00416666666666667,40,12,2.212038,582.0922,0.356485,16771.9
2026-10-01 06:36:20,354,0.00405092592592593,40,12,2.210842,581.4336,0.3569919,16769.1
2026-10-01 06:36:10,344,0.00393518518518518,40,12,2.209391,581.6529,0.357,16767.69
2026-10-01 06:36:00,334,0.00381944444444444,40,12,2.207733,580.7727,0.3570991,16765.42
2026-10-01 06:35:50,324,0.0037037037037037,40,12,2.206578,580.4409,0.3567538,16762.22
2026-10-01 06:35:40,314,0.00358796296296296,40,12,2.204549,580.5685,NA,16758.54
2026-10-01 06:35:30,304,0.00347222222222222,40,12,2.203179,580.5649,NA,16754.5
2026-10-01 06:35:20,294,0.00335648148148148,40,12,2.201162,579.6164,0.356287,16749.78
2026-10-01 06:35:10,284,0.00324074074074074,40,12,2.198614,578.9515,0.3568257,16745.95
2026-10-01 06:35:00,274,0.003125,40,12,2.197438,578.54,0.3571,16741.93
2026-10-01 06:34:50,264,0.00300925925925926,40,12,2.195221,579.5258,0.3566921,16734.23
2026-10-01 06:34:40,254,0.00289351851851852,40,12,2.193415,578.3071,NA,16730.87
2026-10-01 06:34:30,244,0.00277777777777778,40,12,2.191861,578.2955,0.3566898,16724.84
2026-10-01 06:34:20,234,0.00266203703703704,40,12,2.190802,578.5211,0.3573766,16720.68
2026-10-01 06:34:10,224,0.0025462962962963,40,12,2.189404,577.6496,0.3565298,16716.57
2026-10-01 06:34:00,214,0.00243055555555556,40,12,2.188133,578.0963,0.3569615,16710.87
2026-10-01 06:33:50,204,0.00231481481481481,40,12,2.186456,577.0093,0.3559032,16708.68
2026-10-01 06:33:40,194,0.00219907407407407,40,12,2.185347,577.6273,0.3564092,16704.22
2026-10-01 06:33:30,184,0.00208333333333333,40,12,2.184165,577.3494,0.3568987,16698.94
2026-10-01 06:33:20,174,0.00196759259259259,40,12,2.182804,578.0215,0.3572077,16697.61
2026-10-01 06:33:10,164,0.00185185185185185,40,12,2.180298,576.9246,NA,16693.43
2026-10-01 06:33:00,154,0.00173611111111111,40,12,2.178495,575.9641,NA,16687.45
2026-10-01 06:32:50,144,0.00162037037037037,40,12,2.183197,578.6245,0.3565912,16686.14
2026-10-01 06:32:40,134,0.00150462962962963,40,12,2.176682,573.4064,0.3568883,16678.95
2026-10-01 06:32:30,124,0.00138888888888889,40,12,2.171097,569.5428,NA,16677.53
2026-10-01 06:32:20,114,0.00127314814814815,40,12,2.167658,567.0126,NA,16675.53
2026-10-01 06:32:10,104,0.00115740740740741,40,12,2.16279,562.15,0.35692,16673.56
2026-10-01 06:32:00,94,0.00104166666666667,40,12,2.160538,559.6232,0.3560884,16670.56
2026-10-01 06:31:50,84,0.000925925925925926,40,12,2.156689,556.4916,0.3565895,16669.25
2026-10-01 06:31:40,74,0.000810185185185185,40,12,2.155999,556.2415,0.3570441,16667.57
2026-10-01 06:31:30,64,0.000694444444444444,40,12,2.155957,555.254,0.357103,16664.25
2026-10-01 06:31:20,54,0.000578703703703704,40,12,2.153506,554.3057,0.3569525,16662.39
2026-10-01 06:31:10,44,0.000462962962962963,40,12,2.152066,552.5922,0.3573015,16661.03
2026-10-01 06:31:00,34,0.000347222222222222,40,12,2.15551,555.67,0.3566,16661.19
2026-10-01 06:30:50,24,0.000231481481481481,40,12,2.161503,559.2611,0.3571034,16661.32
2026-10-01 06:30:40,14,0.000115740740740741,40,12,2.164498,560.603,0.3566506,16661.21
2026-10-01 06:30:30,4,0,40,12,2.17122,564.3214,0.3572947,16642.83
2026-10-01 06:30:20,0,0.00694444444444444,39,9,2.1875,572.3073,0.3567984,16584.49
2026-10-01 06:30:10,594,0.0068287037037037,39,9,2.195394,575.6152,0.3568131,16578.07
2026-10-01 06:30:00,584,0.00671296296296296,39,9,2.195088,575.9858,NA,16569.18
2026-10-01 06:29:50,574,0.00659722222222222,39,9,2.191654,574.4289,0.3566635,16562.8
2026-10-01 06:29:40,564,0.00648148148148148,39,9,2.193746,576.218,0.356813,16556.45
2026-10-01 06:29:30,554,0.00636574074074074,39,9,2.197671,578.1238,0.3567739,16549.12
2026-10-01 06:29:20,544,0.00625,39,9,2.199725,577.2908,0.3568527,16546.75
2026-10-01 06:29:10,534,0.00613425925925926,39,9,2.204521,579.0816,0.3560764,16539.3
2026-10-01 06:29:00,524,0.00601851851851852,39,9,2.191997,578.0161,0.3568932,16534.35
2026-10-01 06:28:50,514,0.00590277777777778,39,9,2.193931,579.1031,NA,16527.72
2026-10-01 06:28:40,504,0.00578703703703704,39,9,2.193697,579.3645,0.3568346,16520.81
2026-10-01 06:28:30,494,0.0056712962962963,39,9,2.202801,582.9138,0.3568442,16515.83
2026-10-01 06:28:20,484,0.00555555555555556,39,9,2.203804,584.2452,NA,16509.24
2026-10-01 06:28:10,474,0.00543981481481481,39,9,2.207909,584.6221,0.3568056,16502.76
2026-10-01 06:28:00,464,0.00532407407407407,39,9,2.204422,583.3711,0.3568604,16497.39
2026-10-01 06:27:50,454,0.00520833333333333,39,9,2.206103,584.18,0.356811,16495.52
2026-10-01 06:27:40,444,0.00509259259259259,39,9,2.202867,583.6133,0.356306,16489.43
2026-10-01 06:27:30,434,0.00497685185185185,39,9,2.199222,581.6628,NA,16484.45
2026-10-01 06:27:20,424,0.00486111111111111,39,9,2.201804,583.3807,0.3563968,16479.45
2026-10-01 06:27:10,414,0.00474537037037037,39,9,2.203661,583.6061,0.3566499,16473.9
2026-10-01 06:27:00,404,0.00462962962962963,39,9,2.201211,582.4905,0.356883,16468.59
2026-10-01 06:26:50,394,0.00451388888888889,39,9,2.20527,584.272,0.3564452,16464.74
2026-10-01 06:26:40,384,0.00439814814814815,39,9,2.212681,588.4373,0.3564973,16457.98
2026-10-01 06:26:30,374,0.00428240740740741,39,9,2.213193,588.2599,0.3557771,16452.43
2026-10-01 06:26:20,364,0.00416666666666667,39,9,2.211249,587.4441,0.3559139,16447.4
2026-10-01 06:26:10,354,0.00405092592592593,39,9,2.211045,587.5472,0.3560387,16442.32
2026-10-01 06:26:00,344,0.00393518518518518,39,9,2.210042,587.5211,0.3561815,16434.63
2026-10-01 06:25:50,335,0.00381944444444444,39,9,2.208375,586.519,0.3566548,16430.69
2026-10-01 06:25:40,324,0.0037037037037037,39,9,2.209141,585.5898,NA,16422.22
2026-10-01 06:25:30,314,0.00358796296296296,39,9,2.210338,585.7745,0.356437,16419.43
2026-10-01 06:25:20,305,0.00347222222222222,39,9,2.209201,584.8037,0.3567853,16414.36
2026-10-01 06:25:10,294,0.00335648148148148,39,9,2.209336,584.1065,0.3565937,16406.55
2026-10-01 06:25:00,284,0.00324074074074074,39,9,2.209054,583.6741,0.3565169,16398.97
2026-10-01 06:24:50,274,0.003125,39,9,2.208213,583.1062,0.3568508,16393.28
2026-10-01 06:24:40,264,0.00300925925925926,39,9,2.208778,582.9091,0.356476,16386.47
2026-10-01 06:24:30,254,0.00289351851851852,39,9,2.206594,582.8325,0.3569665,16382.89
2026-10-01 06:24:20,244,0.00277777777777778,39,9,2.202383,580.3839,0.3558104,16378.08
2026-10-01 06:24:10,234,0.00266203703703704,39,9,2.199358,579.6219,0.3566256,16372.82
2026-10-01 06:24:00,224,0.0025462962962963,39,9,2.199736,579.0247,0.3562346,16365.63
2026-10-01 06:23:50,214,0.00243055555555556,39,9,2.199927,579.3054,0.3570031,16356.58
2026-10-01 06:23:40,204,0.00231481481481481,39,9,2.201898,579.3582,0.3567476,16349.03
2026-10-01 06:23:30,194,0.00219907407407407,39,9,2.196893,578.2153,0.356751,16338.89
2026-10-01 06:23:20,184,0.00208333333333333,39,9,2.193112,575.4752,0.3564775,16331.37
2026-10-01 06:23:10,174,0.00196759259259259,39,9,2.190754,574.497,0.3562102,16320.53
2026-10-01 06:23:00,164,0.00185185185185185,39,9,2.190857,574.4248,0.3564723,16313.61
2026-10-01 06:22:50,154,0.00173611111111111,39,9,2.189752,573.9177,NA,16303.98
2026-10-01 06:22:40,144,0.00162037037037037,39,9,2.191534,575.7416,0.356789,16298.63
2026-10-01 06:22:30,134,0.00150462962962963,39,9,2.183875,571.5076,0.3566532,16288.6
2026-10-01 06:22:20,124,0.00138888888888889,39,9,2.182562,571.878,0.356405,16280.75
2026-10-01 06:22:10,114,0.00127314814814815,39,9,2.18295,572.0874,0.356476,16269.51
2026-10-01 06:22:00,104,0.00115740740740741,39,9,2.185093,573.5569,0.3565387,16258.68
2026-10-01 06:21:50,94,0.00104166666666667,39,9,2.185253,573.8045,0.3555264,16247.18
2026-10-01 06:21:40,84,0.000925925925925926,39,9,2.180686,571.1816,NA,16232.91
2026-10-01 06:21:30,74,0.000810185185185185,39,9,2.179685,570.2464,0.3563906,16218.34
2026-10-01 06:21:20,64,0.000694444444444444,39,9,2.17812,570.4877,0.3562636,16203.62
2026-10-01 06:21:10,54,0.000578703703703704,39,9,2.174557,567.2521,0.3558021,16188.69
2026-10-01 06:21:00,44,0.000462962962962963,39,9,2.163424,558.3617,0.3562526,16170.53
2026-10-01 06:20:50,35,0.000347222222222222,39,9,2.157549,554.4764,0.3562314,16149.44
2026-10-01 06:20:40,24,0.000231481481481481,39,9,2.229377,585.5229,0.3464984,16118.84
2026-10-01 06:20:30,14,0.000115740740740741,39,9,2.238861,629.2798,0.355568,16090.1
2026-10-01 06:20:20,4,0,39,9,2.191425,572.9614,0.3558138,16072.58
2026-10-01 06:20:10,0,0.00694444444444444,38,5,2.193822,574.462,0.3547768,16046.5
2026-10-01 06:20:00,594,0.0068287037037037,38,5,2.19616,576.7586,0.3554894,16039.67
2026-10-01 06:19:50,584,0.00671296296296296,38,5,2.196489,576.2982,0.3557784,16030.67
2026-10-01 06:19:40,574,0.00659722222222222,38,5,2.197182,576.4406,NA,16030.21
2026-10-01 06:19:30,564,0.00648148148148148,38,5,2.19557,575.7083,0.3560008,16059.23
2026-10-01 06:19:20,554,0.00636574074074074,38,5,2.185875,566.488,0.3556415,16075.52
2026-10-01 06:19:10,544,0.00625,38,5,2.165605,555.9801,0.3565225,16089.41
2026-10-01 06:19:00,534,0.00613425925925926,38,5,2.16604,555.7873,NA,16084.08
2026-10-01 06:18:50,524,0.00601851851851852,38,5,2.167001,557.0619,0.3563051,16083.41
2026-10-01 06:18:40,514,0.00590277777777778,38,5,2.168604,556.9601,0.356644,16075.89
2026-10-01 06:18:30,504,0.00578703703703704,38,5,2.170001,557.1595,0.3566046,16070.69
2026-10-01 06:18:20,494,0.0056712962962963,38,5,2.169827,556.7632,0.3567375,16070.6
2026-10-01 06:18:10,484,0.00555555555555556,38,5,2.171623,557.4705,0.356784,16068.12
2026-10-01 06:18:00,474,0.00543981481481481,38,5,2.172542,557.4724,0.3558573,16067.1
2026-10-01 06:17:50,464,0.00532407407407407,38,5,2.174054,557.967,0.3564484,16061.98
2026-10-01 06:17:40,454,0.00520833333333333,38,5,2.170722,556.3562,0.3566797,16059.65
2026-10-01 06:17:30,444,0.00509259259259259,38,5,2.175477,558.8252,0.3563324,16055.69
2026-10-01 06:17:20,434,0.00497685185185185,38,5,2.17904,559.4727,0.3567658,16051.99
2026-10-01 06:17:10,424,0.00486111111111111,38,5,2.179942,560.1541,0.3564862,16048.52
2026-10-01 06:17:00,414,0.00474537037037037,38,5,2.179657,560.1144,0.3564924,16045.67
2026-10-01 06:16:50,404,0.00462962962962963,38,5,2.177774,559.1945,0.3566297,16040.83
2026-10-01 06:16:40,394,0.00451388888888889,38,5,2.175979,558.4977,0.3557484,16038.52
2026-10-01 06:16:30,384,0.00439814814814815,38,5,2.175726,558.0483,0.3562896,16035.98
2026-10-01 06:16:20,374,0.00428240740740741,38,5,2.179092,560.0835,0.3567206,16031.28
2026-10-01 06:16:10,364,0.00416666666666667,38,5,2.180161,561.1431,0.3560714,16028.44
2026-10-01 06:16:00,354,0.00405092592592593,38,5,2.176448,558.3255,0.3564309,16027.29
2026-10-01 06:15:50,345,0.00393518518518518,38,5,2.175142,557.609,0.3559533,16020.99
2026-10-01 06:15:40,334,0.00381944444444444,38,5,2.176345,558.2981,NA,16019.26
2026-10-01 06:15:30,324,0.0037037037037037,38,5,2.176268,557.0555,0.355538,16013.83
2026-10-01 06:15:20,315,0.00358796296296296,38,5,2.175694,556.1924,0.3565467,16011.68
2026-10-01 06:15:10,304,0.00347222222222222,38,5,2.176238,556.5076,0.3563714,16006.75
2026-10-01 06:15:00,294,0.00335648148148148,38,5,2.171096,554.2776,0.3566557,16003.71
2026-10-01 06:14:50,284,0.00324074074074074,38,5,2.169031,553.2737,0.3564891,16000.68
2026-10-01 06:14:40,274,0.003125,38,5,2.165412,550.5212,0.3562319,15998.75
2026-10-01 06:14:30,264,0.00300925925925926,38,5,2.164383,550.7797,0.3566479,15992.59
2026-10-01 06:14:20,254,0.00289351851851852,38,5,2.164192,550.759,0.3565978,15988.26
2026-10-01 06:14:10,244,0.00277777777777778,38,5,2.163484,549.9516,0.356162,15984.98
2026-10-01 06:14:00,234,0.00266203703703704,38,5,2.162131,548.7181,0.3569597,15980.03
2026-10-01 06:13:50,224,0.0025462962962963,38,5,2.160805,548.6365,0.3556341,15977.25
2026-10-01 06:13:40,214,0.00243055555555556,38,5,2.160753,547.4703,0.356239,15973.31
2026-10-01 06:13:30,204,0.00231481481481481,38,5,2.16065,548.1879,0.3564222,15968.92
2026-10-01 06:13:20,194,0.00219907407407407,38,5,2.163039,549.2359,0.356471,15963.55
2026-10-01 06:13:10,184,0.00208333333333333,38,5,2.165414,549.6821,NA,15959.8
2026-10-01 06:13:00,174,0.00196759259259259,38,5,2.166076,549.5359,0.3563261,15954.66
2026-10-01 06:12:50,164,0.00185185185185185,38,5,2.166118,550.0639,0.3566624,15951.56
2026-10-01 06:12:40,154,0.00173611111111111,38,5,2.168327,550.8079,0.3564021,15946.8
2026-10-01 06:12:30,144,0.00162037037037037,38,5,2.17024,550.9454,NA,15943.03
2026-10-01 06:12:20,134,0.00150462962962963,38,5,2.170623,552.3295,0.3557441,15942.56
2026-10-01 06:12:10,124,0.00138888888888889,38,5,2.169032,552.0198,0.3560975,15936.78
2026-10-01 06:12:00,114,0.00127314814814815,38,5,2.167388,551.4982,0.3556123,15934.35
2026-10-01 06:11:50,104,0.00115740740740741,38,5,2.167292,551.2026,0.3563552,15930.75
2026-10-01 06:11:40,94,0.00104166666666667,38,5,2.166101,551.5325,0.3563181,15928.16
2026-10-01 06:11:30,84,0.000925925925925926,38,5,2.166522,551.576,0.3561888,15926.18
2026-10-01 06:11:20,74,0.000810185185185185,38,5,2.167373,551.5593,0.3561769,15921.98
2026-10-01 06:11:10,64,0.000694444444444444,38,5,2.168118,551.7559,0.3560845,15917.59
2026-10-01 06:11:00,54,0.000578703703703704,38,5,2.170864,552.048,0.3561422,15910.62
2026-10-01 06:10:50,45,0.000462962962962963,38,5,2.174919,554.3192,0.3564085,15904.67
2026-10-01 06:10:40,34,0.000347222222222222,38,5,2.172525,553.285,0.355336,15898.19
2026-10-01 06:10:30,24,0.000231481481481481,38,5,2.18032,556.6446,0.3546268,15891.45
2026-10-01 06:10:20,15,0.000115740740740741,38,5,2.236031,590.9969,0.3458004,15889.8
2026-10-01 06:10:10,4,0,38,5,2.250274,612.5851,0.3556539,15889.38
2026-10-01 06:10:00,0,0.00694444444444444,37,8,2.245865,599.1844,0.3560503,15873.27
2026-10-01 06:09:50,595,0.0068287037037037,37,8,2.248668,593.28,0.3557718,15873.41
2026-10-01 06:09:40,585,0.00671296296296296,37,8,2.232153,574.3318,0.35576,15880.94
2026-10-01 06:09:30,575,0.00659722222222222,37,8,2.238956,575.8234,0.3550818,15908.41
2026-10-01 06:09:20,565,0.00648148148148148,37,8,2.23486,574.6677,0.3546354,15986.95
2026-10-01 06:09:10,555,0.00636574074074074,37,8,2.231442,572.5466,0.355982,16068.49
2026-10-01 06:09:00,545,0.00625,37,8,2.222754,556.4403,0.3561641,16086.46
2026-10-01 06:08:50,535,0.00613425925925926,37,8,2.215141,554.6161,0.3564699,16084.69
2026-10-01 06:08:40,525,0.00601851851851852,37,8,2.213981,554.0096,0.3558278,16079.31
2026-10-01 06:08:30,515,0.00590277777777778,37,8,2.211462,553.6667,0.3556437,16074.69
2026-10-01 06:08:20,505,0.00578703703703704,37,8,2.220184,554.2941,NA,16070.7
2026-10-01 06:08:10,495,0.0056712962962963,37,8,2.209624,554.2482,0.35572,16066.55
2026-10-01 06:08:00,485,0.00555555555555556,37,8,2.230037,556.7123,0.3562354,16064.77
2026-10-01 06:07:50,475,0.00543981481481481,37,8,2.235844,556.7083,NA,16065.64
2026-10-01 06:07:40,464,0.00532407407407407,37,8,2.220241,554.8492,0.3559884,16061.86
2026-10-01 06:07:30,455,0.00520833333333333,37,8,2.215114,555.8616,0.3561333,16059.98
2026-10-01 06:07:20,445,0.00509259259259259,37,8,2.208492,556.5466,0.3560854,16058.3
2026-10-01 06:07:10,435,0.00497685185185185,37,8,2.216729,553.6805,0.3556389,16053.91
2026-10-01 06:07:00,424,0.00486111111111111,37,8,2.205496,552.814,0.3563384,16048.61
2026-10-01 06:06:50,415,0.00474537037037037,37,8,2.209126,554.239,0.355369,16044.65
2026-10-01 06:06:40,405,0.00462962962962963,37,8,2.219064,554.6261,0.3560322,16042.35
2026-10-01 06:06:30,395,0.00451388888888889,37,8,2.202116,552.912,0.3564904,16037.39
2026-10-01 06:06:20,385,0.00439814814814815,37,8,2.202792,553.8885,0.3561917,16033.53
2026-10-01 06:06:10,375,0.00428240740740741,37,8,2.222211,556.0638,0.3565484,16029.58
2026-10-01 06:06:00,365,0.00416666666666667,37,8,2.214101,555.9096,0.3554692,16024.35
2026-10-01 06:05:50,355,0.00405092592592593,37,8,2.203892,553.7099,0.3553018,16020.64
2026-10-01 06:05:40,345,0.00393518518518518,37,8,2.210062,556.3299,0.3555021,16019.1
2026-10-01 06:05:30,335,0.00381944444444444,37,8,2.193571,552.5964,0.3554269,16014.34
2026-10-01 06:05:20,325,0.0037037037037037,37,8,2.191713,551.6218,0.3566512,16012.71
2026-10-01 06:05:10,315,0.00358796296296296,37,8,2.199464,550.1888,0.3561002,16005.33
2026-10-01 06:05:00,305,0.00347222222222222,37,8,2.19723,549.9915,0.3565817,16004.03
2026-10-01 06:04:50,295,0.00335648148148148,37,8,2.199904,551.8821,NA,15997.55
2026-10-01 06:04:40,285,0.00324074074074074,37,8,2.197018,549.1702,0.3554134,15992.43
2026-10-01 06:04:30,275,0.003125,37,8,2.204006,548.9131,0.3565889,15989.31
2026-10-01 06:04:20,265,0.00300925925925926,37,8,2.198493,548.3008,0.3565071,15987.76
2026-10-01 06:04:10,254,0.00289351851851852,37,8,2.190929,548.309,NA,15983.6
2026-10-01 06:04:00,245,0.00277777777777778,37,8,2.197936,548.0613,NA,15979.99
2026-10-01 06:03:50,235,0.00266203703703704,37,8,2.203858,547.9452,0.356413,15977.06
2026-10-01 06:03:40,225,0.0025462962962963,37,8,2.197789,546.288,0.3551182,15973.89
2026-10-01 06:03:30,214,0.00243055555555556,37,8,2.199772,547.7784,0.3562249,15968.8
2026-10-01 06:03:20,205,0.00231481481481481,37,8,2.179684,544.5475,0.3557728,15963.11
2026-10-01 06:03:10,195,0.00219907407407407,37,8,2.186344,545.1777,0.3557333,15961.58
2026-10-01 06:03:00,185,0.00208333333333333,37,8,2.185571,545.0682,0.3557445,15956.3
2026-10-01 06:02:50,175,0.00196759259259259,37,8,2.184201,545.0792,0.3567789,15950.25
2026-10-01 06:02:40,165,0.00185185185185185,37,8,2.172093,544.5392,0.3567683,15944.36
2026-10-01 06:02:30,155,0.00173611111111111,37,8,2.168,544.4769,0.3559507,15940.63
2026-10-01 06:02:20,145,0.00162037037037037,37,8,2.179189,546.6128,0.3559266,15935.62
2026-10-01 06:02:10,135,0.00150462962962963,37,8,2.193891,548.9282,0.3565458,15931.02
2026-10-01 06:02:00,125,0.00138888888888889,37,8,2.199509,551.399,0.3564722,15924.26
2026-10-01 06:01:50,115,0.00127314814814815,37,8,2.188509,549.5927,0.3567374,15917.11
2026-10-01 06:01:40,105,0.00115740740740741,37,8,2.187899,550.0944,NA,15909.07
2026-10-01 06:01:30,95,0.00104166666666667,37,8,2.201199,552.2952,0.3567198,15902.17
2026-10-01 06:01:20,85,0.000925925925925926,37,8,2.1992,551.6782,0.3556052,15895.21
2026-10-01 06:01:10,75,0.000810185185185185,37,8,2.194193,550.6445,0.3561034,15888.35
2026-10-01 06:01:00,65,0.000694444444444444,37,8,2.191935,550.5013,0.3563833,15879.43
2026-10-01 06:00:50,55,0.000578703703703704,37,8,2.184004,550.9283,NA,15872.72
2026-10-01 06:00:40,45,0.000462962962962963,37,8,2.199025,555.6056,0.3561057,15863.33
2026-10-01 06:00:30,35,0.000347222222222222,37,8,2.183994,553.8988,0.355744,15851.24
2026-10-01 06:00:20,25,0.000231481481481481,37,8,2.276891,582.8569,NA,15832.51
2026-10-01 06:00:10,15,0.000115740740740741,37,8,2.258733,572.6497,0.3551978,15821.43
2026-10-01 06:00:00,5,0,37,8,2.272282,565.4318,0.3551674,15809.41
2026-10-01 05:59:50,0,0.00694444444444444,36,4,2.23996,567.227,0.3562715,15785.83
2026-10-01 05:59:40,595,0.0068287037037037,36,4,2.214327,566.3384,NA,15781.52
2026-10-01 05:59:30,585,0.00671296296296296,36,4,2.220015,568.4449,NA,15775.33
2026-10-01 05:59:20,575,0.00659722222222222,36,4,2.216003,568.8831,0.3546558,15772.02
2026-10-01 05:59:10,565,0.00648148148148148,36,4,2.217707,569.5502,0.3563411,15797.78
2026-10-01 05:59:00,555,0.00636574074074074,36,4,2.207339,563.7805,0.3569834,15901.21
2026-10-01 05:58:50,545,0.00625,36,4,2.156512,550.1835,NA,15916.55
2026-10-01 05:58:40,535,0.00613425925925926,36,4,2.155359,549.5508,NA,15913.67
2026-10-01 05:58:30,525,0.00601851851851852,36,4,2.155705,550.5882,0.3562822,15909.76
2026-10-01 05:58:20,515,0.00590277777777778,36,4,2.156535,548.9025,0.3564737,15906.25
2026-10-01 05:58:10,505,0.00578703703703704,36,4,2.157132,549.0649,0.3551703,15904.29
2026-10-01 05:58:00,495,0.0056712962962963,36,4,2.157113,548.4633,0.3549911,15901.74
2026-10-01 05:57:50,485,0.00555555555555556,36,4,2.153038,547.7828,0.355657,15896.48
2026-10-01 05:57:40,475,0.00543981481481481,36,4,2.149961,547.4785,0.3555043,15890.02
2026-10-01 05:57:30,465,0.00532407407407407,36,4,2.147957,545.704,0.355373,15883.53
2026-10-01 05:57:20,455,0.00520833333333333,36,4,2.147953,545.7784,NA,15879.39
2026-10-01 05:57:10,445,0.00509259259259259,36,4,2.147052,544.9204,NA,15876.9
2026-10-01 05:57:00,434,0.00497685185185185,36,4,2.145392,542.8252,0.3550854,15871.12
2026-10-01 05:56:50,425,0.00486111111111111,36,4,2.145198,542.6608,0.3561367,15865.17
2026-10-01 05:56:40,415,0.00474537037037037,36,4,2.144397,540.7966,0.3550459,15860.05
2026-10-01 05:56:30,405,0.00462962962962963,36,4,2.142759,540.338,0.3560487,15857.02
2026-10-01 05:56:20,394,0.00451388888888889,36,4,2.14237,539.1962,0.355961,15850.33
2026-10-01 05:56:10,385,0.00439814814814815,36,4,2.142558,539.1279,0.3550861,15850.29
2026-10-01 05:56:00,375,0.00428240740740741,36,4,2.143027,539.6254,0.3555209,15846.62
2026-10-01 05:55:50,365,0.00416666666666667,36,4,2.142226,539.092,0.356287,15844.78
2026-10-01 05:55:40,355,0.00405092592592593,36,4,2.141916,539.3486,0.3560711,15838.65
2026-10-01 05:55:30,345,0.00393518518518518,36,4,2.141134,537.7538,0.3549177,15835.59
2026-10-01 05:55:20,335,0.00381944444444444,36,4,2.140872,538.4871,NA,15827.99
2026-10-01 05:55:10,325,0.0037037037037037,36,4,2.139941,537.4091,0.3567579,15823.92
2026-10-01 05:55:00,315,0.00358796296296296,36,4,2.139777,536.7418,0.3563651,15819.17
2026-10-01 05:54:50,305,0.00347222222222222,36,4,2.139792,537.1593,0.3567486,15813.6
2026-10-01 05:54:40,295,0.00335648148148148,36,4,2.140245,537.0962,0.3562653,15811.51
2026-10-01 05:54:30,285,0.00324074074074074,36,4,2.139841,536.2517,0.3560028,15802.91
2026-10-01 05:54:20,275,0.003125,36,4,2.139024,534.2925,NA,15798.8
2026-10-01 05:54:10,265,0.00300925925925926,36,4,2.138365,534.0908,0.3559901,15793.65
2026-10-01 05:54:00,255,0.00289351851851852,36,4,2.138701,533.2224,0.3553441,15786.73
2026-10-01 05:53:50,245,0.00277777777777778,36,4,2.138833,532.1871,NA,15784.6
2026-10-01 05:53:40,235,0.00266203703703704,36,4,2.139388,533.6564,0.3557888,15779.32
2026-10-01 05:53:30,225,0.0025462962962963,36,4,2.140038,534.3615,0.3549693,15774.52
2026-10-01 05:53:20,215,0.00243055555555556,36,4,2.139666,533.0336,0.3558643,15769.33
2026-10-01 05:53:10,205,0.00231481481481481,36,4,2.140609,534.8275,0.3560605,15766.77
2026-10-01 05:53:00,195,0.00219907407407407,36,4,2.140216,533.4764,0.3551844,15762.17
2026-10-01 05:52:50,185,0.00208333333333333,36,4,2.141427,534.25,0.355659,15757.16
2026-10-01 05:52:40,175,0.00196759259259259,36,4,2.143187,535.6963,0.3559836,15754.35
2026-10-01 05:52:30,165,0.00185185185185185,36,4,2.142327,535.3568,0.3560577,15749.1
2026-10-01 05:52:20,155,0.00173611111111111,36,4,2.142704,534.2574,0.3560519,15744.09
2026-10-01 05:52:10,145,0.00162037037037037,36,4,2.142705,535.17,NA,15737.88
2026-10-01 05:52:00,135,0.00150462962962963,36,4,2.142533,535.1666,0.355184,15732.89
2026-10-01 05:51:50,125,0.00138888888888889,36,4,2.142843,536.0068,0.3551066,15727.76
2026-10-01 05:51:40,115,0.00127314814814815,36,4,2.141783,535.3414,0.3564298,15721.53
2026-10-01 05:51:30,105,0.00115740740740741,36,4,2.142248,536.1345,0.3553858,15715.58
2026-10-01 05:51:20,95,0.00104166666666667,36,4,2.142637,536.6216,NA,15711.16
2026-10-01 05:51:10,85,0.000925925925925926,36,4,2.140848,535.7703,0.3562157,15704.52
2026-10-01 05:51:00,75,0.000810185185185185,36,4,2.141725,536.2036,0.3552104,15694.42
2026-10-01 05:50:50,65,0.000694444444444444,36,4,2.143203,538.1647,0.3555652,15686.65
2026-10-01 05:50:40,55,0.000578703703703704,36,4,2.142454,537.201,0.3551001,15678.15
2026-10-01 05:50:30,45,0.000462962962962963,36,4,2.144279,540.067,0.3561546,15667.26
2026-10-01 05:50:20,35,0.000347222222222222,36,4,2.144779,539.9904,0.3555558,15654.97
2026-10-01 05:50:10,25,0.000231481481481481,36,4,2.168443,551.4294,0.3514137,15640.93
2026-10-01 05:50:00,15,0.000115740740740741,36,4,2.23188,587.5979,0.3548775,15623.58
2026-10-01 05:49:50,5,0,36,4,2.225074,586.9672,0.354377,15615.53
2026-10-01 05:49:40,0,0.00694444444444444,35,11,2.228145,598.5555,0.355969,15598.12
2026-10-01 05:49:30,595,0.0068287037037037,35,11,2.422182,589.9781,0.355469,15596.29
2026-10-01 05:49:20,585,0.00671296296296296,35,11,2.220808,599.1089,0.3554393,15595.18
2026-10-01 05:49:10,574,0.00659722222222222,35,11,2.199435,567.6117,0.3557774,15601.18
2026-10-01 05:49:00,564,0.00648148148148148,35,11,2.200971,567.0094,0.3558766,15618.66
2026-10-01 05:48:50,555,0.00636574074074074,35,11,2.199317,565.9321,0.3547058,15707.35
2026-10-01 05:48:40,545,0.00625,35,11,2.183253,558.9373,0.3569094,15726.53
2026-10-01 05:48:30,535,0.00613425925925926,35,11,2.184517,560.0427,0.3556939,15723.76
2026-10-01 05:48:20,525,0.00601851851851852,35,11,2.186958,561.6724,0.35557,15719.3
2026-10-01 05:48:10,515,0.00590277777777778,35,11,2.189523,564.4318,0.3559153,15719.41
2026-10-01 05:48:00,505,0.00578703703703704,35,11,2.188273,564.5802,0.3567595,15716.18
2026-10-01 05:47:50,495,0.0056712962962963,35,11,2.184858,562.946,0.3567916,15708.56
2026-10-01 05:47:40,485,0.00555555555555556,35,11,2.18415,562.8537,0.3556682,15708.97
2026-10-01 05:47:30,475,0.00543981481481481,35,11,2.178519,560.1588,NA,15704.89
2026-10-01 05:47:20,465,0.00532407407407407,35,11,2.174201,557.1694,NA,15702.83
2026-10-01 05:47:10,455,0.00520833333333333,35,11,2.173632,557.1626,0.3568901,15700.68
2026-10-01 05:47:00,445,0.00509259259259259,35,11,2.173748,556.4348,0.3568771,15696.36
2026-10-01 05:46:50,435,0.00497685185185185,35,11,2.1731,556.1326,0.3562065,15692.18
2026-10-01 05:46:40,425,0.00486111111111111,35,11,2.171161,555.7124,0.3564891,15686.84
2026-10-01 05:46:30,415,0.00474537037037037,35,11,2.169369,554.8641,0.356632,15680.95
2026-10-01 05:46:20,405,0.00462962962962963,35,11,2.169286,555.5848,0.3568664,15677.46
2026-10-01 05:46:10,395,0.00451388888888889,35,11,2.169328,554.773,NA,15675.95
2026-10-01 05:46:00,385,0.00439814814814815,35,11,2.16876,556.2242,0.3557149,15673.48
2026-10-01 05:45:50,375,0.00428240740740741,35,11,2.167086,555.4617,0.3560627,15669.48
2026-10-01 05:45:40,365,0.00416666666666667,35,11,2.166355,554.9569,0.3564819,15667.79
2026-10-01 05:45:30,355,0.00405092592592593,35,11,2.164982,553.8815,0.3569309,15668
2026-10-01 05:45:20,345,0.00393518518518518,35,11,2.163585,554.5686,0.3561446,15664.28
2026-10-01 05:45:10,335,0.00381944444444444,35,11,2.162354,553.2261,0.3569321,15658.97
2026-10-01 05:45:00,325,0.0037037037037037,35,11,2.162191,553.957,0.3557791,15655.54
2026-10-01 05:44:50,315,0.00358796296296296,35,11,2.161427,554.6177,0.3567701,15652.28
2026-10-01 05:44:40,305,0.00347222222222222,35,11,2.161836,554.7133,0.3554319,15650.46
2026-10-01 05:44:30,295,0.00335648148148148,35,11,2.16151,555.259,NA,15642.48
2026-10-01 05:44:20,285,0.00324074074074074,35,11,2.161508,556.0972,0.3568239,15636.01
2026-10-01 05:44:10,275,0.003125,35,11,2.160124,554.7843,0.3569792,15629.13
2026-10-01 05:44:00,265,0.00300925925925926,35,11,2.161183,555.2363,0.3569602,15624.22
2026-10-01 05:43:50,255,0.00289351851851852,35,11,2.161582,555.3633,0.3558608,15621.03
2026-10-01 05:43:40,245,0.00277777777777778,35,11,2.162557,554.9344,0.3567238,15614.91
2026-10-01 05:43:30,235,0.00266203703703704,35,11,2.16258,554.7224,0.3554481,15608.93
2026-10-01 05:43:20,225,0.0025462962962963,35,11,2.164321,555.6946,NA,15601.79
2026-10-01 05:43:10,215,0.00243055555555556,35,11,2.169588,556.259,0.356814,15595.06
2026-10-01 05:43:00,205,0.00231481481481481,35,11,2.16941,555.6321,0.3569472,15589.84
2026-10-01 05:42:50,195,0.00219907407407407,35,11,2.164437,556.49,NA,15581.6
2026-10-01 05:42:40,185,0.00208333333333333,35,11,2.165269,555.2715,0.3569325,15571.82
2026-10-01 05:42:30,175,0.00196759259259259,35,11,2.160962,553.5876,0.3569777,15566.04
2026-10-01 05:42:20,165,0.00185185185185185,35,11,2.157819,551.1516,0.3566754,15558.65
2026-10-01 05:42:10,155,0.00173611111111111,35,11,2.163005,553.9136,0.3563975,15555.06
2026-10-01 05:42:00,145,0.00162037037037037,35,11,2.163352,553.9863,0.3569219,15548
2026-10-01 05:41:50,135,0.00150462962962963,35,11,2.154696,549.6398,0.3569312,15539.83
2026-10-01 05:41:40,125,0.00138888888888889,35,11,2.160705,553.0966,0.3567494,15533.81
2026-10-01 05:41:30,115,0.00127314814814815,35,11,2.157486,551.6272,0.3567765,15528.71
2026-10-01 05:41:20,105,0.00115740740740741,35,11,2.159959,553.2505,NA,15523.11
2026-10-01 05:41:10,95,0.00104166666666667,35,11,2.165861,555.2318,0.3567938,15515.99
2026-10-01 05:41:00,85,0.000925925925925926,35,11,2.17596,560.3292,0.3568278,15510.77
2026-10-01 05:40:50,75,0.000810185185185185,35,11,2.166698,555.3911,0.356024,15500.34
2026-10-01 05:40:40,65,0.000694444444444444,35,11,2.175729,560.5474,0.35625,15489.91
2026-10-01 05:40:30,55,0.000578703703703704,35,11,2.178324,561.047,NA,15480.74
2026-10-01 05:40:20,45,0.000462962962962963,35,11,2.180108,563.3701,0.3563517,15468.25
2026-10-01 05:40:10,35,0.000347222222222222,35,11,2.183504,564.5725,0.3557317,15454.39
2026-10-01 05:40:00,25,0.000231481481481481,35,11,2.252328,595.4546,NA,15431.72
2026-10-01 05:39:50,15,0.000115740740740741,35,11,2.245964,612.8289,0.3555823,15416.71
2026-10-01 05:39:40,5,0,35,11,2.224911,596.4219,0.3558305,15402.91
2026-10-01 05:39:30,0,0.00694444444444444,34,2,2.222076,594.2435,NA,15384.36
2026-10-01 05:39:20,595,0.0068287037037037,34,2,2.224506,595.7487,0.3558369,15386.63
2026-10-01 05:39:10,585,0.00671296296296296,34,2,2.226196,596.8128,0.3557195,15393.61
2026-10-01 05:39:00,575,0.00659722222222222,34,2,2.227825,597.223,0.3558975,15413.02
2026-10-01 05:38:50,565,0.00648148148148148,34,2,2.22861,597.2377,NA,15445.73
2026-10-01 05:38:40,555,0.00636574074074074,34,2,2.214907,590.9045,0.3554854,15479.89
2026-10-01 05:38:30,545,0.00625,34,2,2.196466,584.3163,0.35606,15491.54
2026-10-01 05:38:20,535,0.00613425925925926,34,2,2.19745,584.8009,NA,15486.83
2026-10-01 05:38:10,525,0.00601851851851852,34,2,2.202026,586.9305,NA,15479.62
2026-10-01 05:38:00,515,0.00590277777777778,34,2,2.196706,585.2039,0.3568251,15474.33
2026-10-01 05:37:50,505,0.00578703703703704,34,2,2.198342,585.8268,0.356362,15469.48
2026-10-01 05:37:40,494,0.0056712962962963,34,2,2.192412,581.7989,0.3564546,15465
2026-10-01 05:37:30,485,0.00555555555555556,34,2,2.189536,580.9788,0.3565563,15462.33
2026-10-01 05:37:20,475,0.00543981481481481,34,2,2.18802,580.427,0.3561769,15457.81
2026-10-01 05:37:10,465,0.00532407407407407,34,2,2.187922,580.8216,0.3560967,15453.51
2026-10-01 05:37:00,455,0.00520833333333333,34,2,2.186847,580.7228,NA,15450.16
2026-10-01 05:36:50,445,0.00509259259259259,34,2,2.18636,581.5677,0.3565116,15447.13
2026-10-01 05:36:40,435,0.00497685185185185,34,2,2.188259,583.4347,0.3565631,15443.28
2026-10-01 05:36:30,425,0.00486111111111111,34,2,2.186485,582.7275,0.3564112,15437.06
2026-10-01 05:36:20,415,0.00474537037037037,34,2,2.188094,584.1653,0.3567101,15433
2026-10-01 05:36:10,405,0.00462962962962963,34,2,2.187981,583.7628,0.3567957,15427.72
2026-10-01 05:36:00,395,0.00451388888888889,34,2,2.190243,585.0717,0.3568513,15424.88
2026-10-01 05:35:50,385,0.00439814814814815,34,2,2.191053,585.6539,0.3564006,15418.58
2026-10-01 05:35:40,375,0.00428240740740741,34,2,2.194027,587.6945,0.3560571,15413.89
2026-10-01 05:35:30,365,0.00416666666666667,34,2,2.198075,589.5954,0.3565765,15407.67
2026-10-01 05:35:20,355,0.00405092592592593,34,2,2.197204,588.9297,0.3566341,15402.42
2026-10-01 05:35:10,345,0.00393518518518518,34,2,2.198134,589.5188,0.3567053,15396.07
2026-10-01 05:35:00,335,0.00381944444444444,34,2,2.200171,590.2057,0.3565003,15389.97
2026-10-01 05:34:50,325,0.0037037037037037,34,2,2.198665,588.7358,0.3562267,15384.32
2026-10-01 05:34:40,315,0.00358796296296296,34,2,2.19916,589.6873,NA,15378.82
2026-10-01 05:34:30,305,0.00347222222222222,34,2,2.202757,591.6287,0.3565059,15374.41
2026-10-01 05:34:20,295,0.00335648148148148,34,2,2.206049,593.0488,NA,15368.64
2026-10-01 05:34:10,285,0.00324074074074074,34,2,2.206805,591.9197,0.356368,15365.54
2026-10-01 05:34:00,275,0.003125,34,2,2.210514,593.971,0.3562195,15361.37
2026-10-01 05:33:50,265,0.00300925925925926,34,2,2.210833,593.3501,0.3562224,15356.79
2026-10-01 05:33:40,255,0.00289351851851852,34,2,2.21717,597.3193,0.3559985,15351.72
2026-10-01 05:33:30,245,0.00277777777777778,34,2,2.21524,595.853,0.3562311,15347.88
2026-10-01 05:33:20,235,0.00266203703703704,34,2,2.215961,594.6135,0.3555484,15341.63
2026-10-01 05:33:10,225,0.0025462962962963,34,2,2.212334,592.2507,0.3562319,15335.19
2026-10-01 05:33:00,215,0.00243055555555556,34,2,2.207344,588.633,0.3562557,15332.44
2026-10-01 05:32:50,205,0.00231481481481481,34,2,2.204811,586.559,0.3564331,15325.84
2026-10-01 05:32:40,195,0.00219907407407407,34,2,2.206183,588.1777,NA,15320.72
2026-10-01 05:32:30,185,0.00208333333333333,34,2,2.208044,590.8792,NA,15317.3
2026-10-01 05:32:20,175,0.00196759259259259,34,2,2.206865,590.8262,0.3563124,15312.08
2026-10-01 05:32:10,165,0.00185185185185185,34,2,2.20915,591.4647,0.3563689,15309.19
2026-10-01 05:32:00,155,0.00173611111111111,34,2,2.21529,594.0414,NA,15305.67
2026-10-01 05:31:50,145,0.00162037037037037,34,2,2.21806,596.236,0.3560789,15301.97
2026-10-01 05:31:40,135,0.00150462962962963,34,2,2.221773,599.7762,0.3556039,15297.03
2026-10-01 05:31:30,125,0.00138888888888889,34,2,2.22551,601.2022,0.3562903,15292.48
2026-10-01 05:31:20,115,0.00127314814814815,34,2,2.225354,600.742,0.3558208,15287.39
2026-10-01 05:31:10,105,0.00115740740740741,34,2,2.227665,602.4006,NA,15281.27
2026-10-01 05:31:00,95,0.00104166666666667,34,2,2.22889,602.7657,0.3555363,15274.95
2026-10-01 05:30:50,85,0.000925925925925926,34,2,2.235963,608.0342,0.3562111,15269.72
2026-10-01 05:30:40,75,0.000810185185185185,34,2,2.242243,611.0652,0.355547,15265.79
2026-10-01 05:30:30,65,0.000694444444444444,34,2,2.248308,614.5574,0.3550341,15263.17
2026-10-01 05:30:20,55,0.000578703703703704,34,2,2.258565,620.9885,0.3557588,15262.39
2026-10-01 05:30:10,45,0.000462962962962963,34,2,2.253037,616.1093,0.3544874,15261.79
2026-10-01 05:30:00,35,0.000347222222222222,34,2,2.252485,614.9264,0.3555034,15262.86
2026-10-01 05:29:50,25,0.000231481481481481,34,2,2.269709,621.2383,0.3512643,15267.67
2026-10-01 05:29:40,15,0.000115740740740741,34,2,2.313744,645.0197,0.3548922,15282.21
2026-10-01 05:29:30,5,0,34,2,2.301832,645.0741,0.3552853,15280.29
2026-10-01 05:29:20,0,0.00694444444444444,33,10,2.31447,660.5022,0.3546227,15263.21
2026-10-01 05:29:10,595,0.0068287037037037,33,10,2.313886,649.2228,0.3546,15269.88
2026-10-01 05:29:00,585,0.00671296296296296,33,10,2.320304,639.1347,0.3554601,15282.86
2026-10-01 05:28:50,575,0.00659722222222222,33,10,2.302665,618.7386,0.3547361,15311.85
2026-10-01 05:28:40,565,0.00648148148148148,33,10,2.301491,617.5579,0.3551337,15360.9
2026-10-01 05:28:30,555,0.00636574074074074,33,10,2.305044,618.6468,0.3549957,15448.23
2026-10-01 05:28:20,545,0.00625,33,10,2.328116,636.9213,NA,15466.33
2026-10-01 05:28:10,535,0.00613425925925926,33,10,2.322405,633.5268,0.3548748,15463.1
2026-10-01 05:28:00,525,0.00601851851851852,33,10,2.314304,628.6209,0.3548576,15459.18
2026-10-01 05:27:50,515,0.00590277777777778,33,10,2.3129,627.6028,0.3554612,15455.61
2026-10-01 05:27:40,505,0.00578703703703704,33,10,2.311031,625.2617,NA,15452.31
2026-10-01 05:27:30,495,0.0056712962962963,33,10,2.30957,623.7308,0.3550022,15449.65
2026-10-01 05:27:20,485,0.00555555555555556,33,10,2.307273,624.2953,0.354555,15443.67
2026-10-01 05:27:10,475,0.00543981481481481,33,10,2.305009,623.8245,0.3553158,15443.13
2026-10-01 05:27:00,465,0.00532407407407407,33,10,2.30505,623.1302,0.3556377,15437.13
2026-10-01 05:26:50,455,0.00520833333333333,33,10,2.306201,625.4167,0.3556574,15431.41
2026-10-01 05:26:40,445,0.00509259259259259,33,10,2.311099,629.3745,0.3553902,15425.43
2026-10-01 05:26:30,435,0.00497685185185185,33,10,2.312723,631.0219,0.3549222,15420.45
2026-10-01 05:26:20,425,0.00486111111111111,33,10,2.309202,627.9739,0.3554696,15417.36
2026-10-01 05:26:10,415,0.00474537037037037,33,10,2.313118,631.0919,0.3552948,15413.03
2026-10-01 05:26:00,405,0.00462962962962963,33,10,2.314102,632.6195,0.3544256,15409.61
2026-10-01 05:25:50,395,0.00451388888888889,33,10,2.315416,633.9963,0.355043,15407.94
2026-10-01 05:25:40,385,0.00439814814814815,33,10,2.315708,634.3715,0.3552483,15404.24
2026-10-01 05:25:30,375,0.00428240740740741,33,10,2.312676,632.1484,0.3556786,15400.85
2026-10-01 05:25:20,365,0.00416666666666667,33,10,2.306927,629.2587,0.3552226,15396.8
2026-10-01 05:25:10,355,0.00405092592592593,33,10,2.30856,630.3514,0.3543631,15395.06
2026-10-01 05:25:00,345,0.00393518518518518,33,10,2.307017,630.5253,0.3551537,15397.6
2026-10-01 05:24:50,335,0.00381944444444444,33,10,2.306052,629.6245,0.3544723,15393.57
2026-10-01 05:24:40,325,0.0037037037037037,33,10,2.299813,626.4335,0.3557068,15391.93
2026-10-01 05:24:30,315,0.00358796296296296,33,10,2.290446,620.2742,0.355575,15387.38
2026-10-01 05:24:20,305,0.00347222222222222,33,10,2.287997,618.5181,NA,15380.72
2026-10-01 05:24:10,295,0.00335648148148148,33,10,2.285383,617.1021,0.3556333,15372.63
2026-10-01 05:24:00,285,0.00324074074074074,33,10,2.287092,618.86,NA,15368.39
2026-10-01 05:23:50,275,0.003125,33,10,2.287157,619.1823,0.3550876,15368.3
2026-10-01 05:23:40,265,0.00300925925925926,33,10,2.285409,618.8993,0.3556935,15364.13
2026-10-01 05:23:30,255,0.00289351851851852,33,10,2.283152,618.2235,0.3554506,15360.71
2026-10-01 05:23:20,245,0.00277777777777778,33,10,2.282583,618.3394,0.3544574,15356.67
2026-10-01 05:23:10,235,0.00266203703703704,33,10,2.284274,620.6979,0.3547407,15352.64
2026-10-01 05:23:00,225,0.0025462962962963,33,10,2.28395,622.8688,0.3551855,15346.52
2026-10-01 05:22:50,215,0.00243055555555556,33,10,2.280517,620.7238,0.3555701,15344.4
2026-10-01 05:22:40,205,0.00231481481481481,33,10,2.279814,618.8187,0.3551205,15337.55
2026-10-01 05:22:30,195,0.00219907407407407,33,10,2.276462,614.0669,0.3552879,15333.19
2026-10-01 05:22:20,185,0.00208333333333333,33,10,2.266401,607.3603,0.355778,15329.71
2026-10-01 05:22:10,175,0.00196759259259259,33,10,2.270607,607.8488,0.354791,15326.37
2026-10-01 05:22:00,165,0.00185185185185185,33,10,2.268954,606.9077,NA,15327.66
2026-10-01 05:21:50,155,0.00173611111111111,33,10,2.277586,611.2448,0.3559801,15323.98
2026-10-01 05:21:40,145,0.00162037037037037,33,10,2.27987,612.8961,0.3553867,15322.7
2026-10-01 05:21:30,135,0.00150462962962963,33,10,2.289387,617.7413,0.3554175,15318.85
2026-10-01 05:21:20,125,0.00138888888888889,33,10,2.295141,620.2005,0.3541571,15315.32
2026-10-01 05:21:10,115,0.00127314814814815,33,10,2.297985,622.0128,0.3559359,15308.2
2026-10-01 05:21:00,105,0.00115740740740741,33,10,2.296049,622.1171,0.3557319,15301.66
2026-10-01 05:20:50,95,0.00104166666666667,33,10,2.299553,623.4831,0.3548586,15298.7
2026-10-01 05:20:40,85,0.000925925925925926,33,10,2.30359,626.0142,0.3552136,15294.53
2026-10-01 05:20:30,75,0.000810185185185185,33,10,2.304448,626.9623,0.355444,15289.78
2026-10-01 05:20:20,65,0.000694444444444444,33,10,2.316655,632.2136,0.3553882,15281.07
2026-10-01 05:20:10,55,0.000578703703703704,33,10,2.325572,637.2319,0.3553981,15276.05
2026-10-01 05:20:00,45,0.000462962962962963,33,10,2.332247,640.7781,0.3555758,15269.29
2026-10-01 05:19:50,35,0.000347222222222222,33,10,2.333331,640.5478,0.3546641,15265.33
2026-10-01 05:19:40,25,0.000231481481481481,33,10,2.333163,637.4218,0.3522901,15257.5
2026-10-01 05:19:30,15,0.000115740740740741,33,10,2.371992,684.6311,0.3555539,15251.53
2026-10-01 05:19:20,5,0,33,10,2.355132,674.7392,0.3538921,15249.04
2026-10-01 05:19:10,0,0.00694444444444444,32,7,2.331397,671.3676,0.3546477,15230.6
2026-10-01 05:19:00,595,0.0068287037037037,32,7,2.296169,608.8027,0.3560238,15225.63
2026-10-01 05:18:50,585,0.00671296296296296,32,7,2.286667,606.6706,0.356114,15214.21
2026-10-01 05:18:40,575,0.00659722222222222,32,7,2.277899,604.5645,0.3558042,15206.78
2026-10-01 05:18:30,565,0.00648148148148148,32,7,2.272624,602.9702,0.3564958,15214.55
2026-10-01 05:18:20,555,0.00636574074074074,32,7,2.274083,611.4714,0.3555372,15242.59
2026-10-01 05:18:10,545,0.00625,32,7,2.286651,631.6568,NA,15258.79
2026-10-01 05:18:00,535,0.00613425925925926,32,7,2.291891,636.1356,0.3547646,15259.79
2026-10-01 05:17:50,525,0.00601851851851852,32,7,2.294544,637.992,0.3556044,15259.47
2026-10-01 05:17:40,515,0.00590277777777778,32,7,2.293695,637.2899,0.3552306,15257.96
2026-10-01 05:17:30,505,0.00578703703703704,32,7,2.30066,641.7889,NA,15259.99
2026-10-01 05:17:20,495,0.0056712962962963,32,7,2.30881,646.7784,0.3551151,15262.02
2026-10-01 05:17:10,485,0.00555555555555556,32,7,2.310958,647.5248,0.3551561,15266.31
2026-10-01 05:17:00,475,0.00543981481481481,32,7,2.312083,647.7738,0.3552689,15268.39
2026-10-01 05:16:50,465,0.00532407407407407,32,7,2.316548,648.8849,NA,15268.87
2026-10-01 05:16:40,455,0.00520833333333333,32,7,2.314902,647.0614,0.3553219,15269.43
2026-10-01 05:16:30,445,0.00509259259259259,32,7,2.306324,641.4715,0.3550952,15268.36
2026-10-01 05:16:20,435,0.00497685185185185,32,7,2.300753,637.7913,0.3554135,15269.06
2026-10-01 05:16:10,425,0.00486111111111111,32,7,2.301116,639.3731,0.3548569,15270.04
2026-10-01 05:16:00,415,0.00474537037037037,32,7,2.303281,640.1619,0.3543824,15271.04
2026-10-01 05:15:50,405,0.00462962962962963,32,7,2.298178,636.8353,NA,15274.21
2026-10-01 05:15:40,395,0.00451388888888889,32,7,2.290635,631.1505,0.354341,15273.39
2026-10-01 05:15:30,385,0.00439814814814815,32,7,2.289894,629.8602,0.3552347,15269.94
2026-10-01 05:15:20,375,0.00428240740740741,32,7,2.286905,629.1195,0.354636,15267.47
2026-10-01 05:15:10,365,0.00416666666666667,32,7,2.287606,629.4919,0.3557662,15264.84
2026-10-01 05:15:00,355,0.00405092592592593,32,7,2.288227,629.6014,0.3549098,15259.79
2026-10-01 05:14:50,345,0.00393518518518518,32,7,2.285923,627.8462,0.3551149,15258.02
2026-10-01 05:14:40,335,0.00381944444444444,32,7,2.28414,627.0374,0.3550195,15254.86
2026-10-01 05:14:30,325,0.0037037037037037,32,7,2.287165,629.5838,NA,15251.79
2026-10-01 05:14:20,315,0.00358796296296296,32,7,2.288291,631.168,NA,15251.41
2026-10-01 05:14:10,305,0.00347222222222222,32,7,2.280607,627.7247,0.355021,15247.53
2026-10-01 05:14:00,295,0.00335648148148148,32,7,2.273874,622.8232,NA,15245.32
2026-10-01 05:13:50,285,0.00324074074074074,32,7,2.278628,625.7039,0.3545675,15243.24
2026-10-01 05:13:40,275,0.003125,32,7,2.279696,626.1102,NA,15236.28
2026-10-01 05:13:30,265,0.00300925925925926,32,7,2.286589,626.9403,0.3547018,15229.16
2026-10-01 05:13:20,255,0.00289351851851852,32,7,2.286068,626.7823,0.3551611,15223.84
2026-10-01 05:13:10,245,0.00277777777777778,32,7,2.283907,625.0788,0.3549765,15217.71
2026-10-01 05:13:00,235,0.00266203703703704,32,7,2.279685,622.4466,NA,15212.3
2026-10-01 05:12:50,225,0.0025462962962963,32,7,2.278048,621.4396,NA,15207.37
2026-10-01 05:12:40,215,0.00243055555555556,32,7,2.277234,619.737,NA,15204.37
2026-10-01 05:12:30,205,0.00231481481481481,32,7,2.273453,617.9001,NA,15201.03
2026-10-01 05:12:20,195,0.00219907407407407,32,7,2.272246,616.1462,0.3545695,15198.41
2026-10-01 05:12:10,185,0.00208333333333333,32,7,2.272297,616.6553,NA,15197.9
2026-10-01 05:12:00,175,0.00196759259259259,32,7,2.273941,618.2366,0.3552045,15197.9
2026-10-01 05:11:50,165,0.00185185185185185,32,7,2.276643,619.6481,0.3550867,15195.05
2026-10-01 05:11:40,155,0.00173611111111111,32,7,2.278379,621.9349,0.3550124,15193.7
2026-10-01 05:11:30,145,0.00162037037037037,32,7,2.278492,621.8056,0.3552758,15187.71
2026-10-01 05:11:20,135,0.00150462962962963,32,7,2.278599,620.717,0.3551395,15183.97
2026-10-01 05:11:10,125,0.00138888888888889,32,7,2.278457,620.2064,NA,15179.25
2026-10-01 05:11:00,115,0.00127314814814815,32,7,2.28191,621.9803,0.3547289,15172.86
2026-10-01 05:10:50,105,0.00115740740740741,32,7,2.284671,624.126,0.3556129,15166.75
2026-10-01 05:10:40,95,0.00104166666666667,32,7,2.287902,626.9595,0.3553676,15160.11
2026-10-01 05:10:30,85,0.000925925925925926,32,7,2.290057,627.631,0.3552197,15152.81
2026-10-01 05:10:20,75,0.000810185185185185,32,7,2.295413,632.3599,0.3550359,15148.49
2026-10-01 05:10:10,65,0.000694444444444444,32,7,2.299627,639.797,NA,15140.05
2026-10-01 05:10:00,55,0.000578703703703704,32,7,2.296191,644.0993,0.355447,15133.93
2026-10-01 05:09:50,44,0.000462962962962963,32,7,2.296375,646.7659,NA,15129.48
2026-10-01 05:09:40,35,0.000347222222222222,32,7,2.288937,641.258,0.3548914,15126.26
2026-10-01 05:09:30,25,0.000231481481481481,32,7,2.29759,636.3976,0.3508836,15120.43
2026-10-01 05:09:20,15,0.000115740740740741,32,7,2.359489,678.7114,0.3535677,15111
2026-10-01 05:09:10,5,0,32,7,2.349375,689.3873,0.3558578,15100.4
2026-10-01 05:09:00,0,0.00694444444444444,31,1,2.320027,669.6237,0.3546704,15083.11
2026-10-01 05:08:50,595,0.0068287037037037,31,1,2.305668,661.5629,0.3549614,15079.38
2026-10-01 05:08:40,585,0.00671296296296296,31,1,2.281046,615.6943,0.3543489,15080.07
2026-10-01 05:08:30,575,0.00659722222222222,31,1,2.259173,607.5385,0.355819,15083.31
2026-10-01 05:08:20,565,0.00648148148148148,31,1,2.256052,602.8613,0.3564621,15097.11
2026-10-01 05:08:10,555,0.00636574074074074,31,1,2.258996,603.7864,0.3555651,15164.09
2026-10-01 05:08:00,545,0.00625,31,1,2.276844,620.1595,0.3545224,15179.15
2026-10-01 05:07:50,535,0.00613425925925926,31,1,2.276613,616.9774,0.3554305,15177.95
2026-10-01 05:07:40,525,0.00601851851851852,31,1,2.276483,616.2168,0.355345,15177.63
2026-10-01 05:07:30,514,0.00590277777777778,31,1,2.277126,613.7235,0.3553843,15178.33
2026-10-01 05:07:20,504,0.00578703703703704,31,1,2.27605,611.7256,0.3557102,15175.79
2026-10-01 05:07:10,495,0.0056712962962963,31,1,2.27301,610.9126,0.3555909,15172.76
2026-10-01 05:07:00,485,0.00555555555555556,31,1,2.270268,609.4744,0.3555587,15169.88
2026-10-01 05:06:50,475,0.00543981481481481,31,1,2.269102,608.75,NA,15168.21
2026-10-01 05:06:40,465,0.00532407407407407,31,1,2.267383,607.8479,0.3543225,15168.29
2026-10-01 05:06:30,455,0.00520833333333333,31,1,2.270282,609.1295,0.3557044,15170.16
2026-10-01 05:06:20,445,0.00509259259259259,31,1,2.276415,613.3743,0.3555148,15168.91
2026-10-01 05:06:10,435,0.00497685185185185,31,1,2.280058,615.1166,0.3554256,15170.25
2026-10-01 05:06:00,425,0.00486111111111111,31,1,2.28422,617.2441,NA,15170.19
2026-10-01 05:05:50,415,0.00474537037037037,31,1,2.286738,616.8273,0.3550091,15167.57
2026-10-01 05:05:40,405,0.00462962962962963,31,1,2.285559,614.7728,0.355758,15166.86
2026-10-01 05:05:30,395,0.00451388888888889,31,1,2.285756,614.6711,0.3556164,15166.57
2026-10-01 05:05:20,385,0.00439814814814815,31,1,2.290562,616.614,0.3555021,15169.27
2026-10-01 05:05:10,375,0.00428240740740741,31,1,2.297543,617.1373,0.3547239,15168.04
2026-10-01 05:05:00,365,0.00416666666666667,31,1,2.293163,615.3896,0.3554829,15168.88
2026-10-01 05:04:50,355,0.00405092592592593,31,1,2.287443,611.6988,0.3550419,15166.79
2026-10-01 05:04:40,345,0.00393518518518518,31,1,2.285829,608.9389,0.3556912,15166.07
2026-10-01 05:04:30,335,0.00381944444444444,31,1,2.278263,604.8735,0.355664,15167.19
2026-10-01 05:04:20,325,0.0037037037037037,31,1,2.269278,600.9639,0.3556674,15170.86
2026-10-01 05:04:10,315,0.00358796296296296,31,1,2.264066,597.6862,0.3545636,15173.56
2026-10-01 05:04:00,305,0.00347222222222222,31,1,2.263295,596.8184,NA,15178.02
2026-10-01 05:03:50,295,0.00335648148148148,31,1,2.269483,599.3889,0.3552728,15184.35
2026-10-01 05:03:40,285,0.00324074074074074,31,1,2.269869,600.4574,NA,15186.03
2026-10-01 05:03:30,275,0.003125,31,1,2.264121,598.3393,0.3553429,15185.94
2026-10-01 05:03:20,265,0.00300925925925926,31,1,2.269745,600.5612,NA,15184.61
2026-10-01 05:03:10,255,0.00289351851851852,31,1,2.271472,601.5862,0.3558817,15185.72
2026-10-01 05:03:00,245,0.00277777777777778,31,1,2.27149,601.2615,0.3557049,15184.44
2026-10-01 05:02:50,235,0.00266203703703704,31,1,2.272022,601.1811,0.3550598,15182.8
2026-10-01 05:02:40,225,0.0025462962962963,31,1,2.255967,593.8734,0.355342,15181.05
2026-10-01 05:02:30,215,0.00243055555555556,31,1,2.24974,590.8825,NA,15178.24
2026-10-01 05:02:20,205,0.00231481481481481,31,1,2.24144,587.0013,0.3543578,15176.21
2026-10-01 05:02:10,195,0.00219907407407407,31,1,2.236818,584.596,0.3558337,15173.22
2026-10-01 05:02:00,185,0.00208333333333333,31,1,2.237978,585.2975,0.3544929,15170.51
2026-10-01 05:01:50,175,0.00196759259259259,31,1,2.242737,588.7148,0.355481,15172.99
2026-10-01 05:01:40,165,0.00185185185185185,31,1,2.23651,584.3102,0.3557077,15176.02
2026-10-01 05:01:30,155,0.00173611111111111,31,1,2.235009,585.7939,0.354231,15176.73
2026-10-01 05:01:20,145,0.00162037037037037,31,1,2.243931,594.2537,NA,15174.05
2026-10-01 05:01:10,135,0.00150462962962963,31,1,2.244567,594.3021,0.3547346,15169.9
2026-10-01 05:01:00,125,0.00138888888888889,31,1,2.244211,598.8432,0.354575,15166.11
2026-10-01 05:00:50,115,0.00127314814814815,31,1,2.242148,599.1799,NA,15162.28
2026-10-01 05:00:40,105,0.00115740740740741,31,1,2.241831,598.2328,0.3553826,15156.94
2026-10-01 05:00:30,95,0.00104166666666667,31,1,2.24253,598.0323,0.3555598,15150.99
2026-10-01 05:00:20,85,0.000925925925925926,31,1,2.242299,596.8989,NA,15142.15
2026-10-01 05:00:10,75,0.000810185185185185,31,1,2.23905,594.126,0.3540851,15134.29
2026-10-01 05:00:00,65,0.000694444444444444,31,1,2.237341,592.1772,0.3541115,15125.85
2026-10-01 04:59:50,55,0.000578703703703704,31,1,2.233034,589.4501,0.3558275,15123.61
2026-10-01 04:59:40,45,0.000462962962962963,31,1,2.229626,586.7706,0.3555154,15118.71
2026-10-01 04:59:30,35,0.000347222222222222,31,1,2.233816,589.8192,NA,15113.39
2026-10-01 04:59:20,25,0.000231481481481481,31,1,2.294297,608.2008,0.3326692,15100.16
2026-10-01 04:59:10,15,0.000115740740740741,31,1,2.25699,637.9023,NA,15097.46
2026-10-01 04:59:00,5,0,31,1,2.23821,615.7794,0.3552456,15088.76
2026-10-01 04:58:50,0,0.00694444444444444,30,6,2.240828,617.0942,0.3556468,15067.92
2026-10-01 04:58:40,595,0.0068287037037037,30,6,2.23807,606.3317,0.3553961,15063.13
2026-10-01 04:58:30,585,0.00671296296296296,30,6,2.239961,612.2055,0.3550096,15056.93
2026-10-01 04:58:20,575,0.00659722222222222,30,6,2.239019,610.3804,0.3553257,15056.96
2026-10-01 04:58:10,565,0.00648148148148148,30,6,2.229895,580.6472,0.3532742,15080.07
2026-10-01 04:58:00,555,0.00636574074074074,30,6,2.233891,583.9673,0.3550683,15141.5
2026-10-01 04:57:50,545,0.00625,30,6,2.255837,598.0047,0.3550424,15152
2026-10-01 04:57:40,535,0.00613425925925926,30,6,2.248753,597.1158,NA,15147.49
2026-10-01 04:57:30,525,0.00601851851851852,30,6,2.247869,596.5358,0.3557644,15143.62
2026-10-01 04:57:20,515,0.00590277777777778,30,6,2.242875,592.2282,NA,15139.3
2026-10-01 04:57:10,505,0.00578703703703704,30,6,2.227345,574.3276,0.3546852,15133.46
2026-10-01 04:57:00,495,0.0056712962962963,30,6,2.223635,570.9866,0.3556302,15129.46
2026-10-01 04:56:50,485,0.00555555555555556,30,6,2.234325,577.1241,NA,15125.79
2026-10-01 04:56:40,475,0.00543981481481481,30,6,2.234978,577.2541,0.3550133,15122.17
2026-10-01 04:56:30,465,0.00532407407407407,30,6,2.239857,580.3472,0.3559059,15121.25
2026-10-01 04:56:20,455,0.00520833333333333,30,6,2.241724,580.1467,0.3551464,15119.75
2026-10-01 04:56:10,445,0.00509259259259259,30,6,2.245392,583.0544,0.3552517,15119.52
2026-10-01 04:56:00,435,0.00497685185185185,30,6,2.247688,583.9901,0.3545386,15112.84
2026-10-01 04:55:50,425,0.00486111111111111,30,6,2.2498,586.0793,0.3551004,15109.38
2026-10-01 04:55:40,415,0.00474537037037037,30,6,2.249797,588.5474,0.3558178,15105.79
2026-10-01 04:55:30,405,0.00462962962962963,30,6,2.246262,586.9272,0.3554086,15105.1
2026-10-01 04:55:20,395,0.00451388888888889,30,6,2.245256,587.8816,0.3550168,15100.93
2026-10-01 04:55:10,385,0.00439814814814815,30,6,2.249808,592.3671,NA,15097.79
2026-10-01 04:55:00,375,0.00428240740740741,30,6,2.25344,594.4398,0.3560139,15095.37
2026-10-01 04:54:50,365,0.00416666666666667,30,6,2.253129,594.5404,0.3540533,15092.73
2026-10-01 04:54:40,355,0.00405092592592593,30,6,2.25288,594.0625,0.3557507,15086.11
2026-10-01 04:54:30,345,0.00393518518518518,30,6,2.262673,599.0466,NA,15081.78
2026-10-01 04:54:20,335,0.00381944444444444,30,6,2.270326,602.7335,0.3556559,15078.98
2026-10-01 04:54:10,325,0.0037037037037037,30,6,2.278673,600.9695,0.3547393,15076.55
2026-10-01 04:54:00,315,0.00358796296296296,30,6,2.281936,601.4777,0.3544409,15072.98
2026-10-01 04:53:50,305,0.00347222222222222,30,6,2.285135,603.183,0.354204,15069.27
2026-10-01 04:53:40,295,0.00335648148148148,30,6,2.284046,602.59,NA,15064.62
2026-10-01 04:53:30,285,0.00324074074074074,30,6,2.282233,602.3682,NA,15063.66
2026-10-01 04:53:20,275,0.003125,30,6,2.28203,602.6383,0.3548732,15061.32
2026-10-01 04:53:10,265,0.00300925925925926,30,6,2.276334,602.6829,0.3555669,15060.24
2026-10-01 04:53:00,255,0.00289351851851852,30,6,2.273147,601.5791,NA,15059.85
2026-10-01 04:52:50,245,0.00277777777777778,30,6,2.269599,598.4609,0.3550727,15058.73
2026-10-01 04:52:40,235,0.00266203703703704,30,6,2.267225,595.2559,0.3552483,15060.65
2026-10-01 04:52:30,225,0.0025462962962963,30,6,2.25271,586.4953,0.3554625,15058.65
2026-10-01 04:52:20,215,0.00243055555555556,30,6,2.237716,578.507,0.3555022,15057.96
2026-10-01 04:52:10,205,0.00231481481481481,30,6,2.232765,574.1035,NA,15059.89
2026-10-01 04:52:00,195,0.00219907407407407,30,6,2.237597,576.2762,0.3555068,15059.02
2026-10-01 04:51:50,185,0.00208333333333333,30,6,2.239223,575.7578,0.3542944,15057.13
2026-10-01 04:51:40,175,0.00196759259259259,30,6,2.232193,571.0979,0.3553527,15057.01
2026-10-01 04:51:30,165,0.00185185185185185,30,6,2.232668,570.5309,0.3545985,15056.67
2026-10-01 04:51:20,155,0.00173611111111111,30,6,2.236729,572.8721,0.3555961,15056.61
2026-10-01 04:51:10,145,0.00162037037037037,30,6,2.241203,575.7005,0.3547904,15053.95
2026-10-01 04:51:00,135,0.00150462962962963,30,6,2.255458,585.4651,0.355324,15046.66
2026-10-01 04:50:50,125,0.00138888888888889,30,6,2.268233,593.76,0.3540764,15040.33
2026-10-01 04:50:40,115,0.00127314814814815,30,6,2.276197,598.1439,NA,15031.31
2026-10-01 04:50:30,105,0.00115740740740741,30,6,2.272779,596.2265,0.3554505,15023.33
2026-10-01 04:50:20,95,0.00104166666666667,30,6,2.269891,594.432,0.3546321,15013.41
2026-10-01 04:50:10,85,0.000925925925925926,30,6,2.263959,590.4835,0.3558535,15004.41
2026-10-01 04:50:00,75,0.000810185185185185,30,6,2.283382,600.5003,NA,14994.82
2026-10-01 04:49:50,65,0.000694444444444444,30,6,2.301402,608.7913,0.3437582,14982.41
2026-10-01 04:49:40,55,0.000578703703703704,30,6,2.292861,642.6749,0.351996,14972.44
2026-10-01 04:49:30,45,0.000462962962962963,30,6,2.309463,670.8792,0.3546677,14955.72
2026-10-01 04:49:20,35,0.000347222222222222,30,6,2.233801,574.9194,0.3565762,14942.13
2026-10-01 04:49:10,25,0.000231481481481481,30,6,2.224785,572.3615,0.3556974,14920.03
2026-10-01 04:49:00,15,0.000115740740740741,30,6,2.222447,570.0598,0.355012,14911.53
2026-10-01 04:48:50,5,0,30,6,2.269499,612.8699,0.3538745,14948.67
2026-10-01 04:48:40,0,0.00694444444444444,29,3,2.268788,612.3559,0.3552372,14939.73
2026-10-01 04:48:30,595,0.0068287037037037,29,3,2.264493,607.0151,0.354704,14947.96
2026-10-01 04:48:20,585,0.00671296296296296,29,3,2.267382,609.7416,0.3537843,14955.72
2026-10-01 04:48:10,575,0.00659722222222222,29,3,2.258964,600.5807,NA,14972.66
2026-10-01 04:48:00,565,0.00648148148148148,29,3,2.254894,589.7513,0.3519243,15035.42
2026-10-01 04:47:50,555,0.00636574074074074,29,3,2.217725,565.6016,NA,15132.52
2026-10-01 04:47:40,545,0.00625,29,3,2.245094,584.3589,0.3543761,15153.02
2026-10-01 04:47:30,535,0.00613425925925926,29,3,2.239104,581.8768,0.3539517,15154
2026-10-01 04:47:20,525,0.00601851851851852,29,3,2.238324,582.3232,0.355278,15153.04
2026-10-01 04:47:10,515,0.00590277777777778,29,3,2.235426,581.0129,0.3555775,15153.74
2026-10-01 04:47:00,505,0.00578703703703704,29,3,2.235099,580.4417,0.3537632,15154.87
2026-10-01 04:46:50,495,0.0056712962962963,29,3,2.234788,580.3994,0.3541914,15153.36
2026-10-01 04:46:40,485,0.00555555555555556,29,3,2.231925,577.8941,0.3538271,15153.07
2026-10-01 04:46:30,475,0.00543981481481481,29,3,2.234956,579.2679,0.3549249,15151.89
2026-10-01 04:46:20,465,0.00532407407407407,29,3,2.232703,576.6699,0.355132,15148.54
2026-10-01 04:46:10,455,0.00520833333333333,29,3,2.22994,574.6757,NA,15146.74
2026-10-01 04:46:00,445,0.00509259259259259,29,3,2.231212,574.7741,NA,15142.04
2026-10-01 04:45:50,435,0.00497685185185185,29,3,2.229747,573.5858,0.3553281,15140.71
2026-10-01 04:45:40,425,0.00486111111111111,29,3,2.226598,572.1058,0.3551379,15142.11
2026-10-01 04:45:30,415,0.00474537037037037,29,3,2.225252,569.5678,0.3542936,15142.13
2026-10-01 04:45:20,405,0.00462962962962963,29,3,2.220852,566.303,0.3542761,15143.27
2026-10-01 04:45:10,395,0.00451388888888889,29,3,2.2177,565.2311,NA,15141.57
2026-10-01 04:45:00,385,0.00439814814814815,29,3,2.224598,564.8771,NA,15140.84
2026-10-01 04:44:50,375,0.00428240740740741,29,3,2.216004,560.7865,0.3540764,15137.64
2026-10-01 04:44:40,365,0.00416666666666667,29,3,2.217233,562.962,NA,15134.31
2026-10-01 04:44:30,355,0.00405092592592593,29,3,2.221912,566.8547,0.3541293,15127.79
2026-10-01 04:44:20,345,0.00393518518518518,29,3,2.215793,560.2004,0.3550402,15122.36
2026-10-01 04:44:10,335,0.00381944444444444,29,3,2.214699,559.6262,0.3547279,15115.9
2026-10-01 04:44:00,325,0.0037037037037037,29,3,2.219527,561.0464,0.3540072,15109.89
2026-10-01 04:43:50,315,0.00358796296296296,29,3,2.216689,559.7719,0.3554927,15104.74
2026-10-01 04:43:40,305,0.00347222222222222,29,3,2.218178,560.3408,0.3542267,15103.78
2026-10-01 04:43:30,295,0.00335648148148148,29,3,2.219185,560.5005,0.355209,15099.15
2026-10-01 04:43:20,285,0.00324074074074074,29,3,2.227211,563.012,0.3544576,15097.25
2026-10-01 04:43:10,275,0.003125,29,3,2.229452,564.3093,NA,15092.45
2026-10-01 04:43:00,265,0.00300925925925926,29,3,2.242724,568.6449,0.3544995,15088.55
2026-10-01 04:42:50,255,0.00289351851851852,29,3,2.261721,578.14,0.3553842,15083.45
2026-10-01 04:42:40,245,0.00277777777777778,29,3,2.258722,577.7778,NA,15080.19
2026-10-01 04:42:30,235,0.00266203703703704,29,3,2.254155,576.1646,NA,15075.44
2026-10-01 04:42:20,225,0.0025462962962963,29,3,2.234209,566.371,0.3543876,15074.8
2026-10-01 04:42:10,215,0.00243055555555556,29,3,2.229551,564.028,0.3542145,15070.75
2026-10-01 04:42:00,205,0.00231481481481481,29,3,2.221682,560.2786,NA,15069.89
2026-10-01 04:41:50,195,0.00219907407407407,29,3,2.226933,561.6765,0.35473,15067.97
2026-10-01 04:41:40,185,0.00208333333333333,29,3,2.239962,569.3174,0.354143,15067.11
2026-10-01 04:41:30,175,0.00196759259259259,29,3,2.254916,576.4306,0.3543294,15063.8
2026-10-01 04:41:20,165,0.00185185185185185,29,3,2.255462,574.2496,0.3549729,15059.53
2026-10-01 04:41:10,155,0.00173611111111111,29,3,2.266541,578.5819,0.3552639,15058.18
2026-10-01 04:41:00,145,0.00162037037037037,29,3,2.286394,589.2979,0.3555835,15053.96
2026-10-01 04:40:50,135,0.00150462962962963,29,3,2.282302,589.9851,0.3549413,15052.63
2026-10-01 04:40:40,125,0.00138888888888889,29,3,2.277916,588.4849,0.3543211,15046.61
2026-10-01 04:40:30,115,0.00127314814814815,29,3,2.281904,590.6202,0.3553871,15046.41
2026-10-01 04:40:20,105,0.00115740740740741,29,3,2.281914,590.3156,0.354658,15043.78
2026-10-01 04:40:10,95,0.00104166666666667,29,3,2.28785,590.4283,NA,15042.64
2026-10-01 04:40:00,85,0.000925925925925926,29,3,2.289331,588.7162,0.354403,15042.7
2026-10-01 04:39:50,75,0.000810185185185185,29,3,2.287408,587.2405,0.3540536,15041.52
2026-10-01 04:39:40,65,0.000694444444444444,29,3,2.279112,584.5882,NA,15044.8
2026-10-01 04:39:30,55,0.000578703703703704,29,3,2.257105,580.2494,0.3550126,15046.02
2026-10-01 04:39:20,45,0.000462962962962963,29,3,2.24521,574.2253,0.3557123,15046.45
2026-10-01 04:39:10,35,0.000347222222222222,29,3,2.242343,574.0022,0.3543845,15044.07
2026-10-01 04:39:00,25,0.000231481481481481,29,3,2.246881,578.1909,NA,15040.24
2026-10-01 04:38:50,15,0.000115740740740741,29,3,2.252371,581.9711,0.354959,15034.43
2026-10-01 04:38:40,5,0,29,3,2.262936,589.949,0.3500914,15026.05
2026-10-01 04:38:30,0,0.00694444444444444,28,12,2.28449,642.3054,0.3492392,15015.58
2026-10-01 04:38:20,595,0.0068287037037037,28,12,2.299607,685.3351,0.3515485,15003.05
2026-10-01 04:38:10,585,0.00671296296296296,28,12,2.303494,680.921,0.3516624,14991.49
2026-10-01 04:38:00,575,0.00659722222222222,28,12,2.232479,571.4877,0.3550677,14990.89
2026-10-01 04:37:50,565,0.00648148148148148,28,12,2.236739,574.894,NA,14997.38
2026-10-01 04:37:40,555,0.00636574074074074,28,12,2.246921,580.4858,0.3547022,15066.5
2026-10-01 04:37:30,545,0.00625,28,12,2.299004,609.5784,0.3542348,15116.16
2026-10-01 04:37:20,535,0.00613425925925926,28,12,2.313359,617.2242,0.3550021,15108.4
2026-10-01 04:37:10,525,0.00601851851851852,28,12,2.348007,638.3198,0.3544866,15104.53
2026-10-01 04:37:00,515,0.00590277777777778,28,12,2.346752,637.7778,0.354546,15099.49
2026-10-01 04:36:50,505,0.00578703703703704,28,12,2.345296,637.4481,0.3537468,15093.9
2026-10-01 04:36:40,495,0.0056712962962963,28,12,2.343687,637.7638,0.3547137,15091.37
2026-10-01 04:36:30,485,0.00555555555555556,28,12,2.341864,637.6055,NA,15088.43
2026-10-01 04:36:20,475,0.00543981481481481,28,12,2.340601,638.2058,0.3542523,15085.79
2026-10-01 04:36:10,465,0.00532407407407407,28,12,2.339295,637.9107,0.3537747,15085.63
2026-10-01 04:36:00,455,0.00520833333333333,28,12,2.337938,637.6832,0.3551486,15082.61
2026-10-01 04:35:50,445,0.00509259259259259,28,12,2.337078,638.1121,0.3542759,15079.36
2026-10-01 04:35:40,435,0.00497685185185185,28,12,2.335106,638.3412,0.3547994,15077.42
2026-10-01 04:35:30,425,0.00486111111111111,28,12,2.334761,638.9951,0.3548466,15075.05
2026-10-01 04:35:20,415,0.00474537037037037,28,12,2.333112,638.7657,0.353952,15075.82
2026-10-01 04:35:10,405,0.00462962962962963,28,12,2.331456,638.4749,NA,15076.97
2026-10-01 04:35:00,395,0.00451388888888889,28,12,2.330062,638.5884,NA,15080.14
2026-10-01 04:34:50,385,0.00439814814814815,28,12,2.328475,638.0479,0.3550222,15079.91
2026-10-01 04:34:40,375,0.00428240740740741,28,12,2.326945,637.8813,0.3545461,15080.98
2026-10-01 04:34:30,365,0.00416666666666667,28,12,2.326027,638.0292,NA,15081.33
2026-10-01 04:34:20,355,0.00405092592592593,28,12,2.324521,637.1863,0.3549727,15087.43
2026-10-01 04:34:10,345,0.00393518518518518,28,12,2.321969,636.4903,0.3547627,15092.44
2026-10-01 04:34:00,335,0.00381944444444444,28,12,2.320204,635.5845,0.3539611,15097.86
2026-10-01 04:33:50,325,0.0037037037037037,28,12,2.318353,634.9429,NA,15101.75
2026-10-01 04:33:40,315,0.00358796296296296,28,12,2.317443,635.5035,0.3551908,15103.51
2026-10-01 04:33:30,305,0.00347222222222222,28,12,2.317283,635.2377,0.354541,15107.46
2026-10-01 04:33:20,295,0.00335648148148148,28,12,2.316159,634.7927,0.3544782,15111.39
2026-10-01 04:33:10,285,0.00324074074074074,28,12,2.315079,635.1117,0.3540784,15119.83
2026-10-01 04:33:00,275,0.003125,28,12,2.313388,633.8693,0.3544667,15121.11
2026-10-01 04:32:50,265,0.00300925925925926,28,12,2.312477,634.4679,0.3534649,15124.47
2026-10-01 04:32:40,255,0.00289351851851852,28,12,2.312123,635.4262,0.3539192,15128.19
2026-10-01 04:32:30,245,0.00277777777777778,28,12,2.310549,634.6345,NA,15131.37
2026-10-01 04:32:20,235,0.00266203703703704,28,12,2.308704,633.8176,0.3540093,15133.6
2026-10-01 04:32:10,225,0.0025462962962963,28,12,2.307308,633.8476,0.3543591,15138.13
2026-10-01 04:32:00,215,0.00243055555555556,28,12,2.305194,632.8356,0.3551067,15141.14
2026-10-01 04:31:50,205,0.00231481481481481,28,12,2.302814,632.056,0.3546241,15141.42
2026-10-01 04:31:40,195,0.00219907407407407,28,12,2.300859,631.2318,0.3545658,15143.49
2026-10-01 04:31:30,185,0.00208333333333333,28,12,2.298131,630.037,NA,15147
2026-10-01 04:31:20,175,0.00196759259259259,28,12,2.296199,629.1655,0.3549815,15151.25
2026-10-01 04:31:10,165,0.00185185185185185,28,12,2.29397,628.9184,0.3540693,15156.59
2026-10-01 04:31:00,155,0.00173611111111111,28,12,2.296807,630.3104,0.3549364,15161.5
2026-10-01 04:30:50,145,0.00162037037037037,28,12,2.299577,631.1546,0.3544867,15163.82
2026-10-01 04:30:40,135,0.00150462962962963,28,12,2.304908,633.8505,NA,15165.48
2026-10-01 04:30:30,125,0.00138888888888889,28,12,2.296724,629.3599,NA,15166.4
2026-10-01 04:30:20,115,0.00127314814814815,28,12,2.291822,626.6403,0.3548399,15169.1
2026-10-01 04:30:10,105,0.00115740740740741,28,12,2.294961,627.7028,NA,15170.88
2026-10-01 04:30:00,95,0.00104166666666667,28,12,2.295139,627.5971,0.3541801,15170.95
2026-10-01 04:29:50,85,0.000925925925925926,28,12,2.298177,626.5592,NA,15172.87
2026-10-01 04:29:40,75,0.000810185185185185,28,12,2.289862,624.8599,0.3551248,15173.76
2026-10-01 04:29:30,65,0.000694444444444444,28,12,2.280909,622.018,0.3543118,15172.95
2026-10-01 04:29:20,55,0.000578703703703704,28,12,2.265316,618.2006,0.3547487,15176.42
2026-10-01 04:29:10,45,0.000462962962962963,28,12,2.259178,616.9687,0.3549783,15177.21
2026-10-01 04:29:00,35,0.000347222222222222,28,12,2.263817,622.4724,0.3546654,15179.05
2026-10-01 04:28:50,25,0.000231481481481481,28,12,2.264384,623.2566,NA,15179.03
2026-10-01 04:28:40,15,0.000115740740740741,28,12,2.259084,619.2292,0.3547883,15172.76
2026-10-01 04:28:30,5,0,28,12,2.262471,624.9611,0.3552676,15156.41
2026-10-01 04:28:20,0,0.00694444444444444,27,9,2.258291,622.0772,0.3550795,15109.6
2026-10-01 04:28:10,595,0.0068287037037037,27,9,2.25736,622.6998,0.3547935,15108.28
2026-10-01 04:28:00,585,0.00671296296296296,27,9,2.255017,621.2135,0.3546311,15109.17
2026-10-01 04:27:50,575,0.00659722222222222,27,9,2.256109,622.6226,NA,15107.5
2026-10-01 04:27:40,565,0.00648148148148148,27,9,2.25335,619.0888,0.3548656,15107.73
2026-10-01 04:27:30,555,0.00636574074074074,27,9,2.253116,617.9399,0.3551134,15105.62
2026-10-01 04:27:20,545,0.00625,27,9,2.256366,620.3704,NA,15102.16
2026-10-01 04:27:10,535,0.00613425925925926,27,9,2.265713,622.1891,0.3553108,15101.75
2026-10-01 04:27:00,525,0.00601851851851852,27,9,2.2572,618.9022,NA,15097.29
2026-10-01 04:26:50,515,0.00590277777777778,27,9,2.258863,620.744,NA,15093.86
2026-10-01 04:26:40,505,0.00578703703703704,27,9,2.262665,623.6347,0.3548101,15091.92
2026-10-01 04:26:30,495,0.0056712962962963,27,9,2.261324,622.4124,0.3541111,15086.24
2026-10-01 04:26:20,485,0.00555555555555556,27,9,2.257597,619.3444,NA,15076.98
2026-10-01 04:26:10,475,0.00543981481481481,27,9,2.262681,622.9728,0.3544294,15072.15
2026-10-01 04:26:00,465,0.00532407407407407,27,9,2.267078,627.6763,0.3545339,15068.69
2026-10-01 04:25:50,455,0.00520833333333333,27,9,2.265267,626.4271,0.3552495,15064.93
2026-10-01 04:25:40,445,0.00509259259259259,27,9,2.262439,622.6373,0.3544978,15060.51
2026-10-01 04:25:30,435,0.00497685185185185,27,9,2.257694,618.7718,0.3545721,15059.02
2026-10-01 04:25:20,425,0.00486111111111111,27,9,2.257259,618.2637,NA,15054.46
2026-10-01 04:25:10,415,0.00474537037037037,27,9,2.258203,618.7571,NA,15051.95
2026-10-01 04:25:00,405,0.00462962962962963,27,9,2.261747,623.5672,NA,15047.77
2026-10-01 04:24:50,395,0.00451388888888889,27,9,2.266536,628.2004,0.3552565,15045.05
2026-10-01 04:24:40,385,0.00439814814814815,27,9,2.267323,630.625,0.3553313,15042.38
2026-10-01 04:24:30,375,0.00428240740740741,27,9,2.26641,629.9943,0.3546406,15042.22
2026-10-01 04:24:20,365,0.00416666666666667,27,9,2.265392,628.6909,NA,15042.88
2026-10-01 04:24:10,355,0.00405092592592593,27,9,2.263085,625.6747,NA,15041.24
2026-10-01 04:24:00,345,0.00393518518518518,27,9,2.258514,619.5538,0.355317,15042.88
2026-10-01 04:23:50,335,0.00381944444444444,27,9,2.256925,617.514,0.3545583,15041.33
2026-10-01 04:23:40,325,0.0037037037037037,27,9,2.254835,615.8777,0.3551559,15040.35
2026-10-01 04:23:30,315,0.00358796296296296,27,9,2.254663,613.9317,NA,15040.75
2026-10-01 04:23:20,305,0.00347222222222222,27,9,2.252173,611.5563,NA,15045.37
2026-10-01 04:23:10,295,0.00335648148148148,27,9,2.243528,599.2772,NA,15047.76
2026-10-01 04:23:00,285,0.00324074074074074,27,9,2.238986,592.7227,NA,15051.84
2026-10-01 04:22:50,275,0.003125,27,9,2.243554,596.2701,NA,15054.75
2026-10-01 04:22:40,265,0.00300925925925926,27,9,2.247741,598.5637,NA,15056.83
2026-10-01 04:22:30,255,0.00289351851851852,27,9,2.248327,598.1526,0.3549872,15058.14
2026-10-01 04:22:20,245,0.00277777777777778,27,9,2.249659,599.0943,0.3552155,15056.3
2026-10-01 04:22:10,235,0.00266203703703704,27,9,2.243605,595.5399,0.3552065,15058.13
2026-10-01 04:22:00,225,0.0025462962962963,27,9,2.236523,591.6307,0.3546599,15056.9
2026-10-01 04:21:50,215,0.00243055555555556,27,9,2.237764,594.0418,0.3552462,15054.11
2026-10-01 04:21:40,205,0.00231481481481481,27,9,2.237418,593.8398,NA,15049.68
2026-10-01 04:21:30,195,0.00219907407407407,27,9,2.236917,593.9874,NA,15047.61
2026-10-01 04:21:20,185,0.00208333333333333,27,9,2.229694,585.3381,0.3545076,15046.47
2026-10-01 04:21:10,175,0.00196759259259259,27,9,2.229742,582.4431,0.3553628,15038.9
2026-10-01 04:21:00,165,0.00185185185185185,27,9,2.229385,584.3107,NA,15038.06
2026-10-01 04:20:50,155,0.00173611111111111,27,9,2.223459,578.7365,0.3549015,15036.72
2026-10-01 04:20:40,145,0.00162037037037037,27,9,2.225547,581.051,0.3552546,15035
2026-10-01 04:20:30,135,0.00150462962962963,27,9,2.229167,585.8624,NA,15031.22
2026-10-01 04:20:20,125,0.00138888888888889,27,9,2.234982,591.9194,0.3551342,15025.92
2026-10-01 04:20:10,115,0.00127314814814815,27,9,2.241361,599.8074,NA,15020.37
2026-10-01 04:20:00,105,0.00115740740740741,27,9,2.245951,602.9685,0.3545575,15015.51
2026-10-01 04:19:50,95,0.00104166666666667,27,9,2.247325,603.9083,0.3549712,15007.95
2026-10-01 04:19:40,85,0.000925925925925926,27,9,2.249516,606.4568,0.3551312,14999.17
2026-10-01 04:19:30,75,0.000810185185185185,27,9,2.248582,601.0408,0.3552504,14991.1
2026-10-01 04:19:20,65,0.000694444444444444,27,9,2.245874,597.2424,0.354717,14979.73
2026-10-01 04:19:10,55,0.000578703703703704,27,9,2.231344,588.4637,0.3540841,14967.98
2026-10-01 04:19:00,45,0.000462962962962963,27,9,2.234773,588.9425,0.3545046,14949.86
2026-10-01 04:18:50,35,0.000347222222222222,27,9,2.240028,592.3403,0.354311,14929.3
2026-10-01 04:18:40,25,0.000231481481481481,27,9,2.305736,609.1444,NA,14891.41
2026-10-01 04:18:30,15,0.000115740740740741,27,9,2.274882,628.8067,NA,14846.16
2026-10-01 04:18:20,5,0,27,9,2.245805,597.3384,NA,14812.79
2026-10-01 04:18:10,0,0.00694444444444444,26,5,2.246184,599.2136,0.3536237,14787.37
2026-10-01 04:18:00,595,0.0068287037037037,26,5,2.245296,601.1306,0.3545691,14772.26
2026-10-01 04:17:50,585,0.00671296296296296,26,5,2.246566,605.2717,0.3540445,14761.12
2026-10-01 04:17:40,575,0.00659722222222222,26,5,2.251652,610.1027,0.3544681,14746.95
2026-10-01 04:17:30,565,0.00648148148148148,26,5,2.254076,611.3063,0.3542039,14748.62
2026-10-01 04:17:20,555,0.00636574074074074,26,5,2.263003,617.7709,0.3535475,14765.18
2026-10-01 04:17:10,545,0.00625,26,5,2.288635,642.56,0.3547172,14782.37
2026-10-01 04:17:00,535,0.00613425925925926,26,5,2.284854,640.6619,0.3550389,14782.58
2026-10-01 04:16:50,525,0.00601851851851852,26,5,2.286749,641.3736,0.3552615,14782.46
2026-10-01 04:16:40,515,0.00590277777777778,26,5,2.288458,643.139,0.3545943,14783.06
2026-10-01 04:16:30,505,0.00578703703703704,26,5,2.290845,644.9512,NA,14782.38
2026-10-01 04:16:20,495,0.0056712962962963,26,5,2.291353,643.6828,0.3552011,14784.9
2026-10-01 04:16:10,485,0.00555555555555556,26,5,2.291049,642.6479,0.3549582,14785.48
2026-10-01 04:16:00,475,0.00543981481481481,26,5,2.293318,645.0522,0.3548059,14788.82
2026-10-01 04:15:50,465,0.00532407407407407,26,5,2.295229,646.8655,NA,14783.49
2026-10-01 04:15:40,455,0.00520833333333333,26,5,2.297798,647.6992,0.3541234,14781.77
2026-10-01 04:15:30,445,0.00509259259259259,26,5,2.299308,648.0114,0.3548384,14781.41
2026-10-01 04:15:20,435,0.00497685185185185,26,5,2.304058,649.5204,0.3549707,14780.98
2026-10-01 04:15:10,425,0.00486111111111111,26,5,2.307947,653.2342,0.3550052,14782.57
2026-10-01 04:15:00,415,0.00474537037037037,26,5,2.303074,654.5169,0.3543974,14783.35
2026-10-01 04:14:50,405,0.00462962962962963,26,5,2.297025,654.3998,0.3548502,14785.72
2026-10-01 04:14:40,395,0.00451388888888889,26,5,2.296592,652.0392,NA,14786.27
2026-10-01 04:14:30,385,0.00439814814814815,26,5,2.297048,651.6779,0.3543953,14787.28
2026-10-01 04:14:20,375,0.00428240740740741,26,5,2.299265,650.7761,0.35501,14788.36
2026-10-01 04:14:10,365,0.00416666666666667,26,5,2.300989,651.0858,0.3546807,14790.96
2026-10-01 04:14:00,355,0.00405092592592593,26,5,2.305703,652.7051,NA,14793.88
2026-10-01 04:13:50,345,0.00393518518518518,26,5,2.307821,653.15,0.35428,14797.45
2026-10-01 04:13:40,335,0.00381944444444444,26,5,2.318307,654.9354,0.3544412,14798.73
2026-10-01 04:13:30,325,0.0037037037037037,26,5,2.322614,654.2484,0.3549435,14803.83
2026-10-01 04:13:20,315,0.00358796296296296,26,5,2.321647,653.2222,0.3545471,14807.73
2026-10-01 04:13:10,305,0.00347222222222222,26,5,2.323123,650.2787,0.354534,14810.92
2026-10-01 04:13:00,295,0.00335648148148148,26,5,2.316246,648.2957,0.3543833,14815.56
2026-10-01 04:12:50,285,0.00324074074074074,26,5,2.312639,646.6223,0.3548055,14821.18
2026-10-01 04:12:40,275,0.003125,26,5,2.307792,643.6553,0.3545579,14825.9
2026-10-01 04:12:30,265,0.00300925925925926,26,5,2.303983,641.6609,0.3547874,14827.19
2026-10-01 04:12:20,255,0.00289351851851852,26,5,2.302959,641.5602,0.3552748,14826.64
2026-10-01 04:12:10,245,0.00277777777777778,26,5,2.304254,640.8807,0.3547488,14829.25
2026-10-01 04:12:00,235,0.00266203703703704,26,5,2.306763,643.47,0.3552734,14832.5
2026-10-01 04:11:50,225,0.0025462962962963,26,5,2.308243,643.4064,0.3545825,14835.39
2026-10-01 04:11:40,215,0.00243055555555556,26,5,2.311731,643.3389,0.3549572,14837.88
2026-10-01 04:11:30,205,0.00231481481481481,26,5,2.314258,643.1038,0.355107,14838.75
2026-10-01 04:11:20,195,0.00219907407407407,26,5,2.316505,639.475,0.3550231,14841.68
2026-10-01 04:11:10,185,0.00208333333333333,26,5,2.322331,634.5054,0.3551721,14846.23
2026-10-01 04:11:00,175,0.00196759259259259,26,5,2.325725,631.777,0.3546665,14848.4
2026-10-01 04:10:50,165,0.00185185185185185,26,5,2.32879,630.0437,0.3544345,14852
2026-10-01 04:10:40,155,0.00173611111111111,26,5,2.329327,627.5762,0.3548152,14853.62
2026-10-01 04:10:30,145,0.00162037037037037,26,5,2.334904,626.5567,0.3547131,14855.02
2026-10-01 04:10:20,135,0.00150462962962963,26,5,2.334282,622.7964,0.3551809,14856.46
2026-10-01 04:10:10,125,0.00138888888888889,26,5,2.347887,625.9263,0.3548909,14856.64
2026-10-01 04:10:00,115,0.00127314814814815,26,5,2.348354,626.2562,0.3545587,14856.67
2026-10-01 04:09:50,105,0.00115740740740741,26,5,2.339573,623.7704,0.3546234,14860.25
2026-10-01 04:09:40,95,0.00104166666666667,26,5,2.341731,621.6802,NA,14864.13
2026-10-01 04:09:30,85,0.000925925925925926,26,5,2.329309,618.2095,0.355043,14863.52
2026-10-01 04:09:20,75,0.000810185185185185,26,5,2.299831,613.6084,0.3552964,14863.47
2026-10-01 04:09:10,65,0.000694444444444444,26,5,2.286289,606.7823,0.3541182,14865.27
2026-10-01 04:09:00,55,0.000578703703703704,26,5,2.276011,598.0939,0.3550253,14867.92
2026-10-01 04:08:50,45,0.000462962962962963,26,5,2.26661,591.1912,0.3550533,14868.52
2026-10-01 04:08:40,35,0.000347222222222222,26,5,2.262623,587.7003,0.3551195,14869.67
2026-10-01 04:08:30,25,0.000231481481481481,26,5,2.269185,587.5775,0.3527057,14868.6
2026-10-01 04:08:20,15,0.000115740740740741,26,5,2.270691,580.1536,0.3432825,14867.58
2026-10-01 04:08:10,5,0,26,5,2.310754,624.3992,0.3549817,14873.22
2026-10-01 04:08:00,0,0.00694444444444444,25,8,2.297129,605.8898,0.3542193,14866.64
2026-10-01 04:07:50,595,0.0068287037037037,25,8,2.295942,599.3847,0.3546104,14875.13
2026-10-01 04:07:40,585,0.00671296296296296,25,8,2.271619,577.7328,0.3538124,14887.3
2026-10-01 04:07:30,575,0.00659722222222222,25,8,2.27334,579.2337,0.3540875,14908.39
2026-10-01 04:07:20,565,0.00648148148148148,25,8,2.277928,579.3922,0.353812,14958.97
2026-10-01 04:07:10,555,0.00636574074074074,25,8,2.274056,578.2669,0.3541878,15046.07
2026-10-01 04:07:00,545,0.00625,25,8,2.308247,593.1573,0.35484,15070.43
2026-10-01 04:06:50,535,0.00613425925925926,25,8,2.30807,592.1359,0.354854,15075.16
2026-10-01 04:06:40,525,0.00601851851851852,25,8,2.306811,591.8445,0.3554032,15078.79
2026-10-01 04:06:30,515,0.00590277777777778,25,8,2.315117,594.4855,0.3548532,15083.3
2026-10-01 04:06:20,505,0.00578703703703704,25,8,2.318457,597.1819,0.3554097,15086.57
2026-10-01 04:06:10,495,0.0056712962962963,25,8,2.326538,599.8345,0.3555154,15088.93
2026-10-01 04:06:00,485,0.00555555555555556,25,8,2.32882,602.0807,0.3542477,15092.99
2026-10-01 04:05:50,475,0.00543981481481481,25,8,2.347797,610.5375,0.3550657,15093.84
2026-10-01 04:05:40,465,0.00532407407407407,25,8,2.359622,616.4848,0.3549134,15093.61
2026-10-01 04:05:30,455,0.00520833333333333,25,8,2.354115,617.3522,0.3551298,15092.07
2026-10-01 04:05:20,445,0.00509259259259259,25,8,2.349886,617.4608,0.3553745,15093.01
2026-10-01 04:05:10,435,0.00497685185185185,25,8,2.339938,617.0385,0.3553932,15093.01
2026-10-01 04:05:00,425,0.00486111111111111,25,8,2.351207,621.1118,0.3552417,15096.19
2026-10-01 04:04:50,415,0.00474537037037037,25,8,2.332914,618.5548,0.3556458,15100.2
2026-10-01 04:04:40,405,0.00462962962962963,25,8,2.33129,616.6553,NA,15102.88
2026-10-01 04:04:30,395,0.00451388888888889,25,8,2.337553,617.3597,NA,15106.9
2026-10-01 04:04:20,385,0.00439814814814815,25,8,2.348601,620.3206,NA,15110.58
2026-10-01 04:04:10,375,0.00428240740740741,25,8,2.361781,619.8922,0.3551885,15110.68
2026-10-01 04:04:00,365,0.00416666666666667,25,8,2.356721,615.3323,0.3554682,15112.47
2026-10-01 04:03:50,355,0.00405092592592593,25,8,2.383133,616.3375,0.3552478,15117.79
2026-10-01 04:03:40,345,0.00393518518518518,25,8,2.394665,613.9551,0.355616,15123.09
2026-10-01 04:03:30,335,0.00381944444444444,25,8,2.425864,609.3217,NA,15128.85
2026-10-01 04:03:20,325,0.0037037037037037,25,8,2.44931,603.2127,NA,15130.17
2026-10-01 04:03:10,315,0.00358796296296296,25,8,2.493246,610.5547,0.3546511,15132.77
2026-10-01 04:03:00,305,0.00347222222222222,25,8,2.527085,612.2666,0.3553054,15135.32
2026-10-01 04:02:50,295,0.00335648148148148,25,8,2.374197,612.0072,NA,15136.62
2026-10-01 04:02:40,285,0.00324074074074074,25,8,2.350678,616.1495,0.3543249,15137.36
2026-10-01 04:02:30,275,0.003125,25,8,2.357307,618.6539,0.3552906,15140.59
2026-10-01 04:02:20,265,0.00300925925925926,25,8,2.351865,617.9604,0.3556049,15140.32
2026-10-01 04:02:10,255,0.00289351851851852,25,8,2.309374,615.52,0.3542867,15142.94
2026-10-01 04:02:00,245,0.00277777777777778,25,8,2.299284,613.8196,0.3544342,15144.29
2026-10-01 04:01:50,235,0.00266203703703704,25,8,2.273374,610.1756,0.3542645,15148.53
2026-10-01 04:01:40,225,0.0025462962962963,25,8,2.269524,605.4502,0.3557066,15155.21
2026-10-01 04:01:30,215,0.00243055555555556,25,8,2.275872,605.9884,0.3554721,15160.09
2026-10-01 04:01:20,205,0.00231481481481481,25,8,2.272343,605.1508,0.3556778,15164.73
2026-10-01 04:01:10,195,0.00219907407407407,25,8,2.277955,605.8899,0.3551997,15166.42
2026-10-01 04:01:00,185,0.00208333333333333,25,8,2.274266,607.2571,0.3553836,15170.47
2026-10-01 04:00:50,175,0.00196759259259259,25,8,2.277947,605.9405,NA,15174.51
2026-10-01 04:00:40,165,0.00185185185185185,25,8,2.27983,603.6692,0.3549258,15174.9
2026-10-01 04:00:30,155,0.00173611111111111,25,8,2.274838,598.5532,0.3542476,15178.8
2026-10-01 04:00:20,145,0.00162037037037037,25,8,2.27705,596.2799,0.3556964,15180.12
2026-10-01 04:00:10,134,0.00150462962962963,25,8,2.275469,595.2397,0.3551445,15182.71
2026-10-01 04:00:00,125,0.00138888888888889,25,8,2.280231,594.5261,0.3545703,15186.34
2026-10-01 03:59:50,115,0.00127314814814815,25,8,2.27977,594.5538,NA,15186.54
2026-10-01 03:59:40,105,0.00115740740740741,25,8,2.283696,596.4951,0.3553751,15190.1
2026-10-01 03:59:30,95,0.00104166666666667,25,8,2.284477,598.9148,0.3548348,15188.14
2026-10-01 03:59:20,85,0.000925925925925926,25,8,2.280699,597.4168,0.3553291,15187.87
2026-10-01 03:59:10,75,0.000810185185185185,25,8,2.278588,600.2335,0.3554009,15187.91
2026-10-01 03:59:00,65,0.000694444444444444,25,8,2.292768,605.9391,0.3551523,15188.7
2026-10-01 03:58:50,55,0.000578703703703704,25,8,2.293542,604.6887,0.3556165,15190.68
2026-10-01 03:58:40,45,0.000462962962962963,25,8,2.28565,600.8416,0.3549,15194.54
2026-10-01 03:58:30,35,0.000347222222222222,25,8,2.288708,600.9146,0.3551423,15197.24
2026-10-01 03:58:20,25,0.000231481481481481,25,8,2.335654,602.2543,0.3424619,15195.87
2026-10-01 03:58:10,15,0.000115740740740741,25,8,2.259408,561.1302,0.3552143,15208.29
2026-10-01 03:58:00,5,0,25,8,2.24961,576.5758,NA,15208.8
2026-10-01 03:57:50,0,0.00694444444444444,24,4,2.261261,581.538,0.3553158,15204.71
2026-10-01 03:57:40,595,0.0068287037037037,24,4,2.268247,584.5007,0.3554962,15216.4
2026-10-01 03:57:30,585,0.00671296296296296,24,4,2.262381,583.4675,0.3552462,15227.76
2026-10-01 03:57:20,575,0.00659722222222222,24,4,2.275982,584.8669,0.3550485,15241.08
2026-10-01 03:57:10,565,0.00648148148148148,24,4,2.271963,581.0788,0.3546364,15255.56
2026-10-01 03:57:00,555,0.00636574074074074,24,4,2.270901,580.2385,0.3563519,15330.82
2026-10-01 03:56:50,545,0.00625,24,4,2.262381,599.5735,0.3547541,15358.6
2026-10-01 03:56:40,535,0.00613425925925926,24,4,2.260966,598.5902,0.3546033,15362.08
2026-10-01 03:56:30,525,0.00601851851851852,24,4,2.254367,596.9656,0.3551107,15363.3
2026-10-01 03:56:20,515,0.00590277777777778,24,4,2.252492,595.631,0.3541815,15365.51
2026-10-01 03:56:10,505,0.00578703703703704,24,4,2.256577,597.1607,0.3549937,15368.35
2026-10-01 03:56:00,495,0.0056712962962963,24,4,2.265043,602.1298,0.3553002,15367.11
2026-10-01 03:55:50,485,0.00555555555555556,24,4,2.275372,609.0745,NA,15359.21
2026-10-01 03:55:40,475,0.00543981481481481,24,4,2.283069,611.7643,NA,15356.87
2026-10-01 03:55:30,465,0.00532407407407407,24,4,2.288971,615.1611,0.3549776,15354.95
2026-10-01 03:55:20,455,0.00520833333333333,24,4,2.292146,616.0067,0.3551047,15349.5
2026-10-01 03:55:10,445,0.00509259259259259,24,4,2.297077,618.7955,0.355071,15343.94
2026-10-01 03:55:00,435,0.00497685185185185,24,4,2.305287,621.5269,NA,15341.99
2026-10-01 03:54:50,425,0.00486111111111111,24,4,2.315275,621.4282,0.3548205,15342.12
2026-10-01 03:54:40,415,0.00474537037037037,24,4,2.321859,619.7049,0.354865,15344.74
2026-10-01 03:54:30,405,0.00462962962962963,24,4,2.313979,618.4951,0.3554748,15348.46
2026-10-01 03:54:20,395,0.00451388888888889,24,4,2.29138,616.2949,0.3549349,15351.16
2026-10-01 03:54:10,385,0.00439814814814815,24,4,2.273201,613.1172,0.355031,15355.37
2026-10-01 03:54:00,375,0.00428240740740741,24,4,2.273447,611.6555,0.3550778,15358.31
2026-10-01 03:53:50,365,0.00416666666666667,24,4,2.270064,611.1279,NA,15361.55
2026-10-01 03:53:40,355,0.00405092592592593,24,4,2.270746,611.2692,0.3547347,15364.65
2026-10-01 03:53:30,345,0.00393518518518518,24,4,2.272204,611.4978,0.3547337,15368.65
2026-10-01 03:53:20,335,0.00381944444444444,24,4,2.271956,611.9818,NA,15371.56
2026-10-01 03:53:10,325,0.0037037037037037,24,4,2.267561,608.4508,0.3550032,15375.99
2026-10-01 03:53:00,315,0.00358796296296296,24,4,2.26622,607.5004,0.3552865,15378.33
2026-10-01 03:52:50,305,0.00347222222222222,24,4,2.264572,605.6627,0.3543127,15383.1
2026-10-01 03:52:40,295,0.00335648148148148,24,4,2.264863,601.4237,0.3549638,15386.89
2026-10-01 03:52:30,285,0.00324074074074074,24,4,2.268089,601.5837,0.3547917,15388.38
2026-10-01 03:52:20,275,0.003125,24,4,2.263624,600.4713,0.3553528,15391.78
2026-10-01 03:52:10,265,0.00300925925925926,24,4,2.264446,600.2997,0.3555277,15393.49
2026-10-01 03:52:00,255,0.00289351851851852,24,4,2.261997,599.047,0.3540798,15396.07
2026-10-01 03:51:50,245,0.00277777777777778,24,4,2.260078,598.4135,0.3543112,15397.07
2026-10-01 03:51:40,235,0.00266203703703704,24,4,2.262473,598.4962,NA,15397.97
2026-10-01 03:51:30,225,0.0025462962962963,24,4,2.266405,597.5233,0.355318,15401.49
2026-10-01 03:51:20,215,0.00243055555555556,24,4,2.240287,591.9782,NA,15403.92
2026-10-01 03:51:10,205,0.00231481481481481,24,4,2.235216,588.3307,0.3553834,15405.04
2026-10-01 03:51:00,195,0.00219907407407407,24,4,2.23246,586.6161,0.3552555,15406.13
2026-10-01 03:50:50,185,0.00208333333333333,24,4,2.229475,584.678,0.3541197,15408.53
2026-10-01 03:50:40,175,0.00196759259259259,24,4,2.227754,585.5812,NA,15407.44
2026-10-01 03:50:30,165,0.00185185185185185,24,4,2.225074,582.4196,0.3551443,15408.51
2026-10-01 03:50:20,155,0.00173611111111111,24,4,2.218276,578.8276,0.3552662,15408.28
2026-10-01 03:50:10,145,0.00162037037037037,24,4,2.218703,578.4441,0.3548229,15408
2026-10-01 03:50:00,135,0.00150462962962963,24,4,2.21416,576.2833,0.3545432,15407.42
2026-10-01 03:49:50,125,0.00138888888888889,24,4,2.209135,572.9788,0.3550035,15404.03
2026-10-01 03:49:40,115,0.00127314814814815,24,4,2.204868,570.7382,0.3548902,15402.04
2026-10-01 03:49:30,104,0.00115740740740741,24,4,2.202947,569.1953,0.3550313,15398.29
2026-10-01 03:49:20,95,0.00104166666666667,24,4,2.201731,567.7501,0.354897,15394.34
2026-10-01 03:49:10,85,0.000925925925925926,24,4,2.201781,566.4374,0.3552632,15392.06
2026-10-01 03:49:00,75,0.000810185185185185,24,4,2.196596,559.7057,NA,15393.82
2026-10-01 03:48:50,65,0.000694444444444444,24,4,2.192151,555.5239,0.3553012,15393.31
2026-10-01 03:48:40,55,0.000578703703703704,24,4,2.200359,563.6523,0.3553129,15387.77
2026-10-01 03:48:30,45,0.000462962962962963,24,4,2.20579,567.8632,0.3546647,15380.16
2026-10-01 03:48:20,35,0.000347222222222222,24,4,2.20611,567.5936,0.3552048,15372.48
2026-10-01 03:48:10,25,0.000231481481481481,24,4,2.219392,570.0138,NA,15356.53
2026-10-01 03:48:00,15,0.000115740740740741,24,4,2.226165,570.1826,0.354099,15332.91
2026-10-01 03:47:50,5,0,24,4,2.257906,596.8394,0.3545772,15324.32
2026-10-01 03:47:40,0,0.00694444444444444,23,11,2.256613,608.4518,0.354361,15306.44
2026-10-01 03:47:30,595,0.0068287037037037,23,11,2.456429,606.5479,NA,15303.22
2026-10-01 03:47:20,585,0.00671296296296296,23,11,2.258722,615.0502,0.3550425,15299.9
2026-10-01 03:47:10,575,0.00659722222222222,23,11,2.23983,584.7159,NA,15298.19
2026-10-01 03:47:00,565,0.00648148148148148,23,11,2.240906,585.3611,0.3550676,15301.41
2026-10-01 03:46:50,555,0.00636574074074074,23,11,2.246534,587.1421,0.3545311,15371.87
2026-10-01 03:46:40,545,0.00625,23,11,2.274829,613.7947,0.3553183,15399.32
2026-10-01 03:46:30,535,0.00613425925925926,23,11,2.269093,611.1735,0.3552632,15403.26
2026-10-01 03:46:20,525,0.00601851851851852,23,11,2.266895,610.0812,0.3542636,15409.74
2026-10-01 03:46:10,515,0.00590277777777778,23,11,2.26608,609.3196,0.3551632,15417.72
2026-10-01 03:46:00,505,0.00578703703703704,23,11,2.262222,608.6395,0.3554369,15423.18
2026-10-01 03:45:50,495,0.0056712962962963,23,11,2.262929,608.4988,NA,15430.4
2026-10-01 03:45:40,485,0.00555555555555556,23,11,2.26843,610.1938,0.3553938,15434.36
2026-10-01 03:45:30,475,0.00543981481481481,23,11,2.268341,610.8261,NA,15440.69
2026-10-01 03:45:20,465,0.00532407407407407,23,11,2.270762,610.4385,0.355325,15445.49
2026-10-01 03:45:10,455,0.00520833333333333,23,11,2.276137,612.9539,0.3555725,15450.46
2026-10-01 03:45:00,445,0.00509259259259259,23,11,2.277867,612.6465,0.3555612,15453.35
2026-10-01 03:44:50,435,0.00497685185185185,23,11,2.279124,612.0247,0.3552921,15456.06
2026-10-01 03:44:40,425,0.00486111111111111,23,11,2.279232,611.9507,0.3551698,15461.25
2026-10-01 03:44:30,415,0.00474537037037037,23,11,2.277618,611.3023,0.355664,15464.68
2026-10-01 03:44:20,405,0.00462962962962963,23,11,2.279713,611.9394,0.3554619,15468.43
2026-10-01 03:44:10,395,0.00451388888888889,23,11,2.281079,612.3956,0.3546131,15471.7
2026-10-01 03:44:00,385,0.00439814814814815,23,11,2.268589,610.1902,0.3555103,15474.75
2026-10-01 03:43:50,375,0.00428240740740741,23,11,2.258492,608.2157,0.3551223,15477.54
2026-10-01 03:43:40,365,0.00416666666666667,23,11,2.254262,607.9653,0.3556436,15480.68
2026-10-01 03:43:30,355,0.00405092592592593,23,11,2.256828,611.0669,0.355062,15483.97
2026-10-01 03:43:20,345,0.00393518518518518,23,11,2.258925,613.6833,0.3556705,15484.33
2026-10-01 03:43:10,335,0.00381944444444444,23,11,2.259219,613.6649,0.3554372,15485.07
2026-10-01 03:43:00,325,0.0037037037037037,23,11,2.259451,614.1969,0.355637,15481.99
2026-10-01 03:42:50,315,0.00358796296296296,23,11,2.260665,615.2058,0.3556357,15481.79
2026-10-01 03:42:40,305,0.00347222222222222,23,11,2.2617,616.2099,0.3552772,15484.58
2026-10-01 03:42:30,295,0.00335648148148148,23,11,2.265288,616.4835,0.3554489,15483.58
2026-10-01 03:42:20,285,0.00324074074074074,23,11,2.26658,616.7393,0.3546758,15484.77
2026-10-01 03:42:10,275,0.003125,23,11,2.263917,613.629,0.3556391,15485.43
2026-10-01 03:42:00,265,0.00300925925925926,23,11,2.258661,608.7029,NA,15484.09
2026-10-01 03:41:50,255,0.00289351851851852,23,11,2.256654,606.6063,NA,15488.33
2026-10-01 03:41:40,245,0.00277777777777778,23,11,2.258781,608.8987,0.3549745,15490.14
2026-10-01 03:41:30,235,0.00266203703703704,23,11,2.256023,604.4589,0.3554876,15494.13
2026-10-01 03:41:20,225,0.0025462962962963,23,11,2.252138,599.2023,0.3547136,15497.65
2026-10-01 03:41:10,215,0.00243055555555556,23,11,2.251512,597.5132,NA,15498.48
2026-10-01 03:41:00,205,0.00231481481481481,23,11,2.270122,602.7106,0.3553629,15499.78
2026-10-01 03:40:50,195,0.00219907407407407,23,11,2.264351,610.933,NA,15500.15
2026-10-01 03:40:40,185,0.00208333333333333,23,11,2.270037,615.009,0.3556315,15502.06
2026-10-01 03:40:30,175,0.00196759259259259,23,11,2.269934,616.2027,0.3543319,15500.68
2026-10-01 03:40:20,165,0.00185185185185185,23,11,2.276827,623.9545,0.355808,15497.42
2026-10-01 03:40:10,155,0.00173611111111111,23,11,2.278996,626.9124,0.3557431,15497
2026-10-01 03:40:00,145,0.00162037037037037,23,11,2.279436,625.7983,0.3557699,15497.3
2026-10-01 03:39:50,135,0.00150462962962963,23,11,2.279534,625.8406,0.3553268,15497.08
2026-10-01 03:39:40,125,0.00138888888888889,23,11,2.281142,626.4161,0.3558456,15500.29
2026-10-01 03:39:30,115,0.00127314814814815,23,11,2.281169,626.4518,0.3543815,15505.3
2026-10-01 03:39:20,105,0.00115740740740741,23,11,2.282852,626.2997,0.3544109,15510.41
2026-10-01 03:39:10,95,0.00104166666666667,23,11,2.286764,626.9673,NA,15515.02
2026-10-01 03:39:00,85,0.000925925925925926,23,11,2.28835,626.1551,0.3553231,15517.49
2026-10-01 03:38:50,75,0.000810185185185185,23,11,2.287292,624.9049,0.3553298,15520.71
2026-10-01 03:38:40,65,0.000694444444444444,23,11,2.285297,624.4814,0.3552393,15522.84
2026-10-01 03:38:30,55,0.000578703703703704,23,11,2.285,623.1937,0.3556843,15526.97
2026-10-01 03:38:20,45,0.000462962962962963,23,11,2.285813,620.9026,0.3553355,15526.42
2026-10-01 03:38:10,35,0.000347222222222222,23,11,2.285821,619.6592,0.3540351,15525.32
2026-10-01 03:38:00,25,0.000231481481481481,23,11,2.338339,627.7134,0.325587,15519.58
2026-10-01 03:37:50,15,0.000115740740740741,23,11,2.32265,643.1169,NA,15512.46
2026-10-01 03:37:40,5,0,23,11,2.281407,602.7117,NA,15508.14
2026-10-01 03:37:30,0,0.00694444444444444,22,2,2.277374,598.0871,0.3544997,15498.84
2026-10-01 03:37:20,595,0.0068287037037037,22,2,2.281528,600.3593,0.3550608,15509.07
2026-10-01 03:37:10,584,0.00671296296296296,22,2,2.285983,602.6447,NA,15521.74
2026-10-01 03:37:00,575,0.00659722222222222,22,2,2.287848,604.7828,0.35433,15533.96
2026-10-01 03:36:50,565,0.00648148148148148,22,2,2.28724,604.2723,0.3552786,15557.97
2026-10-01 03:36:40,555,0.00636574074074074,22,2,2.265896,598.2534,0.3551664,15597.32
2026-10-01 03:36:30,545,0.00625,22,2,2.255464,597.5461,0.3557136,15616.2
2026-10-01 03:36:20,535,0.00613425925925926,22,2,2.255565,597.6008,0.3560296,15616.68
2026-10-01 03:36:10,525,0.00601851851851852,22,2,2.254287,596.5378,0.3560129,15618.96
2026-10-01 03:36:00,515,0.00590277777777778,22,2,2.258233,595.5607,0.3547217,15619.86
2026-10-01 03:35:50,505,0.00578703703703704,22,2,2.261561,595.2385,0.3559794,15623.97
2026-10-01 03:35:40,495,0.0056712962962963,22,2,2.261306,594.7561,0.3558565,15624.25
2026-10-01 03:35:30,485,0.00555555555555556,22,2,2.260778,592.5565,0.3559746,15627.99
2026-10-01 03:35:20,475,0.00543981481481481,22,2,2.259475,592.2823,0.3557726,15629.72
2026-10-01 03:35:10,465,0.00532407407407407,22,2,2.257316,591.3909,0.355836,15631.71
2026-10-01 03:35:00,455,0.00520833333333333,22,2,2.256603,590.5988,NA,15635.5
2026-10-01 03:34:50,445,0.00509259259259259,22,2,2.254233,589.265,0.3559331,15638.19
2026-10-01 03:34:40,435,0.00497685185185185,22,2,2.256059,588.9547,0.355692,15640.52
2026-10-01 03:34:30,425,0.00486111111111111,22,2,2.258706,588.8984,NA,15643.5
2026-10-01 03:34:20,415,0.00474537037037037,22,2,2.262244,588.9727,0.3551501,15646.19
2026-10-01 03:34:10,405,0.00462962962962963,22,2,2.261947,588.3403,NA,15651.17
2026-10-01 03:34:00,395,0.00451388888888889,22,2,2.261109,587.2434,0.3554518,15651.66
2026-10-01 03:33:50,385,0.00439814814814815,22,2,2.261591,587.7961,0.3552961,15651.81
2026-10-01 03:33:40,375,0.00428240740740741,22,2,2.260609,586.673,0.3560497,15650.27
2026-10-01 03:33:30,364,0.00416666666666667,22,2,2.258798,585.2076,0.3548588,15648.2
2026-10-01 03:33:20,355,0.00405092592592593,22,2,2.256211,583.1814,NA,15648.57
2026-10-01 03:33:10,345,0.00393518518518518,22,2,2.249713,577.9573,0.3558881,15647.85
2026-10-01 03:33:00,335,0.00381944444444444,22,2,2.244062,572.6995,0.3558247,15648.74
2026-10-01 03:32:50,325,0.0037037037037037,22,2,2.236981,566.2833,0.3563051,15649.57
2026-10-01 03:32:40,315,0.00358796296296296,22,2,2.232629,562.2814,NA,15653.66
2026-10-01 03:32:30,305,0.00347222222222222,22,2,2.230834,559.8932,0.3562736,15659.97
2026-10-01 03:32:20,295,0.00335648148148148,22,2,2.228576,557.1442,0.356097,15664.81
2026-10-01 03:32:10,285,0.00324074074074074,22,2,2.226091,554.7498,0.356129,15670.84
2026-10-01 03:32:00,275,0.003125,22,2,2.223696,552.1252,0.3563152,15676.3
2026-10-01 03:31:50,265,0.00300925925925926,22,2,2.219229,548.9454,0.355293,15682.75
2026-10-01 03:31:40,255,0.00289351851851852,22,2,2.217454,547.5122,NA,15690.53
2026-10-01 03:31:30,245,0.00277777777777778,22,2,2.217218,547.2815,NA,15695.56
2026-10-01 03:31:20,235,0.00266203703703704,22,2,2.215124,546.0089,0.3562007,15702.78
2026-10-01 03:31:10,225,0.0025462962962963,22,2,2.211985,545.1713,0.3564048,15708.43
2026-10-01 03:31:00,215,0.00243055555555556,22,2,2.212587,546.1261,0.3561479,15711.38
2026-10-01 03:30:50,205,0.00231481481481481,22,2,2.215736,547.4799,0.3560255,15717.14
2026-10-01 03:30:40,195,0.00219907407407407,22,2,2.21878,546.4545,NA,15722.6
2026-10-01 03:30:30,185,0.00208333333333333,22,2,2.222538,547.0859,0.356267,15725.65
2026-10-01 03:30:20,175,0.00196759259259259,22,2,2.229218,547.8572,0.3556693,15730.42
2026-10-01 03:30:10,165,0.00185185185185185,22,2,2.242571,547.7811,0.3555461,15733.36
2026-10-01 03:30:00,155,0.00173611111111111,22,2,2.251037,547.3534,0.3560335,15740.35
2026-10-01 03:29:50,145,0.00162037037037037,22,2,2.267769,548.8213,0.3562498,15743.66
2026-10-01 03:29:40,135,0.00150462962962963,22,2,2.287067,549.7701,0.3555997,15746.65
2026-10-01 03:29:30,125,0.00138888888888889,22,2,2.332368,550.9222,0.3559455,15752.69
2026-10-01 03:29:20,115,0.00127314814814815,22,2,2.386619,554.6721,0.3565146,15756.65
2026-10-01 03:29:10,105,0.00115740740740741,22,2,2.438113,556.0678,0.3550604,15761.55
2026-10-01 03:29:00,95,0.00104166666666667,22,2,2.637397,555.2795,NA,15766.65
2026-10-01 03:28:50,85,0.000925925925925926,22,2,2.251268,553.0656,0.3548211,15773.04
2026-10-01 03:28:40,75,0.000810185185185185,22,2,2.216459,552.9991,NA,15779.53
2026-10-01 03:28:30,65,0.000694444444444444,22,2,2.216164,552.7922,0.3546732,15784.96
2026-10-01 03:28:20,55,0.000578703703703704,22,2,2.215696,552.1617,0.3562741,15789.95
2026-10-01 03:28:10,45,0.000462962962962963,22,2,2.207872,549.125,0.3561948,15800.16
2026-10-01 03:28:00,35,0.000347222222222222,22,2,2.203958,548.4913,0.3560607,15813.95
2026-10-01 03:27:50,25,0.000231481481481481,22,2,2.217329,555.772,0.3502245,15826.67
2026-10-01 03:27:40,15,0.000115740740740741,22,2,2.272199,601.3107,0.3546179,15850.86
2026-10-01 03:27:30,5,0,22,2,2.259763,594.1038,0.355751,15863.22
2026-10-01 03:27:20,0,0.00694444444444444,21,10,2.269014,606.3282,0.3556223,15856.92
2026-10-01 03:27:10,595,0.0068287037037037,21,10,2.255819,593.8729,NA,15867.29
2026-10-01 03:27:00,585,0.00671296296296296,21,10,2.275078,586.4096,NA,15882.26
2026-10-01 03:26:50,575,0.00659722222222222,21,10,2.248851,563.8126,0.3537557,15909.58
2026-10-01 03:26:40,565,0.00648148148148148,21,10,2.256819,565.334,0.3548851,15951.01
2026-10-01 03:26:30,555,0.00636574074074074,21,10,2.25416,561.0848,0.3553073,16046.44
2026-10-01 03:26:20,545,0.00625,21,10,2.255041,548.2217,0.3559693,16071.6
2026-10-01 03:26:10,535,0.00613425925925926,21,10,2.25371,547.5731,0.3564877,16077.27
2026-10-01 03:26:00,525,0.00601851851851852,21,10,2.256605,548.3085,0.3547907,16081.43
2026-10-01 03:25:50,515,0.00590277777777778,21,10,2.247232,545.087,0.3550031,16088.29
2026-10-01 03:25:40,505,0.00578703703703704,21,10,2.238176,543.1389,0.3548051,16090.96
2026-10-01 03:25:30,495,0.0056712962962963,21,10,2.239052,544.5967,0.3561725,16097.56
2026-10-01 03:25:20,485,0.00555555555555556,21,10,2.233742,544.3906,0.3560995,16100.29
2026-10-01 03:25:10,475,0.00543981481481481,21,10,2.236758,545.0649,0.3560994,16104.96
2026-10-01 03:25:00,465,0.00532407407407407,21,10,2.236721,546.3666,0.3548317,16107.26
2026-10-01 03:24:50,455,0.00520833333333333,21,10,2.237898,546.8408,0.3543541,16108.8
2026-10-01 03:24:40,445,0.00509259259259259,21,10,2.237474,546.8817,0.3561563,16110.84
2026-10-01 03:24:30,435,0.00497685185185185,21,10,2.234856,546.7215,0.3564341,16111.99
2026-10-01 03:24:20,425,0.00486111111111111,21,10,2.235077,546.1844,0.3545986,16114.47
2026-10-01 03:24:10,415,0.00474537037037037,21,10,2.22993,546.5554,0.3562137,16116.95
2026-10-01 03:24:00,405,0.00462962962962963,21,10,2.224123,544.964,0.3544395,16118.09
2026-10-01 03:23:50,395,0.00451388888888889,21,10,2.227305,545.5475,0.3561038,16124.3
2026-10-01 03:23:40,385,0.00439814814814815,21,10,2.228689,547.2019,0.3560934,16123.24
2026-10-01 03:23:30,375,0.00428240740740741,21,10,2.239205,550.1959,NA,16125.76
2026-10-01 03:23:20,365,0.00416666666666667,21,10,2.245242,551.6459,0.355016,16128.41
2026-10-01 03:23:10,355,0.00405092592592593,21,10,2.254412,554.1586,0.3545444,16127.05
2026-10-01 03:23:00,345,0.00393518518518518,21,10,2.262709,555.8361,0.3547034,16125.84
2026-10-01 03:22:50,335,0.00381944444444444,21,10,2.256215,554.2766,0.3552486,16127.07
2026-10-01 03:22:40,325,0.0037037037037037,21,10,2.251408,553.2245,0.3554241,16129.42
2026-10-01 03:22:30,315,0.00358796296296296,21,10,2.257688,553.6362,0.3557272,16130.89
2026-10-01 03:22:20,305,0.00347222222222222,21,10,2.241179,553.0838,0.3549343,16132.92
2026-10-01 03:22:10,295,0.00335648148148148,21,10,2.226515,550.9946,0.3560441,16137.73
2026-10-01 03:22:00,285,0.00324074074074074,21,10,2.223817,550.2191,0.3552122,16139.9
2026-10-01 03:21:50,275,0.003125,21,10,2.220582,547.9421,0.3561363,16141.71
2026-10-01 03:21:40,265,0.00300925925925926,21,10,2.220013,546.0939,0.3560046,16145.12
2026-10-01 03:21:30,255,0.00289351851851852,21,10,2.21935,546.3796,NA,16148.37
2026-10-01 03:21:20,245,0.00277777777777778,21,10,2.216424,543.1397,0.3552965,16152.94
2026-10-01 03:21:10,235,0.00266203703703704,21,10,2.212617,538.7612,0.3551617,16154.73
2026-10-01 03:21:00,225,0.0025462962962963,21,10,2.208386,539.1589,0.3545938,16155.52
2026-10-01 03:20:50,215,0.00243055555555556,21,10,2.211958,540.6684,0.3559005,16158.49
2026-10-01 03:20:40,205,0.00231481481481481,21,10,2.216173,545.1539,0.354905,16160.36
2026-10-01 03:20:30,195,0.00219907407407407,21,10,2.226109,549.7556,NA,16159.33
2026-10-01 03:20:20,185,0.00208333333333333,21,10,2.235864,555.3793,NA,16157.99
2026-10-01 03:20:10,175,0.00196759259259259,21,10,2.241338,556.2684,NA,16156.25
2026-10-01 03:20:00,165,0.00185185185185185,21,10,2.240096,555.4899,0.3545406,16155.27
2026-10-01 03:19:50,155,0.00173611111111111,21,10,2.238461,554.9189,0.3554661,16157.72
2026-10-01 03:19:40,145,0.00162037037037037,21,10,2.233067,553.4326,NA,16157
2026-10-01 03:19:30,135,0.00150462962962963,21,10,2.226551,551.8466,0.3561881,16161.36
2026-10-01 03:19:20,124,0.00138888888888889,21,10,2.225114,550.8146,0.3562863,16160.91
2026-10-01 03:19:10,115,0.00127314814814815,21,10,2.22975,551.8291,0.3554375,16162.47
2026-10-01 03:19:00,105,0.00115740740740741,21,10,2.226155,551.3184,0.356164,16164.11
2026-10-01 03:18:50,95,0.00104166666666667,21,10,2.235084,554.6392,0.3556933,16167.83
2026-10-01 03:18:40,85,0.000925925925925926,21,10,2.242711,557.9645,0.3557348,16166.97
2026-10-01 03:18:30,75,0.000810185185185185,21,10,2.246463,562.0596,0.355784,16166.97
2026-10-01 03:18:20,65,0.000694444444444444,21,10,2.25473,567.5093,0.3561791,16167.15
2026-10-01 03:18:10,55,0.000578703703703704,21,10,2.259832,566.8627,0.3562019,16168.54
2026-10-01 03:18:00,45,0.000462962962962963,21,10,2.266834,565.2271,0.3560088,16168.53
2026-10-01 03:17:50,35,0.000347222222222222,21,10,2.253568,565.5587,0.3562119,16166.52
2026-10-01 03:17:40,25,0.000231481481481481,21,10,2.275661,570.863,0.3530076,16161.26
2026-10-01 03:17:30,15,0.000115740740740741,21,10,2.341326,642.1611,0.3542494,16153.42
2026-10-01 03:17:20,5,0,21,10,2.324177,633.778,0.354985,16146.33
2026-10-01 03:17:10,0,0.00694444444444444,20,7,2.30411,626.82,0.355005,16129.13
2026-10-01 03:17:00,595,0.0068287037037037,20,7,2.270466,563.5502,0.3556683,16131.49
2026-10-01 03:16:50,585,0.00671296296296296,20,7,2.250695,560.3422,0.3568537,16127.47
2026-10-01 03:16:40,575,0.00659722222222222,20,7,2.255473,558.5891,NA,16125.76
2026-10-01 03:16:30,565,0.00648148148148148,20,7,2.253101,556.5977,0.3570293,16133.6
2026-10-01 03:16:20,555,0.00636574074074074,20,7,2.245926,555.8289,0.355832,16162.12
2026-10-01 03:16:10,545,0.00625,20,7,2.234522,556.8857,0.3557373,16183.26
2026-10-01 03:16:00,535,0.00613425925925926,20,7,2.23076,554.8509,0.3565209,16183.36
2026-10-01 03:15:50,525,0.00601851851851852,20,7,2.2321,554.9413,NA,16188.27
2026-10-01 03:15:40,515,0.00590277777777778,20,7,2.228373,553.8652,0.3558108,16190.25
2026-10-01 03:15:30,505,0.00578703703703704,20,7,2.229765,552.6048,0.3546575,16194.81
2026-10-01 03:15:20,495,0.0056712962962963,20,7,2.20343,547.668,NA,16200.07
2026-10-01 03:15:10,485,0.00555555555555556,20,7,2.195728,546.6496,0.35603,16204.24
2026-10-01 03:15:00,475,0.00543981481481481,20,7,2.192981,545.9473,0.3556102,16207.33
2026-10-01 03:14:50,465,0.00532407407407407,20,7,2.194668,546.2077,0.3560412,16213.24
2026-10-01 03:14:40,455,0.00520833333333333,20,7,2.194343,544.4399,0.3551349,16218.37
2026-10-01 03:14:30,445,0.00509259259259259,20,7,2.193936,544.3333,0.3563396,16225.07
2026-10-01 03:14:20,435,0.00497685185185185,20,7,2.20152,544.165,0.3556727,16227.62
2026-10-01 03:14:10,425,0.00486111111111111,20,7,2.189605,541.1692,0.3563822,16230.18
2026-10-01 03:14:00,415,0.00474537037037037,20,7,2.187576,539.7823,0.3548522,16232.43
2026-10-01 03:13:50,405,0.00462962962962963,20,7,2.190933,540.8302,0.3564535,16235.2
2026-10-01 03:13:40,395,0.00451388888888889,20,7,2.190171,540.6178,0.3560872,16239.56
2026-10-01 03:13:30,385,0.00439814814814815,20,7,2.185142,539.07,NA,16245.32
2026-10-01 03:13:20,375,0.00428240740740741,20,7,2.185612,538.4847,0.3563118,16249.46
2026-10-01 03:13:10,365,0.00416666666666667,20,7,2.181331,537.3926,0.3564731,16255.66
2026-10-01 03:13:00,355,0.00405092592592593,20,7,2.173103,536.4088,0.3559038,16260.88
2026-10-01 03:12:50,345,0.00393518518518518,20,7,2.170662,535.3508,NA,16261.71
2026-10-01 03:12:40,335,0.00381944444444444,20,7,2.166882,533.3478,0.3556799,16265.91
2026-10-01 03:12:30,325,0.0037037037037037,20,7,2.167211,533.6432,0.3546505,16271.29
2026-10-01 03:12:20,315,0.00358796296296296,20,7,2.167503,533.6011,NA,16274.58
2026-10-01 03:12:10,305,0.00347222222222222,20,7,2.167813,533.663,0.3558549,16274.88
2026-10-01 03:12:00,295,0.00335648148148148,20,7,2.169232,534.4897,0.3563358,16278.55
2026-10-01 03:11:50,285,0.00324074074074074,20,7,2.170482,534.8195,0.3560996,16280.14
2026-10-01 03:11:40,275,0.003125,20,7,2.174569,535.0472,0.3563777,16281.97
2026-10-01 03:11:30,265,0.00300925925925926,20,7,2.17988,537.6133,NA,16281.26
2026-10-01 03:11:20,255,0.00289351851851852,20,7,2.183974,537.3953,0.3561683,16282.9
2026-10-01 03:11:10,245,0.00277777777777778,20,7,2.174563,536.7813,0.356585,16283.54
2026-10-01 03:11:00,235,0.00266203703703704,20,7,2.173059,537.1954,0.3557002,16284.7
2026-10-01 03:10:50,225,0.0025462962962963,20,7,2.171533,536.4433,0.3553867,16285.62
2026-10-01 03:10:40,215,0.00243055555555556,20,7,2.169781,537.7316,0.3550299,16287.94
2026-10-01 03:10:30,205,0.00231481481481481,20,7,2.168077,536.0623,0.3565662,16289.9
2026-10-01 03:10:20,195,0.00219907407407407,20,7,2.168149,536.8306,0.3565246,16290.57
2026-10-01 03:10:10,185,0.00208333333333333,20,7,2.166182,535.1111,0.3562715,16293.61
2026-10-01 03:10:00,175,0.00196759259259259,20,7,2.165406,534.5404,0.3562675,16292.1
2026-10-01 03:09:50,165,0.00185185185185185,20,7,2.16572,534.5107,0.3563363,16294.63
2026-10-01 03:09:40,155,0.00173611111111111,20,7,2.166191,535.2039,0.3556031,16293.35
2026-10-01 03:09:30,145,0.00162037037037037,20,7,2.166727,535.8829,0.3561516,16295.32
2026-10-01 03:09:20,135,0.00150462962962963,20,7,2.166162,535.2575,0.3562741,16295.17
2026-10-01 03:09:10,125,0.00138888888888889,20,7,2.165929,535.3591,0.3559103,16294.79
2026-10-01 03:09:00,115,0.00127314814814815,20,7,2.166553,536.1696,0.3557511,16294.93
2026-10-01 03:08:50,105,0.00115740740740741,20,7,2.168655,538.5326,0.3558289,16295.42
2026-10-01 03:08:40,95,0.00104166666666667,20,7,2.168269,538.6634,0.3557394,16297.53
2026-10-01 03:08:30,85,0.000925925925925926,20,7,2.170007,539.8619,0.3559054,16298.95
2026-10-01 03:08:20,75,0.000810185185185185,20,7,2.17257,541.6127,0.3558885,16299.58
2026-10-01 03:08:10,65,0.000694444444444444,20,7,2.173841,542.1626,0.355927,16301.93
2026-10-01 03:08:00,55,0.000578703703703704,20,7,2.17549,543.5735,0.3566444,16301.46
2026-10-01 03:07:50,45,0.000462962962962963,20,7,2.178983,545.5721,0.3561036,16300.45
2026-10-01 03:07:40,35,0.000347222222222222,20,7,2.175094,545.1591,0.3552582,16299.63
2026-10-01 03:07:30,25,0.000231481481481481,20,7,2.196104,552.0503,0.3506218,16298.11
2026-10-01 03:07:20,15,0.000115740740740741,20,7,2.335757,629.8282,0.35415,16297.92
2026-10-01 03:07:10,5,0,20,7,2.285062,627.8077,0.3557213,16290.96
2026-10-01 03:07:00,0,0.00694444444444444,19,1,2.28666,618.5277,0.3556734,16278.3
2026-10-01 03:06:50,595,0.0068287037037037,19,1,2.266351,608.7638,0.3544148,16279.98
2026-10-01 03:06:40,585,0.00671296296296296,19,1,2.237853,560.7404,0.3544523,16286.5
2026-10-01 03:06:30,575,0.00659722222222222,19,1,2.210459,555.5125,NA,16295.6
2026-10-01 03:06:20,565,0.00648148148148148,19,1,2.211655,555.8656,0.3561953,16320.18
2026-10-01 03:06:10,555,0.00636574074074074,19,1,2.208438,554.2868,0.3557708,16403.27
2026-10-01 03:06:00,545,0.00625,19,1,2.187284,546.8992,0.3559946,16423.73
2026-10-01 03:05:50,535,0.00613425925925926,19,1,2.183874,546.2268,NA,16422.36
2026-10-01 03:05:40,525,0.00601851851851852,19,1,2.181327,544.3654,0.3551344,16422.29
2026-10-01 03:05:30,515,0.00590277777777778,19,1,2.182094,544.5009,0.3549858,16422.37
2026-10-01 03:05:20,505,0.00578703703703704,19,1,2.180822,543.4683,0.3556071,16423.34
2026-10-01 03:05:10,495,0.0056712962962963,19,1,2.177289,541.9038,0.3559655,16425.7
2026-10-01 03:05:00,485,0.00555555555555556,19,1,2.177792,540.5941,0.3560776,16425.84
2026-10-01 03:04:50,475,0.00543981481481481,19,1,2.177038,540.5674,0.3559581,16428.7
2026-10-01 03:04:40,465,0.00532407407407407,19,1,2.175164,539.6763,0.3563085,16427.96
2026-10-01 03:04:30,455,0.00520833333333333,19,1,2.175107,539.4108,0.3557971,16428.18
2026-10-01 03:04:20,445,0.00509259259259259,19,1,2.176323,539.8192,0.3561037,16429.86
2026-10-01 03:04:10,435,0.00497685185185185,19,1,2.177517,540.9145,NA,16430.75
2026-10-01 03:04:00,425,0.00486111111111111,19,1,2.179317,541.4786,0.3556666,16431.97
2026-10-01 03:03:50,415,0.00474537037037037,19,1,2.178219,541.3627,0.3546166,16430.58
2026-10-01 03:03:40,405,0.00462962962962963,19,1,2.17771,541.2891,NA,16428.59
2026-10-01 03:03:30,395,0.00451388888888889,19,1,2.180032,541.2399,NA,16427
2026-10-01 03:03:20,385,0.00439814814814815,19,1,2.179893,540.5902,0.3559753,16426.74
2026-10-01 03:03:10,375,0.00428240740740741,19,1,2.180725,540.9288,0.3551801,16425.56
2026-10-01 03:03:00,365,0.00416666666666667,19,1,2.181991,541.4713,0.3560731,16422.31
2026-10-01 03:02:50,355,0.00405092592592593,19,1,2.182108,540.139,0.3560841,16421.23
2026-10-01 03:02:40,345,0.00393518518518518,19,1,2.182001,539.2849,0.3563202,16420.03
2026-10-01 03:02:30,335,0.00381944444444444,19,1,2.182915,539.6163,0.3559137,16418.92
2026-10-01 03:02:20,325,0.0037037037037037,19,1,2.1835,539.171,0.3560516,16419.92
2026-10-01 03:02:10,315,0.00358796296296296,19,1,2.182715,538.8654,0.3548938,16419.35
2026-10-01 03:02:00,305,0.00347222222222222,19,1,2.182985,538.28,0.3562904,16420.2
2026-10-01 03:01:50,295,0.00335648148148148,19,1,2.181878,536.9503,NA,16419.11
2026-10-01 03:01:40,285,0.00324074074074074,19,1,2.181741,536.8591,0.355954,16418.73
2026-10-01 03:01:30,275,0.003125,19,1,2.181584,536.0047,0.3558499,16419.74
2026-10-01 03:01:20,265,0.00300925925925926,19,1,2.1826,535.8593,0.3558918,16419.51
2026-10-01 03:01:10,255,0.00289351851851852,19,1,2.179188,534.3813,0.3560695,16418.17
2026-10-01 03:01:00,245,0.00277777777777778,19,1,2.176222,533.4253,0.3549393,16416.76
2026-10-01 03:00:50,235,0.00266203703703704,19,1,2.178083,533.7927,0.3562742,16414.52
2026-10-01 03:00:40,225,0.0025462962962963,19,1,2.178689,532.7906,0.3557209,16413.52
2026-10-01 03:00:30,215,0.00243055555555556,19,1,2.178216,532.4902,0.3563045,16413.02
2026-10-01 03:00:20,205,0.00231481481481481,19,1,2.178102,532.0102,0.3559337,16410.74
2026-10-01 03:00:10,195,0.00219907407407407,19,1,2.180853,531.9512,0.3560998,16408.68
2026-10-01 03:00:00,185,0.00208333333333333,19,1,2.177022,532.4495,NA,16407.38
2026-10-01 02:59:50,175,0.00196759259259259,19,1,2.175522,530.8376,0.3557859,16405.05
2026-10-01 02:59:40,165,0.00185185185185185,19,1,2.17564,530.8143,NA,16402.92
2026-10-01 02:59:30,155,0.00173611111111111,19,1,2.175542,531.1105,0.3559523,16401.06
2026-10-01 02:59:20,145,0.00162037037037037,19,1,2.174312,530.4722,NA,16397.83
2026-10-01 02:59:10,135,0.00150462962962963,19,1,2.177182,531.4183,0.3557786,16392.93
2026-10-01 02:59:00,125,0.00138888888888889,19,1,2.179037,532.1135,NA,16391.24
2026-10-01 02:58:50,115,0.00127314814814815,19,1,2.178679,532.6637,0.3551554,16388.61
2026-10-01 02:58:40,105,0.00115740740740741,19,1,2.178149,530.8849,0.3558012,16385.29
2026-10-01 02:58:30,95,0.00104166666666667,19,1,2.175959,531.0474,0.3557786,16380.51
2026-10-01 02:58:20,85,0.000925925925925926,19,1,2.176956,530.5382,NA,16375.3
2026-10-01 02:58:10,75,0.000810185185185185,19,1,2.176002,528.5568,0.3556832,16373.77
2026-10-01 02:58:00,65,0.000694444444444444,19,1,2.172262,526.2505,0.3558523,16369.57
2026-10-01 02:57:50,55,0.000578703703703704,19,1,2.170573,524.9098,NA,16364.1
2026-10-01 02:57:40,45,0.000462962962962963,19,1,2.170374,524.1953,NA,16355.43
2026-10-01 02:57:30,35,0.000347222222222222,19,1,2.172316,524.4822,NA,16349.53
2026-10-01 02:57:20,25,0.000231481481481481,19,1,2.282421,573.6434,0.337448,16329.61
2026-10-01 02:57:10,15,0.000115740740740741,19,1,2.263658,612.9543,0.3556153,16321.02
2026-10-01 02:57:00,5,0,19,1,2.225429,586.9001,0.355691,16313.05
2026-10-01 02:56:50,0,0.00694444444444444,18,6,2.229068,588.1224,0.3560088,16296.59
2026-10-01 02:56:40,595,0.0068287037037037,18,6,2.228605,577.7917,0.35619,16295.27
2026-10-01 02:56:30,585,0.00671296296296296,18,6,2.227546,584.8755,0.3556719,16293.78
2026-10-01 02:56:20,575,0.00659722222222222,18,6,2.220452,583.3556,0.3550528,16299.2
2026-10-01 02:56:10,565,0.00648148148148148,18,6,2.212795,553.8137,0.3554252,16325.48
2026-10-01 02:56:00,555,0.00636574074074074,18,6,2.206702,550.4063,0.3554847,16400.94
2026-10-01 02:55:50,545,0.00625,18,6,2.180216,532.7825,0.3555222,16419.89
2026-10-01 02:55:40,535,0.00613425925925926,18,6,2.183197,532.9818,0.3552578,16417.77
2026-10-01 02:55:30,525,0.00601851851851852,18,6,2.184901,534.2308,0.3557856,16417.18
2026-10-01 02:55:20,515,0.00590277777777778,18,6,2.183361,534.9689,0.3560159,16416.1
2026-10-01 02:55:10,505,0.00578703703703704,18,6,2.181413,535.4309,0.3558373,16417.11
2026-10-01 02:55:00,495,0.0056712962962963,18,6,2.178189,533.4749,0.3560058,16412.66
2026-10-01 02:54:50,485,0.00555555555555556,18,6,2.182212,534.9116,0.3563205,16411.07
2026-10-01 02:54:40,475,0.00543981481481481,18,6,2.177761,534.5124,0.3560719,16406.6
2026-10-01 02:54:30,465,0.00532407407407407,18,6,2.173751,532.3632,0.3560902,16403.25
2026-10-01 02:54:20,455,0.00520833333333333,18,6,2.178144,534.287,0.356128,16402.34
2026-10-01 02:54:10,445,0.00509259259259259,18,6,2.179663,535.9034,0.3552263,16401.15
2026-10-01 02:54:00,435,0.00497685185185185,18,6,2.180269,536.5443,0.3557373,16402.66
2026-10-01 02:53:50,425,0.00486111111111111,18,6,2.181483,536.1915,0.3564709,16400.5
2026-10-01 02:53:40,415,0.00474537037037037,18,6,2.183061,535.5576,0.3558749,16400.72
2026-10-01 02:53:30,405,0.00462962962962963,18,6,2.183026,535.0739,0.3561703,16398.67
2026-10-01 02:53:20,395,0.00451388888888889,18,6,2.176654,532.4175,NA,16398.78
2026-10-01 02:53:10,385,0.00439814814814815,18,6,2.175872,530.9041,0.3565577,16398.65
2026-10-01 02:53:00,375,0.00428240740740741,18,6,2.174159,529.7686,0.3559201,16397.58
2026-10-01 02:52:50,365,0.00416666666666667,18,6,2.172685,531.1451,0.3564645,16399.43
2026-10-01 02:52:40,355,0.00405092592592593,18,6,2.173756,532.6442,0.356108,16395.96
2026-10-01 02:52:30,345,0.00393518518518518,18,6,2.171398,531.5113,0.3562001,16397.76
2026-10-01 02:52:20,335,0.00381944444444444,18,6,2.170829,530.0518,0.3563842,16394.74
2026-10-01 02:52:10,325,0.0037037037037037,18,6,2.173583,531.1257,0.3558432,16396.32
2026-10-01 02:52:00,315,0.00358796296296296,18,6,2.176255,532.8801,NA,16395.79
2026-10-01 02:51:50,305,0.00347222222222222,18,6,2.177696,534.4575,0.3562738,16392.39
2026-10-01 02:51:40,295,0.00335648148148148,18,6,2.178935,533.9612,0.3560145,16390.84
2026-10-01 02:51:30,285,0.00324074074074074,18,6,2.175847,533.3159,0.3561343,16388.42
2026-10-01 02:51:20,275,0.003125,18,6,2.17212,533.5397,0.3559465,16385.31
2026-10-01 02:51:10,265,0.00300925925925926,18,6,2.172046,533.1415,0.3561809,16383.51
2026-10-01 02:51:00,254,0.00289351851851852,18,6,2.171028,533.7136,0.3550872,16380.05
2026-10-01 02:50:50,245,0.00277777777777778,18,6,2.169806,533.0684,NA,16378.56
2026-10-01 02:50:40,235,0.00266203703703704,18,6,2.168746,532.1427,0.3564338,16375.2
2026-10-01 02:50:30,225,0.0025462962962963,18,6,2.166883,530.8085,0.3562199,16372.6
2026-10-01 02:50:20,215,0.00243055555555556,18,6,2.164751,529.5699,0.3560961,16370.22
2026-10-01 02:50:10,205,0.00231481481481481,18,6,2.164684,530.3145,0.3560271,16365.33
2026-10-01 02:50:00,195,0.00219907407407407,18,6,2.165168,529.5614,NA,16361.72
2026-10-01 02:49:50,185,0.00208333333333333,18,6,2.165217,529.0235,0.3557362,16357.08
2026-10-01 02:49:40,175,0.00196759259259259,18,6,2.165901,529.9482,0.3560803,16354.38
2026-10-01 02:49:30,165,0.00185185185185185,18,6,2.163174,529.4127,NA,16350.8
2026-10-01 02:49:20,155,0.00173611111111111,18,6,2.162717,528.773,NA,16346.77
2026-10-01 02:49:10,145,0.00162037037037037,18,6,2.163069,529.095,0.3564231,16345.02
2026-10-01 02:49:00,135,0.00150462962962963,18,6,2.161016,527.4391,0.3562296,16338.72
2026-10-01 02:48:50,125,0.00138888888888889,18,6,2.160465,528.0919,0.3562491,16333.33
2026-10-01 02:48:40,115,0.00127314814814815,18,6,2.160816,528.8328,0.3562806,16324.49
2026-10-01 02:48:30,105,0.00115740740740741,18,6,2.161701,528.5708,0.356683,16316.49
2026-10-01 02:48:20,95,0.00104166666666667,18,6,2.161922,529.1601,0.3566016,16306.07
2026-10-01 02:48:10,85,0.000925925925925926,18,6,2.161839,528.6287,0.3562404,16297.08
2026-10-01 02:48:00,75,0.000810185185185185,18,6,2.16429,529.9023,0.3554895,16287.73
2026-10-01 02:47:50,65,0.000694444444444444,18,6,2.219793,549.0553,0.3464378,16268.59
2026-10-01 02:47:40,55,0.000578703703703704,18,6,2.324227,641.3585,0.3503774,16252.72
2026-10-01 02:47:30,45,0.000462962962962963,18,6,2.318784,665.5355,0.3549636,16232.93
2026-10-01 02:47:20,35,0.000347222222222222,18,6,2.212971,554.5942,0.356719,16214.83
2026-10-01 02:47:10,25,0.000231481481481481,18,6,2.197578,549.0074,0.3567848,16183.22
2026-10-01 02:47:00,15,0.000115740740740741,18,6,2.191327,542.3392,NA,16163.05
2026-10-01 02:46:50,5,0,18,6,2.160115,528.5255,0.3553987,16201.31
2026-10-01 02:46:40,0,0.00694444444444444,17,3,2.161237,529.1899,0.3547486,16191.93
2026-10-01 02:46:30,595,0.0068287037037037,17,3,2.163292,529.5964,NA,16195.88
2026-10-01 02:46:20,585,0.00671296296296296,17,3,2.166718,530.9389,0.3556769,16200.71
2026-10-01 02:46:10,575,0.00659722222222222,17,3,2.169321,531.4771,0.3552017,16218.3
2026-10-01 02:46:00,565,0.00648148148148148,17,3,2.185911,536.9035,0.3527604,16280.82
2026-10-01 02:45:50,555,0.00636574074074074,17,3,2.195542,536.7524,0.3531288,16395.84
2026-10-01 02:45:40,545,0.00625,17,3,2.184787,537.0047,NA,16418.27
2026-10-01 02:45:30,535,0.00613425925925926,17,3,2.185594,537.0407,0.3556937,16415.25
2026-10-01 02:45:20,525,0.00601851851851852,17,3,2.186034,537.4445,NA,16412.62
2026-10-01 02:45:10,515,0.00590277777777778,17,3,2.186911,538.0596,0.355271,16410.72
2026-10-01 02:45:00,505,0.00578703703703704,17,3,2.185292,537.4129,0.3556647,16408.26
2026-10-01 02:44:50,495,0.0056712962962963,17,3,2.188717,538.9129,0.3554008,16404.06
2026-10-01 02:44:40,485,0.00555555555555556,17,3,2.186989,538.3649,0.3561724,16401.9
2026-10-01 02:44:30,475,0.00543981481481481,17,3,2.188262,539.1802,0.3558906,16400.45
2026-10-01 02:44:20,465,0.00532407407407407,17,3,2.189147,539.9386,0.3546001,16399.36
2026-10-01 02:44:10,455,0.00520833333333333,17,3,2.18933,540.6197,0.3554316,16396.35
2026-10-01 02:44:00,445,0.00509259259259259,17,3,2.188923,539.8361,NA,16397.42
2026-10-01 02:43:50,435,0.00497685185185185,17,3,2.18939,540.1408,0.3556408,16398.29
2026-10-01 02:43:40,425,0.00486111111111111,17,3,2.189068,539.5956,0.3557821,16398.69
2026-10-01 02:43:30,415,0.00474537037037037,17,3,2.189675,539.7072,0.3556172,16399.11
2026-10-01 02:43:20,405,0.00462962962962963,17,3,2.18987,538.4929,0.3552568,16397.56
2026-10-01 02:43:10,395,0.00451388888888889,17,3,2.193208,539.6027,0.3558546,16394
2026-10-01 02:43:00,385,0.00439814814814815,17,3,2.186787,536.4914,0.3557279,16391.87
2026-10-01 02:42:50,375,0.00428240740740741,17,3,2.184616,536.0731,0.3559368,16390.32
2026-10-01 02:42:40,365,0.00416666666666667,17,3,2.183314,534.8636,0.3547267,16388.88
2026-10-01 02:42:30,355,0.00405092592592593,17,3,2.185822,535.9349,0.3550581,16389.2
2026-10-01 02:42:20,345,0.00393518518518518,17,3,2.187844,536.1629,NA,16390.17
2026-10-01 02:42:10,335,0.00381944444444444,17,3,2.190551,536.6069,NA,16390.84
2026-10-01 02:42:00,325,0.0037037037037037,17,3,2.194711,538.4647,0.3558017,16390.61
2026-10-01 02:41:50,315,0.00358796296296296,17,3,2.199205,540.0117,0.355975,16387.6
2026-10-01 02:41:40,305,0.00347222222222222,17,3,2.20254,540.0646,0.3552734,16384.04
2026-10-01 02:41:30,295,0.00335648148148148,17,3,2.206603,541.9656,NA,16379.79
2026-10-01 02:41:20,285,0.00324074074074074,17,3,2.211765,544.4603,NA,16376.9
2026-10-01 02:41:10,275,0.003125,17,3,2.212341,547.0047,0.3555814,16373.67
2026-10-01 02:41:00,265,0.00300925925925926,17,3,2.210591,546.9283,0.3556154,16371.78
2026-10-01 02:40:50,255,0.00289351851851852,17,3,2.214086,548.9925,0.3556544,16369.87
2026-10-01 02:40:40,245,0.00277777777777778,17,3,2.207697,545.0715,0.3557262,16371.24
2026-10-01 02:40:30,235,0.00266203703703704,17,3,2.212427,545.7844,0.3558509,16373.74
2026-10-01 02:40:20,225,0.0025462962962963,17,3,2.219882,546.0708,NA,16373.29
2026-10-01 02:40:10,215,0.00243055555555556,17,3,2.222973,544.311,0.3558396,16374.11
2026-10-01 02:40:00,205,0.00231481481481481,17,3,2.212265,540.1142,NA,16374.76
2026-10-01 02:39:50,195,0.00219907407407407,17,3,2.198731,537.0742,0.3560446,16374.93
2026-10-01 02:39:40,185,0.00208333333333333,17,3,2.19837,537.0784,0.3557979,16374.04
2026-10-01 02:39:30,175,0.00196759259259259,17,3,2.21639,543.757,0.3560621,16371.39
2026-10-01 02:39:20,165,0.00185185185185185,17,3,2.217452,545.2739,NA,16369.02
2026-10-01 02:39:10,155,0.00173611111111111,17,3,2.217704,544.5201,NA,16366.58
2026-10-01 02:39:00,145,0.00162037037037037,17,3,2.23181,551.7197,0.3557126,16364.55
2026-10-01 02:38:50,135,0.00150462962962963,17,3,2.24102,555.392,0.3557904,16361.88
2026-10-01 02:38:40,125,0.00138888888888889,17,3,2.242304,554.9147,NA,16360.32
2026-10-01 02:38:30,115,0.00127314814814815,17,3,2.24896,558.0346,0.3555607,16355.28
2026-10-01 02:38:20,105,0.00115740740740741,17,3,2.249893,557.9564,0.3552418,16351.71
2026-10-01 02:38:10,95,0.00104166666666667,17,3,2.245097,558.5145,0.3549113,16350.79
2026-10-01 02:38:00,85,0.000925925925925926,17,3,2.250185,561.0075,0.3554525,16348.75
2026-10-01 02:37:50,75,0.000810185185185185,17,3,2.2463,561.5156,NA,16346.04
2026-10-01 02:37:40,65,0.000694444444444444,17,3,2.244729,560.2566,0.3559754,16343.27
2026-10-01 02:37:30,55,0.000578703703703704,17,3,2.243936,560.9868,0.3552051,16341.69
2026-10-01 02:37:20,45,0.000462962962962963,17,3,2.240108,560.0494,0.3555395,16337.74
2026-10-01 02:37:10,35,0.000347222222222222,17,3,2.23633,557.5608,0.3555294,16338.82
2026-10-01 02:37:00,25,0.000231481481481481,17,3,2.234611,556.6315,0.3557242,16336.67
2026-10-01 02:36:50,15,0.000115740740740741,17,3,2.234977,556.3768,0.3555037,16337.12
2026-10-01 02:36:40,5,0,17,3,2.246187,561.8658,NA,16336.37
2026-10-01 02:36:30,0,0.00694444444444444,16,12,2.298292,613.1721,0.3494467,16336.61
2026-10-01 02:36:20,595,0.0068287037037037,16,12,2.320361,661.5832,0.3523871,16334.38
2026-10-01 02:36:10,585,0.00671296296296296,16,12,2.300382,657.407,0.3539026,16335.33
2026-10-01 02:36:00,575,0.00659722222222222,16,12,2.227097,549.6116,0.3565954,16344.37
2026-10-01 02:35:50,565,0.00648148148148148,16,12,2.232334,554.1072,0.355934,16362.22
2026-10-01 02:35:40,555,0.00636574074074074,16,12,2.241402,559.3412,0.3550428,16449.95
2026-10-01 02:35:30,545,0.00625,16,12,2.281315,575.8319,0.3552817,16518.94
2026-10-01 02:35:20,535,0.00613425925925926,16,12,2.286092,577.8999,0.3550609,16519.7
2026-10-01 02:35:10,525,0.00601851851851852,16,12,2.300912,583.447,NA,16518.75
2026-10-01 02:35:00,515,0.00590277777777778,16,12,2.299526,583.7861,0.354631,16520.39
2026-10-01 02:34:50,505,0.00578703703703704,16,12,2.297525,583.4959,0.3550224,16524.43
2026-10-01 02:34:40,495,0.0056712962962963,16,12,2.295217,582.9726,0.355492,16527.88
2026-10-01 02:34:30,485,0.00555555555555556,16,12,2.292605,582.2408,0.3548499,16532.25
2026-10-01 02:34:20,475,0.00543981481481481,16,12,2.289644,581.3658,0.3548307,16534.63
2026-10-01 02:34:10,465,0.00532407407407407,16,12,2.287043,579.1069,0.3551215,16536.03
2026-10-01 02:34:00,455,0.00520833333333333,16,12,2.285211,579.7574,0.354424,16537.85
2026-10-01 02:33:50,445,0.00509259259259259,16,12,2.284448,580.0703,0.3541553,16537.84
2026-10-01 02:33:40,435,0.00497685185185185,16,12,2.281681,578.6181,NA,16543.05
2026-10-01 02:33:30,425,0.00486111111111111,16,12,2.280091,578.9312,0.3548887,16545.79
2026-10-01 02:33:20,415,0.00474537037037037,16,12,2.277659,578.1849,0.355381,16545.76
2026-10-01 02:33:10,405,0.00462962962962963,16,12,2.276398,578.1967,0.3553183,16549.21
2026-10-01 02:33:00,395,0.00451388888888889,16,12,2.274478,577.8127,0.3549192,16552.27
2026-10-01 02:32:50,385,0.00439814814814815,16,12,2.273694,577.868,0.3549328,16555.06
2026-10-01 02:32:40,375,0.00428240740740741,16,12,2.272642,577.7771,0.3547691,16561.7
2026-10-01 02:32:30,365,0.00416666666666667,16,12,2.270485,577.2563,NA,16563.76
2026-10-01 02:32:20,355,0.00405092592592593,16,12,2.26821,576.6777,0.3540074,16565.67
2026-10-01 02:32:10,345,0.00393518518518518,16,12,2.266652,577.0389,0.3552452,16570.19
2026-10-01 02:32:00,335,0.00381944444444444,16,12,2.264324,576.3572,0.3548081,16574.14
2026-10-01 02:31:50,325,0.0037037037037037,16,12,2.261606,575.6015,0.3553387,16580.41
2026-10-01 02:31:40,315,0.00358796296296296,16,12,2.258628,574.5327,0.3548331,16584.1
2026-10-01 02:31:30,305,0.00347222222222222,16,12,2.255097,572.6244,0.3553108,16588.26
2026-10-01 02:31:20,295,0.00335648148148148,16,12,2.253554,572.7623,0.354908,16593.51
2026-10-01 02:31:10,285,0.00324074074074074,16,12,2.251611,572.5187,0.355229,16596.08
2026-10-01 02:31:00,275,0.003125,16,12,2.249039,571.9744,0.3553213,16598.84
2026-10-01 02:30:50,265,0.00300925925925926,16,12,2.247583,571.8621,NA,16603.42
2026-10-01 02:30:40,255,0.00289351851851852,16,12,2.245174,572.0801,0.3550091,16609.27
2026-10-01 02:30:30,245,0.00277777777777778,16,12,2.244365,570.8618,0.3552152,16612.91
2026-10-01 02:30:20,235,0.00266203703703704,16,12,2.242253,571.1445,0.3548628,16616.77
2026-10-01 02:30:10,225,0.0025462962962963,16,12,2.240499,571.5233,0.3552184,16624.05
2026-10-01 02:30:00,215,0.00243055555555556,16,12,2.23985,571.8539,0.3547016,16629.64
2026-10-01 02:29:50,205,0.00231481481481481,16,12,2.237447,571.6671,0.3551759,16633.56
2026-10-01 02:29:40,195,0.00219907407407407,16,12,2.234571,572.0262,0.3548764,16637.72
2026-10-01 02:29:30,185,0.00208333333333333,16,12,2.230849,570.1108,NA,16642.84
2026-10-01 02:29:20,175,0.00196759259259259,16,12,2.227373,569.6523,0.3548069,16646.78
2026-10-01 02:29:10,165,0.00185185185185185,16,12,2.222085,568.0582,0.3552411,16651.16
2026-10-01 02:29:00,155,0.00173611111111111,16,12,2.230885,570.0052,NA,16653.55
2026-10-01 02:28:50,145,0.00162037037037037,16,12,2.236639,568.2347,0.3549906,16655.53
2026-10-01 02:28:40,135,0.00150462962962963,16,12,2.225371,567.5297,0.3547969,16656.39
2026-10-01 02:28:30,125,0.00138888888888889,16,12,2.215507,564.0585,NA,16657.8
2026-10-01 02:28:20,115,0.00127314814814815,16,12,2.216381,563.9324,0.3550312,16659.55
2026-10-01 02:28:10,105,0.00115740740740741,16,12,2.213002,562.3936,0.3550317,16658.84
2026-10-01 02:28:00,95,0.00104166666666667,16,12,2.202639,557.0407,0.3549193,16659.6
2026-10-01 02:27:50,85,0.000925925925925926,16,12,2.210088,559.1721,0.354899,16662.28
2026-10-01 02:27:40,75,0.000810185185185185,16,12,2.232603,567.9154,0.354939,16661.76
2026-10-01 02:27:30,65,0.000694444444444444,16,12,2.243917,570.5406,0.3551478,16662.91
2026-10-01 02:27:20,55,0.000578703703703704,16,12,2.252058,571.9662,0.3552981,16665.04
2026-10-01 02:27:10,45,0.000462962962962963,16,12,2.255148,570.6835,NA,16663.68
2026-10-01 02:27:00,35,0.000347222222222222,16,12,2.303923,569.7197,0.3539927,16666.96
2026-10-01 02:26:50,25,0.000231481481481481,16,12,2.221893,563.3445,0.3547567,16668.84
2026-10-01 02:26:40,15,0.000115740740740741,16,12,2.209626,557.0895,0.3551678,16669.88
2026-10-01 02:26:30,5,0,16,12,2.193909,552.0107,NA,16656.07
2026-10-01 02:26:20,0,0.00694444444444444,15,9,2.195014,554.519,NA,16607.84
2026-10-01 02:26:10,595,0.0068287037037037,15,9,2.202364,558.2554,NA,16605.66
2026-10-01 02:26:00,584,0.00671296296296296,15,9,2.203826,557.8278,NA,16605.86
2026-10-01 02:25:50,575,0.00659722222222222,15,9,2.209238,560.1522,NA,16605.48
2026-10-01 02:25:40,565,0.00648148148148148,15,9,2.209773,556.9348,0.3549706,16607.81
2026-10-01 02:25:30,555,0.00636574074074074,15,9,2.204207,552.1482,0.3546697,16606.43
2026-10-01 02:25:20,545,0.00625,15,9,2.200023,550.728,0.3549958,16607.44
2026-10-01 02:25:10,535,0.00613425925925926,15,9,2.205008,551.5109,0.3552349,16607.72
2026-10-01 02:25:00,525,0.00601851851851852,15,9,2.202276,551.9432,0.3542644,16606.44
2026-10-01 02:24:50,515,0.00590277777777778,15,9,2.200267,550.5185,NA,16604.46
2026-10-01 02:24:40,505,0.00578703703703704,15,9,2.200729,549.5374,0.3551421,16603.1
2026-10-01 02:24:30,495,0.0056712962962963,15,9,2.200885,550.7784,0.3547814,16600.07
2026-10-01 02:24:20,485,0.00555555555555556,15,9,2.194775,544.9377,0.3550901,16600.32
2026-10-01 02:24:10,475,0.00543981481481481,15,9,2.195055,544.7966,0.3549415,16599.48
2026-10-01 02:24:00,465,0.00532407407407407,15,9,2.19112,542.7855,0.3548255,16598.25
2026-10-01 02:23:50,455,0.00520833333333333,15,9,2.187254,540.0075,NA,16595.72
2026-10-01 02:23:40,445,0.00509259259259259,15,9,2.178858,534.7908,NA,16593.93
2026-10-01 02:23:30,435,0.00497685185185185,15,9,2.178431,534.0195,NA,16591.75
2026-10-01 02:23:20,425,0.00486111111111111,15,9,2.178089,533.9472,NA,16588.72
2026-10-01 02:23:10,415,0.00474537037037037,15,9,2.180538,532.9254,0.3551975,16589.67
2026-10-01 02:23:00,405,0.00462962962962963,15,9,2.173618,531.9908,0.355383,16587.93
2026-10-01 02:22:50,395,0.00451388888888889,15,9,2.17574,532.5651,NA,16585.9
2026-10-01 02:22:40,385,0.00439814814814815,15,9,2.175367,532.11,0.3552258,16585.16
2026-10-01 02:22:30,375,0.00428240740740741,15,9,2.176684,532.9929,0.3541888,16583.98
2026-10-01 02:22:20,364,0.00416666666666667,15,9,2.180662,534.398,0.3545689,16581.55
2026-10-01 02:22:10,355,0.00405092592592593,15,9,2.183994,537.0723,0.3548865,16575.61
2026-10-01 02:22:00,345,0.00393518518518518,15,9,2.187692,539.9114,0.3550037,16570.29
2026-10-01 02:21:50,335,0.00381944444444444,15,9,2.182188,537.8492,0.3553555,16566
2026-10-01 02:21:40,325,0.0037037037037037,15,9,2.1726,531.537,0.3553145,16560.52
2026-10-01 02:21:30,315,0.00358796296296296,15,9,2.167132,524.4829,0.3540294,16558.31
2026-10-01 02:21:20,305,0.00347222222222222,15,9,2.16382,521.179,0.3545552,16552.32
2026-10-01 02:21:10,295,0.00335648148148148,15,9,2.162724,520.2473,0.3553885,16548.65
2026-10-01 02:21:00,285,0.00324074074074074,15,9,2.160135,518.0347,NA,16548.05
2026-10-01 02:20:50,275,0.003125,15,9,2.16046,517.2628,0.3549755,16550.82
2026-10-01 02:20:40,265,0.00300925925925926,15,9,2.159535,517.8125,0.3554357,16556.72
2026-10-01 02:20:30,255,0.00289351851851852,15,9,2.158628,515.6658,0.3554046,16559.21
2026-10-01 02:20:20,245,0.00277777777777778,15,9,2.159739,515.5599,NA,16560.28
2026-10-01 02:20:10,235,0.00266203703703704,15,9,2.162664,515.8409,0.3554021,16560.77
2026-10-01 02:20:00,225,0.0025462962962963,15,9,2.165521,516.6257,0.3546986,16559.86
2026-10-01 02:19:50,215,0.00243055555555556,15,9,2.166478,515.8248,0.3549456,16557.14
2026-10-01 02:19:40,205,0.00231481481481481,15,9,2.163496,515.3084,0.3551472,16558.69
2026-10-01 02:19:30,195,0.00219907407407407,15,9,2.157952,514.5887,NA,16559.9
2026-10-01 02:19:20,185,0.00208333333333333,15,9,2.156754,514.0855,0.3548264,16560.98
2026-10-01 02:19:10,175,0.00196759259259259,15,9,2.156459,514.2487,0.3541983,16560.43
2026-10-01 02:19:00,164,0.00185185185185185,15,9,2.159235,514.9508,0.354976,16562.63
2026-10-01 02:18:50,155,0.00173611111111111,15,9,2.162409,515.749,0.355114,16563.23
2026-10-01 02:18:40,145,0.00162037037037037,15,9,2.164269,516.2516,NA,16562.67
2026-10-01 02:18:30,135,0.00150462962962963,15,9,2.164814,516.8502,0.3547243,16561.79
2026-10-01 02:18:20,125,0.00138888888888889,15,9,2.167622,516.5099,0.3551057,16560.96
2026-10-01 02:18:10,115,0.00127314814814815,15,9,2.170282,517.1476,0.3549165,16559.38
2026-10-01 02:18:00,105,0.00115740740740741,15,9,2.169158,515.8733,0.3551947,16554.81
2026-10-01 02:17:50,95,0.00104166666666667,15,9,2.169553,514.9234,0.3553647,16552.13
2026-10-01 02:17:40,85,0.000925925925925926,15,9,2.170046,514.9336,0.3549955,16548.86
2026-10-01 02:17:30,75,0.000810185185185185,15,9,2.174638,516.4777,0.3550255,16543.28
2026-10-01 02:17:20,65,0.000694444444444444,15,9,2.17049,516.9839,NA,16533.7
2026-10-01 02:17:10,55,0.000578703703703704,15,9,2.166648,515.7007,NA,16524.78
2026-10-01 02:17:00,45,0.000462962962962963,15,9,2.163721,513.4614,0.3549413,16513.97
2026-10-01 02:16:50,35,0.000347222222222222,15,9,2.162536,513.4552,0.3542644,16498.61
2026-10-01 02:16:40,25,0.000231481481481481,15,9,2.242914,551.2543,0.3450764,16468.15
2026-10-01 02:16:30,15,0.000115740740740741,15,9,2.260155,591.2724,0.3548868,16427.54
2026-10-01 02:16:20,5,0,15,9,2.19935,537.7131,0.3543201,16404.13
2026-10-01 02:16:10,0,0.00694444444444444,14,5,2.199454,536.811,0.3544991,16384.29
2026-10-01 02:16:00,595,0.0068287037037037,14,5,2.199598,536.808,0.354798,16377.34
2026-10-01 02:15:50,585,0.00671296296296296,14,5,2.199091,537.8743,0.3547956,16372.89
2026-10-01 02:15:40,575,0.00659722222222222,14,5,2.198533,537.9483,0.3546517,16366.79
2026-10-01 02:15:30,565,0.00648148148148148,14,5,2.197418,537.2794,NA,16385.41
2026-10-01 02:15:20,555,0.00636574074074074,14,5,2.188457,529.1599,NA,16407.62
2026-10-01 02:15:10,545,0.00625,14,5,2.165634,522.7705,NA,16427.12
2026-10-01 02:15:00,535,0.00613425925925926,14,5,2.164055,521.6626,NA,16428.95
2026-10-01 02:14:50,525,0.00601851851851852,14,5,2.164355,520.5832,0.3538555,16433.09
2026-10-01 02:14:40,515,0.00590277777777778,14,5,2.164924,518.6519,NA,16436.38
2026-10-01 02:14:30,505,0.00578703703703704,14,5,2.165265,518.5273,NA,16434.02
2026-10-01 02:14:20,495,0.0056712962962963,14,5,2.169798,518.0117,0.3538059,16436.79
2026-10-01 02:14:10,485,0.00555555555555556,14,5,2.176274,517.6361,0.3553889,16439.82
2026-10-01 02:14:00,475,0.00543981481481481,14,5,2.18525,518.1944,0.3539283,16437.87
2026-10-01 02:13:50,465,0.00532407407407407,14,5,2.197464,518.5851,0.3552711,16443.28
2026-10-01 02:13:40,455,0.00520833333333333,14,5,2.220157,518.5651,0.3549907,16444.96
2026-10-01 02:13:30,445,0.00509259259259259,14,5,2.244727,518.3046,0.3555309,16445.12
2026-10-01 02:13:20,435,0.00497685185185185,14,5,2.179958,519.4857,0.3553349,16445.78
2026-10-01 02:13:10,425,0.00486111111111111,14,5,2.165158,519.5957,0.3537506,16447.07
2026-10-01 02:13:00,415,0.00474537037037037,14,5,2.16536,519.5814,0.3539442,16447.25
2026-10-01 02:12:50,405,0.00462962962962963,14,5,2.167789,521.0032,0.3542106,16446.29
2026-10-01 02:12:40,395,0.00451388888888889,14,5,2.168584,522.3757,NA,16447.82
2026-10-01 02:12:30,385,0.00439814814814815,14,5,2.171286,522.7609,0.3551696,16447.51
2026-10-01 02:12:20,375,0.00428240740740741,14,5,2.166044,522.5453,0.354495,16448.78
2026-10-01 02:12:10,365,0.00416666666666667,14,5,2.163174,521.3066,0.3537724,16450.52
2026-10-01 02:12:00,355,0.00405092592592593,14,5,2.163791,521.9604,0.3554391,16450.92
2026-10-01 02:11:50,345,0.00393518518518518,14,5,2.159391,518.7244,NA,16450.05
2026-10-01 02:11:40,335,0.00381944444444444,14,5,2.157721,517.8976,0.355314,16452.47
2026-10-01 02:11:30,325,0.0037037037037037,14,5,2.152477,515.6973,0.3550876,16453.49
2026-10-01 02:11:20,315,0.00358796296296296,14,5,2.151693,514.9446,0.3537871,16456.83
2026-10-01 02:11:10,305,0.00347222222222222,14,5,2.152441,515.2379,0.3536443,16456.78
2026-10-01 02:11:00,295,0.00335648148148148,14,5,2.154758,516.0793,0.3554441,16457.16
2026-10-01 02:10:50,284,0.00324074074074074,14,5,2.154399,516.0445,0.3556088,16456.96
2026-10-01 02:10:40,275,0.003125,14,5,2.157417,517.4173,0.3537366,16458.25
2026-10-01 02:10:30,265,0.00300925925925926,14,5,2.157654,518.4846,0.3552565,16458.12
2026-10-01 02:10:20,255,0.00289351851851852,14,5,2.160348,519.8541,0.3552214,16460.3
2026-10-01 02:10:10,245,0.00277777777777778,14,5,2.162874,521.7943,0.3553281,16460.43
2026-10-01 02:10:00,235,0.00266203703703704,14,5,2.164151,520.4873,NA,16461.52
2026-10-01 02:09:50,225,0.0025462962962963,14,5,2.16731,522.1479,NA,16462.28
2026-10-01 02:09:40,215,0.00243055555555556,14,5,2.169592,520.85,0.3545072,16463.38
2026-10-01 02:09:30,205,0.00231481481481481,14,5,2.16581,519.8044,0.3555335,16464.33
2026-10-01 02:09:20,195,0.00219907407407407,14,5,2.161765,518.7685,0.354778,16468.48
2026-10-01 02:09:10,185,0.00208333333333333,14,5,2.15584,517.6901,NA,16469.63
2026-10-01 02:09:00,175,0.00196759259259259,14,5,2.150869,516.2189,0.3555702,16472.91
2026-10-01 02:08:50,165,0.00185185185185185,14,5,2.14931,515.8021,0.3546946,16473.01
2026-10-01 02:08:40,155,0.00173611111111111,14,5,2.147034,513.938,0.3538738,16475.67
2026-10-01 02:08:30,145,0.00162037037037037,14,5,2.146463,514.2966,0.3554871,16478.6
2026-10-01 02:08:20,135,0.00150462962962963,14,5,2.146829,513.7525,0.3554154,16480.07
2026-10-01 02:08:10,124,0.00138888888888889,14,5,2.145077,512.3619,NA,16480.32
2026-10-01 02:08:00,114,0.00127314814814815,14,5,2.144492,510.7606,0.3554168,16480.93
2026-10-01 02:07:50,105,0.00115740740740741,14,5,2.145177,511.7,0.355762,16479.47
2026-10-01 02:07:40,95,0.00104166666666667,14,5,2.143495,510.9618,0.3540315,16480.12
2026-10-01 02:07:30,85,0.000925925925925926,14,5,2.144604,511.1494,0.3543267,16478.77
2026-10-01 02:07:20,75,0.000810185185185185,14,5,2.144698,511.2573,0.3539424,16478.79
2026-10-01 02:07:10,65,0.000694444444444444,14,5,2.145954,511.3161,NA,16478.25
2026-10-01 02:07:00,55,0.000578703703703704,14,5,2.147103,510.9845,0.3554476,16477.64
2026-10-01 02:06:50,45,0.000462962962962963,14,5,2.148888,511.0546,0.3553092,16476.36
2026-10-01 02:06:40,35,0.000347222222222222,14,5,2.152773,513.2275,0.3537762,16474.33
2026-10-01 02:06:30,25,0.000231481481481481,14,5,2.16543,518.069,0.3529206,16472.06
2026-10-01 02:06:20,15,0.000115740740740741,14,5,2.215522,543.7908,0.3398948,16468.72
2026-10-01 02:06:10,5,0,14,5,2.246006,576.2763,0.3543478,16473.33
2026-10-01 02:06:00,0,0.00694444444444444,13,8,2.241167,557.5965,0.3538552,16464.22
2026-10-01 02:05:50,595,0.0068287037037037,13,8,2.24514,550.6439,0.3539451,16470.98
2026-10-01 02:05:40,584,0.00671296296296296,13,8,2.220042,529.8944,0.3549432,16482.52
2026-10-01 02:05:30,574,0.00659722222222222,13,8,2.220037,531.5107,0.3536899,16504.97
2026-10-01 02:05:20,564,0.00648148148148148,13,8,2.221782,532.1149,NA,16566.36
2026-10-01 02:05:10,554,0.00636574074074074,13,8,2.227268,530.3122,0.3535677,16671.78
2026-10-01 02:05:00,544,0.00625,13,8,2.219639,519.3203,0.354092,16693.05
2026-10-01 02:04:50,534,0.00613425925925926,13,8,2.223567,520.5966,0.3554773,16698.74
2026-10-01 02:04:40,524,0.00601851851851852,13,8,2.226212,521.4549,0.3553124,16699.73
2026-10-01 02:04:30,514,0.00590277777777778,13,8,2.223379,520.7875,NA,16701.27
2026-10-01 02:04:20,504,0.00578703703703704,13,8,2.216052,519.2608,0.3549359,16703.55
2026-10-01 02:04:10,494,0.0056712962962963,13,8,2.225474,521.2668,0.3542659,16706.97
2026-10-01 02:04:00,484,0.00555555555555556,13,8,2.212865,518.7815,0.3554673,16710.68
2026-10-01 02:03:50,474,0.00543981481481481,13,8,2.212134,518.4089,0.3542976,16716.71
2026-10-01 02:03:40,464,0.00532407407407407,13,8,2.219986,519.0392,NA,16717.55
2026-10-01 02:03:30,454,0.00520833333333333,13,8,2.207668,517.2715,0.3555092,16720.2
2026-10-01 02:03:20,444,0.00509259259259259,13,8,2.21292,517.5419,0.3556357,16721.56
2026-10-01 02:03:10,434,0.00497685185185185,13,8,2.205302,516.3404,NA,16722.45
2026-10-01 02:03:00,424,0.00486111111111111,13,8,2.206959,516.249,NA,16727.48
2026-10-01 02:02:50,414,0.00474537037037037,13,8,2.203959,514.9548,0.3555398,16728.35
2026-10-01 02:02:40,404,0.00462962962962963,13,8,2.201674,514.5361,0.3542249,16728.79
2026-10-01 02:02:30,394,0.00451388888888889,13,8,2.20364,516.1132,0.3542308,16732.8
2026-10-01 02:02:20,384,0.00439814814814815,13,8,2.199988,515.8453,0.3536019,16734.91
2026-10-01 02:02:10,374,0.00428240740740741,13,8,2.199597,514.1719,NA,16735.09
2026-10-01 02:02:00,364,0.00416666666666667,13,8,2.195846,514.5371,0.3554924,16737.1
2026-10-01 02:01:50,354,0.00405092592592593,13,8,2.192816,513.558,NA,16739.63
2026-10-01 02:01:40,344,0.00393518518518518,13,8,2.19309,513.4017,NA,16741.69
2026-10-01 02:01:30,334,0.00381944444444444,13,8,2.195213,513.3445,0.3551972,16743.82
2026-10-01 02:01:20,324,0.0037037037037037,13,8,2.204571,514.5201,0.3555499,16748.36
2026-10-01 02:01:10,314,0.00358796296296296,13,8,2.191291,513.2527,0.3546735,16747.99
2026-10-01 02:01:00,304,0.00347222222222222,13,8,2.192129,513.4664,0.3555509,16750.18
2026-10-01 02:00:50,295,0.00335648148148148,13,8,2.200141,514.268,0.3553568,16753.55
2026-10-01 02:00:40,284,0.00324074074074074,13,8,2.198911,513.6705,NA,16755.62
2026-10-01 02:00:30,274,0.003125,13,8,2.189149,511.9979,0.3548603,16759.32
2026-10-01 02:00:20,264,0.00300925925925926,13,8,2.198794,514.4963,NA,16761.32
2026-10-01 02:00:10,254,0.00289351851851852,13,8,2.198988,514.7387,NA,16763.7
2026-10-01 02:00:00,244,0.00277777777777778,13,8,2.195306,513.1163,0.3542673,16765.05
2026-10-01 01:59:50,234,0.00266203703703704,13,8,2.195795,513.4469,0.3544503,16765.72
2026-10-01 01:59:40,224,0.0025462962962963,13,8,2.189741,511.5359,0.3546322,16768.31
2026-10-01 01:59:30,214,0.00243055555555556,13,8,2.195194,512.5102,NA,16767.64
2026-10-01 01:59:20,204,0.00231481481481481,13,8,2.185166,511.2528,0.3549565,16771.72
2026-10-01 01:59:10,194,0.00219907407407407,13,8,2.187511,511.4369,0.3542747,16772.56
2026-10-01 01:59:00,184,0.00208333333333333,13,8,2.179594,510.8281,0.3547396,16773.85
2026-10-01 01:58:50,174,0.00196759259259259,13,8,2.178223,509.1248,0.3545769,16771.83
2026-10-01 01:58:40,164,0.00185185185185185,13,8,2.179574,508.9634,NA,16771.15
2026-10-01 01:58:30,154,0.00173611111111111,13,8,2.181223,508.0187,0.3557162,16771.77
2026-10-01 01:58:20,144,0.00162037037037037,13,8,2.190057,509.9825,0.3540196,16772.19
2026-10-01 01:58:10,134,0.00150462962962963,13,8,2.187999,510.5596,0.3545902,16773.12
2026-10-01 01:58:00,124,0.00138888888888889,13,8,2.188477,511.1056,NA,16775.29
2026-10-01 01:57:50,114,0.00127314814814815,13,8,2.188524,509.9895,0.3541478,16775.94
2026-10-01 01:57:40,104,0.00115740740740741,13,8,2.195035,513.6442,0.355716,16775.22
2026-10-01 01:57:30,94,0.00104166666666667,13,8,2.184658,510.5905,NA,16776.36
2026-10-01 01:57:20,84,0.000925925925925926,13,8,2.183094,509.3826,0.3545619,16776.71
2026-10-01 01:57:10,74,0.000810185185185185,13,8,2.182243,508.8756,0.3543213,16779.29
2026-10-01 01:57:00,64,0.000694444444444444,13,8,2.172544,504.4326,NA,16777.55
2026-10-01 01:56:50,54,0.000578703703703704,13,8,2.171738,501.9222,NA,16778.23
2026-10-01 01:56:40,44,0.000462962962962963,13,8,2.170306,502.5903,0.3543779,16776.54
2026-10-01 01:56:30,34,0.000347222222222222,13,8,2.178027,503.2145,0.3548596,16776.12
2026-10-01 01:56:20,24,0.000231481481481481,13,8,2.277841,545.7882,0.3433529,16768.13
2026-10-01 01:56:10,14,0.000115740740740741,13,8,2.270305,538.8909,0.35522,16771.53
2026-10-01 01:56:00,4,0,13,8,2.231365,532.1213,NA,16768.33
2026-10-01 01:55:50,0,0.00694444444444444,12,4,2.237858,535.4188,0.3565076,16757.52
2026-10-01 01:55:40,594,0.0068287037037037,12,4,2.233726,539.2899,NA,16761.77
2026-10-01 01:55:30,584,0.00671296296296296,12,4,2.235233,537.8595,0.3543612,16769.1
2026-10-01 01:55:20,574,0.00659722222222222,12,4,2.234046,538.8427,0.35611,16781.3
2026-10-01 01:55:10,564,0.00648148148148148,12,4,2.237256,538.1856,0.3546488,16800.72
2026-10-01 01:55:00,554,0.00636574074074074,12,4,2.229263,534.0606,0.3567563,16904.72
2026-10-01 01:54:50,544,0.00625,12,4,2.163262,515.7217,0.3545853,16932.28
2026-10-01 01:54:40,534,0.00613425925925926,12,4,2.161978,514.8675,NA,16932.92
2026-10-01 01:54:30,524,0.00601851851851852,12,4,2.164931,517.7277,NA,16932.85
2026-10-01 01:54:20,514,0.00590277777777778,12,4,2.163619,516.6855,0.3536035,16936.99
2026-10-01 01:54:10,504,0.00578703703703704,12,4,2.163003,515.9043,NA,16938.41
2026-10-01 01:54:00,494,0.0056712962962963,12,4,2.162611,515.9333,0.3552703,16939.13
2026-10-01 01:53:50,484,0.00555555555555556,12,4,2.166388,517.9388,0.3537215,16939.86
2026-10-01 01:53:40,474,0.00543981481481481,12,4,2.166667,518.8873,0.3536947,16940.36
2026-10-01 01:53:30,464,0.00532407407407407,12,4,2.166552,518.9477,0.3552175,16943.55
2026-10-01 01:53:20,454,0.00520833333333333,12,4,2.165398,517.9511,0.3552581,16942.96
2026-10-01 01:53:10,444,0.00509259259259259,12,4,2.168203,520.852,NA,16948.48
2026-10-01 01:53:00,434,0.00497685185185185,12,4,2.167371,519.8022,0.355428,16947.02
2026-10-01 01:52:50,424,0.00486111111111111,12,4,2.169551,519.3234,0.3550872,16948.7
2026-10-01 01:52:40,414,0.00474537037037037,12,4,2.167668,518.1046,NA,16947.8
2026-10-01 01:52:30,404,0.00462962962962963,12,4,2.166955,517.9261,NA,16947.96
2026-10-01 01:52:20,394,0.00451388888888889,12,4,2.167943,518.1694,0.3537708,16948.64
2026-10-01 01:52:10,384,0.00439814814814815,12,4,2.167572,516.8422,0.3536132,16947.3
2026-10-01 01:52:00,374,0.00428240740740741,12,4,2.168036,516.4714,NA,16946.51
2026-10-01 01:51:50,364,0.00416666666666667,12,4,2.168035,515.8583,NA,16944.82
2026-10-01 01:51:40,354,0.00405092592592593,12,4,2.167135,516.1274,NA,16945.5
2026-10-01 01:51:30,344,0.00393518518518518,12,4,2.169311,516.9414,0.355088,16945.07
2026-10-01 01:51:20,334,0.00381944444444444,12,4,2.169365,516.533,0.3548241,16943.48
2026-10-01 01:51:10,324,0.0037037037037037,12,4,2.169441,517.2099,0.3550969,16940.76
2026-10-01 01:51:00,314,0.00358796296296296,12,4,2.170913,518.1301,0.3548388,16938.55
2026-10-01 01:50:50,305,0.00347222222222222,12,4,2.171835,518.4326,0.3549251,16936.17
2026-10-01 01:50:40,294,0.00335648148148148,12,4,2.174899,519.7181,NA,16934.72
2026-10-01 01:50:30,284,0.00324074074074074,12,4,2.176167,520.4621,0.3539838,16929.27
2026-10-01 01:50:20,274,0.003125,12,4,2.175965,519.4716,0.3541599,16927.21
2026-10-01 01:50:10,264,0.00300925925925926,12,4,2.175385,519.6018,NA,16924.23
2026-10-01 01:50:00,254,0.00289351851851852,12,4,2.175534,520.2261,NA,16920.36
2026-10-01 01:49:50,244,0.00277777777777778,12,4,2.175356,520.4286,NA,16919.44
2026-10-01 01:49:40,234,0.00266203703703704,12,4,2.176978,521.1054,0.3538936,16920.56
2026-10-01 01:49:30,224,0.0025462962962963,12,4,2.172223,519.598,0.3535153,16919.93
2026-10-01 01:49:20,214,0.00243055555555556,12,4,2.176194,520.9075,0.3538236,16919.51
2026-10-01 01:49:10,204,0.00231481481481481,12,4,2.172791,521.7102,0.3550145,16916.43
2026-10-01 01:49:00,194,0.00219907407407407,12,4,2.176394,525.2658,NA,16916.89
2026-10-01 01:48:50,184,0.00208333333333333,12,4,2.176555,524.4066,0.3551043,16914.23
2026-10-01 01:48:40,174,0.00196759259259259,12,4,2.179285,525.2399,0.3547774,16914.26
2026-10-01 01:48:30,164,0.00185185185185185,12,4,2.180633,525.4179,0.3542692,16912.54
2026-10-01 01:48:20,154,0.00173611111111111,12,4,2.186154,529.8298,0.3550841,16912.39
2026-10-01 01:48:10,144,0.00162037037037037,12,4,2.185729,528.4588,0.3544702,16907.78
2026-10-01 01:48:00,134,0.00150462962962963,12,4,2.189623,531.3279,NA,16906.57
2026-10-01 01:47:50,124,0.00138888888888889,12,4,2.1934,534.5799,0.3539193,16902.85
2026-10-01 01:47:40,114,0.00127314814814815,12,4,2.195238,533.3058,NA,16898.24
2026-10-01 01:47:30,104,0.00115740740740741,12,4,2.208358,542.5271,NA,16894.33
2026-10-01 01:47:20,94,0.00104166666666667,12,4,2.210531,543.8641,0.3535701,16888.83
2026-10-01 01:47:10,84,0.000925925925925926,12,4,2.221547,547.8177,0.355317,16882.59
2026-10-01 01:47:00,74,0.000810185185185185,12,4,2.21297,545.419,0.3541998,16876.07
2026-10-01 01:46:50,64,0.000694444444444444,12,4,2.200554,540.0626,0.3535988,16869.49
2026-10-01 01:46:40,54,0.000578703703703704,12,4,2.193466,536.178,0.3543388,16861.23
2026-10-01 01:46:30,44,0.000462962962962963,12,4,2.190806,533.0342,0.354216,16852.44
2026-10-01 01:46:20,34,0.000347222222222222,12,4,2.190342,530.3157,0.3546417,16840.67
2026-10-01 01:46:10,24,0.000231481481481481,12,4,2.199109,532.0244,0.3517252,16826.19
2026-10-01 01:46:00,14,0.000115740740740741,12,4,2.252091,567.6296,0.3536634,16813.13
2026-10-01 01:45:50,4,0,12,4,2.289328,591.2915,NA,16805.97
2026-10-01 01:45:40,0,0.00694444444444444,11,11,2.285701,604.7439,NA,16790.89
2026-10-01 01:45:30,594,0.0068287037037037,11,11,2.467077,597.9615,NA,16795.12
2026-10-01 01:45:20,584,0.00671296296296296,11,11,2.279082,605.8649,NA,16798.16
2026-10-01 01:45:10,574,0.00659722222222222,11,11,2.255742,571.2551,0.3533545,16806.76
2026-10-01 01:45:00,564,0.00648148148148148,11,11,2.255423,570.5668,0.352966,16824.68
2026-10-01 01:44:50,554,0.00636574074074074,11,11,2.256051,569.8618,0.3539076,16929.31
2026-10-01 01:44:40,544,0.00625,11,11,2.254833,566.4777,0.3541725,16959.85
2026-10-01 01:44:30,534,0.00613425925925926,11,11,2.248056,563.5422,NA,16961.75
2026-10-01 01:44:20,524,0.00601851851851852,11,11,2.250234,564.5339,0.3539167,16963.95
2026-10-01 01:44:10,514,0.00590277777777778,11,11,2.250279,564.2346,0.3551182,16965.41
2026-10-01 01:44:00,504,0.00578703703703704,11,11,2.250731,564.6799,0.3551652,16967.56
2026-10-01 01:43:50,494,0.0056712962962963,11,11,2.252278,566.1886,NA,16968.23
2026-10-01 01:43:40,484,0.00555555555555556,11,11,2.252886,567.0009,NA,16967.36
2026-10-01 01:43:30,474,0.00543981481481481,11,11,2.253164,567.7769,NA,16967.25
2026-10-01 01:43:20,464,0.00532407407407407,11,11,2.254563,568.3998,NA,16967.92
2026-10-01 01:43:10,454,0.00520833333333333,11,11,2.255676,569.3475,0.3553818,16966.16
2026-10-01 01:43:00,444,0.00509259259259259,11,11,2.259564,572.8386,0.3546069,16967.64
2026-10-01 01:42:50,434,0.00497685185185185,11,11,2.258738,571.8091,0.3550746,16966.83
2026-10-01 01:42:40,424,0.00486111111111111,11,11,2.257794,571.8262,0.35499,16970.3
2026-10-01 01:42:30,414,0.00474537037037037,11,11,2.258261,572.8386,0.3550731,16968.77
2026-10-01 01:42:20,404,0.00462962962962963,11,11,2.261155,574.8425,0.3551581,16971.34
2026-10-01 01:42:10,394,0.00451388888888889,11,11,2.259661,573.5881,NA,16973.23
2026-10-01 01:42:00,384,0.00439814814814815,11,11,2.259932,574.3492,0.3554907,16973.06
2026-10-01 01:41:50,374,0.00428240740740741,11,11,2.261974,576.7432,NA,16974.12
2026-10-01 01:41:40,364,0.00416666666666667,11,11,2.268809,580.9489,0.353564,16970.19
2026-10-01 01:41:30,354,0.00405092592592593,11,11,2.274444,586.3298,NA,16969.63
2026-10-01 01:41:20,344,0.00393518518518518,11,11,2.272527,583.8705,NA,16971.22
2026-10-01 01:41:10,334,0.00381944444444444,11,11,2.276094,586.2469,0.3543048,16970.44
2026-10-01 01:41:00,324,0.0037037037037037,11,11,2.278252,586.6733,0.3544406,16970.6
2026-10-01 01:40:50,315,0.00358796296296296,11,11,2.278678,586.9523,NA,16970.73
2026-10-01 01:40:40,304,0.00347222222222222,11,11,2.274477,583.6323,NA,16972.6
2026-10-01 01:40:30,294,0.00335648148148148,11,11,2.270127,580.6384,0.3541628,16972.71
2026-10-01 01:40:20,284,0.00324074074074074,11,11,2.275146,583.735,0.3545046,16972.89
2026-10-01 01:40:10,274,0.003125,11,11,2.278661,586.269,NA,16974.29
2026-10-01 01:40:00,264,0.00300925925925926,11,11,2.284341,589.4241,0.3538046,16974.16
2026-10-01 01:39:50,254,0.00289351851851852,11,11,2.293532,595.926,0.3549721,16977.87
2026-10-01 01:39:40,244,0.00277777777777778,11,11,2.29954,598.9724,0.355308,16979.55
2026-10-01 01:39:30,234,0.00266203703703704,11,11,2.305771,604.2653,0.3548619,16980.33
2026-10-01 01:39:20,224,0.0025462962962963,11,11,2.305474,606.3687,0.3536754,16981.78
2026-10-01 01:39:10,214,0.00243055555555556,11,11,2.307852,607.6879,0.3548218,16982.59
2026-10-01 01:39:00,204,0.00231481481481481,11,11,2.320852,611.4169,0.3548201,16985.6
2026-10-01 01:38:50,194,0.00219907407407407,11,11,2.310331,611.8359,0.3552482,16987.81
2026-10-01 01:38:40,184,0.00208333333333333,11,11,2.310948,612.1961,0.3552598,16988.56
2026-10-01 01:38:30,174,0.00196759259259259,11,11,2.311931,611.2053,0.3541141,16992.58
2026-10-01 01:38:20,164,0.00185185185185185,11,11,2.308822,609.5333,0.3540533,16993.66
2026-10-01 01:38:10,154,0.00173611111111111,11,11,2.306535,605.4142,0.3541648,16996.13
2026-10-01 01:38:00,144,0.00162037037037037,11,11,2.299062,600.1935,NA,16996.19
2026-10-01 01:37:50,134,0.00150462962962963,11,11,2.313473,607.5788,NA,16997.08
2026-10-01 01:37:40,124,0.00138888888888889,11,11,2.308821,605.2739,0.3537716,16994.99
2026-10-01 01:37:30,114,0.00127314814814815,11,11,2.311612,606.2357,NA,16991.18
2026-10-01 01:37:20,104,0.00115740740740741,11,11,2.314846,606.1488,NA,16989.64
2026-10-01 01:37:10,94,0.00104166666666667,11,11,2.307196,604.9389,0.3552658,16986.47
2026-10-01 01:37:00,84,0.000925925925925926,11,11,2.306424,607.1874,0.3550314,16981.17
2026-10-01 01:36:50,74,0.000810185185185185,11,11,2.306384,607.851,0.3548463,16977.01
2026-10-01 01:36:40,64,0.000694444444444444,11,11,2.305819,607.2179,0.3538791,16973.88
2026-10-01 01:36:30,54,0.000578703703703704,11,11,2.306476,605.9927,NA,16968
2026-10-01 01:36:20,44,0.000462962962962963,11,11,2.306502,602.3798,0.3535929,16959.2
2026-10-01 01:36:10,34,0.000347222222222222,11,11,2.299991,600.5676,0.3527404,16949.85
2026-10-01 01:36:00,24,0.000231481481481481,11,11,2.349688,615.6589,0.3223431,16931.33
2026-10-01 01:35:50,15,0.000115740740740741,11,11,2.312459,622.3071,0.3534927,16919.98
2026-10-01 01:35:40,4,0,11,11,2.272498,597.309,0.3548996,16912.39
2026-10-01 01:35:30,0,0.00694444444444444,10,2,2.263303,591.9105,0.3529783,16894.98
2026-10-01 01:35:20,594,0.0068287037037037,10,2,2.267411,593.3592,0.3549265,16902.96
2026-10-01 01:35:10,584,0.00671296296296296,10,2,2.265735,593.7874,NA,16921.28
2026-10-01 01:35:00,574,0.00659722222222222,10,2,2.264823,593.7266,0.3549031,16945.8
2026-10-01 01:34:50,564,0.00648148148148148,10,2,2.266971,594.0336,0.3534527,16991.85
2026-10-01 01:34:40,554,0.00636574074074074,10,2,2.261049,591.978,0.3537832,17038.09
2026-10-01 01:34:30,544,0.00625,10,2,2.256427,595.9541,0.3542738,17057.4
2026-10-01 01:34:20,534,0.00613425925925926,10,2,2.25672,596.0941,0.3546689,17056.94
2026-10-01 01:34:10,524,0.00601851851851852,10,2,2.25732,596.3853,NA,17055.84
2026-10-01 01:34:00,514,0.00590277777777778,10,2,2.255082,595.1117,0.3541149,17054.39
2026-10-01 01:33:50,504,0.00578703703703704,10,2,2.2545,595.1255,NA,17053.08
2026-10-01 01:33:40,494,0.0056712962962963,10,2,2.257339,597.0096,0.3537989,17051.86
2026-10-01 01:33:30,484,0.00555555555555556,10,2,2.259223,599.6808,0.3538443,17050.86
2026-10-01 01:33:20,474,0.00543981481481481,10,2,2.263096,598.6158,0.3534555,17047.94
2026-10-01 01:33:10,464,0.00532407407407407,10,2,2.26287,599.5139,0.3540941,17045.41
2026-10-01 01:33:00,454,0.00520833333333333,10,2,2.260394,596.5929,0.3538972,17046.3
2026-10-01 01:32:50,444,0.00509259259259259,10,2,2.259873,597.071,NA,17045.37
2026-10-01 01:32:40,434,0.00497685185185185,10,2,2.260217,597.152,NA,17044.36
2026-10-01 01:32:30,424,0.00486111111111111,10,2,2.259881,596.4938,0.3537574,17044.81
2026-10-01 01:32:20,414,0.00474537037037037,10,2,2.259356,595.0797,NA,17047.93
2026-10-01 01:32:10,404,0.00462962962962963,10,2,2.258785,595.1865,NA,17044.47
2026-10-01 01:32:00,394,0.00451388888888889,10,2,2.258991,595.4655,0.3547905,17043.36
2026-10-01 01:31:50,384,0.00439814814814815,10,2,2.259389,595.3627,NA,17041.7
2026-10-01 01:31:40,374,0.00428240740740741,10,2,2.255735,591.222,0.3538973,17040.42
2026-10-01 01:31:30,364,0.00416666666666667,10,2,2.254665,590.1658,0.3546919,17038.55
2026-10-01 01:31:20,354,0.00405092592592593,10,2,2.256452,590.0048,NA,17036.72
2026-10-01 01:31:10,344,0.00393518518518518,10,2,2.258839,591.0921,0.3554068,17036.94
2026-10-01 01:31:00,334,0.00381944444444444,10,2,2.260689,592.0302,0.3544791,17034.47
2026-10-01 01:30:50,325,0.0037037037037037,10,2,2.261079,590.6432,0.3556109,17035.98
2026-10-01 01:30:40,314,0.00358796296296296,10,2,2.262393,591.2305,0.3553963,17035.08
2026-10-01 01:30:30,304,0.00347222222222222,10,2,2.26127,588.9614,0.3555666,17032.77
2026-10-01 01:30:20,294,0.00335648148148148,10,2,2.264494,591.3611,0.3548134,17031.42
2026-10-01 01:30:10,284,0.00324074074074074,10,2,2.265631,592.6367,0.3553123,17031.25
2026-10-01 01:30:00,274,0.003125,10,2,2.25724,591.7457,0.3552432,17025.65
2026-10-01 01:29:50,264,0.00300925925925926,10,2,2.252647,589.8729,0.3550374,17022.6
2026-10-01 01:29:40,254,0.00289351851851852,10,2,2.245431,586.9759,0.3554281,17018.5
2026-10-01 01:29:30,244,0.00277777777777778,10,2,2.24245,585.6617,NA,17016.04
2026-10-01 01:29:20,234,0.00266203703703704,10,2,2.238183,582.6843,NA,17012.62
2026-10-01 01:29:10,224,0.0025462962962963,10,2,2.233067,579.9846,0.3540743,17011.33
2026-10-01 01:29:00,214,0.00243055555555556,10,2,2.229463,577.9882,NA,17008.94
2026-10-01 01:28:50,204,0.00231481481481481,10,2,2.227882,576.3064,0.3546014,17006.81
2026-10-01 01:28:40,194,0.00219907407407407,10,2,2.224242,572.6437,NA,17002.57
2026-10-01 01:28:30,184,0.00208333333333333,10,2,2.223646,571.8268,NA,17000.72
2026-10-01 01:28:20,174,0.00196759259259259,10,2,2.222573,570.5713,0.3544579,16998.65
2026-10-01 01:28:10,164,0.00185185185185185,10,2,2.229826,574.8532,NA,16998.48
2026-10-01 01:28:00,154,0.00173611111111111,10,2,2.231373,572.337,0.355711,16994.1
2026-10-01 01:27:50,144,0.00162037037037037,10,2,2.232465,571.5786,NA,16994.53
2026-10-01 01:27:40,134,0.00150462962962963,10,2,2.233784,571.354,0.3555404,16991.85
2026-10-01 01:27:30,124,0.00138888888888889,10,2,2.237399,572.4293,0.3555244,16991.5
2026-10-01 01:27:20,114,0.00127314814814815,10,2,2.234432,569.9278,0.3543535,16991.63
2026-10-01 01:27:10,104,0.00115740740740741,10,2,2.232488,568.966,0.3543478,16988.88
2026-10-01 01:27:00,94,0.00104166666666667,10,2,2.227444,566.8412,NA,16988.94
2026-10-01 01:26:50,84,0.000925925925925926,10,2,2.218902,560.6541,NA,16988.61
2026-10-01 01:26:40,74,0.000810185185185185,10,2,2.212397,558.6191,0.3537534,16987.13
2026-10-01 01:26:30,64,0.000694444444444444,10,2,2.207638,554.7111,0.3559256,16987.55
2026-10-01 01:26:20,54,0.000578703703703704,10,2,2.201159,552.8952,0.3539914,16987.46
2026-10-01 01:26:10,44,0.000462962962962963,10,2,2.201917,552.4526,0.3536077,16990.2
2026-10-01 01:26:00,34,0.000347222222222222,10,2,2.205982,554.4561,0.3553416,16991
2026-10-01 01:25:50,24,0.000231481481481481,10,2,2.224333,562.1434,0.3509366,16995.11
2026-10-01 01:25:40,14,0.000115740740740741,10,2,2.281965,595.3375,0.35339,17008.51
2026-10-01 01:25:30,4,0,10,2,2.277636,588.1795,0.3541905,17007.32
2026-10-01 01:25:20,0,0.00694444444444444,9,10,2.284384,601.4608,0.3539399,16987.56
2026-10-01 01:25:10,594,0.0068287037037037,9,10,2.279139,588.1151,0.3546789,16989.38
2026-10-01 01:25:00,584,0.00671296296296296,9,10,2.284833,574.7121,NA,17002.24
2026-10-01 01:24:50,574,0.00659722222222222,9,10,2.252672,553.2867,NA,17036.49
2026-10-01 01:24:40,564,0.00648148148148148,9,10,2.252021,552.4219,0.3539484,17096.29
2026-10-01 01:24:30,554,0.00636574074074074,9,10,2.249232,547.8344,0.3535156,17211.95
2026-10-01 01:24:20,544,0.00625,9,10,2.258796,545.1065,NA,17230.24
2026-10-01 01:24:10,534,0.00613425925925926,9,10,2.255232,544.2516,NA,17227.93
2026-10-01 01:24:00,524,0.00601851851851852,9,10,2.250236,541.706,NA,17223.81
2026-10-01 01:23:50,514,0.00590277777777778,9,10,2.247072,538.6751,0.35498,17224.32
2026-10-01 01:23:40,504,0.00578703703703704,9,10,2.243552,537.5483,NA,17223.33
2026-10-01 01:23:30,494,0.0056712962962963,9,10,2.236174,535.6469,0.355296,17223.48
2026-10-01 01:23:20,484,0.00555555555555556,9,10,2.232853,533.6002,0.3552719,17220.2
2026-10-01 01:23:10,474,0.00543981481481481,9,10,2.229108,531.8591,NA,17219.51
2026-10-01 01:23:00,464,0.00532407407407407,9,10,2.228628,531.4011,NA,17216.63
2026-10-01 01:22:50,454,0.00520833333333333,9,10,2.233461,531.7299,NA,17214.91
2026-10-01 01:22:40,444,0.00509259259259259,9,10,2.227365,530.2176,NA,17213.6
2026-10-01 01:22:30,434,0.00497685185185185,9,10,2.226996,531.0305,NA,17214.07
2026-10-01 01:22:20,424,0.00486111111111111,9,10,2.231255,532.8415,NA,17210.39
2026-10-01 01:22:10,414,0.00474537037037037,9,10,2.224249,532.1031,NA,17207.94
2026-10-01 01:22:00,404,0.00462962962962963,9,10,2.226977,532.3412,0.3539752,17207.21
2026-10-01 01:21:50,394,0.00451388888888889,9,10,2.223098,532.4099,0.3540122,17203.76
2026-10-01 01:21:40,384,0.00439814814814815,9,10,2.224463,531.6318,0.3540545,17202.45
2026-10-01 01:21:30,374,0.00428240740740741,9,10,2.224259,530.5452,0.3538315,17202.01
2026-10-01 01:21:20,364,0.00416666666666667,9,10,2.224499,530.6522,0.3550891,17201.18
2026-10-01 01:21:10,354,0.00405092592592593,9,10,2.220945,529.5923,0.3554111,17200.28
2026-10-01 01:21:00,344,0.00393518518518518,9,10,2.22308,529.4014,0.3552549,17199.8
2026-10-01 01:20:50,334,0.00381944444444444,9,10,2.21447,527.9857,0.3554517,17200.66
2026-10-01 01:20:40,324,0.0037037037037037,9,10,2.21358,526.8623,0.355326,17200.96
2026-10-01 01:20:30,314,0.00358796296296296,9,10,2.21326,527.8143,0.3537262,17202.86
2026-10-01 01:20:20,304,0.00347222222222222,9,10,2.210812,527.0097,0.3554303,17201.03
2026-10-01 01:20:10,294,0.00335648148148148,9,10,2.217646,528.1857,0.3538781,17201.39
2026-10-01 01:20:00,284,0.00324074074074074,9,10,2.213696,527.5095,NA,17202.24
2026-10-01 01:19:50,274,0.003125,9,10,2.211312,527.4438,NA,17200.8
2026-10-01 01:19:40,264,0.00300925925925926,9,10,2.207088,526.2704,NA,17201.45
2026-10-01 01:19:30,254,0.00289351851851852,9,10,2.205138,523.7763,0.3552769,17199.73
2026-10-01 01:19:20,244,0.00277777777777778,9,10,2.205894,525.4595,0.3552519,17197.98
2026-10-01 01:19:10,234,0.00266203703703704,9,10,2.194418,520.1304,0.3551523,17200.79
2026-10-01 01:19:00,224,0.0025462962962963,9,10,2.193718,519.4382,NA,17200.04
2026-10-01 01:18:50,214,0.00243055555555556,9,10,2.196573,520.8698,NA,17198.55
2026-10-01 01:18:40,204,0.00231481481481481,9,10,2.194514,522.3252,NA,17196.9
2026-10-01 01:18:30,194,0.00219907407407407,9,10,2.2017,526.4794,0.3556695,17197.22
2026-10-01 01:18:20,184,0.00208333333333333,9,10,2.211388,533.256,NA,17193.11
2026-10-01 01:18:10,174,0.00196759259259259,9,10,2.224043,540.6059,NA,17188.61
2026-10-01 01:18:00,164,0.00185185185185185,9,10,2.233976,547.2785,0.3555538,17184.2
2026-10-01 01:17:50,154,0.00173611111111111,9,10,2.241349,552.4425,NA,17179.18
2026-10-01 01:17:40,144,0.00162037037037037,9,10,2.243233,553.5207,0.3539183,17176.7
2026-10-01 01:17:30,134,0.00150462962962963,9,10,2.257923,561.079,0.3538027,17173.72
2026-10-01 01:17:20,124,0.00138888888888889,9,10,2.263029,562.3866,0.3537464,17170.22
2026-10-01 01:17:10,114,0.00127314814814815,9,10,2.244361,557.9141,0.354598,17166.39
2026-10-01 01:17:00,104,0.00115740740740741,9,10,2.244963,557.9214,0.3544697,17162.85
2026-10-01 01:16:50,94,0.00104166666666667,9,10,2.240968,555.6354,NA,17161.64
2026-10-01 01:16:40,84,0.000925925925925926,9,10,2.233208,551.3959,0.3553149,17157.22
2026-10-01 01:16:30,74,0.000810185185185185,9,10,2.230127,550.3707,0.3556519,17153.92
2026-10-01 01:16:20,64,0.000694444444444444,9,10,2.235763,552.0438,NA,17151.58
2026-10-01 01:16:10,54,0.000578703703703704,9,10,2.230824,551.5076,0.3551327,17147.08
2026-10-01 01:16:00,44,0.000462962962962963,9,10,2.231108,554.1516,0.3554439,17144.81
2026-10-01 01:15:50,35,0.000347222222222222,9,10,2.250058,564.9505,0.3551568,17139.01
2026-10-01 01:15:40,24,0.000231481481481481,9,10,2.273228,576.3638,NA,17132.24
2026-10-01 01:15:30,14,0.000115740740740741,9,10,2.364355,644.7203,NA,17122.07
2026-10-01 01:15:20,4,0,9,10,2.355031,644.0311,0.3540476,17111.48
2026-10-01 01:15:10,0,0.00694444444444444,8,7,2.346487,644.7034,0.3551421,17087.49
2026-10-01 01:15:00,594,0.0068287037037037,8,7,2.301534,581.3015,0.3556498,17082.04
2026-10-01 01:14:50,584,0.00671296296296296,8,7,2.286813,577.9982,NA,17076.26
2026-10-01 01:14:40,574,0.00659722222222222,8,7,2.29315,578.466,0.3545113,17067.28
2026-10-01 01:14:30,564,0.00648148148148148,8,7,2.28822,577.2935,NA,17078.84
2026-10-01 01:14:20,554,0.00636574074074074,8,7,2.269959,576.3826,NA,17112.64
2026-10-01 01:14:10,544,0.00625,8,7,2.263132,577.9821,0.3536808,17129.67
2026-10-01 01:14:00,534,0.00613425925925926,8,7,2.261384,577.3755,NA,17127.02
2026-10-01 01:13:50,524,0.00601851851851852,8,7,2.263409,578.6349,0.3540381,17124.84
2026-10-01 01:13:40,514,0.00590277777777778,8,7,2.266928,581.53,0.3541252,17123.28
2026-10-01 01:13:30,504,0.00578703703703704,8,7,2.266557,581.5793,0.3536455,17123.65
2026-10-01 01:13:20,494,0.0056712962962963,8,7,2.263441,578.7859,NA,17123.33
2026-10-01 01:13:10,484,0.00555555555555556,8,7,2.263007,578.6339,0.3540923,17123.83
2026-10-01 01:13:00,474,0.00543981481481481,8,7,2.265393,578.9005,NA,17121.79
2026-10-01 01:12:50,464,0.00532407407407407,8,7,2.265995,580.2605,NA,17120.05
2026-10-01 01:12:40,454,0.00520833333333333,8,7,2.270425,582.6774,0.3549838,17120.43
2026-10-01 01:12:30,444,0.00509259259259259,8,7,2.272869,584.8619,NA,17119.03
2026-10-01 01:12:20,434,0.00497685185185185,8,7,2.270493,584.2794,0.3537122,17118.42
2026-10-01 01:12:10,424,0.00486111111111111,8,7,2.269459,583.6965,0.3539219,17116.98
2026-10-01 01:12:00,414,0.00474537037037037,8,7,2.269047,584.2392,NA,17115.32
2026-10-01 01:11:50,404,0.00462962962962963,8,7,2.26353,581.2018,NA,17114.55
2026-10-01 01:11:40,394,0.00451388888888889,8,7,2.261433,579.3556,NA,17113.96
2026-10-01 01:11:30,384,0.00439814814814815,8,7,2.261898,579.5554,0.3540201,17111.54
2026-10-01 01:11:20,374,0.00428240740740741,8,7,2.261476,580.3236,0.353763,17110.75
2026-10-01 01:11:10,364,0.00416666666666667,8,7,2.258821,578.1745,0.3540612,17105.65
2026-10-01 01:11:00,354,0.00405092592592593,8,7,2.256063,575.3423,0.3553036,17100.67
2026-10-01 01:10:50,345,0.00393518518518518,8,7,2.253193,572.4483,0.3550627,17099.52
2026-10-01 01:10:40,334,0.00381944444444444,8,7,2.247297,566.624,0.3553361,17098.12
2026-10-01 01:10:30,324,0.0037037037037037,8,7,2.248402,567.197,0.3546637,17093.35
2026-10-01 01:10:20,315,0.00358796296296296,8,7,2.248921,567.5804,NA,17088.4
2026-10-01 01:10:10,304,0.00347222222222222,8,7,2.249552,567.8608,0.35415,17085.45
2026-10-01 01:10:00,294,0.00335648148148148,8,7,2.250078,568.3806,0.3543053,17083.51
2026-10-01 01:09:50,284,0.00324074074074074,8,7,2.248363,565.5825,NA,17081.77
2026-10-01 01:09:40,274,0.003125,8,7,2.245111,562.0332,0.3542556,17081.84
2026-10-01 01:09:30,264,0.00300925925925926,8,7,2.244765,561.6106,NA,17079.95
2026-10-01 01:09:20,254,0.00289351851851852,8,7,2.248319,563.2041,0.3541522,17081.07
2026-10-01 01:09:10,244,0.00277777777777778,8,7,2.252198,566.1441,0.3538607,17078.25
2026-10-01 01:09:00,234,0.00266203703703704,8,7,2.251647,565.3415,0.3550905,17076.61
2026-10-01 01:08:50,224,0.0025462962962963,8,7,2.247045,561.6855,0.3547899,17074.16
2026-10-01 01:08:40,214,0.00243055555555556,8,7,2.248925,563.3221,0.3552238,17074.73
2026-10-01 01:08:30,204,0.00231481481481481,8,7,2.2556,568.8141,0.3539321,17071.29
2026-10-01 01:08:20,194,0.00219907407407407,8,7,2.25986,568.1997,0.3537446,17069.86
2026-10-01 01:08:10,184,0.00208333333333333,8,7,2.274014,566.0447,NA,17065.6
2026-10-01 01:08:00,174,0.00196759259259259,8,7,2.247393,565.5967,NA,17063.06
2026-10-01 01:07:50,164,0.00185185185185185,8,7,2.246593,567.0279,NA,17061.59
2026-10-01 01:07:40,154,0.00173611111111111,8,7,2.254745,572.8374,0.3547915,17060.39
2026-10-01 01:07:30,144,0.00162037037037037,8,7,2.259714,576.9742,0.3536117,17056.8
2026-10-01 01:07:20,134,0.00150462962962963,8,7,2.263541,579.9326,NA,17055.86
2026-10-01 01:07:10,124,0.00138888888888889,8,7,2.263516,580.1672,0.355127,17057.07
2026-10-01 01:07:00,114,0.00127314814814815,8,7,2.267701,583.3746,0.3544124,17055.67
2026-10-01 01:06:50,104,0.00115740740740741,8,7,2.27062,585.806,0.3551372,17049.97
2026-10-01 01:06:40,94,0.00104166666666667,8,7,2.27207,587.4526,0.3551058,17048.07
2026-10-01 01:06:30,84,0.000925925925925926,8,7,2.274219,588.6251,0.355151,17045.06
2026-10-01 01:06:20,74,0.000810185185185185,8,7,2.275138,589.1526,0.355245,17043.57
2026-10-01 01:06:10,64,0.000694444444444444,8,7,2.273732,587.5969,0.354818,17039.73
2026-10-01 01:06:00,54,0.000578703703703704,8,7,2.282732,592.6334,0.3550576,17035.51
2026-10-01 01:05:50,45,0.000462962962962963,8,7,2.292762,598.9922,0.3546169,17030.51
2026-10-01 01:05:40,34,0.000347222222222222,8,7,2.295829,600.5999,NA,17026.62
2026-10-01 01:05:30,24,0.000231481481481481,8,7,2.310906,605.8572,NA,17017.96
2026-10-01 01:05:20,15,0.000115740740740741,8,7,2.390584,650.2721,0.3535785,17008.04
2026-10-01 01:05:10,4,0,8,7,2.361762,661.6042,0.3558067,16996.83
2026-10-01 01:05:00,0,0.00694444444444444,7,1,2.370564,657.2518,0.3555009,16977.11
2026-10-01 01:04:50,595,0.0068287037037037,7,1,2.346553,646.3755,0.355064,16977.16
2026-10-01 01:04:40,585,0.00671296296296296,7,1,2.317363,600.9302,0.3551914,16977.85
2026-10-01 01:04:30,575,0.00659722222222222,7,1,2.276931,590.0551,0.3558523,16986.75
2026-10-01 01:04:20,564,0.00648148148148148,7,1,2.278048,590.4092,0.3550385,17014.41
2026-10-01 01:04:10,554,0.00636574074074074,7,1,2.281873,591.7123,0.3554803,17111.61
2026-10-01 01:04:00,544,0.00625,7,1,2.302873,611.7308,0.355077,17134
2026-10-01 01:03:50,535,0.00613425925925926,7,1,2.302683,609.5739,0.3549416,17137.81
2026-10-01 01:03:40,525,0.00601851851851852,7,1,2.304506,610.4802,0.3548727,17136.63
2026-10-01 01:03:30,514,0.00590277777777778,7,1,2.304956,610.8588,NA,17135.27
2026-10-01 01:03:20,505,0.00578703703703704,7,1,2.306106,610.3705,0.3549178,17136.95
2026-10-01 01:03:10,495,0.0056712962962963,7,1,2.306726,610.1812,0.3547191,17136.68
2026-10-01 01:03:00,484,0.00555555555555556,7,1,2.307746,610.7134,0.3551985,17135.39
2026-10-01 01:02:50,475,0.00543981481481481,7,1,2.307097,610.1876,NA,17130.76
2026-10-01 01:02:40,465,0.00532407407407407,7,1,2.306277,608.3225,NA,17130.06
2026-10-01 01:02:30,455,0.00520833333333333,7,1,2.305522,607.9919,0.3550829,17128.25
2026-10-01 01:02:20,445,0.00509259259259259,7,1,2.303893,607.7751,0.3545698,17128.23
2026-10-01 01:02:10,435,0.00497685185185185,7,1,2.305545,607.1269,0.3549398,17125.49
2026-10-01 01:02:00,425,0.00486111111111111,7,1,2.306093,607.1167,0.3551868,17127.08
2026-10-01 01:01:50,415,0.00474537037037037,7,1,2.308958,606.9302,NA,17124.27
2026-10-01 01:01:40,405,0.00462962962962963,7,1,2.300672,607.173,0.3549688,17122.02
2026-10-01 01:01:30,395,0.00451388888888889,7,1,2.297469,607.0562,0.3541402,17118.49
2026-10-01 01:01:20,385,0.00439814814814815,7,1,2.296952,608.1955,0.3549756,17113.76
2026-10-01 01:01:10,375,0.00428240740740741,7,1,2.296491,608.9744,0.355093,17112.19
2026-10-01 01:01:00,365,0.00416666666666667,7,1,2.296466,607.6652,0.3538964,17109.52
2026-10-01 01:00:50,355,0.00405092592592593,7,1,2.296714,608.012,0.3550711,17107.23
2026-10-01 01:00:40,345,0.00393518518518518,7,1,2.29588,605.8815,0.3549854,17105.7
2026-10-01 01:00:30,335,0.00381944444444444,7,1,2.295998,605.5534,0.3551265,17099.2
2026-10-01 01:00:20,325,0.0037037037037037,7,1,2.295548,604.5797,0.3551223,17098.05
2026-10-01 01:00:10,314,0.00358796296296296,7,1,2.295914,604.5267,0.3549706,17096.96
2026-10-01 01:00:00,305,0.00347222222222222,7,1,2.29659,604.7435,0.3551697,17094.58
2026-10-01 00:59:50,295,0.00335648148148148,7,1,2.295704,603.717,0.3551049,17094.46
2026-10-01 00:59:40,285,0.00324074074074074,7,1,2.292555,602.0248,0.3548474,17093.76
2026-10-01 00:59:30,275,0.003125,7,1,2.288074,600.7036,NA,17091.63
2026-10-01 00:59:20,265,0.00300925925925926,7,1,2.284305,599.138,0.3544099,17092.43
2026-10-01 00:59:10,255,0.00289351851851852,7,1,2.284834,599.9042,0.3544437,17090.1
2026-10-01 00:59:00,245,0.00277777777777778,7,1,2.280612,599.0784,0.3538745,17086.4
2026-10-01 00:58:50,235,0.00266203703703704,7,1,2.28047,599.8493,0.3549371,17082.84
2026-10-01 00:58:40,225,0.0025462962962963,7,1,2.277264,598.8621,NA,17077.73
2026-10-01 00:58:30,215,0.00243055555555556,7,1,2.291669,606.1075,0.3546971,17072.82
2026-10-01 00:58:20,205,0.00231481481481481,7,1,2.290123,603.671,0.3548952,17067.33
2026-10-01 00:58:10,195,0.00219907407407407,7,1,2.293152,604.2155,NA,17062.51
2026-10-01 00:58:00,185,0.00208333333333333,7,1,2.297869,605.8876,0.354903,17056.31
2026-10-01 00:57:50,175,0.00196759259259259,7,1,2.304954,610.3669,0.354985,17053.5
2026-10-01 00:57:40,165,0.00185185185185185,7,1,2.302207,608.5529,NA,17048.14
2026-10-01 00:57:30,155,0.00173611111111111,7,1,2.300208,607.0959,0.3551763,17042.18
2026-10-01 00:57:20,145,0.00162037037037037,7,1,2.297849,608.4879,0.3552917,17039.35
2026-10-01 00:57:10,135,0.00150462962962963,7,1,2.292306,607.2173,0.3549771,17034.47
2026-10-01 00:57:00,125,0.00138888888888889,7,1,2.288547,606.6533,NA,17029.47
2026-10-01 00:56:50,115,0.00127314814814815,7,1,2.289277,606.4615,0.3542878,17023.92
2026-10-01 00:56:40,105,0.00115740740740741,7,1,2.28901,606.0285,NA,17018.88
2026-10-01 00:56:30,95,0.00104166666666667,7,1,2.288944,606.0634,0.355119,17012.6
2026-10-01 00:56:20,85,0.000925925925925926,7,1,2.292719,609.1091,0.3549243,17006.51
2026-10-01 00:56:10,75,0.000810185185185185,7,1,2.288275,607.5208,0.3548204,17000.2
2026-10-01 00:56:00,65,0.000694444444444444,7,1,2.28911,606.9382,0.3548662,16992.67
2026-10-01 00:55:50,55,0.000578703703703704,7,1,2.286855,605.8159,0.3548701,16984.51
2026-10-01 00:55:40,45,0.000462962962962963,7,1,2.291071,605.6506,0.3550669,16974.03
2026-10-01 00:55:30,35,0.000347222222222222,7,1,2.288551,604.1509,0.3544905,16960.77
2026-10-01 00:55:20,25,0.000231481481481481,7,1,2.341249,609.2516,0.3387885,16940.65
2026-10-01 00:55:10,15,0.000115740740740741,7,1,2.287649,618.9185,0.3561609,16930.59
2026-10-01 00:55:00,5,0,7,1,2.26201,601.8952,0.3559477,16920.24
2026-10-01 00:54:50,0,0.00694444444444444,6,6,2.263289,598.2302,NA,16897.12
2026-10-01 00:54:40,595,0.0068287037037037,6,6,2.252396,579.1826,NA,16893.84
2026-10-01 00:54:30,585,0.00671296296296296,6,6,2.260479,589.3102,0.3553092,16888.61
2026-10-01 00:54:20,575,0.00659722222222222,6,6,2.260715,582.2133,0.3555264,16893.11
2026-10-01 00:54:10,565,0.00648148148148148,6,6,2.245665,549.732,NA,16929.38
2026-10-01 00:54:00,555,0.00636574074074074,6,6,2.247274,549.7554,NA,17019.79
2026-10-01 00:53:50,545,0.00625,6,6,2.281036,556.142,0.35535,17031.39
2026-10-01 00:53:40,535,0.00613425925925926,6,6,2.235719,551.1211,0.354458,17027.79
2026-10-01 00:53:30,525,0.00601851851851852,6,6,2.220679,544.9089,0.3554432,17024.15
2026-10-01 00:53:20,515,0.00590277777777778,6,6,2.206341,536.9872,NA,17020.91
2026-10-01 00:53:10,505,0.00578703703703704,6,6,2.198205,532.2248,0.355291,17015.23
2026-10-01 00:53:00,494,0.0056712962962963,6,6,2.195668,529.2266,0.3552405,17013.21
2026-10-01 00:52:50,485,0.00555555555555556,6,6,2.192909,527.2841,0.3550968,17007.87
2026-10-01 00:52:40,475,0.00543981481481481,6,6,2.19569,528.9887,0.3549069,17004.95
2026-10-01 00:52:30,465,0.00532407407407407,6,6,2.197208,530.0802,0.355497,16998.98
2026-10-01 00:52:20,455,0.00520833333333333,6,6,2.195872,529.4135,NA,16994.67
2026-10-01 00:52:10,445,0.00509259259259259,6,6,2.194259,528.1816,NA,16990.08
2026-10-01 00:52:00,435,0.00497685185185185,6,6,2.196756,530.2742,NA,16987.36
2026-10-01 00:51:50,425,0.00486111111111111,6,6,2.200667,532.3624,0.3555921,16982.97
2026-10-01 00:51:40,415,0.00474537037037037,6,6,2.200589,531.6729,0.3550649,16977.69
2026-10-01 00:51:30,405,0.00462962962962963,6,6,2.199944,531.2786,NA,16972.87
2026-10-01 00:51:20,395,0.00451388888888889,6,6,2.20206,533.5926,0.355265,16970.79
2026-10-01 00:51:10,385,0.00439814814814815,6,6,2.195643,525.8671,0.3549307,16965.46
2026-10-01 00:51:00,375,0.00428240740740741,6,6,2.191576,521.6436,0.3548932,16961.89
2026-10-01 00:50:50,365,0.00416666666666667,6,6,2.187578,518.7392,0.355294,16956.22
2026-10-01 00:50:40,355,0.00405092592592593,6,6,2.188096,518.6514,0.3553197,16954.08
2026-10-01 00:50:30,345,0.00393518518518518,6,6,2.188566,518.1487,0.3554104,16951.24
2026-10-01 00:50:20,335,0.00381944444444444,6,6,2.187545,516.4867,0.3553146,16949.49
2026-10-01 00:50:10,325,0.0037037037037037,6,6,2.184785,515.486,0.3553987,16945.65
2026-10-01 00:50:00,315,0.00358796296296296,6,6,2.183282,514.3124,NA,16939.3
2026-10-01 00:49:50,305,0.00347222222222222,6,6,2.18456,515.3117,0.3553851,16934.85
2026-10-01 00:49:40,295,0.00335648148148148,6,6,2.183292,514.9712,0.3555761,16929.34
2026-10-01 00:49:30,285,0.00324074074074074,6,6,2.18459,517.1342,NA,16926.34
2026-10-01 00:49:20,275,0.003125,6,6,2.182785,515.5416,0.3556143,16919.47
2026-10-01 00:49:10,265,0.00300925925925926,6,6,2.184666,516.8659,0.3556519,16916.48
2026-10-01 00:49:00,255,0.00289351851851852,6,6,2.186434,517.2171,0.3555398,16913.24
2026-10-01 00:48:50,245,0.00277777777777778,6,6,2.186752,517.1722,NA,16908.44
2026-10-01 00:48:40,235,0.00266203703703704,6,6,2.187228,518.2311,0.3554863,16903.3
2026-10-01 00:48:30,225,0.0025462962962963,6,6,2.186211,516.7407,0.3555601,16899.52
2026-10-01 00:48:20,215,0.00243055555555556,6,6,2.18331,514.4321,0.355301,16896.86
2026-10-01 00:48:10,205,0.00231481481481481,6,6,2.18239,514.4493,NA,16892.39
2026-10-01 00:48:00,195,0.00219907407407407,6,6,2.187144,518.2908,NA,16886.05
2026-10-01 00:47:50,185,0.00208333333333333,6,6,2.186564,517.0687,0.3552517,16882.76
2026-10-01 00:47:40,175,0.00196759259259259,6,6,2.185884,515.5491,NA,16876.43
2026-10-01 00:47:30,165,0.00185185185185185,6,6,2.189201,518.0363,NA,16868.39
2026-10-01 00:47:20,155,0.00173611111111111,6,6,2.194785,522.6896,0.3552879,16863.72
2026-10-01 00:47:10,145,0.00162037037037037,6,6,2.192567,520.363,0.3556602,16854.78
2026-10-01 00:47:00,135,0.00150462962962963,6,6,2.188215,517.7311,0.3556478,16846.47
2026-10-01 00:46:50,125,0.00138888888888889,6,6,2.194881,523.2966,NA,16838.24
2026-10-01 00:46:40,115,0.00127314814814815,6,6,2.192884,523.0472,0.3555951,16826.62
2026-10-01 00:46:30,105,0.00115740740740741,6,6,2.188564,521.7056,NA,16818.86
2026-10-01 00:46:20,95,0.00104166666666667,6,6,2.191976,525.6704,0.3547185,16806.64
2026-10-01 00:46:10,84,0.000925925925925926,6,6,2.190899,526.1774,NA,16794.55
2026-10-01 00:46:00,74,0.000810185185185185,6,6,2.192983,527.4938,0.354176,16781.76
2026-10-01 00:45:50,65,0.000694444444444444,6,6,2.258162,558.0852,NA,16759.88
2026-10-01 00:45:40,55,0.000578703703703704,6,6,2.338816,625.2599,0.3508053,16743.91
2026-10-01 00:45:30,45,0.000462962962962963,6,6,2.334475,647.878,NA,16722.51
2026-10-01 00:45:20,35,0.000347222222222222,6,6,2.229732,551.1672,0.3570065,16699.41
2026-10-01 00:45:10,25,0.000231481481481481,6,6,2.214838,549.6954,0.3558147,16665.02
2026-10-01 00:45:00,15,0.000115740740740741,6,6,2.219449,554.1628,0.3568908,16654.67
2026-10-01 00:44:50,5,0,6,6,2.224399,556.7211,0.3545447,16705.85
2026-10-01 00:44:40,0,0.00694444444444444,5,3,2.234959,561.3473,0.3542729,16693.93
2026-10-01 00:44:30,595,0.0068287037037037,5,3,2.219887,553.5767,0.3550298,16699
2026-10-01 00:44:20,585,0.00671296296296296,5,3,2.231373,563.2196,0.3540625,16708.85
2026-10-01 00:44:10,575,0.00659722222222222,5,3,2.242779,572.1753,0.3550132,16725.89
2026-10-01 00:44:00,565,0.00648148148148148,5,3,2.252434,573.2758,0.3524572,16798.56
2026-10-01 00:43:50,555,0.00636574074074074,5,3,2.236462,552.176,NA,16921.35
2026-10-01 00:43:40,545,0.00625,5,3,2.239068,564.6837,0.3553714,16941.88
2026-10-01 00:43:30,535,0.00613425925925926,5,3,2.246426,569.5182,0.3548272,16938.9
2026-10-01 00:43:20,525,0.00601851851851852,5,3,2.255206,574.7334,0.3550243,16937.24
2026-10-01 00:43:10,515,0.00590277777777778,5,3,2.25646,574.2047,NA,16937.47
2026-10-01 00:43:00,505,0.00578703703703704,5,3,2.259318,573.3833,0.354904,16937.93
2026-10-01 00:42:50,495,0.0056712962962963,5,3,2.258583,571.2581,NA,16934.02
2026-10-01 00:42:40,485,0.00555555555555556,5,3,2.2532,568.535,0.3552412,16931.23
2026-10-01 00:42:30,474,0.00543981481481481,5,3,2.23756,563.3982,0.3543749,16929.68
2026-10-01 00:42:20,465,0.00532407407407407,5,3,2.236305,562.8371,0.3548543,16927.56
2026-10-01 00:42:10,455,0.00520833333333333,5,3,2.236467,562.3569,0.3552799,16926.12
2026-10-01 00:42:00,445,0.00509259259259259,5,3,2.232612,559.9129,0.3544871,16925.13
2026-10-01 00:41:50,435,0.00497685185185185,5,3,2.233452,559.98,NA,16925.88
2026-10-01 00:41:40,425,0.00486111111111111,5,3,2.231954,558.9503,0.3549811,16926.37
2026-10-01 00:41:30,415,0.00474537037037037,5,3,2.232897,559.0602,0.3556183,16922.25
2026-10-01 00:41:20,405,0.00462962962962963,5,3,2.227627,555.506,0.3554032,16922.04
2026-10-01 00:41:10,395,0.00451388888888889,5,3,2.22534,554.6162,0.3553273,16920.68
2026-10-01 00:41:00,385,0.00439814814814815,5,3,2.222322,553.2906,NA,16915.92
2026-10-01 00:40:50,375,0.00428240740740741,5,3,2.222193,552.267,0.3550197,16915.21
2026-10-01 00:40:40,365,0.00416666666666667,5,3,2.221632,551.2529,0.3555245,16911.77
2026-10-01 00:40:30,355,0.00405092592592593,5,3,2.221668,551.4588,0.3547103,16913.78
2026-10-01 00:40:20,345,0.00393518518518518,5,3,2.22481,553.4214,0.3554197,16912.62
2026-10-01 00:40:10,335,0.00381944444444444,5,3,2.219318,551.0292,0.3549858,16912.26
2026-10-01 00:40:00,325,0.0037037037037037,5,3,2.217814,549.8978,0.3548975,16912.61
2026-10-01 00:39:50,315,0.00358796296296296,5,3,2.220822,552.7314,0.3552837,16911.87
2026-10-01 00:39:40,305,0.00347222222222222,5,3,2.222154,554.1939,NA,16910.63
2026-10-01 00:39:30,295,0.00335648148148148,5,3,2.225097,556.6895,NA,16912.67
2026-10-01 00:39:20,285,0.00324074074074074,5,3,2.229819,559.6309,0.3552969,16910.27
2026-10-01 00:39:10,275,0.003125,5,3,2.2348,563.959,0.3551894,16909.81
2026-10-01 00:39:00,264,0.00300925925925926,5,3,2.238115,565.5942,0.3550616,16908.54
2026-10-01 00:38:50,255,0.00289351851851852,5,3,2.241464,568.2029,0.3548386,16908.96
2026-10-01 00:38:40,245,0.00277777777777778,5,3,2.24416,569.4885,0.3548973,16908.05
2026-10-01 00:38:30,235,0.00266203703703704,5,3,2.247138,570.9576,0.3552192,16907.72
2026-10-01 00:38:20,225,0.0025462962962963,5,3,2.249055,571.7007,0.3551408,16907.76
2026-10-01 00:38:10,215,0.00243055555555556,5,3,2.252053,571.1264,0.3546944,16907.63
2026-10-01 00:38:00,205,0.00231481481481481,5,3,2.254557,570.7902,NA,16905.92
2026-10-01 00:37:50,195,0.00219907407407407,5,3,2.236595,568.1434,NA,16902.83
2026-10-01 00:37:40,185,0.00208333333333333,5,3,2.235223,568.4758,0.3547939,16902.22
2026-10-01 00:37:30,175,0.00196759259259259,5,3,2.23445,567.0597,0.3541667,16899.07
2026-10-01 00:37:20,165,0.00185185185185185,5,3,2.233472,566.8678,NA,16898.7
2026-10-01 00:37:10,155,0.00173611111111111,5,3,2.233275,566.4395,0.355341,16896.24
2026-10-01 00:37:00,145,0.00162037037037037,5,3,2.233184,566.9683,0.3553411,16891.96
2026-10-01 00:36:50,135,0.00150462962962963,5,3,2.231248,565.9806,0.3550865,16891.12
2026-10-01 00:36:40,125,0.00138888888888889,5,3,2.227492,563.7611,0.3553018,16889.8
2026-10-01 00:36:30,115,0.00127314814814815,5,3,2.231395,565.1752,0.3552578,16886.29
2026-10-01 00:36:20,105,0.00115740740740741,5,3,2.238755,569.6921,NA,16885.08
2026-10-01 00:36:10,95,0.00104166666666667,5,3,2.246353,574.2813,0.3556247,16881.72
2026-10-01 00:36:00,85,0.000925925925925926,5,3,2.259513,578.354,NA,16880.92
2026-10-01 00:35:50,75,0.000810185185185185,5,3,2.270328,581.2633,0.3549966,16878.52
2026-10-01 00:35:40,65,0.000694444444444444,5,3,2.26602,582.5815,0.3544787,16874.74
2026-10-01 00:35:30,54,0.000578703703703704,5,3,2.256342,581.0792,0.3543274,16873.21
2026-10-01 00:35:20,45,0.000462962962962963,5,3,2.260263,582.3221,0.3546109,16869.4
2026-10-01 00:35:10,35,0.000347222222222222,5,3,2.262868,583.3393,0.3550101,16867.24
2026-10-01 00:35:00,25,0.000231481481481481,5,3,2.262248,584.7658,0.3550445,16865.15
2026-10-01 00:34:50,15,0.000115740740740741,5,3,2.264911,585.6597,NA,16862.29
2026-10-01 00:34:40,5,0,5,3,2.276183,591.5265,0.350599,16860.37
2026-10-01 00:34:30,0,0.00694444444444444,4,12,2.344935,638.9229,0.3503379,16855.16
2026-10-01 00:34:20,595,0.0068287037037037,4,12,2.377679,672.5115,NA,16849.65
2026-10-01 00:34:10,585,0.00671296296296296,4,12,2.334219,669.2097,NA,16846.79
2026-10-01 00:34:00,575,0.00659722222222222,4,12,2.244694,561.601,NA,16851.39
2026-10-01 00:33:50,565,0.00648148148148148,4,12,2.241815,561.2927,NA,16864
2026-10-01 00:33:40,555,0.00636574074074074,4,12,2.247151,563.3025,0.3550158,16962.51
2026-10-01 00:33:30,545,0.00625,4,12,2.280377,576.2907,0.3547708,17038.76
2026-10-01 00:33:20,535,0.00613425925925926,4,12,2.291231,576.0491,0.3543258,17041
2026-10-01 00:33:10,525,0.00601851851851852,4,12,2.309979,574.0681,0.3547443,17044.07
2026-10-01 00:33:00,515,0.00590277777777778,4,12,2.307879,574.0217,NA,17044.55
2026-10-01 00:32:50,505,0.00578703703703704,4,12,2.305689,573.1773,0.3543337,17042.8
2026-10-01 00:32:40,495,0.0056712962962963,4,12,2.302688,572.717,NA,17042.78
2026-10-01 00:32:30,485,0.00555555555555556,4,12,2.300391,572.42,0.3551816,17042.27
2026-10-01 00:32:20,475,0.00543981481481481,4,12,2.297284,571.0657,NA,17041.61
2026-10-01 00:32:10,465,0.00532407407407407,4,12,2.294171,570.8875,0.3551196,17040.44
2026-10-01 00:32:00,454,0.00520833333333333,4,12,2.292145,569.893,0.3545482,17037.09
2026-10-01 00:31:50,445,0.00509259259259259,4,12,2.289022,569.1666,0.3549845,17037.44
2026-10-01 00:31:40,435,0.00497685185185185,4,12,2.285974,568.1902,0.3550722,17036.56
2026-10-01 00:31:30,425,0.00486111111111111,4,12,2.284206,566.9468,NA,17037.26
2026-10-01 00:31:20,415,0.00474537037037037,4,12,2.282664,566.9894,NA,17038.42
2026-10-01 00:31:10,405,0.00462962962962963,4,12,2.28192,567.123,0.3549275,17038.54
2026-10-01 00:31:00,395,0.00451388888888889,4,12,2.28011,566.9545,0.3548029,17040.72
2026-10-01 00:30:50,385,0.00439814814814815,4,12,2.277729,566.9612,0.3538968,17039.88
2026-10-01 00:30:40,375,0.00428240740740741,4,12,2.276203,566.8789,0.3548613,17038.74
2026-10-01 00:30:30,365,0.00416666666666667,4,12,2.273862,566.798,0.3548852,17039.54
2026-10-01 00:30:20,355,0.00405092592592593,4,12,2.271943,566.0621,NA,17037.64
2026-10-01 00:30:10,345,0.00393518518518518,4,12,2.268925,564.9847,NA,17036.59
2026-10-01 00:30:00,335,0.00381944444444444,4,12,2.267244,564.3201,NA,17035.07
2026-10-01 00:29:50,325,0.0037037037037037,4,12,2.265162,564.5924,NA,17030.9
2026-10-01 00:29:40,315,0.00358796296296296,4,12,2.263856,564.7581,0.3550769,17027.36
2026-10-01 00:29:30,305,0.00347222222222222,4,12,2.261695,563.7401,0.3547066,17023.8
2026-10-01 00:29:20,295,0.00335648148148148,4,12,2.260337,563.4523,0.3551544,17022.81
2026-10-01 00:29:10,285,0.00324074074074074,4,12,2.259011,563.8282,0.354865,17017.28
2026-10-01 00:29:00,275,0.003125,4,12,2.256934,563.3278,NA,17013.29
2026-10-01 00:28:50,265,0.00300925925925926,4,12,2.254446,562.4819,0.3549058,17007.59
2026-10-01 00:28:40,255,0.00289351851851852,4,12,2.253223,562.085,0.3547073,17005.32
2026-10-01 00:28:30,244,0.00277777777777778,4,12,2.250959,561.7952,0.3546646,17003.28
2026-10-01 00:28:20,234,0.00266203703703704,4,12,2.248797,560.9043,0.3548065,17001.61
2026-10-01 00:28:10,225,0.0025462962962963,4,12,2.245995,559.6044,0.3549591,17003.64
2026-10-01 00:28:00,215,0.00243055555555556,4,12,2.242002,558.9167,0.3551017,17005.06
2026-10-01 00:27:50,205,0.00231481481481481,4,12,2.239708,558.5527,0.3550698,17004.92
2026-10-01 00:27:40,195,0.00219907407407407,4,12,2.238273,557.743,0.3548354,17001.86
2026-10-01 00:27:30,185,0.00208333333333333,4,12,2.233907,556.4802,0.354884,16999.77
2026-10-01 00:27:20,175,0.00196759259259259,4,12,2.231787,555.671,0.3550706,17001.01
2026-10-01 00:27:10,165,0.00185185185185185,4,12,2.230284,554.7734,NA,16998.58
2026-10-01 00:27:00,155,0.00173611111111111,4,12,2.231407,556.5783,0.3546613,16996.75
2026-10-01 00:26:50,145,0.00162037037037037,4,12,2.23388,556.8397,NA,16995.99
2026-10-01 00:26:40,135,0.00150462962962963,4,12,2.232659,555.0808,0.3550408,16995.11
2026-10-01 00:26:30,125,0.00138888888888889,4,12,2.236917,558.6005,0.3544603,16992.55
2026-10-01 00:26:20,115,0.00127314814814815,4,12,2.23346,556.5045,0.3552607,16990.78
2026-10-01 00:26:10,105,0.00115740740740741,4,12,2.233981,556.3941,0.3547306,16989.24
2026-10-01 00:26:00,95,0.00104166666666667,4,12,2.238804,559.7449,0.3551396,16987.13
2026-10-01 00:25:50,85,0.000925925925925926,4,12,2.249385,564.7815,NA,16983.45
2026-10-01 00:25:40,75,0.000810185185185185,4,12,2.260579,570.8273,NA,16982.54
2026-10-01 00:25:30,65,0.000694444444444444,4,12,2.273134,577.4595,0.3550516,16981.1
2026-10-01 00:25:20,55,0.000578703703703704,4,12,2.279221,582.3508,0.3548549,16979.11
2026-10-01 00:25:10,45,0.000462962962962963,4,12,2.284769,585.2349,NA,16978.58
2026-10-01 00:25:00,34,0.000347222222222222,4,12,2.28387,583.2908,0.3548065,16977.62
2026-10-01 00:24:50,25,0.000231481481481481,4,12,2.291324,583.4832,0.3548207,16978.62
2026-10-01 00:24:40,15,0.000115740740740741,4,12,2.281025,580.8378,0.3536754,16981.88
2026-10-01 00:24:30,5,0,4,12,2.27574,577.0118,0.3550845,16961.64
2026-10-01 00:24:20,0,0.00694444444444444,3,9,2.277259,577.1505,NA,16907.93
2026-10-01 00:24:10,595,0.0068287037037037,3,9,2.276827,576.2271,0.3546165,16907.56
2026-10-01 00:24:00,585,0.00671296296296296,3,9,2.271939,572.0212,0.3548894,16904.04
2026-10-01 00:23:50,575,0.00659722222222222,3,9,2.263309,566.8292,0.3542935,16903.21
2026-10-01 00:23:40,565,0.00648148148148148,3,9,2.247799,557.1096,0.3548068,16900.76
2026-10-01 00:23:30,555,0.00636574074074074,3,9,2.231656,547.7778,0.354588,16897.18
2026-10-01 00:23:20,545,0.00625,3,9,2.224544,544.0742,NA,16894.73
2026-10-01 00:23:10,535,0.00613425925925926,3,9,2.217571,540.2963,0.3545066,16893.84
2026-10-01 00:23:00,525,0.00601851851851852,3,9,2.21437,538.9634,0.3546549,16889.01
2026-10-01 00:22:50,515,0.00590277777777778,3,9,2.213476,538.72,NA,16883.54
2026-10-01 00:22:40,505,0.00578703703703704,3,9,2.210777,537.0412,0.3550501,16880.17
2026-10-01 00:22:30,495,0.0056712962962963,3,9,2.209219,534.2053,0.3549198,16877.31
2026-10-01 00:22:20,485,0.00555555555555556,3,9,2.20779,533.338,0.3546791,16873.65
2026-10-01 00:22:10,475,0.00543981481481481,3,9,2.199914,528.4758,0.3549037,16872.68
2026-10-01 00:22:00,465,0.00532407407407407,3,9,2.201846,529.7525,0.3548226,16873.09
2026-10-01 00:21:50,455,0.00520833333333333,3,9,2.202559,530.4305,0.35455,16870.85
2026-10-01 00:21:40,445,0.00509259259259259,3,9,2.197856,527.8267,NA,16869.36
2026-10-01 00:21:30,435,0.00497685185185185,3,9,2.203003,532.0809,NA,16864.4
2026-10-01 00:21:20,424,0.00486111111111111,3,9,2.200431,531.2866,0.354786,16859.12
2026-10-01 00:21:10,415,0.00474537037037037,3,9,2.198869,529.8645,NA,16855.33
2026-10-01 00:21:00,405,0.00462962962962963,3,9,2.197715,529.6389,0.3538276,16850.93
2026-10-01 00:20:50,395,0.00451388888888889,3,9,2.198689,531.5687,0.3545318,16845.04
2026-10-01 00:20:40,385,0.00439814814814815,3,9,2.200709,534.2467,0.3547236,16841.18
2026-10-01 00:20:30,375,0.00428240740740741,3,9,2.203149,537.934,NA,16838.79
2026-10-01 00:20:20,365,0.00416666666666667,3,9,2.199933,534.1406,0.3545815,16836.29
2026-10-01 00:20:10,355,0.00405092592592593,3,9,2.201037,534.6274,0.3539355,16831.68
2026-10-01 00:20:00,345,0.00393518518518518,3,9,2.2022,535.1025,0.3538694,16832.12
2026-10-01 00:19:50,335,0.00381944444444444,3,9,2.198583,529.6755,0.3547656,16828.22
2026-10-01 00:19:40,325,0.0037037037037037,3,9,2.197866,528.4872,NA,16822.52
2026-10-01 00:19:30,315,0.00358796296296296,3,9,2.196989,528.6794,NA,16820.84
2026-10-01 00:19:20,305,0.00347222222222222,3,9,2.196588,527.5732,0.3546606,16819.87
2026-10-01 00:19:10,295,0.00335648148148148,3,9,2.191819,525.2345,0.3547718,16815.43
2026-10-01 00:19:00,285,0.00324074074074074,3,9,2.186581,522.6985,0.3542054,16815.61
2026-10-01 00:18:50,275,0.003125,3,9,2.185246,522.5535,0.3547845,16817.23
2026-10-01 00:18:40,265,0.00300925925925926,3,9,2.182379,520.296,0.3546635,16816.93
2026-10-01 00:18:30,255,0.00289351851851852,3,9,2.182292,520.4086,0.3550165,16816.35
2026-10-01 00:18:20,245,0.00277777777777778,3,9,2.179676,517.9827,NA,16814.42
2026-10-01 00:18:10,235,0.00266203703703704,3,9,2.177532,516.2172,NA,16817.33
2026-10-01 00:18:00,225,0.0025462962962963,3,9,2.175623,514.9133,0.3552388,16812.26
2026-10-01 00:17:50,214,0.00243055555555556,3,9,2.174284,513.2978,0.3549792,16809.67
2026-10-01 00:17:40,204,0.00231481481481481,3,9,2.170118,509.8241,0.3546767,16805.77
2026-10-01 00:17:30,195,0.00219907407407407,3,9,2.166729,507.7833,0.3548464,16798.14
2026-10-01 00:17:20,185,0.00208333333333333,3,9,2.164183,505.2862,NA,16794.92
2026-10-01 00:17:10,175,0.00196759259259259,3,9,2.165086,506.9935,0.3548616,16786.5
2026-10-01 00:17:00,165,0.00185185185185185,3,9,2.165512,506.3754,0.3549022,16781.16
2026-10-01 00:16:50,155,0.00173611111111111,3,9,2.165944,508.3926,NA,16773.56
2026-10-01 00:16:40,145,0.00162037037037037,3,9,2.166927,510.8118,0.3549511,16767.12
2026-10-01 00:16:30,135,0.00150462962962963,3,9,2.166752,510.2639,0.3544424,16761.65
2026-10-01 00:16:20,125,0.00138888888888889,3,9,2.172938,516.1238,NA,16756.5
2026-10-01 00:16:10,115,0.00127314814814815,3,9,2.173198,517.6153,NA,16748.95
2026-10-01 00:16:00,105,0.00115740740740741,3,9,2.169973,514.6284,0.3546705,16741.32
2026-10-01 00:15:50,95,0.00104166666666667,3,9,2.168755,514.7874,0.3549264,16733.77
2026-10-01 00:15:40,85,0.000925925925925926,3,9,2.172019,516.3408,0.3550393,16724.14
2026-10-01 00:15:30,75,0.000810185185185185,3,9,2.177218,520.4905,0.3543706,16712.84
2026-10-01 00:15:20,65,0.000694444444444444,3,9,2.183764,525.5093,0.3549576,16700.24
2026-10-01 00:15:10,55,0.000578703703703704,3,9,2.19846,538.7136,0.354718,16687.18
2026-10-01 00:15:00,45,0.000462962962962963,3,9,2.209216,547.3414,0.3538752,16667.93
2026-10-01 00:14:50,35,0.000347222222222222,3,9,2.210794,548.4246,0.3541908,16646.57
2026-10-01 00:14:40,25,0.000231481481481481,3,9,2.274989,574.9168,0.3439242,16608.63
2026-10-01 00:14:30,15,0.000115740740740741,3,9,2.256476,594.405,0.3552073,16566.61
2026-10-01 00:14:20,5,0,3,9,2.220738,553.7563,NA,16540.09
2026-10-01 00:14:10,0,0.00694444444444444,2,5,2.22088,552.4831,NA,16513.28
2026-10-01 00:14:00,594,0.0068287037037037,2,5,2.222008,553.1444,0.3539479,16501.09
2026-10-01 00:13:50,585,0.00671296296296296,2,5,2.2214,551.9875,NA,16490.14
2026-10-01 00:13:40,575,0.00659722222222222,2,5,2.225951,553.7977,0.3541327,16479.36
2026-10-01 00:13:30,565,0.00648148148148148,2,5,2.224211,551.1912,0.3534973,16497.04
2026-10-01 00:13:20,555,0.00636574074074074,2,5,2.225347,549.4551,0.3530754,16525.26
2026-10-01 00:13:10,545,0.00625,2,5,2.233701,562.6359,0.354257,16543.43
2026-10-01 00:13:00,535,0.00613425925925926,2,5,2.228246,558.1077,0.3548948,16541.66
2026-10-01 00:12:50,525,0.00601851851851852,2,5,2.229665,559.092,0.3546261,16541.16
2026-10-01 00:12:40,515,0.00590277777777778,2,5,2.223564,554.3102,0.3547757,16538.42
2026-10-01 00:12:30,505,0.00578703703703704,2,5,2.223892,554.8422,0.3549064,16537.32
2026-10-01 00:12:20,495,0.0056712962962963,2,5,2.22542,555.8113,0.3545621,16533.72
2026-10-01 00:12:10,485,0.00555555555555556,2,5,2.225259,555.1442,0.3547588,16534.59
2026-10-01 00:12:00,475,0.00543981481481481,2,5,2.228156,556.8184,0.3551898,16534.18
2026-10-01 00:11:50,465,0.00532407407407407,2,5,2.236629,560.235,0.3546158,16530.93
2026-10-01 00:11:40,455,0.00520833333333333,2,5,2.23138,559.0468,0.3548113,16526.99
2026-10-01 00:11:30,445,0.00509259259259259,2,5,2.229264,558.5007,0.3544831,16523.21
2026-10-01 00:11:20,435,0.00497685185185185,2,5,2.228796,557.7,0.3539386,16516.78
2026-10-01 00:11:10,425,0.00486111111111111,2,5,2.230258,558.7553,NA,16512.87
2026-10-01 00:11:00,415,0.00474537037037037,2,5,2.22995,558.0786,0.3534915,16510.04
2026-10-01 00:10:50,405,0.00462962962962963,2,5,2.232926,560.6272,0.3532705,16507.78
2026-10-01 00:10:40,394,0.00451388888888889,2,5,2.234616,561.4453,0.3548293,16506.94
2026-10-01 00:10:30,385,0.00439814814814815,2,5,2.234751,560.7835,NA,16506.21
2026-10-01 00:10:20,375,0.00428240740740741,2,5,2.236209,561.5297,0.3548982,16506.36
2026-10-01 00:10:10,365,0.00416666666666667,2,5,2.235588,561.0797,0.3550932,16504.51
2026-10-01 00:10:00,355,0.00405092592592593,2,5,2.233623,559.8091,0.3542513,16504.62
2026-10-01 00:09:50,345,0.00393518518518518,2,5,2.230622,556.6215,0.3550747,16503.12
2026-10-01 00:09:40,335,0.00381944444444444,2,5,2.230624,556.3807,0.353606,16501.03
2026-10-01 00:09:30,325,0.0037037037037037,2,5,2.224699,553.696,0.3551445,16498.82
2026-10-01 00:09:20,315,0.00358796296296296,2,5,2.225529,553.1711,NA,16494.35
2026-10-01 00:09:10,305,0.00347222222222222,2,5,2.226655,554.9434,0.3547852,16490.61
2026-10-01 00:09:00,295,0.00335648148148148,2,5,2.228664,557.1604,0.3547972,16488.7
2026-10-01 00:08:50,285,0.00324074074074074,2,5,2.235695,564.1483,0.3544038,16486.64
2026-10-01 00:08:40,275,0.003125,2,5,2.23748,565.3076,0.3551296,16482.99
2026-10-01 00:08:30,265,0.00300925925925926,2,5,2.238173,566.1302,NA,16479.2
2026-10-01 00:08:20,255,0.00289351851851852,2,5,2.23997,567.2413,0.354757,16480.03
2026-10-01 00:08:10,245,0.00277777777777778,2,5,2.24173,568.51,0.3551684,16477.13
2026-10-01 00:08:00,235,0.00266203703703704,2,5,2.240675,566.2174,0.354931,16474.15
2026-10-01 00:07:50,225,0.0025462962962963,2,5,2.239621,564.5307,0.3534899,16471.33
2026-10-01 00:07:40,215,0.00243055555555556,2,5,2.244564,568.627,0.3552126,16468.64
2026-10-01 00:07:30,205,0.00231481481481481,2,5,2.251288,572.3115,0.3544753,16467.1
2026-10-01 00:07:20,195,0.00219907407407407,2,5,2.256459,573.9672,0.3551458,16468.98
2026-10-01 00:07:10,184,0.00208333333333333,2,5,2.253863,571.8088,NA,16463.14
2026-10-01 00:07:00,175,0.00196759259259259,2,5,2.254438,571.7089,0.3547839,16464.57
2026-10-01 00:06:50,165,0.00185185185185185,2,5,2.242147,565.5555,0.3545846,16462.32
2026-10-01 00:06:40,155,0.00173611111111111,2,5,2.238104,563.758,0.3551107,16461.1
2026-10-01 00:06:30,145,0.00162037037037037,2,5,2.247875,569.7328,0.3550757,16461.43
2026-10-01 00:06:20,135,0.00150462962962963,2,5,2.253672,574.0068,0.3549066,16458.53
2026-10-01 00:06:10,125,0.00138888888888889,2,5,2.259287,577.3462,0.3549957,16454.3
2026-10-01 00:06:00,115,0.00127314814814815,2,5,2.261661,578.6942,0.3539897,16447.68
2026-10-01 00:05:50,105,0.00115740740740741,2,5,2.260691,578.4402,0.3550595,16445.46
2026-10-01 00:05:40,95,0.00104166666666667,2,5,2.263843,580.6904,0.3549367,16443.52
2026-10-01 00:05:30,85,0.000925925925925926,2,5,2.264518,580.9277,NA,16442.5
2026-10-01 00:05:20,75,0.000810185185185185,2,5,2.269655,584.7391,0.3551522,16443.21
2026-10-01 00:05:10,65,0.000694444444444444,2,5,2.269411,584.7272,0.3533747,16443.96
2026-10-01 00:05:00,55,0.000578703703703704,2,5,2.271167,585.743,0.3551155,16442.61
2026-10-01 00:04:50,45,0.000462962962962963,2,5,2.272518,586.6928,0.3548493,16442.84
2026-10-01 00:04:40,35,0.000347222222222222,2,5,2.276531,589.6873,NA,16444.24
2026-10-01 00:04:30,25,0.000231481481481481,2,5,2.280674,590.4161,0.3527769,16446.19
2026-10-01 00:04:20,15,0.000115740740740741,2,5,2.277393,579.0993,NA,16450.85
2026-10-01 00:04:10,5,0,2,5,2.311408,617.8754,NA,16460
2026-10-01 00:04:00,0,0.00555555555555556,1,8,2.318549,596.6895,0.3557527,16450.42
2026-10-01 00:03:50,595,0.00543981481481481,1,8,2.316428,586.6242,NA,16455.54
2026-10-01 00:03:40,584,0.00532407407407407,1,8,2.292813,567.6938,NA,16464.07
2026-10-01 00:03:30,574,0.00520833333333333,1,8,2.293062,568.3306,0.3544928,16484.7
2026-10-01 00:03:20,565,0.00509259259259259,1,8,2.2966,570.9333,0.3537066,16556.2
2026-10-01 00:03:10,555,0.00497685185185185,1,8,2.301819,572.3602,0.3538452,16675.23
2026-10-01 00:03:00,545,0.00486111111111111,1,8,2.34102,587.1739,0.3553644,16691.97
2026-10-01 00:02:50,535,0.00474537037037037,1,8,2.337049,585.4323,0.3554119,16684.67
2026-10-01 00:02:40,525,0.00462962962962963,1,8,2.342546,586.2243,0.3550979,16679.01
2026-10-01 00:02:30,515,0.00451388888888889,1,8,2.338295,587.4982,NA,16673.23
2026-10-01 00:02:20,505,0.00439814814814815,1,8,2.336118,587.8657,NA,16667.8
2026-10-01 00:02:10,495,0.00428240740740741,1,8,2.338211,590.4811,0.3555449,16665.49
2026-10-01 00:02:00,485,0.00416666666666667,1,8,2.344736,591.6146,NA,16663.57
2026-10-01 00:01:50,475,0.00405092592592593,1,8,2.327875,588.8062,0.3543974,16659.29
2026-10-01 00:01:40,465,0.00393518518518518,1,8,2.326653,587.2437,0.3552069,16652.81
2026-10-01 00:01:30,455,0.00381944444444444,1,8,2.325051,587.1647,0.3553319,16651.54
2026-10-01 00:01:20,445,0.0037037037037037,1,8,2.323371,586.7768,0.3551902,16648.2
2026-10-01 00:01:10,435,0.00358796296296296,1,8,2.323153,584.4572,NA,16647.86
2026-10-01 00:01:00,425,0.00347222222222222,1,8,2.319072,582.2618,NA,16647.36
2026-10-01 00:00:50,414,0.00335648148148148,1,8,2.307939,579.1868,NA,16643.71
2026-10-01 00:00:40,405,0.00324074074074074,1,8,2.301572,577.9971,0.355411,16641.52
2026-10-01 00:00:30,395,0.003125,1,8,2.304476,577.8839,0.3550071,16641.26
2026-10-01 00:00:20,385,0.00300925925925926,1,8,2.310111,577.1621,0.3549342,16644.5
2026-10-01 00:00:10,374,0.00289351851851852,1,8,2.295471,574.847,0.3538,16644.52
2026-10-01 00:00:00,364,0.00277777777777778,1,8,2.310447,575.7509,NA,16640.31
2026-09-30 23:59:50,355,0.00266203703703704,1,8,2.297114,574.1632,NA,16640.4
2026-09-30 23:59:40,345,0.0025462962962963,1,8,2.28967,573.61,NA,16641.75
2026-09-30 23:59:30,335,0.00243055555555556,1,8,2.299579,574.5786,0.3554734,16641.32
2026-09-30 23:59:20,325,0.00231481481481481,1,8,2.303053,575.4376,0.3554182,16639.11
2026-09-30 23:59:10,315,0.00219907407407407,1,8,2.29433,580.6057,0.3547536,16634.95
2026-09-30 23:59:00,305,0.00208333333333333,1,8,2.290613,579.6685,0.3553606,16631.9
2026-09-30 23:58:50,295,0.00196759259259259,1,8,2.310006,582.5263,NA,16628.13
2026-09-30 23:58:40,285,0.00185185185185185,1,8,2.296076,580.4942,0.3552132,16625.78
2026-09-30 23:58:30,275,0.00173611111111111,1,8,2.298824,581.3814,0.3556235,16622.89
2026-09-30 23:58:20,265,0.00162037037037037,1,8,2.303125,582.8632,0.3553768,16619.4
2026-09-30 23:58:10,255,0.00150462962962963,1,8,2.289197,580.5053,0.3553323,16619.29
2026-09-30 23:58:00,245,0.00138888888888889,1,8,2.294169,580.4241,0.3553545,16617
2026-09-30 23:57:50,235,0.00127314814814815,1,8,2.286232,580.5911,NA,16616.33
2026-09-30 23:57:40,225,0.00115740740740741,1,8,2.291668,580.3566,0.3556393,16615.52
2026-09-30 23:57:30,215,0.00104166666666667,1,8,2.280268,578.8735,0.3550225,16616.32
2026-09-30 23:57:20,205,0.000925925925925926,1,8,2.279553,577.3974,NA,16616.19
2026-09-30 23:57:10,195,0.000810185185185185,1,8,2.282773,574.6514,0.353919,16613.3
2026-09-30 23:57:00,185,0.000694444444444444,1,8,2.280807,573.7244,0.3556715,16610.4
2026-09-30 23:56:50,175,0.000578703703703704,1,8,2.287533,573.9825,0.3547572,16607.37
2026-09-30 23:56:40,165,0.000462962962962963,1,8,2.290979,572.3538,0.3557486,16605.07
2026-09-30 23:56:30,155,0.000347222222222222,1,8,2.284969,569.4968,0.3549256,16603.18
2026-09-30 23:56:20,144,0.000231481481481481,1,8,2.272296,566.9907,NA,16602.33
2026-09-30 23:56:10,135,0.000115740740740741,1,8,2.257479,562.9324,0.3557736,16600.72
2026-09-30 23:56:00,125,0,1,8,2.269299,562.5631,NA,16600.08
