"Date","Chamber","SoilTemp_25cm_C"
2024-12-31,1,5.6226
2024-12-31,2,6.4424
2024-12-31,3,NA
2024-12-31,4,7.1052
2024-12-31,5,6.1114
2024-12-31,6,6.249
2024-12-31,7,NA
2024-12-31,8,4.7262
2024-12-31,9,NA
2024-12-31,10,9.62
2024-12-31,11,5.172
2024-12-31,12,10.026
2025-01-01,1,5.69435221238938
2025-01-01,2,6.57238958333333
2025-01-01,3,6.2303213190184
2025-01-01,4,6.86814861111111
2025-01-01,5,7.20001322751323
2025-01-01,6,7.22688194444444
2025-01-01,7,8.04650922509225
2025-01-01,8,7.37484930555556
2025-01-01,9,7.3177972465582
2025-01-01,10,8.80585416666667
2025-01-01,11,7.77766666666667
2025-01-01,12,9.35231821454284
2025-01-02,1,5.94610951661631
2025-01-02,2,6.4856631736527
2025-01-02,3,6.11733958333333
2025-01-02,4,6.97015714285714
2025-01-02,5,7.35608874458875
2025-01-02,6,7.22009686609687
2025-01-02,7,7.91020902777778
2025-01-02,8,7.42430208333333
2025-01-02,9,7.33096386630533
2025-01-02,10,8.51169230769231
2025-01-02,11,7.8435
2025-01-02,12,9.174036838066
2025-01-03,1,5.42228031037827
2025-01-03,2,5.91987908269632
2025-01-03,3,5.740743281471
2025-01-03,4,6.84013958333333
2025-01-03,5,6.84219880863738
2025-01-03,6,6.79103402777778
2025-01-03,7,7.81454027777778
2025-01-03,8,7.01276180555556
2025-01-03,9,7.10440091324201
2025-01-03,10,2.65031944444445
2025-01-03,11,7.24231039640987
2025-01-03,12,9.03409298780488
2025-01-04,1,4.92508233117484
2025-01-04,2,5.39588402777778
2025-01-04,3,5.16994305555556
2025-01-04,4,6.42359775280899
2025-01-04,5,6.31637520525452
2025-01-04,6,6.39590347222222
2025-01-04,7,7.41304539007092
2025-01-04,8,6.66309652777778
2025-01-04,9,6.7333045112782
2025-01-04,10,8.06518819444444
2025-01-04,11,6.98203263888889
2025-01-04,12,8.55430208333333
2025-01-05,1,4.57408734939759
2025-01-05,2,4.87116779026217
2025-01-05,3,4.61319930555556
2025-01-05,4,5.95454305555556
2025-01-05,5,5.89817394468704
2025-01-05,6,5.83896527777778
2025-01-05,7,6.96631458333333
2025-01-05,8,6.31738958333333
2025-01-05,9,6.11198214285714
2025-01-05,10,7.37874930555556
2025-01-05,11,-4.66767013888887
2025-01-05,12,8.21404817518248
2025-01-06,1,4.0213946263644
2025-01-06,2,4.40520902777778
2025-01-06,3,4.14011459074733
2025-01-06,4,5.56631666666667
2025-01-06,5,5.37802777777778
2025-01-06,6,5.25064305555556
2025-01-06,7,6.45590960056062
2025-01-06,8,5.67730486111111
2025-01-06,9,4.76315940224159
2025-01-06,10,6.84011041666667
2025-01-06,11,0.0894930555555547
2025-01-06,12,7.43793472222222
2025-01-07,1,3.74620243266725
2025-01-07,2,4.2233455988456
2025-01-07,3,3.90107428170988
2025-01-07,4,5.31177818991098
2025-01-07,5,5.11763994060876
2025-01-07,6,5.06618872017354
2025-01-07,7,6.38315712290503
2025-01-07,8,5.49234957020057
2025-01-07,9,5.00675528700906
2025-01-07,10,6.84877146912704
2025-01-07,11,5.64474231843575
2025-01-07,12,7.232343575419
2025-01-08,1,3.55026324110672
2025-01-08,2,4.07450950035186
2025-01-08,3,3.72576140065147
2025-01-08,4,5.01832939322301
2025-01-08,5,4.88604484304933
2025-01-08,6,5.0601511627907
2025-01-08,7,6.30551678832117
2025-01-08,8,5.40635066760365
2025-01-08,9,5.02593410214168
2025-01-08,10,6.66578180473373
2025-01-08,11,5.65642608089261
2025-01-08,12,7.28573333333333
2025-01-09,1,3.43496927966102
2025-01-09,2,3.90809233449477
2025-01-09,3,3.60981673003802
2025-01-09,4,4.9057074583635
2025-01-09,5,4.71437426035503
2025-01-09,6,4.76167250182349
2025-01-09,7,5.92446763754045
2025-01-09,8,5.05734548335975
2025-01-09,9,5.08995348837209
2025-01-09,10,6.50887817638266
2025-01-09,11,5.41578421433744
2025-01-09,12,6.95673201174743
2025-01-10,1,3.12572761545712
2025-01-10,2,3.65573660377359
2025-01-10,3,3.33218069087688
2025-01-10,4,4.64049092178771
2025-01-10,5,4.55673009708738
2025-01-10,6,-1.8000963081862
2025-01-10,7,5.7753753449862
2025-01-10,8,4.86508864265928
2025-01-10,9,4.97609822263798
2025-01-10,10,6.16086921529175
2025-01-10,11,5.32238214904679
2025-01-10,12,6.73508966074313
2025-01-11,1,3.02731067961165
2025-01-11,2,3.50371428571429
2025-01-11,3,3.14427824750192
2025-01-11,4,4.4071499238965
2025-01-11,5,4.36701361088871
2025-01-11,6,4.3888389212828
2025-01-11,7,5.48031448489543
2025-01-11,8,4.59093258426966
2025-01-11,9,4.52861419472247
2025-01-11,10,-5.96557240853657
2025-01-11,11,4.90927692307692
2025-01-11,12,6.41362168309325
2025-01-12,1,-25.2762444183314
2025-01-12,2,3.39484349134688
2025-01-12,3,3.01940660295395
2025-01-12,4,4.31681677018634
2025-01-12,5,4.26593294460641
2025-01-12,6,4.33521887713588
2025-01-12,7,5.37371992481203
2025-01-12,8,4.54410082644628
2025-01-12,9,4.56508413461538
2025-01-12,10,6.15761705551086
2025-01-12,11,5.15412407132244
2025-01-12,12,-1.09227698185291
2025-01-13,1,2.83712466124661
2025-01-13,2,3.310798195242
2025-01-13,3,2.93475261324042
2025-01-13,4,-2.26777948303715
2025-01-13,5,4.36056761729531
2025-01-13,6,4.36752440033085
2025-01-13,7,5.49295075456712
2025-01-13,8,4.47524045138889
2025-01-13,9,4.40315930599369
2025-01-13,10,5.73626642664266
2025-01-13,11,4.97303817504655
2025-01-13,12,6.23968303571429
2025-01-14,1,2.7385608974359
2025-01-14,2,3.17945470692718
2025-01-14,3,2.91584909670563
2025-01-14,4,3.9615439005439
2025-01-14,5,4.02307973733584
2025-01-14,6,4.44932863501484
2025-01-14,7,5.33107057546145
2025-01-14,8,4.15839223697651
2025-01-14,9,4.4727150786309
2025-01-14,10,5.80175222222222
2025-01-14,11,4.84265635359116
2025-01-14,12,6.25123719165085
2025-01-15,1,2.70300607902736
2025-01-15,2,3.17748618371919
2025-01-15,3,2.88523344103393
2025-01-15,4,3.83196012759171
2025-01-15,5,3.92770637119114
2025-01-15,6,-1.43958793230317
2025-01-15,7,5.56091936699322
2025-01-15,8,4.21760149253731
2025-01-15,9,3.98033333333333
2025-01-15,10,5.74719006982157
2025-01-15,11,4.80968413173653
2025-01-15,12,-6.6328972111554
2025-01-16,1,2.61289031505251
2025-01-16,2,3.04286315039202
2025-01-16,3,2.78643858202803
2025-01-16,4,3.74483333333333
2025-01-16,5,3.79683474178404
2025-01-16,6,4.24069528619529
2025-01-16,7,5.35414825306893
2025-01-16,8,4.09785853227233
2025-01-16,9,4.10952014652015
2025-01-16,10,5.6647711790393
2025-01-16,11,4.68105841121495
2025-01-16,12,5.97116597853014
2025-01-17,1,2.45097204301075
2025-01-17,2,2.93585137318255
2025-01-17,3,2.70905875706215
2025-01-17,4,3.63512943786982
2025-01-17,5,3.79970493454179
2025-01-17,6,4.21518613707165
2025-01-17,7,5.20482675814751
2025-01-17,8,4.14636801375752
2025-01-17,9,4.43928704487722
2025-01-17,10,-2.22814603481625
2025-01-17,11,4.52868890977444
2025-01-17,12,5.91409616951915
2025-01-18,1,2.39821381267739
2025-01-18,2,2.83278333333333
2025-01-18,3,2.67908015267176
2025-01-18,4,3.58010347222222
2025-01-18,5,3.75287168141593
2025-01-18,6,4.05039903459372
2025-01-18,7,5.08036917293233
2025-01-18,8,3.63339379243453
2025-01-18,9,3.90208059384942
2025-01-18,10,5.43003882657463
2025-01-18,11,4.46506884681583
2025-01-18,12,-1.51785013623979
2025-01-19,1,2.33833297758805
2025-01-19,2,2.75168120805369
2025-01-19,3,2.78247818930041
2025-01-19,4,3.57904090909091
2025-01-19,5,3.72648825831703
2025-01-19,6,4.17227211457456
2025-01-19,7,5.17428924302789
2025-01-19,8,3.65432581227437
2025-01-19,9,3.99005482233503
2025-01-19,10,5.16656791171477
2025-01-19,11,4.52670942408377
2025-01-19,12,5.92721696252466
2025-01-20,1,2.18514600840336
2025-01-20,2,2.75549376375642
2025-01-20,3,2.8330934320074
2025-01-20,4,3.53699370629371
2025-01-20,5,3.65967100371747
2025-01-20,6,4.27512517482517
2025-01-20,7,5.26766384615385
2025-01-20,8,3.67917059748428
2025-01-20,9,4.12892789115646
2025-01-20,10,4.95625712025316
2025-01-20,11,-3.04879190207156
2025-01-20,12,6.01907436708861
2025-01-21,1,2.16174966170501
2025-01-21,2,2.70956477438137
2025-01-21,3,2.81667121729238
2025-01-21,4,3.6400865644725
2025-01-21,5,3.53111452991453
2025-01-21,6,4.15516706254949
2025-01-21,7,5.29006896551724
2025-01-21,8,3.87420837390458
2025-01-21,9,4.04402595797281
2025-01-21,10,4.80627384615385
2025-01-21,11,4.63043183817062
2025-01-21,12,5.66588382899628
2025-01-22,1,2.43397631578947
2025-01-22,2,2.62418217054264
2025-01-22,3,2.59957478368356
2025-01-22,4,3.62091363251482
2025-01-22,5,3.56786643835616
2025-01-22,6,4.09921851289833
2025-01-22,7,5.3187786377709
2025-01-22,8,3.99143432574431
2025-01-22,9,3.80953344077357
2025-01-22,10,4.41112584573748
2025-01-22,11,-2.26529626556016
2025-01-22,12,5.84880521091811
2025-01-23,1,2.21852551574376
2025-01-23,2,2.43115521978022
2025-01-23,3,2.42279042553192
2025-01-23,4,3.35190344827586
2025-01-23,5,3.31242778993435
2025-01-23,6,3.79358432708688
2025-01-23,7,5.22259419014085
2025-01-23,8,3.71674039460021
2025-01-23,9,3.52860411899313
2025-01-23,10,3.89763957055215
2025-01-23,11,-22.4493791666667
2025-01-23,12,5.40055694444444
2025-01-24,1,1.85233564013841
2025-01-24,2,2.28319116135663
2025-01-24,3,2.10743129251701
2025-01-24,4,3.11812329863891
2025-01-24,5,3.03979548306148
2025-01-24,6,3.50195520934761
2025-01-24,7,4.88156440511308
2025-01-24,8,3.71079932356257
2025-01-24,9,-5.26988449197861
2025-01-24,10,4.14025578703704
2025-01-24,11,3.83763928967814
2025-01-24,12,5.22764256619145
2025-01-25,1,1.70063753723932
2025-01-25,2,2.10210759493671
2025-01-25,3,1.98900248138958
2025-01-25,4,2.87500317208565
2025-01-25,5,2.74130753768844
2025-01-25,6,3.33615492957746
2025-01-25,7,4.69828936521022
2025-01-25,8,3.35524724409449
2025-01-25,9,-5.39500738396626
2025-01-25,10,4.25801934916447
2025-01-25,11,-9.06367616785432
2025-01-25,12,4.75076470588235
2025-01-26,1,1.53822964169381
2025-01-26,2,1.99275626043406
2025-01-26,3,1.87604078164826
2025-01-26,4,2.71931417910448
2025-01-26,5,2.56616379310345
2025-01-26,6,3.22225677966102
2025-01-26,7,4.64867785234899
2025-01-26,8,3.19404476275739
2025-01-26,9,2.91793303571429
2025-01-26,10,8.08801322001889
2025-01-26,11,3.35473165829146
2025-01-26,12,4.47574788902292
2025-01-27,1,1.47498320895522
2025-01-27,2,1.90287137989779
2025-01-27,3,1.8108897338403
2025-01-27,4,2.67779934479934
2025-01-27,5,2.59884557907846
2025-01-27,6,3.28228859649123
2025-01-27,7,4.56079174147217
2025-01-27,8,3.04557512520868
2025-01-27,9,2.84856824034335
2025-01-27,10,15.8483861867704
2025-01-27,11,-3.82039375
2025-01-27,12,4.52773990498812
2025-01-28,1,1.37196816684962
2025-01-28,2,1.80765752285952
2025-01-28,3,1.76284624277457
2025-01-28,4,2.62331703910615
2025-01-28,5,2.54424647887324
2025-01-28,6,3.28276311605723
2025-01-28,7,4.52513490566038
2025-01-28,8,2.98900483558994
2025-01-28,9,2.68142925659472
2025-01-28,10,12.1687430232558
2025-01-28,11,3.49571062271062
2025-01-28,12,4.82388027366021
2025-01-29,1,1.05361059907834
2025-01-29,2,1.74678063540091
2025-01-29,3,1.6997922705314
2025-01-29,4,2.59710789980732
2025-01-29,5,2.47549148418491
2025-01-29,6,3.35349469964664
2025-01-29,7,4.52040073529412
2025-01-29,8,2.40810491071429
2025-01-29,9,2.99059310910582
2025-01-29,10,6.96505361930296
2025-01-29,11,3.52224822695035
2025-01-29,12,4.87553805774278
2025-01-30,1,1.11648567119155
2025-01-30,2,1.79415229110512
2025-01-30,3,1.65162615384615
2025-01-30,4,2.53058962264151
2025-01-30,5,2.4245303030303
2025-01-30,6,3.20145464480874
2025-01-30,7,4.38263452566096
2025-01-30,8,2.49236626506024
2025-01-30,9,2.9170261374637
2025-01-30,10,3.56102813852814
2025-01-30,11,3.50119943820225
2025-01-30,12,4.67741787941788
2025-01-31,1,1.16449041713641
2025-01-31,2,1.68648759305211
2025-01-31,3,1.55081230769231
2025-01-31,4,2.4933567961165
2025-01-31,5,2.42385714285714
2025-01-31,6,3.31184014532243
2025-01-31,7,4.18455144694534
2025-01-31,8,2.75256703296703
2025-01-31,9,3.03851980792317
2025-01-31,10,3.75538002980626
2025-01-31,11,3.48521945701357
2025-01-31,12,5.18122636103152
2025-02-01,1,1.22907051282051
2025-02-01,2,1.63665793413174
2025-02-01,3,1.52520972222222
2025-02-01,4,2.47369395280236
2025-02-01,5,NA
2025-02-01,6,3.16519545131485
2025-02-01,7,4.37315137614679
2025-02-01,8,2.85739305555556
2025-02-01,9,2.81615239477504
2025-02-01,10,4.24578263888889
2025-02-01,11,3.27088125
2025-02-01,12,0
2025-02-02,1,1.28880927835052
2025-02-02,2,1.6743523225241
2025-02-02,3,1.67588427057865
2025-02-02,4,-10.8380147783251
2025-02-02,5,NA
2025-02-02,6,3.15932445141066
2025-02-02,7,4.78198847040738
2025-02-02,8,2.9968420233463
2025-02-02,9,3.1318471411902
2025-02-02,10,4.82642231075697
2025-02-02,11,-3.05766202945991
2025-02-02,12,5.52823983739837
2025-02-03,1,1.22698979591837
2025-02-03,2,1.70911169811321
2025-02-03,3,1.69535064935065
2025-02-03,4,-58.4637804347826
2025-02-03,5,NA
2025-02-03,6,3.23643890274314
2025-02-03,7,4.6338396656535
2025-02-03,8,3.02855791190865
2025-02-03,9,-4.55205288932419
2025-02-03,10,4.82196138996139
2025-02-03,11,3.44121701795472
2025-02-03,12,5.75376923076923
2025-02-04,1,1.25889570552147
2025-02-04,2,1.76126890756303
2025-02-04,3,1.84059495798319
2025-02-04,4,-10.3507037037037
2025-02-04,5,NA
2025-02-04,6,3.28924140401146
2025-02-04,7,4.7301928721174
2025-02-04,8,-2.46338927576602
2025-02-04,9,3.41233552631579
2025-02-04,10,4.74930994989263
2025-02-04,11,-2.225858103062
2025-02-04,12,5.93178947368421
2025-02-05,1,1.35375020408163
2025-02-05,2,1.87733333333333
2025-02-05,3,2.37465254969749
2025-02-05,4,2.69033238837704
2025-02-05,5,NA
2025-02-05,6,3.38852245862884
2025-02-05,7,5.11307854137447
2025-02-05,8,3.36474474053296
2025-02-05,9,3.91664695498676
2025-02-05,10,5.24689730878187
2025-02-05,11,-1.93596971935007
2025-02-05,12,5.97589583333333
2025-02-06,1,1.5685358974359
2025-02-06,2,2.05125736325386
2025-02-06,3,2.41537659414854
2025-02-06,4,2.77823932384342
2025-02-06,5,NA
2025-02-06,6,3.38548196248196
2025-02-06,7,5.21139669421488
2025-02-06,8,3.53667882187938
2025-02-06,9,3.88799825174825
2025-02-06,10,5.37559038737446
2025-02-06,11,4.17162679788039
2025-02-06,12,6.34617391304348
2025-02-07,1,1.56084491440081
2025-02-07,2,2.27652928870293
2025-02-07,3,2.51839722222222
2025-02-07,4,2.81821340782123
2025-02-07,5,NA
2025-02-07,6,3.64064908424908
2025-02-07,7,5.24957236363636
2025-02-07,8,3.72284722222222
2025-02-07,9,3.98080961727183
2025-02-07,10,5.47739722222222
2025-02-07,11,4.30943263888889
2025-02-07,12,NA
2025-02-08,1,1.83324309392265
2025-02-08,2,2.49552986111111
2025-02-08,3,2.62952777777778
2025-02-08,4,NA
2025-02-08,5,NA
2025-02-08,6,4.06243611111111
2025-02-08,7,5.20599905749293
2025-02-08,8,3.86615763888889
2025-02-08,9,4.10969471488178
2025-02-08,10,5.56577906137184
2025-02-08,11,4.47160902777778
2025-02-08,12,NA
2025-02-09,1,1.92979411764706
2025-02-09,2,2.49999119589142
2025-02-09,3,2.55652222222222
2025-02-09,4,NA
2025-02-09,5,NA
2025-02-09,6,4.00428550932568
2025-02-09,7,5.20777925531915
2025-02-09,8,3.87653551532033
2025-02-09,9,4.09908832565284
2025-02-09,10,5.45516944444444
2025-02-09,11,4.51427291666667
2025-02-09,12,NA
2025-02-10,1,2.15456329735034
2025-02-10,2,2.76939005602241
2025-02-10,3,2.78283320158103
2025-02-10,4,NA
2025-02-10,5,NA
2025-02-10,6,4.16124509803922
2025-02-10,7,5.21459399224806
2025-02-10,8,4.12763165266106
2025-02-10,9,4.43686750788644
2025-02-10,10,5.77767717086835
2025-02-10,11,4.80715817091454
2025-02-10,12,-1102.48875769231
2025-02-11,1,2.30065987025023
2025-02-11,2,2.77931504922644
2025-02-11,3,2.83124930167598
2025-02-11,4,NA
2025-02-11,5,NA
2025-02-11,6,4.14298324022346
2025-02-11,7,5.13931424581006
2025-02-11,8,4.28651047486033
2025-02-11,9,4.37596156991006
2025-02-11,10,5.4418156424581
2025-02-11,11,4.67403561452514
2025-02-11,12,-2058.88878787879
2025-02-12,1,2.18347024793388
2025-02-12,2,2.6114594972067
2025-02-12,3,2.52554306569343
2025-02-12,4,NA
2025-02-12,5,NA
2025-02-12,6,3.92939245810056
2025-02-12,7,4.99992737430168
2025-02-12,8,4.06197416201117
2025-02-12,9,4.14388619119879
2025-02-12,10,5.35561731843575
2025-02-12,11,4.4662094972067
2025-02-12,12,5.85768384879725
2025-02-13,1,2.21968637274549
2025-02-13,2,2.6996020979021
2025-02-13,3,2.57739133681852
2025-02-13,4,NA
2025-02-13,5,NA
2025-02-13,6,3.94878741258741
2025-02-13,7,4.93548978153629
2025-02-13,8,4.04243566433566
2025-02-13,9,4.05690640394089
2025-02-13,10,5.49984515077425
2025-02-13,11,4.64412937062937
2025-02-13,12,6.1316425120773
2025-02-14,1,2.32765962632006
2025-02-14,2,2.68979583333333
2025-02-14,3,2.60839375
2025-02-14,4,NA
2025-02-14,5,NA
2025-02-14,6,3.84919513888889
2025-02-14,7,4.99809779411765
2025-02-14,8,4.06427520235467
2025-02-14,9,4.08143298969072
2025-02-14,10,6.40347826086957
2025-02-14,11,4.46872916666667
2025-02-14,12,5.90451330798479
2025-02-15,1,2.31121143375681
2025-02-15,2,2.6180752851711
2025-02-15,3,2.46011319444444
2025-02-15,4,NA
2025-02-15,5,NA
2025-02-15,6,3.71185555555556
2025-02-15,7,4.95611786508525
2025-02-15,8,4.20432638888889
2025-02-15,9,4.01824489795918
2025-02-15,10,5.40313680555556
2025-02-15,11,4.25928333333333
2025-02-15,12,5.80651328191945
2025-02-16,1,2.33077638376384
2025-02-16,2,2.73880208333333
2025-02-16,3,2.52869930555556
2025-02-16,4,NA
2025-02-16,5,NA
2025-02-16,6,3.87146511627907
2025-02-16,7,-6.32974355400697
2025-02-16,8,4.74177222222222
2025-02-16,9,4.06429750479846
2025-02-16,10,5.78435694444444
2025-02-16,11,4.57666180555556
2025-02-16,12,5.88830561633844
2025-02-17,1,2.65452035830619
2025-02-17,2,3.22378888888889
2025-02-17,3,3.03297427293065
2025-02-17,4,NA
2025-02-17,5,NA
2025-02-17,6,4.28916759388039
2025-02-17,7,5.09395277777778
2025-02-17,8,5.52304652777778
2025-02-17,9,4.37818666666667
2025-02-17,10,5.75490544412607
2025-02-17,11,4.96216875
2025-02-17,12,6.19440208333333
2025-02-18,1,2.81572577854671
2025-02-18,2,3.10366789125643
2025-02-18,3,2.84143577235772
2025-02-18,4,NA
2025-02-18,5,NA
2025-02-18,6,4.15661700581395
2025-02-18,7,4.97277095808383
2025-02-18,8,-0.117764705882357
2025-02-18,9,4.5081625
2025-02-18,10,5.8972417340191
2025-02-18,11,4.87222703894195
2025-02-18,12,6.31366054371785
2025-02-19,1,2.53509456264775
2025-02-19,2,2.751366689993
2025-02-19,3,2.53353200883002
2025-02-19,4,NA
2025-02-19,5,NA
2025-02-19,6,3.77021657381616
2025-02-19,7,4.77029735376045
2025-02-19,8,5.19401809324983
2025-02-19,9,4.04294841628959
2025-02-19,10,5.06050249821556
2025-02-19,11,4.52682254697286
2025-02-19,12,5.92240187646599
2025-02-20,1,2.2750797824116
2025-02-20,2,2.48825836298932
2025-02-20,3,2.21123816793893
2025-02-20,4,NA
2025-02-20,5,NA
2025-02-20,6,3.41949166666667
2025-02-20,7,4.54514861111111
2025-02-20,8,4.57502638888889
2025-02-20,9,3.80783240223464
2025-02-20,10,4.54712361111111
2025-02-20,11,4.14456805555556
2025-02-20,12,5.63749722222222
2025-02-21,1,2.09680557977332
2025-02-21,2,2.36877816411683
2025-02-21,3,1.96501745454545
2025-02-21,4,NA
2025-02-21,5,NA
2025-02-21,6,-2.44566342141864
2025-02-21,7,4.17265577190542
2025-02-21,8,4.24062100139082
2025-02-21,9,3.55864583333333
2025-02-21,10,4.14644993045897
2025-02-21,11,3.6878247566064
2025-02-21,12,5.16964603616134
2025-02-22,1,1.96638775510204
2025-02-22,2,2.24362638888889
2025-02-22,3,1.84735416666667
2025-02-22,4,NA
2025-02-22,5,NA
2025-02-22,6,3.01267916666667
2025-02-22,7,3.98903611111111
2025-02-22,8,3.95699375
2025-02-22,9,3.43040435606061
2025-02-22,10,3.98827916666667
2025-02-22,11,3.59601250919794
2025-02-22,12,5.09073333333333
2025-02-23,1,1.85689730807577
2025-02-23,2,2.20373611111111
2025-02-23,3,1.7445
2025-02-23,4,NA
2025-02-23,5,NA
2025-02-23,6,2.90036875
2025-02-23,7,3.9164985835694
2025-02-23,8,3.88918541666667
2025-02-23,9,3.19623135964912
2025-02-23,10,4.06545277777778
2025-02-23,11,3.46812986111111
2025-02-23,12,4.9483236574746
2025-02-24,1,2.16829636202307
2025-02-24,2,2.14813263888889
2025-02-24,3,1.65384480337079
2025-02-24,4,NA
2025-02-24,5,NA
2025-02-24,6,2.80507430555556
2025-02-24,7,3.77002098950525
2025-02-24,8,3.67404791666667
2025-02-24,9,3.23698666666667
2025-02-24,10,3.72570347222222
2025-02-24,11,3.41065277777778
2025-02-24,12,4.78798055555556
2025-02-25,1,0.905827513227512
2025-02-25,2,0.0621024478694483
2025-02-25,3,1.14072200392927
2025-02-25,4,1.04980623608018
2025-02-25,5,1.20703964757709
2025-02-25,6,2.13341613780598
2025-02-25,7,3.52821206581353
2025-02-25,8,3.21153943789665
2025-02-25,9,3.01801973001038
2025-02-25,10,3.53722306525038
2025-02-25,11,3.03180151515152
2025-02-25,12,-7.7791909090909
2025-02-26,1,0.287446793516561
2025-02-26,2,-2.41294789436117
2025-02-26,3,0.8906852248394
2025-02-26,4,1.49074894514768
2025-02-26,5,1.78172857142857
2025-02-26,6,1.70835281539558
2025-02-26,7,3.33008180428135
2025-02-26,8,3.04097649734647
2025-02-26,9,3.34361520912548
2025-02-26,10,1.8985
2025-02-26,11,1.61885714285714
2025-02-26,12,1.5245625
2025-02-27,1,0.262615277777778
2025-02-27,2,-2.67157569444444
2025-02-27,3,1.23252291666667
2025-02-27,4,2.26202916666667
2025-02-27,5,2.07887708333333
2025-02-27,6,2.09942847222222
2025-02-27,7,4.29421944444444
2025-02-27,8,4.01115694444444
2025-02-27,9,4.34777013888889
2025-02-27,10,NA
2025-02-27,11,NA
2025-02-27,12,NA
2025-02-28,1,0.7492625
2025-02-28,2,-2.63906527777778
2025-02-28,3,2.07602569444444
2025-02-28,4,3.27665833333333
2025-02-28,5,2.80831041666667
2025-02-28,6,3.03538958333333
2025-02-28,7,5.04177013888889
2025-02-28,8,4.73359791666667
2025-02-28,9,5.10452361111111
2025-02-28,10,NA
2025-02-28,11,NA
2025-02-28,12,NA
2025-03-01,1,1.4698
2025-03-01,2,-2.38724097222222
2025-03-01,3,2.49120277777778
2025-03-01,4,3.52773263888889
2025-03-01,5,3.20162291666667
2025-03-01,6,3.43187916666667
2025-03-01,7,5.19231319444444
2025-03-01,8,4.84635694444444
2025-03-01,9,5.2432375
2025-03-01,10,NA
2025-03-01,11,NA
2025-03-01,12,NA
2025-03-02,1,1.57120555555556
2025-03-02,2,-2.01201666666667
2025-03-02,3,2.67644097222222
2025-03-02,4,3.49889583333333
2025-03-02,5,3.27423055555556
2025-03-02,6,3.51262152777778
2025-03-02,7,4.97372152777778
2025-03-02,8,4.71282361111111
2025-03-02,9,4.86488055555556
2025-03-02,10,NA
2025-03-02,11,NA
2025-03-02,12,NA
2025-03-03,1,0.82300139275766
2025-03-03,2,-2.33643871866295
2025-03-03,3,1.90524025069638
2025-03-03,4,2.56730153203343
2025-03-03,5,2.62505362116992
2025-03-03,6,2.74846448467967
2025-03-03,7,4.0128635097493
2025-03-03,8,3.83065529247911
2025-03-03,9,3.86174164345404
2025-03-03,10,0
2025-03-03,11,0
2025-03-03,12,0
2025-03-04,1,1.65074055944056
2025-03-04,2,0.707193006993006
2025-03-04,3,1.95647412587413
2025-03-04,4,2.45173916083916
2025-03-04,5,2.72288041958042
2025-03-04,6,2.90071398601399
2025-03-04,7,3.87144055944056
2025-03-04,8,3.3418013986014
2025-03-04,9,3.43937062937063
2025-03-04,10,3.1163926852743
2025-03-04,11,2.80067832847425
2025-03-04,12,4.15542348411935
2025-03-05,1,2.40003125
2025-03-05,2,2.36968819444444
2025-03-05,3,2.69313958333333
2025-03-05,4,3.10865902777778
2025-03-05,5,3.26816597222222
2025-03-05,6,3.80388263888889
2025-03-05,7,4.66390416666667
2025-03-05,8,3.86451805555556
2025-03-05,9,4.22306736111111
2025-03-05,10,4.64609027777778
2025-03-05,11,4.38834930555556
2025-03-05,12,5.62356388888889
2025-03-06,1,3.2286375
2025-03-06,2,3.36258680555556
2025-03-06,3,3.72533819444444
2025-03-06,4,4.1176375
2025-03-06,5,4.25496458333333
2025-03-06,6,5.06689583333333
2025-03-06,7,5.48490972222222
2025-03-06,8,5.22986041666667
2025-03-06,9,5.71703194444444
2025-03-06,10,5.49625486111111
2025-03-06,11,5.68588888888889
2025-03-06,12,6.67084027777778
2025-03-07,1,3.75432777777778
2025-03-07,2,3.78074375
2025-03-07,3,4.07914166666667
2025-03-07,4,4.69032916666667
2025-03-07,5,4.91110277777778
2025-03-07,6,5.55284652777778
2025-03-07,7,6.52537638888889
2025-03-07,8,5.85914444444444
2025-03-07,9,6.18424166666667
2025-03-07,10,5.85306805555556
2025-03-07,11,6.27482430555556
2025-03-07,12,7.33631388888889
2025-03-08,1,3.75936041666667
2025-03-08,2,3.69880833333333
2025-03-08,3,4.11401458333333
2025-03-08,4,4.85268194444444
2025-03-08,5,4.97693194444444
2025-03-08,6,5.75677430555556
2025-03-08,7,6.59265208333333
2025-03-08,8,6.03182847222222
2025-03-08,9,6.02767222222222
2025-03-08,10,5.82284722222222
2025-03-08,11,6.32896458333333
2025-03-08,12,7.40749930555556
2025-03-09,1,3.73108819444444
2025-03-09,2,3.63771666666667
2025-03-09,3,4.02700347222222
2025-03-09,4,4.68112013888889
2025-03-09,5,5.00026597222222
2025-03-09,6,5.89502083333333
2025-03-09,7,6.60659513888889
2025-03-09,8,6.17960069444444
2025-03-09,9,5.84555277777778
2025-03-09,10,5.84200902777778
2025-03-09,11,6.33174097222222
2025-03-09,12,7.43376736111111
2025-03-10,1,3.65822430555556
2025-03-10,2,3.57915138888889
2025-03-10,3,4.02745763888889
2025-03-10,4,4.63019583333333
2025-03-10,5,4.91448888888889
2025-03-10,6,6.03119375
2025-03-10,7,6.39116180555556
2025-03-10,8,6.28248680555556
2025-03-10,9,5.63908888888889
2025-03-10,10,5.83399583333333
2025-03-10,11,6.21286527777778
2025-03-10,12,7.35626527777778
2025-03-11,1,3.80060763888889
2025-03-11,2,3.73691944444444
2025-03-11,3,4.1592375
2025-03-11,4,4.69795694444444
2025-03-11,5,5.0657875
2025-03-11,6,6.33837638888889
2025-03-11,7,6.44324305555556
2025-03-11,8,6.60224791666667
2025-03-11,9,5.82106875
2025-03-11,10,6.06346736111111
2025-03-11,11,6.38588680555556
2025-03-11,12,7.50832222222222
2025-03-12,1,4.01543541666667
2025-03-12,2,3.96631597222222
2025-03-12,3,4.38891041666667
2025-03-12,4,4.88909513888889
2025-03-12,5,5.28775486111111
2025-03-12,6,6.72898541666667
2025-03-12,7,6.57330138888889
2025-03-12,8,6.98531736111111
2025-03-12,9,6.17635555555556
2025-03-12,10,6.37346527777778
2025-03-12,11,6.63759444444444
2025-03-12,12,7.754725
2025-03-13,1,4.42036041666667
2025-03-13,2,4.38399097222222
2025-03-13,3,4.83588402777778
2025-03-13,4,5.26375486111111
2025-03-13,5,5.74458819444444
2025-03-13,6,7.26386736111111
2025-03-13,7,7.01430277777778
2025-03-13,8,7.55906736111111
2025-03-13,9,6.82965138888889
2025-03-13,10,6.82973819444444
2025-03-13,11,7.18328263888889
2025-03-13,12,8.23034861111111
2025-03-14,1,4.70396527777778
2025-03-14,2,4.67005277777778
2025-03-14,3,5.1153625
2025-03-14,4,5.52261458333333
2025-03-14,5,6.10940902777778
2025-03-14,6,7.66423611111111
2025-03-14,7,7.36360416666667
2025-03-14,8,8.02280416666667
2025-03-14,9,7.31541180555556
2025-03-14,10,7.14943125
2025-03-14,11,7.65303680555556
2025-03-14,12,8.64045833333333
2025-03-15,1,4.97039166666667
2025-03-15,2,4.89567777777778
2025-03-15,3,5.35795763888889
2025-03-15,4,5.86162430555556
2025-03-15,5,6.39938402777778
2025-03-15,6,7.97311111111111
2025-03-15,7,7.78381180555556
2025-03-15,8,8.36316666666667
2025-03-15,9,7.64227430555556
2025-03-15,10,7.39931736111111
2025-03-15,11,7.95263611111111
2025-03-15,12,8.90414583333333
2025-03-16,1,5.43564375
2025-03-16,2,5.41352013888889
2025-03-16,3,5.88565208333333
2025-03-16,4,6.45892430555556
2025-03-16,5,6.89354652777778
2025-03-16,6,8.57574305555556
2025-03-16,7,8.28917361111111
2025-03-16,8,8.99299305555556
2025-03-16,9,8.42247847222222
2025-03-16,10,7.86386875
2025-03-16,11,8.64304166666667
2025-03-16,12,9.46232638888889
2025-03-17,1,6.21516666666667
2025-03-17,2,6.35267013888889
2025-03-17,3,6.8207875
2025-03-17,4,7.26805625
2025-03-17,5,7.72634513888889
2025-03-17,6,9.50706944444445
2025-03-17,7,9.09995138888889
2025-03-17,8,9.9046875
2025-03-17,9,9.58120138888889
2025-03-17,10,8.68361111111111
2025-03-17,11,9.60038194444444
2025-03-17,12,10.3449444444444
2025-03-18,1,6.73415972222222
2025-03-18,2,6.78855625
2025-03-18,3,7.18014583333333
2025-03-18,4,7.90423402777778
2025-03-18,5,8.22323611111111
2025-03-18,6,9.75770833333333
2025-03-18,7,9.84565972222222
2025-03-18,8,10.1801041666667
2025-03-18,9,9.8850625
2025-03-18,10,9.07886805555555
2025-03-18,11,9.91453472222222
2025-03-18,12,10.8781666666667
2025-03-19,1,6.4794375
2025-03-19,2,6.37569861111111
2025-03-19,3,6.88798472222222
2025-03-19,4,7.62710416666667
2025-03-19,5,7.90648125
2025-03-19,6,9.48513888888889
2025-03-19,7,9.61697916666667
2025-03-19,8,9.86570138888889
2025-03-19,9,9.1330625
2025-03-19,10,8.79420138888889
2025-03-19,11,9.48224305555556
2025-03-19,12,10.6423263888889
2025-03-20,1,6.40563263888889
2025-03-20,2,6.37503333333333
2025-03-20,3,6.83738055555556
2025-03-20,4,7.56537222222222
2025-03-20,5,7.88803958333333
2025-03-20,6,9.60288194444444
2025-03-20,7,9.57227777777778
2025-03-20,8,9.93275
2025-03-20,9,9.04836805555556
2025-03-20,10,8.80361805555555
2025-03-20,11,9.48600694444444
2025-03-20,12,10.5841388888889
2025-03-21,1,6.95923958333333
2025-03-21,2,6.96915486111111
2025-03-21,3,7.51752152777778
2025-03-21,4,8.35048472222222
2025-03-21,5,8.46966666666667
2025-03-21,6,10.1731319444444
2025-03-21,7,10.2102916666667
2025-03-21,8,10.5499097222222
2025-03-21,9,9.98576388888889
2025-03-21,10,9.40724305555556
2025-03-21,11,10.1644375
2025-03-21,12,11.1315486111111
2025-03-22,1,7.14118680555556
2025-03-22,2,6.99669444444444
2025-03-22,3,7.58916041666667
2025-03-22,4,8.40177777777778
2025-03-22,5,8.59145833333333
2025-03-22,6,10.1572708333333
2025-03-22,7,10.4725972222222
2025-03-22,8,10.5729097222222
2025-03-22,9,9.95077083333333
2025-03-22,10,9.50157638888889
2025-03-22,11,10.2098472222222
2025-03-22,12,11.3352847222222
2025-03-23,1,7.01799791666667
2025-03-23,2,6.88530555555556
2025-03-23,3,7.50955277777778
2025-03-23,4,8.22219444444444
2025-03-23,5,8.49265972222222
2025-03-23,6,10.1611111111111
2025-03-23,7,10.2508402777778
2025-03-23,8,10.5733402777778
2025-03-23,9,9.5815625
2025-03-23,10,9.40755555555556
2025-03-23,11,10.104
2025-03-23,12,11.3118333333333
2025-03-24,1,6.94842222222222
2025-03-24,2,6.83732291666667
2025-03-24,3,7.48965208333333
2025-03-24,4,8.16925
2025-03-24,5,8.4644375
2025-03-24,6,10.2315347222222
2025-03-24,7,10.2798819444444
2025-03-24,8,10.6370208333333
2025-03-24,9,9.47284027777778
2025-03-24,10,9.39086805555556
2025-03-24,11,10.1298888888889
2025-03-24,12,11.3265277777778
2025-03-25,1,7.02736666666667
2025-03-25,2,6.94392708333333
2025-03-25,3,7.61262152777778
2025-03-25,4,8.3264375
2025-03-25,5,8.56798611111111
2025-03-25,6,10.4027013888889
2025-03-25,7,10.1936875
2025-03-25,8,10.9140069444444
2025-03-25,9,9.7353125
2025-03-25,10,9.57338888888889
2025-03-25,11,10.3216458333333
2025-03-25,12,11.4749861111111
2025-03-26,1,7.12860416666667
2025-03-26,2,7.06025208333333
2025-03-26,3,7.65563888888889
2025-03-26,4,8.29535416666667
2025-03-26,5,8.64892361111111
2025-03-26,6,10.5613263888889
2025-03-26,7,10.2648888888889
2025-03-26,8,11.0935138888889
2025-03-26,9,9.82326388888889
2025-03-26,10,9.70008333333333
2025-03-26,11,10.4236041666667
2025-03-26,12,11.6117083333333
2025-03-27,1,6.9014125
2025-03-27,2,6.80256666666667
2025-03-27,3,7.39506666666667
2025-03-27,4,8.08797638888889
2025-03-27,5,8.41760416666667
2025-03-27,6,10.3008819444444
2025-03-27,7,10.150375
2025-03-27,8,10.8367430555556
2025-03-27,9,9.39980555555556
2025-03-27,10,9.5054375
2025-03-27,11,10.0994097222222
2025-03-27,12,11.4383333333333
2025-03-28,1,6.50907638888889
2025-03-28,2,6.41420972222222
2025-03-28,3,7.05405277777778
2025-03-28,4,7.683625
2025-03-28,5,7.95539930555556
2025-03-28,6,9.9290625
2025-03-28,7,9.67272916666667
2025-03-28,8,10.1774166666667
2025-03-28,9,8.8733125
2025-03-28,10,9.18563888888889
2025-03-28,11,9.57954861111111
2025-03-28,12,11.0515972222222
2025-03-29,1,6.70652013888889
2025-03-29,2,6.71227777777778
2025-03-29,3,7.35134722222222
2025-03-29,4,7.88414097222222
2025-03-29,5,8.17143263888889
2025-03-29,6,10.2234652777778
2025-03-29,7,9.64928472222222
2025-03-29,8,10.1895208333333
2025-03-29,9,9.38436805555556
2025-03-29,10,9.47297916666667
2025-03-29,11,9.92396527777778
2025-03-29,12,11.2941319444444
2025-03-30,1,7.53137708333333
2025-03-30,2,7.63465347222222
2025-03-30,3,8.34154027777778
2025-03-30,4,8.69454166666667
2025-03-30,5,9.01820833333333
2025-03-30,6,11.0805902777778
2025-03-30,7,10.3478472222222
2025-03-30,8,11.1003819444444
2025-03-30,9,10.7831180555556
2025-03-30,10,10.3820555555556
2025-03-30,11,10.9570902777778
2025-03-30,12,12.1877222222222
2025-03-31,1,8.42518055555556
2025-03-31,2,8.59029166666667
2025-03-31,3,9.330125
2025-03-31,4,9.63229861111111
2025-03-31,5,9.96765972222222
2025-03-31,6,12.0864236111111
2025-03-31,7,11.1965902777778
2025-03-31,8,12.31725
2025-03-31,9,12.1890069444444
2025-03-31,10,11.3492777777778
2025-03-31,11,12.1105208333333
2025-03-31,12,13.1317638888889
2025-04-01,1,9.39646527777778
2025-04-01,2,9.68789583333333
2025-04-01,3,10.3557638888889
2025-04-01,4,10.5881041666667
2025-04-01,5,11.0786041666667
2025-04-01,6,12.9564027777778
2025-04-01,7,12.352125
2025-04-01,8,13.3510694444444
2025-04-01,9,13.3675833333333
2025-04-01,10,12.2754027777778
2025-04-01,11,13.2034236111111
2025-04-01,12,14.1074166666667
2025-04-02,1,9.45490972222222
2025-04-02,2,9.41386805555556
2025-04-02,3,10.026125
2025-04-02,4,10.6272361111111
2025-04-02,5,11.0008888888889
2025-04-02,6,12.6797083333333
2025-04-02,7,12.6132986111111
2025-04-02,8,13.1030277777778
2025-04-02,9,12.8710694444444
2025-04-02,10,12.1246944444444
2025-04-02,11,12.8845972222222
2025-04-02,12,14.1304444444444
2025-04-03,1,9.10345138888889
2025-04-03,2,9.00577083333333
2025-04-03,3,9.75579166666667
2025-04-03,4,10.2831736111111
2025-04-03,5,10.6771736111111
2025-04-03,6,12.5402638888889
2025-04-03,7,12.2216597222222
2025-04-03,8,12.8925694444444
2025-04-03,9,12.1855138888889
2025-04-03,10,11.7983472222222
2025-04-03,11,12.4814652777778
2025-04-03,12,13.735125
2025-04-04,1,9.68104861111111
2025-04-04,2,9.88440972222222
2025-04-04,3,10.5597291666667
2025-04-04,4,10.9443194444444
2025-04-04,5,11.3943680555556
2025-04-04,6,13.4514097222222
2025-04-04,7,12.8113680555556
2025-04-04,8,13.8598819444444
2025-04-04,9,13.3397638888889
2025-04-04,10,12.4721736111111
2025-04-04,11,13.4163055555556
2025-04-04,12,14.38125
2025-04-05,1,10.5287638888889
2025-04-05,2,10.6697847222222
2025-04-05,3,11.3864097222222
2025-04-05,4,11.7104444444444
2025-04-05,5,12.2130486111111
2025-04-05,6,14.2450277777778
2025-04-05,7,13.5117847222222
2025-04-05,8,14.7806944444444
2025-04-05,9,14.4455694444444
2025-04-05,10,13.3252777777778
2025-04-05,11,14.4398194444444
2025-04-05,12,15.2987013888889
2025-04-06,1,10.8797986111111
2025-04-06,2,10.9543888888889
2025-04-06,3,11.6142847222222
2025-04-06,4,11.9714097222222
2025-04-06,5,12.5340694444444
2025-04-06,6,14.6088263888889
2025-04-06,7,13.9085625
2025-04-06,8,15.1883263888889
2025-04-06,9,14.8326597222222
2025-04-06,10,13.7010138888889
2025-04-06,11,14.7595
2025-04-06,12,15.6492986111111
2025-04-07,1,10.8765416666667
2025-04-07,2,10.9102777777778
2025-04-07,3,11.4546111111111
2025-04-07,4,11.9324861111111
2025-04-07,5,12.5067986111111
2025-04-07,6,14.5547847222222
2025-04-07,7,13.95925
2025-04-07,8,15.1693888888889
2025-04-07,9,14.5115972222222
2025-04-07,10,13.7028055555556
2025-04-07,11,14.6448263888889
2025-04-07,12,15.6573541666667
2025-04-08,1,10.3755972222222
2025-04-08,2,10.2817847222222
2025-04-08,3,10.7818611111111
2025-04-08,4,11.4262777777778
2025-04-08,5,11.9127361111111
2025-04-08,6,13.9067013888889
2025-04-08,7,13.5504722222222
2025-04-08,8,14.4926111111111
2025-04-08,9,13.4340833333333
2025-04-08,10,13.1436180555556
2025-04-08,11,13.8312013888889
2025-04-08,12,15.1019652777778
2025-04-09,1,9.4590625
2025-04-09,2,9.31402083333333
2025-04-09,3,9.87576388888889
2025-04-09,4,10.6096944444444
2025-04-09,5,10.9706875
2025-04-09,6,12.7299652777778
2025-04-09,7,12.9341527777778
2025-04-09,8,13.2059166666667
2025-04-09,9,12.0488125
2025-04-09,10,12.1597708333333
2025-04-09,11,12.6145694444444
2025-04-09,12,14.1792569444444
2025-04-10,1,8.693625
2025-04-10,2,8.58420138888889
2025-04-10,3,9.20647916666667
2025-04-10,4,9.96033333333333
2025-04-10,5,10.2121944444444
2025-04-10,6,11.7802708333333
2025-04-10,7,12.1803194444444
2025-04-10,8,12.1197708333333
2025-04-10,9,11.1945138888889
2025-04-10,10,11.4483472222222
2025-04-10,11,11.8370486111111
2025-04-10,12,13.3553472222222
2025-04-11,1,8.56653472222222
2025-04-11,2,8.50917361111111
2025-04-11,3,9.19827083333333
2025-04-11,4,9.76772222222222
2025-04-11,5,10.1031180555556
2025-04-11,6,11.4805902777778
2025-04-11,7,11.8683888888889
2025-04-11,8,11.842625
2025-04-11,9,11.1825
2025-04-11,10,11.3939861111111
2025-04-11,11,11.7888958333333
2025-04-11,12,13.2185277777778
2025-04-12,1,8.58655555555556
2025-04-12,2,8.53219444444444
2025-04-12,3,9.1384375
2025-04-12,4,9.74875694444444
2025-04-12,5,10.0117361111111
2025-04-12,6,11.2378611111111
2025-04-12,7,11.3870972222222
2025-04-12,8,11.6131319444444
2025-04-12,9,11.14725
2025-04-12,10,11.3787083333333
2025-04-12,11,11.4877222222222
2025-04-12,12,12.8770486111111
2025-04-13,1,8.50929861111111
2025-04-13,2,8.48052083333333
2025-04-13,3,9.00010416666667
2025-04-13,4,9.623125
2025-04-13,5,9.86641666666667
2025-04-13,6,11.0478472222222
2025-04-13,7,11.1159166666667
2025-04-13,8,11.3815416666667
2025-04-13,9,11.0355625
2025-04-13,10,11.2583402777778
2025-04-13,11,11.26775
2025-04-13,12,12.5190138888889
2025-04-14,1,8.58663194444444
2025-04-14,2,8.60540972222222
2025-04-14,3,9.09669444444445
2025-04-14,4,9.68405555555556
2025-04-14,5,9.91083333333333
2025-04-14,6,11.04825
2025-04-14,7,11.5565833333333
2025-04-14,8,11.3717569444444
2025-04-14,9,11.1829027777778
2025-04-14,10,11.3156805555556
2025-04-14,11,11.3248958333333
2025-04-14,12,12.4905208333333
2025-04-15,1,8.9439375
2025-04-15,2,9.08361111111111
2025-04-15,3,9.65959027777778
2025-04-15,4,10.3172361111111
2025-04-15,5,10.3943333333333
2025-04-15,6,11.6839166666667
2025-04-15,7,12.2529861111111
2025-04-15,8,12.0732430555556
2025-04-15,9,12.1026111111111
2025-04-15,10,11.6463680555556
2025-04-15,11,12.1498125
2025-04-15,12,13.1266597222222
2025-04-16,1,9.39114583333333
2025-04-16,2,9.50825694444444
2025-04-16,3,10.0168263888889
2025-04-16,4,10.6687916666667
2025-04-16,5,10.8791319444444
2025-04-16,6,12.1854652777778
2025-04-16,7,12.7582222222222
2025-04-16,8,12.6822638888889
2025-04-16,9,12.6404930555556
2025-04-16,10,12.0006041666667
2025-04-16,11,12.7066805555556
2025-04-16,12,13.7429930555556
2025-04-17,1,9.22973611111111
2025-04-17,2,9.22734027777778
2025-04-17,3,9.8076875
2025-04-17,4,10.6505
2025-04-17,5,10.7130486111111
2025-04-17,6,12.0922569444444
2025-04-17,7,12.6608125
2025-04-17,8,12.5332847222222
2025-04-17,9,12.0636875
2025-04-17,10,11.7745833333333
2025-04-17,11,12.4058472222222
2025-04-17,12,13.6343680555556
2025-04-18,1,8.91621527777778
2025-04-18,2,8.87258333333333
2025-04-18,3,9.52470138888889
2025-04-18,4,10.2591597222222
2025-04-18,5,10.3855972222222
2025-04-18,6,11.9512291666667
2025-04-18,7,12.2543958333333
2025-04-18,8,12.3052847222222
2025-04-18,9,11.5036388888889
2025-04-18,10,11.5163125
2025-04-18,11,12.0326736111111
2025-04-18,12,13.3081527777778
2025-04-19,1,9.1958125
2025-04-19,2,9.23685416666667
2025-04-19,3,9.96661111111111
2025-04-19,4,10.5117847222222
2025-04-19,5,10.6905069444444
2025-04-19,6,12.5924930555556
2025-04-19,7,12.2542291666667
2025-04-19,8,12.8288611111111
2025-04-19,9,12.1766597222222
2025-04-19,10,11.8784097222222
2025-04-19,11,12.4911388888889
2025-04-19,12,13.6147152777778
2025-04-20,1,10.1136736111111
2025-04-20,2,10.2424930555556
2025-04-20,3,11.0418680555556
2025-04-20,4,11.4095208333333
2025-04-20,5,11.6588958333333
2025-04-20,6,13.780875
2025-04-20,7,12.9703333333333
2025-04-20,8,13.9822569444444
2025-04-20,9,13.7603888888889
2025-04-20,10,12.8772986111111
2025-04-20,11,13.7055069444444
2025-04-20,12,14.6556944444444
2025-04-21,1,10.8151388888889
2025-04-21,2,10.9001666666667
2025-04-21,3,11.6803263888889
2025-04-21,4,11.9595277777778
2025-04-21,5,12.3580625
2025-04-21,6,14.4190416666667
2025-04-21,7,13.6507916666667
2025-04-21,8,14.7149583333333
2025-04-21,9,14.5185277777778
2025-04-21,10,13.6148125
2025-04-21,11,14.4490347222222
2025-04-21,12,15.3970069444444
2025-04-22,1,11.1362708333333
2025-04-22,2,11.1895833333333
2025-04-22,3,11.9512083333333
2025-04-22,4,12.214875
2025-04-22,5,12.7162430555556
2025-04-22,6,14.8593611111111
2025-04-22,7,14.0813819444444
2025-04-22,8,15.1647013888889
2025-04-22,9,14.7714027777778
2025-04-22,10,13.9725833333333
2025-04-22,11,14.7836388888889
2025-04-22,12,15.7285
2025-04-23,1,11.6456041666667
2025-04-23,2,11.6661041666667
2025-04-23,3,12.4460208333333
2025-04-23,4,12.67825
2025-04-23,5,13.2139722222222
2025-04-23,6,15.3935972222222
2025-04-23,7,14.4627569444444
2025-04-23,8,15.7203541666667
2025-04-23,9,15.4017291666667
2025-04-23,10,14.5127083333333
2025-04-23,11,15.2717708333333
2025-04-23,12,16.2613055555556
2025-04-24,1,11.7205416666667
2025-04-24,2,11.6410347222222
2025-04-24,3,12.4416458333333
2025-04-24,4,12.6341805555556
2025-04-24,5,13.2264097222222
2025-04-24,6,15.3703055555556
2025-04-24,7,14.6274166666667
2025-04-24,8,15.7609791666667
2025-04-24,9,15.1685
2025-04-24,10,14.6171388888889
2025-04-24,11,15.2310902777778
2025-04-24,12,16.3061458333333
2025-04-25,1,11.6750833333333
2025-04-25,2,11.5716527777778
2025-04-25,3,12.4476458333333
2025-04-25,4,12.5504513888889
2025-04-25,5,13.1471875
2025-04-25,6,15.2214166666667
2025-04-25,7,14.5221458333333
2025-04-25,8,15.7934791666667
2025-04-25,9,14.9282847222222
2025-04-25,10,14.6345138888889
2025-04-25,11,15.1228611111111
2025-04-25,12,16.2455555555556
2025-04-26,1,11.9797152777778
2025-04-26,2,11.9377638888889
2025-04-26,3,12.7882013888889
2025-04-26,4,12.8999097222222
2025-04-26,5,13.4775347222222
2025-04-26,6,15.3463402777778
2025-04-26,7,14.7546805555556
2025-04-26,8,16.3209027777778
2025-04-26,9,15.48275
2025-04-26,10,14.98325
2025-04-26,11,15.5924236111111
2025-04-26,12,16.5636597222222
2025-04-27,1,12.3631041666667
2025-04-27,2,12.3187638888889
2025-04-27,3,13.0747708333333
2025-04-27,4,13.2879375
2025-04-27,5,13.902
2025-04-27,6,15.361
2025-04-27,7,15.2480763888889
2025-04-27,8,16.6630277777778
2025-04-27,9,16.0074166666667
2025-04-27,10,15.3075208333333
2025-04-27,11,15.9982638888889
2025-04-27,12,16.9723263888889
2025-04-28,1,12.0294444444444
2025-04-28,2,11.9447986111111
2025-04-28,3,12.6667777777778
2025-04-28,4,13.0032847222222
2025-04-28,5,13.5624027777778
2025-04-28,6,14.7649861111111
2025-04-28,7,15.1712083333333
2025-04-28,8,16.1268472222222
2025-04-28,9,15.2003888888889
2025-04-28,10,14.8880486111111
2025-04-28,11,15.3741041666667
2025-04-28,12,16.6333680555556
2025-04-29,1,11.7314166666667
2025-04-29,2,11.6524791666667
2025-04-29,3,12.4140972222222
2025-04-29,4,12.673125
2025-04-29,5,13.2459791666667
2025-04-29,6,14.3692777777778
2025-04-29,7,14.7982013888889
2025-04-29,8,15.7794236111111
2025-04-29,9,14.6837013888889
2025-04-29,10,14.6213333333333
2025-04-29,11,15.0225
2025-04-29,12,16.2626458333333
2025-04-30,1,12.0961319444444
2025-04-30,2,12.1016527777778
2025-04-30,3,12.917125
2025-04-30,4,13.0689375
2025-04-30,5,13.6479166666667
2025-04-30,6,14.8915694444444
2025-04-30,7,14.9664305555556
2025-04-30,8,16.4133263888889
2025-04-30,9,15.4427083333333
2025-04-30,10,15.0338333333333
2025-04-30,11,15.6044027777778
2025-04-30,12,16.6744861111111
2025-05-01,1,12.8169652777778
2025-05-01,2,12.8191666666667
2025-05-01,3,13.6877361111111
2025-05-01,4,13.827375
2025-05-01,5,14.3735555555556
2025-05-01,6,15.7801944444444
2025-05-01,7,15.6697847222222
2025-05-01,8,17.2529236111111
2025-05-01,9,16.5803819444444
2025-05-01,10,15.7803958333333
2025-05-01,11,16.5265347222222
2025-05-01,12,17.4760833333333
2025-05-02,1,13.3863541666667
2025-05-02,2,13.3603333333333
2025-05-02,3,14.2752152777778
2025-05-02,4,14.3311041666667
2025-05-02,5,14.9464722222222
2025-05-02,6,16.5615972222222
2025-05-02,7,16.1611388888889
2025-05-02,8,17.833125
2025-05-02,9,17.3217430555556
2025-05-02,10,16.3298958333333
2025-05-02,11,17.1874583333333
2025-05-02,12,18.0400763888889
2025-05-03,1,14.0519305555556
2025-05-03,2,14.0014444444444
2025-05-03,3,14.9578958333333
2025-05-03,4,14.9537708333333
2025-05-03,5,15.6291597222222
2025-05-03,6,17.3308263888889
2025-05-03,7,16.7681597222222
2025-05-03,8,18.4923333333333
2025-05-03,9,18.1831944444444
2025-05-03,10,17.0048958333333
2025-05-03,11,17.9334305555556
2025-05-03,12,18.6849444444444
2025-05-04,1,14.5096875
2025-05-04,2,14.4539375
2025-05-04,3,15.3582638888889
2025-05-04,4,15.3731388888889
2025-05-04,5,16.1180833333333
2025-05-04,6,17.8762152777778
2025-05-04,7,17.2612847222222
2025-05-04,8,18.9679444444444
2025-05-04,9,18.6575694444444
2025-05-04,10,17.4677638888889
2025-05-04,11,18.4229166666667
2025-05-04,12,19.1580625
2025-05-05,1,14.8026527777778
2025-05-05,2,14.7329791666667
2025-05-05,3,15.6056805555556
2025-05-05,4,15.646375
2025-05-05,5,16.4496458333333
2025-05-05,6,18.2179513888889
2025-05-05,7,17.5829236111111
2025-05-05,8,19.3433055555556
2025-05-05,9,18.9706736111111
2025-05-05,10,17.7524236111111
2025-05-05,11,18.7597291666667
2025-05-05,12,19.4828402777778
2025-05-06,1,15.0563125
2025-05-06,2,14.9998611111111
2025-05-06,3,15.8596805555556
2025-05-06,4,15.9506736111111
2025-05-06,5,16.7203541666667
2025-05-06,6,18.5690416666667
2025-05-06,7,17.8915138888889
2025-05-06,8,19.6261736111111
2025-05-06,9,19.2272291666667
2025-05-06,10,18.0259375
2025-05-06,11,19.0192708333333
2025-05-06,12,19.7993541666667
2025-05-07,1,15.2619027777778
2025-05-07,2,15.1693194444444
2025-05-07,3,15.9612569444444
2025-05-07,4,16.0914513888889
2025-05-07,5,16.8642708333333
2025-05-07,6,18.6652777777778
2025-05-07,7,18.2870486111111
2025-05-07,8,19.6902708333333
2025-05-07,9,19.3111666666667
2025-05-07,10,18.1466388888889
2025-05-07,11,19.0901111111111
2025-05-07,12,19.9691458333333
2025-05-08,1,15.1065972222222
2025-05-08,2,14.9634097222222
2025-05-08,3,15.7790555555556
2025-05-08,4,15.9081805555556
2025-05-08,5,16.6734305555556
2025-05-08,6,18.5445694444444
2025-05-08,7,18.1695972222222
2025-05-08,8,19.4779027777778
2025-05-08,9,18.805875
2025-05-08,10,17.9660069444444
2025-05-08,11,18.7823125
2025-05-08,12,19.8280277777778
2025-05-09,1,15.0212291666667
2025-05-09,2,14.8905208333333
2025-05-09,3,15.7895902777778
2025-05-09,4,15.9012916666667
2025-05-09,5,16.6465347222222
2025-05-09,6,18.5935625
2025-05-09,7,18.1106041666667
2025-05-09,8,19.5469513888889
2025-05-09,9,18.6356666666667
2025-05-09,10,17.951125
2025-05-09,11,18.7680347222222
2025-05-09,12,19.7938819444444
2025-05-10,1,14.676875
2025-05-10,2,14.5118055555556
2025-05-10,3,15.2658541666667
2025-05-10,4,15.5012569444444
2025-05-10,5,16.3432708333333
2025-05-10,6,18.2125972222222
2025-05-10,7,17.8467847222222
2025-05-10,8,19.151625
2025-05-10,9,18.0984166666667
2025-05-10,10,17.5949652777778
2025-05-10,11,18.2865416666667
2025-05-10,12,19.4706736111111
2025-05-11,1,14.2227708333333
2025-05-11,2,14.1037916666667
2025-05-11,3,14.9813333333333
2025-05-11,4,15.1263263888889
2025-05-11,5,15.8735347222222
2025-05-11,6,17.8779861111111
2025-05-11,7,17.4545763888889
2025-05-11,8,18.4305208333333
2025-05-11,9,17.465625
2025-05-11,10,17.1508055555556
2025-05-11,11,17.6887569444444
2025-05-11,12,19.0115069444444
2025-05-12,1,14.2240208333333
2025-05-12,2,14.1066805555556
2025-05-12,3,15.0211666666667
2025-05-12,4,15.1336666666667
2025-05-12,5,15.8602291666667
2025-05-12,6,17.9180763888889
2025-05-12,7,17.3064305555556
2025-05-12,8,18.1250486111111
2025-05-12,9,17.5055694444444
2025-05-12,10,17.2240347222222
2025-05-12,11,17.7346041666667
2025-05-12,12,19.0089236111111
2025-05-13,1,14.4249097222222
2025-05-13,2,14.3258263888889
2025-05-13,3,15.2351597222222
2025-05-13,4,15.3592361111111
2025-05-13,5,16.0750138888889
2025-05-13,6,18.0177152777778
2025-05-13,7,17.4162430555556
2025-05-13,8,18.2067013888889
2025-05-13,9,17.9092222222222
2025-05-13,10,17.5234027777778
2025-05-13,11,18.1236944444444
2025-05-13,12,19.2599861111111
2025-05-14,1,14.9202777777778
2025-05-14,2,14.8471319444444
2025-05-14,3,15.9373125
2025-05-14,4,15.9283333333333
2025-05-14,5,16.5693958333333
2025-05-14,6,18.2755833333333
2025-05-14,7,18.0075694444444
2025-05-14,8,18.7774027777778
2025-05-14,9,18.7260555555556
2025-05-14,10,17.9760902777778
2025-05-14,11,18.6576111111111
2025-05-14,12,19.7004583333333
2025-05-15,1,15.449375
2025-05-15,2,15.5425
2025-05-15,3,16.5105277777778
2025-05-15,4,16.7096388888889
2025-05-15,5,17.1907361111111
2025-05-15,6,18.7559305555556
2025-05-15,7,18.6860625
2025-05-15,8,19.3880416666667
2025-05-15,9,19.4036319444444
2025-05-15,10,18.3761527777778
2025-05-15,11,19.2678333333333
2025-05-15,12,20.2187777777778
2025-05-16,1,15.8368177525968
2025-05-16,2,15.9558073654391
2025-05-16,3,16.80925401322
2025-05-16,4,17.1064211520302
2025-05-16,5,17.6163456090652
2025-05-16,6,19.2192067988669
2025-05-16,7,19.0307271010387
2025-05-16,8,19.8375920679887
2025-05-16,9,19.9341831916903
2025-05-16,10,18.7276676109537
2025-05-16,11,19.753597733711
2025-05-16,12,20.6483852691218
2025-05-19,1,16.3038312586445
2025-05-19,2,16.234398340249
2025-05-19,3,16.8547164591978
2025-05-19,4,17.2253803596127
2025-05-19,5,17.7732226832642
2025-05-19,6,18.9054633471646
2025-05-19,7,19.115643153527
2025-05-19,8,19.3434439834025
2025-05-19,9,19.5778838174274
2025-05-19,10,19.086846473029
2025-05-19,11,19.2013969571231
2025-05-19,12,20.2833333333333
2025-05-20,1,16.0822638888889
2025-05-20,2,16.0134722222222
2025-05-20,3,16.6165486111111
2025-05-20,4,17.1941527777778
2025-05-20,5,17.7347361111111
2025-05-20,6,18.79625
2025-05-20,7,19.5072430555556
2025-05-20,8,19.3447847222222
2025-05-20,9,19.5613055555556
2025-05-20,10,18.8654166666667
2025-05-20,11,19.2449166666667
2025-05-20,12,20.4198263888889
2025-05-21,1,15.7413333333333
2025-05-21,2,15.6822638888889
2025-05-21,3,16.4394513888889
2025-05-21,4,17.1151736111111
2025-05-21,5,17.4760277777778
2025-05-21,6,18.4475
2025-05-21,7,19.2184027777778
2025-05-21,8,19.2162430555556
2025-05-21,9,19.0841805555556
2025-05-21,10,18.549125
2025-05-21,11,19.2051805555556
2025-05-21,12,20.3443194444444
2025-05-22,1,15.8528839471855
2025-05-22,2,15.873148019458
2025-05-22,3,16.6692703266157
2025-05-22,4,17.3971507991661
2025-05-22,5,17.6242043085476
2025-05-22,6,18.5549409312022
2025-05-22,7,19.2935371785962
2025-05-22,8,19.3834815844336
2025-05-22,9,19.2932661570535
2025-05-22,10,18.5805489923558
2025-05-22,11,19.2861014593468
2025-05-22,12,20.4101181375956
2025-05-23,1,15.865875
2025-05-23,2,15.9274791666667
2025-05-23,3,16.5954166666667
2025-05-23,4,17.3754097222222
2025-05-23,5,17.6769027777778
2025-05-23,6,18.5392291666667
2025-05-23,7,19.3506944444444
2025-05-23,8,19.3890833333333
2025-05-23,9,19.2460347222222
2025-05-23,10,18.4822916666667
2025-05-23,11,19.3153263888889
2025-05-23,12,20.4110555555556
2025-05-24,1,15.6938333333333
2025-05-24,2,15.7028888888889
2025-05-24,3,16.2872013888889
2025-05-24,4,17.2264305555556
2025-05-24,5,17.4780277777778
2025-05-24,6,18.2485069444444
2025-05-24,7,19.1655555555556
2025-05-24,8,19.2030069444444
2025-05-24,9,18.7949583333333
2025-05-24,10,18.2709583333333
2025-05-24,11,19.0769305555556
2025-05-24,12,20.1971597222222
2025-05-25,1,15.2491527777778
2025-05-25,2,15.1570486111111
2025-05-25,3,15.83575
2025-05-25,4,16.7401458333333
2025-05-25,5,16.9782430555556
2025-05-25,6,17.6738680555556
2025-05-25,7,18.7604375
2025-05-25,8,18.8404583333333
2025-05-25,9,18.0651180555556
2025-05-25,10,17.8378611111111
2025-05-25,11,18.6161666666667
2025-05-25,12,19.8133888888889
2025-05-26,1,14.9198611111111
2025-05-26,2,14.8685902777778
2025-05-26,3,15.6464236111111
2025-05-26,4,16.4240625
2025-05-26,5,16.7134305555556
2025-05-26,6,17.3413333333333
2025-05-26,7,18.3893541666667
2025-05-26,8,18.7265416666667
2025-05-26,9,17.8377152777778
2025-05-26,10,17.6065972222222
2025-05-26,11,18.3818055555556
2025-05-26,12,19.6285138888889
2025-05-27,1,14.7886666666667
2025-05-27,2,14.7173333333333
2025-05-27,3,15.4742708333333
2025-05-27,4,16.2880277777778
2025-05-27,5,16.5938125
2025-05-27,6,17.1720416666667
2025-05-27,7,18.2207986111111
2025-05-27,8,18.7021666666667
2025-05-27,9,17.7442430555556
2025-05-27,10,17.5673402777778
2025-05-27,11,18.2918333333333
2025-05-27,12,19.5169861111111
2025-05-28,1,14.7038402777778
2025-05-28,2,14.6503888888889
2025-05-28,3,15.3894722222222
2025-05-28,4,16.1367013888889
2025-05-28,5,16.4661736111111
2025-05-28,6,17.1076319444444
2025-05-28,7,17.959375
2025-05-28,8,18.7172152777778
2025-05-28,9,17.7181597222222
2025-05-28,10,17.5557222222222
2025-05-28,11,18.2549305555556
2025-05-28,12,19.4714652777778
2025-05-29,1,14.7607638888889
2025-05-29,2,14.7615138888889
2025-05-29,3,15.4212083333333
2025-05-29,4,16.1472569444444
2025-05-29,5,16.5292152777778
2025-05-29,6,17.1389722222222
2025-05-29,7,18.2016736111111
2025-05-29,8,18.7982291666667
2025-05-29,9,17.8421111111111
2025-05-29,10,17.5631041666667
2025-05-29,11,18.2759444444444
2025-05-29,12,19.545375
2025-05-30,1,14.9632083333333
2025-05-30,2,15.0186875
2025-05-30,3,15.6721944444444
2025-05-30,4,16.5143402777778
2025-05-30,5,16.7633263888889
2025-05-30,6,17.5670902777778
2025-05-30,7,18.3656527777778
2025-05-30,8,19.1862222222222
2025-05-30,9,18.3376388888889
2025-05-30,10,17.7864166666667
2025-05-30,11,18.7042222222222
2025-05-30,12,19.8639166666667
2025-05-31,1,15.3953819444444
2025-05-31,2,15.5329375
2025-05-31,3,16.1646805555556
2025-05-31,4,16.9445972222222
2025-05-31,5,17.2485486111111
2025-05-31,6,18.0344583333333
2025-05-31,7,18.7987986111111
2025-05-31,8,19.6340972222222
2025-05-31,9,19.0744861111111
2025-05-31,10,18.2586666666667
2025-05-31,11,19.1758680555556
2025-05-31,12,20.3413263888889
2025-06-01,1,15.3632222222222
2025-06-01,2,15.3337361111111
2025-06-01,3,15.9563333333333
2025-06-01,4,16.7741111111111
2025-06-01,5,17.1911180555556
2025-06-01,6,17.8298333333333
2025-06-01,7,18.9067083333333
2025-06-01,8,19.4983958333333
2025-06-01,9,18.8189027777778
2025-06-01,10,18.1435833333333
2025-06-01,11,19.0300416666667
2025-06-01,12,20.3305833333333
2025-06-02,1,14.926125
2025-06-02,2,14.873375
2025-06-02,3,15.5521875
2025-06-02,4,16.377375
2025-06-02,5,16.8068541666667
2025-06-02,6,17.3148055555556
2025-06-02,7,18.4915486111111
2025-06-02,8,19.1276805555556
2025-06-02,9,18.0852083333333
2025-06-02,10,17.7401944444444
2025-06-02,11,18.5545486111111
2025-06-02,12,19.9623541666667
2025-06-03,1,14.6618680555556
2025-06-03,2,14.6158263888889
2025-06-03,3,15.3670138888889
2025-06-03,4,16.0368611111111
2025-06-03,5,16.5446944444444
2025-06-03,6,17.0365763888889
2025-06-03,7,18.1841944444444
2025-06-03,8,18.7709652777778
2025-06-03,9,17.7653263888889
2025-06-03,10,17.5961111111111
2025-06-03,11,18.2961666666667
2025-06-03,12,19.7411388888889
2025-06-04,1,14.6795972222222
2025-06-04,2,14.6675
2025-06-04,3,15.5130208333333
2025-06-04,4,16.0274305555556
2025-06-04,5,16.5471319444444
2025-06-04,6,17.1143333333333
2025-06-04,7,18.0794444444444
2025-06-04,8,18.5315763888889
2025-06-04,9,17.9343958333333
2025-06-04,10,17.7429791666667
2025-06-04,11,18.3520763888889
2025-06-04,12,19.7796597222222
2025-06-05,1,15.0629375
2025-06-05,2,15.0917847222222
2025-06-05,3,15.944125
2025-06-05,4,16.4000625
2025-06-05,5,16.9191527777778
2025-06-05,6,17.5599305555556
2025-06-05,7,18.3213055555556
2025-06-05,8,18.8208680555556
2025-06-05,9,18.62675
2025-06-05,10,18.2163194444444
2025-06-05,11,18.8391458333333
2025-06-05,12,20.1957847222222
2025-06-06,1,15.5668263888889
2025-06-06,2,15.5846805555556
2025-06-06,3,16.4365694444444
2025-06-06,4,16.8575277777778
2025-06-06,5,17.4270694444444
2025-06-06,6,18.10725
2025-06-06,7,18.7426875
2025-06-06,8,19.4737083333333
2025-06-06,9,19.4304861111111
2025-06-06,10,18.7785763888889
2025-06-06,11,19.4270972222222
2025-06-06,12,20.7268541666667
2025-06-07,1,16.0240277777778
2025-06-07,2,16.0521041666667
2025-06-07,3,16.9015902777778
2025-06-07,4,17.289375
2025-06-07,5,17.9325347222222
2025-06-07,6,18.5850069444444
2025-06-07,7,19.1482638888889
2025-06-07,8,20.20975
2025-06-07,9,20.0574236111111
2025-06-07,10,19.3022638888889
2025-06-07,11,20.0067152777778
2025-06-07,12,21.2142152777778
2025-06-08,1,16.5337569444444
2025-06-08,2,16.6069583333333
2025-06-08,3,17.4293125
2025-06-08,4,17.8299513888889
2025-06-08,5,18.5018333333333
2025-06-08,6,19.1466527777778
2025-06-08,7,19.65225
2025-06-08,8,20.9109513888889
2025-06-08,9,20.7353541666667
2025-06-08,10,19.8354930555556
2025-06-08,11,20.6306597222222
2025-06-08,12,21.7307361111111
2025-06-09,1,17.0639707927677
2025-06-09,2,17.1652781641168
2025-06-09,3,17.9537552155772
2025-06-09,4,18.5362656467316
2025-06-09,5,19.0311891515994
2025-06-09,6,19.7834979137691
2025-06-09,7,20.3209109874826
2025-06-09,8,21.4288734353268
2025-06-09,9,21.3339568845619
2025-06-09,10,20.2521140472879
2025-06-09,11,21.1575591098748
2025-06-09,12,22.1827538247566
2025-06-10,1,17.7057152777778
2025-06-10,2,17.8935069444444
2025-06-10,3,18.6558541666667
2025-06-10,4,19.3309444444444
2025-06-10,5,19.6755416666667
2025-06-10,6,20.6546944444444
2025-06-10,7,21.0449444444444
2025-06-10,8,22.0511180555556
2025-06-10,9,22.1298819444444
2025-06-10,10,20.8132152777778
2025-06-10,11,21.8616458333333
2025-06-10,12,22.7848472222222
2025-06-11,1,18.3043888888889
2025-06-11,2,18.4642291666667
2025-06-11,3,19.2139861111111
2025-06-11,4,19.908375
2025-06-11,5,20.239
2025-06-11,6,21.2118888888889
2025-06-11,7,21.6348333333333
2025-06-11,8,22.5515694444444
2025-06-11,9,22.6787847222222
2025-06-11,10,21.2845208333333
2025-06-11,11,22.3922361111111
2025-06-11,12,23.2981041666667
2025-06-12,1,18.4209236111111
2025-06-12,2,18.4111111111111
2025-06-12,3,19.1876666666667
2025-06-12,4,19.9463402777778
2025-06-12,5,20.2786805555556
2025-06-12,6,21.1653958333333
2025-06-12,7,21.7272569444444
2025-06-12,8,22.6416388888889
2025-06-12,9,22.6118125
2025-06-12,10,21.3493333333333
2025-06-12,11,22.4478263888889
2025-06-12,12,23.4144652777778
2025-06-13,1,18.47575
2025-06-13,2,18.4378263888889
2025-06-13,3,19.2459097222222
2025-06-13,4,19.9339027777778
2025-06-13,5,20.3595902777778
2025-06-13,6,21.1932361111111
2025-06-13,7,21.7223194444444
2025-06-13,8,22.8066111111111
2025-06-13,9,22.5627777777778
2025-06-13,10,21.4986875
2025-06-13,11,22.5286527777778
2025-06-13,12,23.5342013888889
2025-06-14,1,18.6692569444444
2025-06-14,2,18.7112569444444
2025-06-14,3,19.4896666666667
2025-06-14,4,20.1723611111111
2025-06-14,5,20.6323472222222
2025-06-14,6,21.3891388888889
2025-06-14,7,21.867625
2025-06-14,8,23.1495138888889
2025-06-14,9,22.8895208333333
2025-06-14,10,21.7868888888889
2025-06-14,11,22.7760277777778
2025-06-14,12,23.8044583333333
2025-06-15,1,18.8482361111111
2025-06-15,2,18.8954305555556
2025-06-15,3,19.6086180555556
2025-06-15,4,20.3328958333333
2025-06-15,5,20.8421875
2025-06-15,6,21.5369305555556
2025-06-15,7,22.1927083333333
2025-06-15,8,23.3784166666667
2025-06-15,9,23.0939375
2025-06-15,10,21.9602083333333
2025-06-15,11,22.9994583333333
2025-06-15,12,24.0174444444444
2025-06-16,1,18.8187222222222
2025-06-16,2,18.8954513888889
2025-06-16,3,19.4904305555556
2025-06-16,4,20.3007708333333
2025-06-16,5,20.7890763888889
2025-06-16,6,21.4304305555556
2025-06-16,7,22.3111944444444
2025-06-16,8,23.1705486111111
2025-06-16,9,22.7982291666667
2025-06-16,10,21.8450486111111
2025-06-16,11,22.7815555555556
2025-06-16,12,23.9288263888889
2025-06-17,1,18.6836805555556
2025-06-17,2,18.7561527777778
2025-06-17,3,19.3658055555556
2025-06-17,4,20.1640694444444
2025-06-17,5,20.6332083333333
2025-06-17,6,21.3215486111111
2025-06-17,7,22.2076041666667
2025-06-17,8,22.9736597222222
2025-06-17,9,22.4236805555556
2025-06-17,10,21.6121458333333
2025-06-17,11,22.5637083333333
2025-06-17,12,23.7449513888889
2025-06-18,1,18.681676300578
2025-06-18,2,18.7937225433526
2025-06-18,3,19.365676300578
2025-06-18,4,20.2229942196532
2025-06-18,5,20.6351098265896
2025-06-18,6,21.4352601156069
2025-06-18,7,22.1941849710983
2025-06-18,8,23.0198612716763
2025-06-18,9,22.4747861271676
2025-06-18,10,21.6031213872832
2025-06-18,11,22.6057803468208
2025-06-18,12,23.7312369942197
2025-06-19,1,19.2041176470588
2025-06-19,2,19.4052347083926
2025-06-19,3,19.9573541963016
2025-06-19,4,20.6635277382646
2025-06-19,5,21.0660170697013
2025-06-19,6,21.8492887624467
2025-06-19,7,22.4459743954481
2025-06-19,8,23.2015789473684
2025-06-19,9,22.8881507823613
2025-06-19,10,22.1317638691323
2025-06-19,11,22.8047226173542
2025-06-19,12,23.643186344239
2025-06-20,1,19.4228333333333
2025-06-20,2,19.5479791666667
2025-06-20,3,20.1165416666667
2025-06-20,4,20.9510138888889
2025-06-20,5,21.3586805555556
2025-06-20,6,22.0277430555556
2025-06-20,7,22.9724722222222
2025-06-20,8,23.4598194444444
2025-06-20,9,22.9234652777778
2025-06-20,10,22.3435625
2025-06-20,11,23.1720972222222
2025-06-20,12,23.9429097222222
2025-06-21,1,19.4796180555556
2025-06-21,2,19.5131736111111
2025-06-21,3,20.0916736111111
2025-06-21,4,21.0065902777778
2025-06-21,5,21.4022013888889
2025-06-21,6,22.1902083333333
2025-06-21,7,22.9667152777778
2025-06-21,8,23.5794166666667
2025-06-21,9,22.8003125
2025-06-21,10,22.3971875
2025-06-21,11,23.3527986111111
2025-06-21,12,24.2165416666667
2025-06-22,1,19.6000902777778
2025-06-22,2,19.6513819444444
2025-06-22,3,20.2223819444444
2025-06-22,4,21.1228402777778
2025-06-22,5,21.5975694444444
2025-06-22,6,22.3414097222222
2025-06-22,7,23.0328472222222
2025-06-22,8,23.8829583333333
2025-06-22,9,22.9627222222222
2025-06-22,10,22.636375
2025-06-22,11,23.6725
2025-06-22,12,24.5506180555556
2025-06-23,1,19.9223680555556
2025-06-23,2,19.9964583333333
2025-06-23,3,20.6155347222222
2025-06-23,4,21.4796805555556
2025-06-23,5,21.9444583333333
2025-06-23,6,22.7164166666667
2025-06-23,7,23.2868888888889
2025-06-23,8,24.3265
2025-06-23,9,23.3213402777778
2025-06-23,10,23.0406041666667
2025-06-23,11,24.1178055555556
2025-06-23,12,24.9502916666667
2025-06-24,1,20.4066388888889
2025-06-24,2,20.4976319444444
2025-06-24,3,21.1548888888889
2025-06-24,4,21.9012916666667
2025-06-24,5,22.4170902777778
2025-06-24,6,23.2707638888889
2025-06-24,7,23.7488055555556
2025-06-24,8,24.9023402777778
2025-06-24,9,23.8250833333333
2025-06-24,10,23.5964097222222
2025-06-24,11,24.7143888888889
2025-06-24,12,25.5173194444444
2025-06-25,1,20.8290972222222
2025-06-25,2,20.8919652777778
2025-06-25,3,21.5505416666667
2025-06-25,4,22.2987291666667
2025-06-25,5,22.7993680555556
2025-06-25,6,23.6411319444444
2025-06-25,7,24.158375
2025-06-25,8,25.4281319444444
2025-06-25,9,24.1973888888889
2025-06-25,10,24.0708958333333
2025-06-25,11,25.1915833333333
2025-06-25,12,25.9969930555556
2025-06-26,1,21.0790972222222
2025-06-26,2,21.1224930555556
2025-06-26,3,21.7716736111111
2025-06-26,4,22.5103472222222
2025-06-26,5,23.0394722222222
2025-06-26,6,23.8255069444444
2025-06-26,7,24.4313611111111
2025-06-26,8,25.6737013888889
2025-06-26,9,24.3140069444444
2025-06-26,10,24.3267013888889
2025-06-26,11,25.3990833333333
2025-06-26,12,26.2322916666667
2025-06-27,1,21.2290555555556
2025-06-27,2,21.2908541666667
2025-06-27,3,21.8898611111111
2025-06-27,4,22.7120763888889
2025-06-27,5,23.2155416666667
2025-06-27,6,23.9974097222222
2025-06-27,7,24.6638333333333
2025-06-27,8,25.8334444444444
2025-06-27,9,24.39775
2025-06-27,10,24.4943611111111
2025-06-27,11,25.5750902777778
2025-06-27,12,26.4507569444444
2025-06-28,1,21.2000416666667
2025-06-28,2,21.3106805555556
2025-06-28,3,21.8084375
2025-06-28,4,22.7494930555556
2025-06-28,5,23.2168402777778
2025-06-28,6,23.9280486111111
2025-06-28,7,24.7489583333333
2025-06-28,8,25.6523611111111
2025-06-28,9,24.1671111111111
2025-06-28,10,24.3654305555556
2025-06-28,11,25.3844166666667
2025-06-28,12,26.3708194444444
2025-06-29,1,21.3197777777778
2025-06-29,2,21.5199444444444
2025-06-29,3,21.9942569444444
2025-06-29,4,22.9377847222222
2025-06-29,5,23.3592847222222
2025-06-29,6,24.1814236111111
2025-06-29,7,24.8479513888889
2025-06-29,8,25.7225486111111
2025-06-29,9,24.2646805555556
2025-06-29,10,24.4188888888889
2025-06-29,11,25.4592291666667
2025-06-29,12,26.4368958333333
2025-06-30,1,21.5571388888889
2025-06-30,2,21.7624930555556
2025-06-30,3,22.2478125
2025-06-30,4,23.1264652777778
2025-06-30,5,23.6172569444444
2025-06-30,6,24.5004722222222
2025-06-30,7,25.0224305555556
2025-06-30,8,25.9601944444444
2025-06-30,9,24.4698819444444
2025-06-30,10,24.6429305555556
2025-06-30,11,25.7525486111111
2025-06-30,12,26.6824583333333
2025-07-01,1,21.8237986111111
2025-07-01,2,22.0124444444444
2025-07-01,3,22.5306736111111
2025-07-01,4,23.4278819444444
2025-07-01,5,23.884875
2025-07-01,6,24.8537569444444
2025-07-01,7,25.2938125
2025-07-01,8,26.2857430555556
2025-07-01,9,24.7835972222222
2025-07-01,10,24.9447430555556
2025-07-01,11,26.0781527777778
2025-07-01,12,27.0177569444444
2025-07-02,1,22.1868958333333
2025-07-02,2,22.3537291666667
2025-07-02,3,22.8682013888889
2025-07-02,4,23.7698611111111
2025-07-02,5,24.2320486111111
2025-07-02,6,25.1923888888889
2025-07-02,7,25.6869513888889
2025-07-02,8,26.5620833333333
2025-07-02,9,25.0393055555556
2025-07-02,10,25.2742708333333
2025-07-02,11,26.3585416666667
2025-07-02,12,27.3232708333333
2025-07-03,1,22.1701041666667
2025-07-03,2,22.2121388888889
2025-07-03,3,22.7384583333333
2025-07-03,4,23.6776597222222
2025-07-03,5,24.1683958333333
2025-07-03,6,25.3041180555556
2025-07-03,7,25.6934652777778
2025-07-03,8,26.5692361111111
2025-07-03,9,24.7991388888889
2025-07-03,10,25.2305833333333
2025-07-03,11,26.3707361111111
2025-07-03,12,27.3423611111111
2025-07-04,1,21.9864791666667
2025-07-04,2,22.0028888888889
2025-07-04,3,22.5034791666667
2025-07-04,4,23.5005902777778
2025-07-04,5,24.0164930555556
2025-07-04,6,25.2823333333333
2025-07-04,7,25.4868125
2025-07-04,8,26.475375
2025-07-04,9,24.5244097222222
2025-07-04,10,25.1215138888889
2025-07-04,11,26.1738958333333
2025-07-04,12,27.2476111111111
2025-07-05,1,21.6744930555556
2025-07-05,2,21.6670972222222
2025-07-05,3,22.151
2025-07-05,4,23.1400625
2025-07-05,5,23.7136111111111
2025-07-05,6,25.0471388888889
2025-07-05,7,25.2528958333333
2025-07-05,8,26.1493888888889
2025-07-05,9,24.0591319444444
2025-07-05,10,24.8579166666667
2025-07-05,11,25.8163402777778
2025-07-05,12,26.9904305555556
2025-07-06,1,21.4211875
2025-07-06,2,21.4342638888889
2025-07-06,3,21.9135486111111
2025-07-06,4,22.9419930555556
2025-07-06,5,23.4545694444444
2025-07-06,6,24.9211736111111
2025-07-06,7,25.0888333333333
2025-07-06,8,25.9007291666667
2025-07-06,9,23.7815833333333
2025-07-06,10,24.6609722222222
2025-07-06,11,25.5474583333333
2025-07-06,12,26.7588125
2025-07-07,1,21.5879444444444
2025-07-07,2,21.6869513888889
2025-07-07,3,22.1916944444444
2025-07-07,4,23.1974444444444
2025-07-07,5,23.5944097222222
2025-07-07,6,25.2498680555556
2025-07-07,7,25.2432638888889
2025-07-07,8,26.1022708333333
2025-07-07,9,24.1213194444444
2025-07-07,10,24.8646736111111
2025-07-07,11,25.8151736111111
2025-07-07,12,26.9249166666667
2025-07-08,1,22.0810863509749
2025-07-08,2,22.2727367688022
2025-07-08,3,22.7543245125348
2025-07-08,4,23.680577994429
2025-07-08,5,24.1040459610028
2025-07-08,6,25.7145961002786
2025-07-08,7,25.6566504178273
2025-07-08,8,26.5658077994429
2025-07-08,9,24.6542061281337
2025-07-08,10,25.2962674094708
2025-07-08,11,26.3240529247911
2025-07-08,12,27.4023189415042
2025-07-09,1,22.2721805555556
2025-07-09,2,22.3907461645746
2025-07-09,3,22.9813947001395
2025-07-09,4,23.7802569444444
2025-07-09,5,24.2930753138075
2025-07-09,6,25.9324128312413
2025-07-09,7,25.7496805555556
2025-07-09,8,26.7639260808926
2025-07-09,9,25.1057322175732
2025-07-09,10,25.5016111111111
2025-07-09,11,26.5715341701534
2025-07-09,12,27.6413668061367
2025-07-10,1,22.2896111111111
2025-07-10,2,22.3656458333333
2025-07-10,3,22.9358263888889
2025-07-10,4,23.7638541666667
2025-07-10,5,24.3361388888889
2025-07-10,6,25.9737638888889
2025-07-10,7,25.8212569444444
2025-07-10,8,26.8090416666667
2025-07-10,9,25.37975
2025-07-10,10,25.5361597222222
2025-07-10,11,26.5751597222222
2025-07-10,12,27.6836875
2025-07-11,1,22.1635625
2025-07-11,2,22.2122291666667
2025-07-11,3,22.8036111111111
2025-07-11,4,23.6339097222222
2025-07-11,5,24.2284305555556
2025-07-11,6,25.9271666666667
2025-07-11,7,25.6555138888889
2025-07-11,8,26.7278333333333
2025-07-11,9,25.4737569444444
2025-07-11,10,25.4345
2025-07-11,11,26.3946875
2025-07-11,12,27.5890069444444
2025-07-12,1,22.1423541666667
2025-07-12,2,22.2392361111111
2025-07-12,3,22.8220416666667
2025-07-12,4,23.5500416666667
2025-07-12,5,24.2081736111111
2025-07-12,6,26.0004652777778
2025-07-12,7,25.6890416666667
2025-07-12,8,26.7266041666667
2025-07-12,9,25.6813333333333
2025-07-12,10,25.4485972222222
2025-07-12,11,26.3541180555556
2025-07-12,12,27.5831944444444
2025-07-13,1,22.3276041666667
2025-07-13,2,22.4956805555556
2025-07-13,3,23.0405625
2025-07-13,4,23.8661111111111
2025-07-13,5,24.3884722222222
2025-07-13,6,26.2909930555556
2025-07-13,7,25.9087708333333
2025-07-13,8,26.9330208333333
2025-07-13,9,26.1375347222222
2025-07-13,10,25.6677013888889
2025-07-13,11,26.6467847222222
2025-07-13,12,27.787125
2025-07-14,1,22.7172916666667
2025-07-14,2,22.9349791666667
2025-07-14,3,23.4368194444444
2025-07-14,4,24.3052708333333
2025-07-14,5,24.7572986111111
2025-07-14,6,26.6309444444444
2025-07-14,7,26.2916597222222
2025-07-14,8,27.2156666666667
2025-07-14,9,26.6553194444444
2025-07-14,10,26.0075
2025-07-14,11,27.0007708333333
2025-07-14,12,28.1189930555556
2025-07-15,1,23.0422152777778
2025-07-15,2,23.2378958333333
2025-07-15,3,23.7229722222222
2025-07-15,4,24.5947013888889
2025-07-15,5,25.0325347222222
2025-07-15,6,26.8098333333333
2025-07-15,7,26.6112986111111
2025-07-15,8,27.3942986111111
2025-07-15,9,26.9896875
2025-07-15,10,26.2340972222222
2025-07-15,11,27.2167916666667
2025-07-15,12,28.3383125
2025-07-16,1,23.1461458333333
2025-07-16,2,23.3009513888889
2025-07-16,3,23.8363263888889
2025-07-16,4,24.674875
2025-07-16,5,25.1268055555556
2025-07-16,6,26.8457361111111
2025-07-16,7,26.6969305555556
2025-07-16,8,27.4765
2025-07-16,9,27.1034166666667
2025-07-16,10,26.2566319444444
2025-07-16,11,27.3075069444444
2025-07-16,12,28.4179791666667
2025-07-17,1,23.1561223071577
2025-07-17,2,23.2497289784573
2025-07-17,3,23.869701181376
2025-07-17,4,24.6401250868659
2025-07-17,5,25.1383877692842
2025-07-17,6,26.9195205003475
2025-07-17,7,26.6302640722724
2025-07-17,8,27.5813342599027
2025-07-17,9,27.2125712300208
2025-07-17,10,26.2913898540653
2025-07-17,11,27.3199513551077
2025-07-17,12,28.4794996525365
2025-07-18,1,23.2549791666667
2025-07-18,2,23.3324444444444
2025-07-18,3,23.9390486111111
2025-07-18,4,24.6942916666667
2025-07-18,5,25.2487847222222
2025-07-18,6,27.1026527777778
2025-07-18,7,26.6801111111111
2025-07-18,8,27.7651736111111
2025-07-18,9,27.4179236111111
2025-07-18,10,26.4449513888889
2025-07-18,11,27.4589861111111
2025-07-18,12,28.6248819444444
2025-07-19,1,23.2013541666667
2025-07-19,2,23.2724166666667
2025-07-19,3,23.8654305555556
2025-07-19,4,24.6621111111111
2025-07-19,5,25.2192986111111
2025-07-19,6,27.1429236111111
2025-07-19,7,26.6964375
2025-07-19,8,27.8112083333333
2025-07-19,9,27.3420694444444
2025-07-19,10,26.4522638888889
2025-07-19,11,27.4407708333333
2025-07-19,12,28.6301388888889
2025-07-20,1,23.1744236111111
2025-07-20,2,23.3028125
2025-07-20,3,23.8821180555556
2025-07-20,4,24.6703680555556
2025-07-20,5,25.2007916666667
2025-07-20,6,27.2039861111111
2025-07-20,7,26.7208819444444
2025-07-20,8,27.8492013888889
2025-07-20,9,27.2590486111111
2025-07-20,10,26.4683194444444
2025-07-20,11,27.4038819444444
2025-07-20,12,28.6350277777778
2025-07-21,1,23.2991597222222
2025-07-21,2,23.4346180555556
2025-07-21,3,23.9996666666667
2025-07-21,4,24.8346805555556
2025-07-21,5,25.2816805555556
2025-07-21,6,27.2633055555556
2025-07-21,7,26.9137777777778
2025-07-21,8,27.925125
2025-07-21,9,27.4092222222222
2025-07-21,10,26.5437569444444
2025-07-21,11,27.498
2025-07-21,12,28.7136736111111
2025-07-22,1,23.2200694444444
2025-07-22,2,23.3081666666667
2025-07-22,3,23.9113472222222
2025-07-22,4,24.7815833333333
2025-07-22,5,25.1759930555556
2025-07-22,6,27.1912916666667
2025-07-22,7,26.8892013888889
2025-07-22,8,27.7559375
2025-07-22,9,27.2158541666667
2025-07-22,10,26.4327777777778
2025-07-22,11,27.3602708333333
2025-07-22,12,28.6268125
2025-07-23,1,23.0782291666667
2025-07-23,2,23.1763263888889
2025-07-23,3,23.7739652777778
2025-07-23,4,24.5942847222222
2025-07-23,5,25.0171319444444
2025-07-23,6,27.1075555555556
2025-07-23,7,26.7717222222222
2025-07-23,8,27.5447291666667
2025-07-23,9,26.8227916666667
2025-07-23,10,26.2661736111111
2025-07-23,11,27.1290625
2025-07-23,12,28.4296875
2025-07-24,1,23.0952986111111
2025-07-24,2,23.2240069444444
2025-07-24,3,23.8090416666667
2025-07-24,4,24.6720555555556
2025-07-24,5,25.0509027777778
2025-07-24,6,27.1640902777778
2025-07-24,7,26.7463402777778
2025-07-24,8,27.5267777777778
2025-07-24,9,26.9112777777778
2025-07-24,10,26.2794097222222
2025-07-24,11,27.1319305555556
2025-07-24,12,28.405125
2025-07-25,1,23.1619166666667
2025-07-25,2,23.3073194444444
2025-07-25,3,23.8578194444444
2025-07-25,4,24.7069930555556
2025-07-25,5,25.1294097222222
2025-07-25,6,27.2596944444444
2025-07-25,7,26.8043958333333
2025-07-25,8,27.5808055555556
2025-07-25,9,27.0419375
2025-07-25,10,26.3158888888889
2025-07-25,11,27.1970138888889
2025-07-25,12,28.4558055555556
2025-07-26,1,23.2798680555556
2025-07-26,2,23.4462986111111
2025-07-26,3,24.0232777777778
2025-07-26,4,24.8223263888889
2025-07-26,5,25.2526597222222
2025-07-26,6,27.3886388888889
2025-07-26,7,26.8559236111111
2025-07-26,8,27.7245347222222
2025-07-26,9,27.1867152777778
2025-07-26,10,26.417125
2025-07-26,11,27.3569166666667
2025-07-26,12,28.5645
2025-07-27,1,23.3953055555556
2025-07-27,2,23.5263541666667
2025-07-27,3,24.132375
2025-07-27,4,24.9236527777778
2025-07-27,5,25.3849930555556
2025-07-27,6,27.58475
2025-07-27,7,26.9778958333333
2025-07-27,8,27.9190347222222
2025-07-27,9,27.4405277777778
2025-07-27,10,26.5961180555556
2025-07-27,11,27.5925763888889
2025-07-27,12,28.7816319444444
2025-07-28,1,23.6235277777778
2025-07-28,2,23.8022569444444
2025-07-28,3,24.3776388888889
2025-07-28,4,25.2024236111111
2025-07-28,5,25.6174513888889
2025-07-28,6,27.7038958333333
2025-07-28,7,27.2060208333333
2025-07-28,8,28.1052708333333
2025-07-28,9,27.7458055555556
2025-07-28,10,26.8194305555556
2025-07-28,11,27.7547986111111
2025-07-28,12,28.9629513888889
2025-07-29,1,23.6934513888889
2025-07-29,2,23.8071597222222
2025-07-29,3,24.4280625
2025-07-29,4,25.2615347222222
2025-07-29,5,25.6724375
2025-07-29,6,27.7452430555556
2025-07-29,7,27.2945069444444
2025-07-29,8,28.2099861111111
2025-07-29,9,27.7717152777778
2025-07-29,10,26.876875
2025-07-29,11,27.8476736111111
2025-07-29,12,29.053875
2025-07-30,1,23.6114930555556
2025-07-30,2,23.6834722222222
2025-07-30,3,24.3370486111111
2025-07-30,4,25.1330555555556
2025-07-30,5,25.6242777777778
2025-07-30,6,27.7145763888889
2025-07-30,7,27.1683541666667
2025-07-30,8,28.2146736111111
2025-07-30,9,27.5742152777778
2025-07-30,10,26.8808680555556
2025-07-30,11,27.7568888888889
2025-07-30,12,29.0464513888889
2025-07-31,1,23.5717916666667
2025-07-31,2,23.6716111111111
2025-07-31,3,24.2742708333333
2025-07-31,4,25.1030902777778
2025-07-31,5,25.6473611111111
2025-07-31,6,27.5168194444444
2025-07-31,7,27.1160625
2025-07-31,8,28.3463402777778
2025-07-31,9,27.5438055555556
2025-07-31,10,26.9437013888889
2025-07-31,11,27.8463055555556
2025-07-31,12,29.1097986111111
2025-08-01,1,23.6210208333333
2025-08-01,2,23.7229930555556
2025-08-01,3,24.2783263888889
2025-08-01,4,25.1083611111111
2025-08-01,5,25.6534861111111
2025-08-01,6,27.1134097222222
2025-08-01,7,27.1674305555556
2025-08-01,8,28.2397291666667
2025-08-01,9,27.5464305555556
2025-08-01,10,26.9460486111111
2025-08-01,11,27.7256875
2025-08-01,12,29.0813263888889
2025-08-02,1,23.2742013888889
2025-08-02,2,23.2898888888889
2025-08-02,3,23.8209930555556
2025-08-02,4,24.7369444444444
2025-08-02,5,25.2340902777778
2025-08-02,6,26.3330833333333
2025-08-02,7,26.9649027777778
2025-08-02,8,27.6344861111111
2025-08-02,9,26.7783888888889
2025-08-02,10,26.4340694444444
2025-08-02,11,27.1958541666667
2025-08-02,12,28.6450416666667
2025-08-03,1,22.9299861111111
2025-08-03,2,22.9614652777778
2025-08-03,3,23.5416319444444
2025-08-03,4,24.4293680555556
2025-08-03,5,24.7991875
2025-08-03,6,25.7606875
2025-08-03,7,26.4170902777778
2025-08-03,8,27.1111388888889
2025-08-03,9,26.1443541666667
2025-08-03,10,25.9821944444444
2025-08-03,11,26.6045833333333
2025-08-03,12,28.1919097222222
2025-08-04,1,22.6814930555556
2025-08-04,2,22.6933958333333
2025-08-04,3,23.2293333333333
2025-08-04,4,24.0266805555556
2025-08-04,5,24.498875
2025-08-04,6,25.2851944444444
2025-08-04,7,26.2076944444444
2025-08-04,8,26.7184722222222
2025-08-04,9,25.7048263888889
2025-08-04,10,25.6381944444444
2025-08-04,11,26.2517291666667
2025-08-04,12,27.8514930555556
2025-08-05,1,22.4223611111111
2025-08-05,2,22.4501319444444
2025-08-05,3,23.0301388888889
2025-08-05,4,23.8437291666667
2025-08-05,5,24.2359236111111
2025-08-05,6,25.1075833333333
2025-08-05,7,25.9413055555556
2025-08-05,8,26.4539722222222
2025-08-05,9,25.3745625
2025-08-05,10,25.3534375
2025-08-05,11,25.9859236111111
2025-08-05,12,27.574125
2025-08-06,1,22.2689861111111
2025-08-06,2,22.3004513888889
2025-08-06,3,22.85575
2025-08-06,4,23.6731805555556
2025-08-06,5,24.1179166666667
2025-08-06,6,25.1772083333333
2025-08-06,7,25.7041319444444
2025-08-06,8,26.3609791666667
2025-08-06,9,25.3113888888889
2025-08-06,10,25.2084375
2025-08-06,11,25.8829930555556
2025-08-06,12,27.4065347222222
2025-08-07,1,22.0912430555556
2025-08-07,2,22.1327638888889
2025-08-07,3,22.70975
2025-08-07,4,23.4910416666667
2025-08-07,5,23.9787361111111
2025-08-07,6,25.2259722222222
2025-08-07,7,25.5413402777778
2025-08-07,8,26.2563680555556
2025-08-07,9,25.2014444444444
2025-08-07,10,25.0682638888889
2025-08-07,11,25.7990416666667
2025-08-07,12,27.2942638888889
2025-08-08,1,22.0997013888889
2025-08-08,2,22.1969097222222
2025-08-08,3,22.7324791666667
2025-08-08,4,23.5846666666667
2025-08-08,5,23.9868958333333
2025-08-08,6,25.3532708333333
2025-08-08,7,25.6158819444444
2025-08-08,8,26.2404305555556
2025-08-08,9,25.2915902777778
2025-08-08,10,25.0904652777778
2025-08-08,11,25.7828888888889
2025-08-08,12,27.2994236111111
2025-08-09,1,22.0772430555556
2025-08-09,2,22.1517083333333
2025-08-09,3,22.6829097222222
2025-08-09,4,23.5130486111111
2025-08-09,5,23.9233402777778
2025-08-09,6,25.2934930555556
2025-08-09,7,25.5373055555556
2025-08-09,8,26.0834791666667
2025-08-09,9,25.2279236111111
2025-08-09,10,24.9990625
2025-08-09,11,25.6824097222222
2025-08-09,12,27.2072430555556
2025-08-10,1,21.8028402777778
2025-08-10,2,21.8249652777778
2025-08-10,3,22.3637777777778
2025-08-10,4,23.1662708333333
2025-08-10,5,23.5853888888889
2025-08-10,6,25.0127361111111
2025-08-10,7,25.2275694444444
2025-08-10,8,25.7060833333333
2025-08-10,9,24.6809513888889
2025-08-10,10,24.6865625
2025-08-10,11,25.2847013888889
2025-08-10,12,26.9031388888889
2025-08-11,1,21.5389305555556
2025-08-11,2,21.5673541666667
2025-08-11,3,22.1042361111111
2025-08-11,4,22.9294097222222
2025-08-11,5,23.3073819444444
2025-08-11,6,24.8624236111111
2025-08-11,7,24.9529375
2025-08-11,8,25.3766458333333
2025-08-11,9,24.3703611111111
2025-08-11,10,24.4266666666667
2025-08-11,11,24.9927361111111
2025-08-11,12,26.6636875
2025-08-12,1,21.5489375
2025-08-12,2,21.6266875
2025-08-12,3,22.1540972222222
2025-08-12,4,22.9540486111111
2025-08-12,5,23.3555902777778
2025-08-12,6,25.0404791666667
2025-08-12,7,24.903625
2025-08-12,8,25.4436944444444
2025-08-12,9,24.5669930555556
2025-08-12,10,24.4577777777778
2025-08-12,11,25.1221458333333
2025-08-12,12,26.7171736111111
2025-08-13,1,21.7925642807505
2025-08-13,2,21.9149687282835
2025-08-13,3,22.4752466990966
2025-08-13,4,23.2160806115358
2025-08-13,5,23.6672828353023
2025-08-13,6,25.4620361362057
2025-08-13,7,25.1190826963169
2025-08-13,8,25.912724113968
2025-08-13,9,25.1451007644197
2025-08-13,10,24.7495830437804
2025-08-13,11,25.5602571230021
2025-08-13,12,27.1141765114663
2025-08-14,1,22.0851458333333
2025-08-14,2,22.2497291666667
2025-08-14,3,22.8053194444444
2025-08-14,4,23.5058402777778
2025-08-14,5,23.9906458333333
2025-08-14,6,25.8420972222222
2025-08-14,7,25.3535902777778
2025-08-14,8,26.2666805555556
2025-08-14,9,25.7030416666667
2025-08-14,10,25.0887013888889
2025-08-14,11,25.9019444444444
2025-08-14,12,27.444625
2025-08-15,1,22.3709791666667
2025-08-15,2,22.5455416666667
2025-08-15,3,23.0917291666667
2025-08-15,4,23.79325
2025-08-15,5,24.2869444444444
2025-08-15,6,26.1380069444444
2025-08-15,7,25.7312847222222
2025-08-15,8,26.5602430555556
2025-08-15,9,26.1079861111111
2025-08-15,10,25.3546875
2025-08-15,11,26.2413541666667
2025-08-15,12,27.7120277777778
2025-08-16,1,22.6792361111111
2025-08-16,2,22.9064652777778
2025-08-16,3,23.4548055555556
2025-08-16,4,24.2224513888889
2025-08-16,5,24.6024652777778
2025-08-16,6,26.5243402777778
2025-08-16,7,26.0459305555556
2025-08-16,8,26.9306388888889
2025-08-16,9,26.5653472222222
2025-08-16,10,25.6939722222222
2025-08-16,11,26.6302361111111
2025-08-16,12,28.0365277777778
2025-08-17,1,23.0325
2025-08-17,2,23.249
2025-08-17,3,23.7978888888889
2025-08-17,4,24.5693263888889
2025-08-17,5,24.9604236111111
2025-08-17,6,26.8582430555556
2025-08-17,7,26.3952777777778
2025-08-17,8,27.2707986111111
2025-08-17,9,27.0231180555556
2025-08-17,10,26.0563888888889
2025-08-17,11,27.0210347222222
2025-08-17,12,28.3895
2025-08-18,1,23.2902291666667
2025-08-18,2,23.4901944444444
2025-08-18,3,24.0062222222222
2025-08-18,4,24.8217638888889
2025-08-18,5,25.2138888888889
2025-08-18,6,27.0359861111111
2025-08-18,7,26.6754375
2025-08-18,8,27.4566666666667
2025-08-18,9,27.2784027777778
2025-08-18,10,26.2855833333333
2025-08-18,11,27.2364930555556
2025-08-18,12,28.5855277777778
2025-08-19,1,23.0662777777778
2025-08-19,2,23.1582291666667
2025-08-19,3,23.6566875
2025-08-19,4,24.4905208333333
2025-08-19,5,24.9803611111111
2025-08-19,6,26.6505069444444
2025-08-19,7,26.5203541666667
2025-08-19,8,27.0859166666667
2025-08-19,9,26.6557986111111
2025-08-19,10,25.9981666666667
2025-08-19,11,26.9160902777778
2025-08-19,12,28.29575
2025-08-20,1,22.5996666666667
2025-08-20,2,22.6860625
2025-08-20,3,23.2364166666667
2025-08-20,4,24.046875
2025-08-20,5,24.5301736111111
2025-08-20,6,26.2073055555556
2025-08-20,7,26.1175833333333
2025-08-20,8,26.5888194444444
2025-08-20,9,25.8002430555556
2025-08-20,10,25.4957986111111
2025-08-20,11,26.3114375
2025-08-20,12,27.8852569444444
2025-08-21,1,22.4530555555556
2025-08-21,2,22.5577430555556
2025-08-21,3,23.0845972222222
2025-08-21,4,23.8823958333333
2025-08-21,5,24.3489722222222
2025-08-21,6,26.0775972222222
2025-08-21,7,25.9443541666667
2025-08-21,8,26.4498194444444
2025-08-21,9,25.5673194444444
2025-08-21,10,25.2973125
2025-08-21,11,26.0993472222222
2025-08-21,12,27.6856944444444
2025-08-22,1,22.2959375
2025-08-22,2,22.3442916666667
2025-08-22,3,22.8748402777778
2025-08-22,4,23.7413819444444
2025-08-22,5,24.1456805555556
2025-08-22,6,25.8888402777778
2025-08-22,7,25.773625
2025-08-22,8,26.2218819444444
2025-08-22,9,25.3649097222222
2025-08-22,10,25.0828611111111
2025-08-22,11,25.8909583333333
2025-08-22,12,27.4433958333333
2025-08-23,1,22.1990555555556
2025-08-23,2,22.2553263888889
2025-08-23,3,22.8365
2025-08-23,4,23.6635
2025-08-23,5,23.9882361111111
2025-08-23,6,25.7607638888889
2025-08-23,7,25.5953402777778
2025-08-23,8,26.0433402777778
2025-08-23,9,25.2004166666667
2025-08-23,10,24.9402152777778
2025-08-23,11,25.7311736111111
2025-08-23,12,27.2936597222222
2025-08-24,1,22.1553888888889
2025-08-24,2,22.2320625
2025-08-24,3,22.7894861111111
2025-08-24,4,23.5769583333333
2025-08-24,5,23.9314444444444
2025-08-24,6,25.7187638888889
2025-08-24,7,25.4560416666667
2025-08-24,8,25.9550694444444
2025-08-24,9,25.1727916666667
2025-08-24,10,24.8495625
2025-08-24,11,25.6994722222222
2025-08-24,12,27.2154583333333
2025-08-25,1,22.2155416666667
2025-08-25,2,22.2872638888889
2025-08-25,3,22.8677708333333
2025-08-25,4,23.6868263888889
2025-08-25,5,23.9884861111111
2025-08-25,6,25.7877083333333
2025-08-25,7,25.4769305555556
2025-08-25,8,26.0071944444444
2025-08-25,9,25.3425486111111
2025-08-25,10,24.9078611111111
2025-08-25,11,25.7831805555556
2025-08-25,12,27.2752708333333
2025-08-26,1,22.1644236111111
2025-08-26,2,22.1782638888889
2025-08-26,3,22.7222916666667
2025-08-26,4,23.5272708333333
2025-08-26,5,23.9154791666667
2025-08-26,6,25.6548194444444
2025-08-26,7,25.3415902777778
2025-08-26,8,25.9114861111111
2025-08-26,9,25.2032638888889
2025-08-26,10,24.8464097222222
2025-08-26,11,25.6692291666667
2025-08-26,12,27.1953472222222
2025-08-27,1,21.7015138888889
2025-08-27,2,21.6497222222222
2025-08-27,3,22.2027291666667
2025-08-27,4,23.0015347222222
2025-08-27,5,23.4127569444444
2025-08-27,6,25.1507291666667
2025-08-27,7,24.8923402777778
2025-08-27,8,25.4339166666667
2025-08-27,9,24.433
2025-08-27,10,24.3948888888889
2025-08-27,11,25.0750208333333
2025-08-27,12,26.7400069444444
2025-08-28,1,21.0818472222222
2025-08-28,2,21.0332569444444
2025-08-28,3,21.5791805555556
2025-08-28,4,22.4744513888889
2025-08-28,5,22.7875277777778
2025-08-28,6,24.419875
2025-08-28,7,24.3651111111111
2025-08-28,8,24.7126388888889
2025-08-28,9,23.6625208333333
2025-08-28,10,23.8253194444444
2025-08-28,11,24.4278055555556
2025-08-28,12,26.2579375
2025-08-29,1,20.68
2025-08-29,2,20.6943888888889
2025-08-29,3,21.286125
2025-08-29,4,22.1322986111111
2025-08-29,5,22.4090902777778
2025-08-29,6,23.8088541666667
2025-08-29,7,23.9791597222222
2025-08-29,8,24.0316319444444
2025-08-29,9,23.2941458333333
2025-08-29,10,23.4709097222222
2025-08-29,11,24.0313611111111
2025-08-29,12,25.9731736111111
2025-08-30,1,20.39275
2025-08-30,2,20.3739861111111
2025-08-30,3,20.8711180555556
2025-08-30,4,21.7580486111111
2025-08-30,5,22.0682777777778
2025-08-30,6,23.2454305555556
2025-08-30,7,23.6878541666667
2025-08-30,8,23.4496875
2025-08-30,9,22.8811041666667
2025-08-30,10,23.1638194444444
2025-08-30,11,23.7012083333333
2025-08-30,12,25.6601527777778
2025-08-31,1,19.7867986111111
2025-08-31,2,19.7554027777778
2025-08-31,3,20.2837361111111
2025-08-31,4,21.2048819444444
2025-08-31,5,21.4476736111111
2025-08-31,6,22.4783680555556
2025-08-31,7,23.1786527777778
2025-08-31,8,22.70825
2025-08-31,9,22.1574861111111
2025-08-31,10,22.591625
2025-08-31,11,23.0472152777778
2025-08-31,12,25.1790972222222
2025-09-01,1,19.2595763888889
2025-09-01,2,19.2814513888889
2025-09-01,3,19.8271319444444
2025-09-01,4,20.72175
2025-09-01,5,20.9588125
2025-09-01,6,21.9156805555556
2025-09-01,7,22.6656527777778
2025-09-01,8,22.1050763888889
2025-09-01,9,21.6643611111111
2025-09-01,10,22.1518472222222
2025-09-01,11,22.5474930555556
2025-09-01,12,24.8464305555556
2025-09-02,1,19.0651666666667
2025-09-02,2,19.1728819444444
2025-09-02,3,19.7025972222222
2025-09-02,4,20.4502361111111
2025-09-02,5,20.8116597222222
2025-09-02,6,21.6857430555556
2025-09-02,7,22.4531111111111
2025-09-02,8,21.8471527777778
2025-09-02,9,21.6051041666667
2025-09-02,10,21.9878263888889
2025-09-02,11,22.3685208333333
2025-09-02,12,24.742625
2025-09-03,1,19.1284937238494
2025-09-03,2,19.2457670850767
2025-09-03,3,19.7353556485356
2025-09-03,4,20.5047489539749
2025-09-03,5,20.861659693166
2025-09-03,6,21.5988075313808
2025-09-03,7,22.392189679219
2025-09-03,8,21.7408368200837
2025-09-03,9,21.6539330543933
2025-09-03,10,21.9747280334728
2025-09-03,11,22.3855578800558
2025-09-03,12,24.655460251046
2025-09-04,1,19.2617430555556
2025-09-04,2,19.3753194444444
2025-09-04,3,19.8736458333333
2025-09-04,4,20.6437916666667
2025-09-04,5,20.9305902777778
2025-09-04,6,21.7044097222222
2025-09-04,7,22.5254444444444
2025-09-04,8,21.8276041666667
2025-09-04,9,21.8857222222222
2025-09-04,10,22.0562152777778
2025-09-04,11,22.4650763888889
2025-09-04,12,24.6599791666667
2025-09-05,1,19.6408541666667
2025-09-05,2,19.7663125
2025-09-05,3,20.2991944444444
2025-09-05,4,21.0994097222222
2025-09-05,5,21.2776111111111
2025-09-05,6,22.2838888888889
2025-09-05,7,22.9604305555556
2025-09-05,8,22.4068194444444
2025-09-05,9,22.5210694444444
2025-09-05,10,22.3719583333333
2025-09-05,11,22.9871319444444
2025-09-05,12,24.8785555555556
2025-09-06,1,20.0932847222222
2025-09-06,2,20.2591736111111
2025-09-06,3,20.7962361111111
2025-09-06,4,21.5740625
2025-09-06,5,21.770625
2025-09-06,6,22.9429236111111
2025-09-06,7,23.3642083333333
2025-09-06,8,23.0707083333333
2025-09-06,9,23.2825416666667
2025-09-06,10,22.8101944444444
2025-09-06,11,23.6086805555556
2025-09-06,12,25.2966111111111
2025-09-07,1,20.4862708333333
2025-09-07,2,20.6748263888889
2025-09-07,3,21.1856736111111
2025-09-07,4,21.9369444444444
2025-09-07,5,22.2215625
2025-09-07,6,23.4497430555556
2025-09-07,7,23.7704236111111
2025-09-07,8,23.6097013888889
2025-09-07,9,23.8586180555556
2025-09-07,10,23.2131597222222
2025-09-07,11,24.0735694444444
2025-09-07,12,25.6664236111111
2025-09-08,1,20.2300833333333
2025-09-08,2,20.2832916666667
2025-09-08,3,20.7783888888889
2025-09-08,4,21.6342777777778
2025-09-08,5,21.9663819444444
2025-09-08,6,23.1926388888889
2025-09-08,7,23.5544375
2025-09-08,8,23.3805902777778
2025-09-08,9,23.2608819444444
2025-09-08,10,22.9205416666667
2025-09-08,11,23.7560972222222
2025-09-08,12,25.4429722222222
2025-09-09,1,19.5702291666667
2025-09-09,2,19.6162708333333
2025-09-09,3,20.1415277777778
2025-09-09,4,20.9279166666667
2025-09-09,5,21.3362847222222
2025-09-09,6,22.67625
2025-09-09,7,22.9646944444444
2025-09-09,8,22.7644652777778
2025-09-09,9,22.2435833333333
2025-09-09,10,22.2617222222222
2025-09-09,11,22.9392013888889
2025-09-09,12,24.9350069444444
2025-09-10,1,19.3666111111111
2025-09-10,2,19.460375
2025-09-10,3,19.9490625
2025-09-10,4,20.8478888888889
2025-09-10,5,21.1205486111111
2025-09-10,6,22.5990138888889
2025-09-10,7,22.7212708333333
2025-09-10,8,22.5998472222222
2025-09-10,9,22.0350277777778
2025-09-10,10,22.0724583333333
2025-09-10,11,22.7081319444444
2025-09-10,12,24.6764305555556
2025-09-11,1,19.4719236111111
2025-09-11,2,19.5577638888889
2025-09-11,3,20.0534930555556
2025-09-11,4,20.9662916666667
2025-09-11,5,21.2294027777778
2025-09-11,6,22.7404027777778
2025-09-11,7,22.81975
2025-09-11,8,22.7741944444444
2025-09-11,9,22.2105972222222
2025-09-11,10,22.1221388888889
2025-09-11,11,22.8885625
2025-09-11,12,24.6934652777778
2025-09-12,1,19.6887152777778
2025-09-12,2,19.7883958333333
2025-09-12,3,20.3441666666667
2025-09-12,4,21.1979305555556
2025-09-12,5,21.4190763888889
2025-09-12,6,22.9817986111111
2025-09-12,7,22.9532916666667
2025-09-12,8,23.0320138888889
2025-09-12,9,22.5507638888889
2025-09-12,10,22.2898680555556
2025-09-12,11,23.1299097222222
2025-09-12,12,24.8112430555556
2025-09-13,1,19.7433125
2025-09-13,2,19.8265625
2025-09-13,3,20.3414652777778
2025-09-13,4,21.1827430555556
2025-09-13,5,21.4643194444444
2025-09-13,6,23.0316597222222
2025-09-13,7,22.9709930555556
2025-09-13,8,23.0854375
2025-09-13,9,22.5489375
2025-09-13,10,22.3298472222222
2025-09-13,11,23.1664583333333
2025-09-13,12,24.8422013888889
2025-09-14,1,19.7138263888889
2025-09-14,2,19.8127916666667
2025-09-14,3,20.3600555555556
2025-09-14,4,21.1780069444444
2025-09-14,5,21.4503541666667
2025-09-14,6,23.0809652777778
2025-09-14,7,22.9566111111111
2025-09-14,8,23.1093958333333
2025-09-14,9,22.462
2025-09-14,10,22.3278888888889
2025-09-14,11,23.1589652777778
2025-09-14,12,24.8249166666667
2025-09-15,1,19.8294375
2025-09-15,2,19.9479583333333
2025-09-15,3,20.4737569444444
2025-09-15,4,21.3020972222222
2025-09-15,5,21.5938472222222
2025-09-15,6,23.2340138888889
2025-09-15,7,23.0583263888889
2025-09-15,8,23.2637847222222
2025-09-15,9,22.7023819444444
2025-09-15,10,22.467125
2025-09-15,11,23.307625
2025-09-15,12,24.9224375
2025-09-16,1,19.9027083333333
2025-09-16,2,20.0059861111111
2025-09-16,3,20.5330138888889
2025-09-16,4,21.3503125
2025-09-16,5,21.6815694444444
2025-09-16,6,23.3307291666667
2025-09-16,7,23.0981736111111
2025-09-16,8,23.3804583333333
2025-09-16,9,22.8392013888889
2025-09-16,10,22.5456597222222
2025-09-16,11,23.4248333333333
2025-09-16,12,25.0190902777778
2025-09-17,1,19.7841319444444
2025-09-17,2,19.8256805555556
2025-09-17,3,20.3040694444444
2025-09-17,4,21.2076875
2025-09-17,5,21.5466875
2025-09-17,6,23.1714583333333
2025-09-17,7,22.9833472222222
2025-09-17,8,23.236375
2025-09-17,9,22.5611041666667
2025-09-17,10,22.4027083333333
2025-09-17,11,23.2234791666667
2025-09-17,12,24.882875
2025-09-18,1,19.6636041666667
2025-09-18,2,19.7466388888889
2025-09-18,3,20.2473125
2025-09-18,4,21.080625
2025-09-18,5,21.4422638888889
2025-09-18,6,23.1503055555556
2025-09-18,7,22.895875
2025-09-18,8,23.2072222222222
2025-09-18,9,22.3813819444444
2025-09-18,10,22.2606875
2025-09-18,11,23.1123611111111
2025-09-18,12,24.8013055555556
2025-09-19,1,19.7215833333333
2025-09-19,2,19.8286180555556
2025-09-19,3,20.3370347222222
2025-09-19,4,21.1629930555556
2025-09-19,5,21.4982152777778
2025-09-19,6,23.2087083333333
2025-09-19,7,22.9219513888889
2025-09-19,8,23.2786944444444
2025-09-19,9,22.5122291666667
2025-09-19,10,22.3038819444444
2025-09-19,11,23.1763333333333
2025-09-19,12,24.8069791666667
2025-09-20,1,19.7508402777778
2025-09-20,2,19.8668402777778
2025-09-20,3,20.3839791666667
2025-09-20,4,21.1562986111111
2025-09-20,5,21.5251736111111
2025-09-20,6,23.2946319444444
2025-09-20,7,22.9263819444444
2025-09-20,8,23.3634722222222
2025-09-20,9,22.5929375
2025-09-20,10,22.3686805555556
2025-09-20,11,23.2395625
2025-09-20,12,24.88225
2025-09-21,1,19.7035694444444
2025-09-21,2,19.8177361111111
2025-09-21,3,20.3102986111111
2025-09-21,4,21.1250069444444
2025-09-21,5,21.518625
2025-09-21,6,23.3540694444444
2025-09-21,7,22.9053402777778
2025-09-21,8,23.4164791666667
2025-09-21,9,22.5754305555556
2025-09-21,10,22.4056111111111
2025-09-21,11,23.3038541666667
2025-09-21,12,24.9703680555556
2025-09-22,1,19.7597708333333
2025-09-22,2,19.8609652777778
2025-09-22,3,20.3431319444444
2025-09-22,4,21.1466458333333
2025-09-22,5,21.5587638888889
2025-09-22,6,23.3515
2025-09-22,7,22.9032291666667
2025-09-22,8,23.4317152777778
2025-09-22,9,22.6164791666667
2025-09-22,10,22.3961111111111
2025-09-22,11,23.3052152777778
2025-09-22,12,24.9718194444444
2025-09-23,1,19.7693802035153
2025-09-23,2,19.8390799256506
2025-09-23,3,20.3681319702602
2025-09-23,4,21.14532839963
2025-09-23,5,21.504563197026
2025-09-23,6,23.2779832713755
2025-09-23,7,22.6669195189639
2025-09-23,8,23.3014869888476
2025-09-23,9,22.5383271375465
2025-09-23,10,22.3269380203515
2025-09-23,11,23.1900371747212
2025-09-23,12,24.8195817843866
2025-09-24,1,19.9053917378917
2025-09-24,2,20.0021225071225
2025-09-24,3,20.5654344729345
2025-09-24,4,21.2306054131054
2025-09-24,5,21.5124145299145
2025-09-24,6,23.176282051282
2025-09-24,7,22.3176424501425
2025-09-24,8,23.1146866096866
2025-09-24,9,22.6026994301994
2025-09-24,10,22.5095441595442
2025-09-24,11,22.9797578347578
2025-09-24,12,24.4684971509972
2025-09-25,1,20.0987179487179
2025-09-25,2,20.2343304843305
2025-09-25,3,20.7751851851852
2025-09-25,4,21.3929700854701
2025-09-25,5,21.6477207977208
2025-09-25,6,23.1735256410256
2025-09-25,7,22.4784188034188
2025-09-25,8,23.1298646723647
2025-09-25,9,22.8181766381766
2025-09-25,10,22.7854202279202
2025-09-25,11,23.0504843304843
2025-09-25,12,24.3710113960114
2025-09-26,1,20.410278372591
2025-09-26,2,20.5735617416131
2025-09-26,3,21.1644896502498
2025-09-26,4,21.663397573162
2025-09-26,5,21.8872947894361
2025-09-26,6,23.2745753033547
2025-09-26,7,22.7316559600286
2025-09-26,8,23.2710349750178
2025-09-26,9,23.1021413276231
2025-09-26,10,23.083426124197
2025-09-26,11,23.2338615274804
2025-09-26,12,24.4216202712348
2025-09-27,1,20.5415351812367
2025-09-27,2,20.6641506751955
2025-09-27,3,21.1858564321251
2025-09-27,4,21.6781876332623
2025-09-27,5,21.9528500355366
2025-09-27,6,23.1693034825871
2025-09-27,7,22.7507178393746
2025-09-27,8,23.2020326936745
2025-09-27,9,23.0711371712864
2025-09-27,10,23.1448969438522
2025-09-27,11,23.2002132196162
2025-09-27,12,24.3579459843639
2025-09-28,1,20.4394868139701
2025-09-28,2,20.5309622238061
2025-09-28,3,21.0055096222381
2025-09-28,4,21.5272416250891
2025-09-28,5,21.8211332858161
2025-09-28,6,22.94971489665
2025-09-28,7,22.5983036350677
2025-09-28,8,22.9808196721311
2025-09-28,9,22.8982537419815
2025-09-28,10,23.0030434782609
2025-09-28,11,23.0134069850321
2025-09-28,12,24.134176764077
2025-09-29,1,20.3770035587189
2025-09-29,2,20.451487544484
2025-09-29,3,20.9130035587189
2025-09-29,4,21.411153024911
2025-09-29,5,21.7133523131673
2025-09-29,6,22.7465765124555
2025-09-29,7,22.4819288256228
2025-09-29,8,22.7528754448399
2025-09-29,9,22.7415658362989
2025-09-29,10,22.8722491103203
2025-09-29,11,22.8186476868327
2025-09-29,12,23.9302704626335
2025-09-30,1,20.2759843638948
2025-09-30,2,20.3407391613362
2025-09-30,3,20.7647690120824
2025-09-30,4,21.2724946695096
2025-09-30,5,21.5499857853589
2025-09-30,6,22.5440369580668
2025-09-30,7,22.3003482587065
2025-09-30,8,22.5218336886994
2025-09-30,9,22.5596801705757
2025-09-30,10,22.7180454868515
2025-09-30,11,22.5902061122957
2025-09-30,12,23.6309168443497
2025-10-01,1,20.1018616262482
2025-10-01,2,20.1426319543509
2025-10-01,3,20.5458059914408
2025-10-01,4,21.0553423680457
2025-10-01,5,21.3532810271041
2025-10-01,6,22.2699429386591
2025-10-01,7,22.0931312410842
2025-10-01,8,22.2786661911555
2025-10-01,9,22.2901854493581
2025-10-01,10,22.5015335235378
2025-10-01,11,22.3637089871612
2025-10-01,12,23.3705991440799
2025-10-02,1,19.8014978601997
2025-10-02,2,19.8743009985735
2025-10-02,3,20.237760342368
2025-10-02,4,20.7403281027104
2025-10-02,5,21.0297646219686
2025-10-02,6,21.9121112696148
2025-10-02,7,21.7500499286733
2025-10-02,8,21.8685520684736
2025-10-02,9,21.8829814550642
2025-10-02,10,22.1084736091298
2025-10-02,11,21.9134664764622
2025-10-02,12,22.9654065620542
2025-10-03,1,19.663787446505
2025-10-03,2,19.6632738944365
2025-10-03,3,19.9974536376605
2025-10-03,4,20.4351141226819
2025-10-03,5,20.7729814550642
2025-10-03,6,21.4779814550642
2025-10-03,7,21.251027104137
2025-10-03,8,21.4665691868759
2025-10-03,9,21.4914336661912
2025-10-03,10,21.760485021398
2025-10-03,11,21.5122111269615
2025-10-03,12,22.617760342368
2025-10-04,1,19.2300071073205
2025-10-04,2,19.0893176972281
2025-10-04,3,19.403724235963
2025-10-04,4,19.8295593461265
2025-10-04,5,20.2476616915423
2025-10-04,6,20.8097725657427
2025-10-04,7,20.5597938877043
2025-10-04,8,20.7533901918977
2025-10-04,9,20.7085216773276
2025-10-04,10,21.1863255152807
2025-10-04,11,20.83486851457
2025-10-04,12,21.9929779673063
2025-10-05,1,18.6550213675214
2025-10-05,2,18.4950997150997
2025-10-05,3,18.766452991453
2025-10-05,4,19.2478133903134
2025-10-05,5,19.6488461538462
2025-10-05,6,20.2174002849003
2025-10-05,7,20.046566951567
2025-10-05,8,20.1113532763533
2025-10-05,9,20.0771296296296
2025-10-05,10,20.5804131054131
2025-10-05,11,20.1716951566952
2025-10-05,12,21.3052279202279
2025-10-06,1,18.2001635846373
2025-10-06,2,18.1275533428165
2025-10-06,3,18.3848293029872
2025-10-06,4,18.8546728307255
2025-10-06,5,19.2260455192034
2025-10-06,6,19.8441180654339
2025-10-06,7,19.7252916073969
2025-10-06,8,19.7240753911807
2025-10-06,9,19.7491251778094
2025-10-06,10,20.1532147937411
2025-10-06,11,19.7645234708393
2025-10-06,12,20.8528165007112
2025-10-07,1,18.1124719887955
2025-10-07,2,18.1636694677871
2025-10-07,3,18.4661554621849
2025-10-07,4,18.8949229691877
2025-10-07,5,19.195581232493
2025-10-07,6,19.8996288515406
2025-10-07,7,20.0770658263305
2025-10-07,8,19.7809383753501
2025-10-07,9,19.9410854341737
2025-10-07,10,20.1016806722689
2025-10-07,11,19.8591456582633
2025-10-07,12,20.7836484593838
2025-10-08,1,18.4428888888889
2025-10-08,2,18.5695347222222
2025-10-08,3,19.0175555555556
2025-10-08,4,19.5866944444444
2025-10-08,5,19.7007083333333
2025-10-08,6,20.5360277777778
2025-10-08,7,21.1613754972156
2025-10-08,8,20.5285625
2025-10-08,9,20.8224513888889
2025-10-08,10,20.4260902777778
2025-10-08,11,20.6874513888889
2025-10-08,12,21.4633680555556
2025-10-09,1,18.5645972222222
2025-10-09,2,18.5921319444444
2025-10-09,3,18.9907083333333
2025-10-09,4,19.8664652777778
2025-10-09,5,19.8591111111111
2025-10-09,6,20.7094652777778
2025-10-09,7,21.5933203463203
2025-10-09,8,20.7588055555556
2025-10-09,9,21.0094236111111
2025-10-09,10,20.4963472222222
2025-10-09,11,20.9321041666667
2025-10-09,12,21.8277430555556
2025-10-10,1,17.9004583333333
2025-10-10,2,17.8627152777778
2025-10-10,3,18.303125
2025-10-10,4,19.1483125
2025-10-10,5,19.2255625
2025-10-10,6,20.2140069444444
2025-10-10,7,20.9546685673557
2025-10-10,8,20.1716319444444
2025-10-10,9,19.9293541666667
2025-10-10,10,19.8435694444444
2025-10-10,11,20.3453263888889
2025-10-10,12,21.3606597222222
2025-10-11,1,17.4369305555556
2025-10-11,2,17.4073819444444
2025-10-11,3,17.8257847222222
2025-10-11,4,18.7649861111111
2025-10-11,5,18.8128958333333
2025-10-11,6,19.9346944444444
2025-10-11,7,20.6352548456569
2025-10-11,8,19.8569027777778
2025-10-11,9,19.30775
2025-10-11,10,19.3893055555556
2025-10-11,11,19.9639652777778
2025-10-11,12,21.0205208333333
2025-10-12,1,17.3987916666667
2025-10-12,2,17.416625
2025-10-12,3,17.8722847222222
2025-10-12,4,18.8139444444444
2025-10-12,5,18.8325208333333
2025-10-12,6,20.1028541666667
2025-10-12,7,20.6218073136428
2025-10-12,8,20.0171180555556
2025-10-12,9,19.4300138888889
2025-10-12,10,19.3938333333333
2025-10-12,11,20.1083819444444
2025-10-12,12,21.0908333333333
2025-10-13,1,17.4837847222222
2025-10-13,2,17.5194930555556
2025-10-13,3,17.9216666666667
2025-10-13,4,18.88075
2025-10-13,5,18.9688125
2025-10-13,6,20.2109375
2025-10-13,7,20.7198263888889
2025-10-13,8,20.1689513888889
2025-10-13,9,19.6446458333333
2025-10-13,10,19.4769375
2025-10-13,11,20.2099930555556
2025-10-13,12,21.2523541666667
2025-10-14,1,17.3684305555556
2025-10-14,2,17.3610416666667
2025-10-14,3,17.7940138888889
2025-10-14,4,18.8272569444444
2025-10-14,5,18.8716736111111
2025-10-14,6,20.1626805555556
2025-10-14,7,20.6356553755523
2025-10-14,8,20.1134930555556
2025-10-14,9,19.5016666666667
2025-10-14,10,19.3563055555556
2025-10-14,11,20.1027777777778
2025-10-14,12,21.2046111111111
2025-10-15,1,17.1578263888889
2025-10-15,2,17.1777638888889
2025-10-15,3,17.5826041666667
2025-10-15,4,18.7151875
2025-10-15,5,18.7332013888889
2025-10-15,6,20.1593611111111
2025-10-15,7,20.4099478873239
2025-10-15,8,20.066875
2025-10-15,9,19.3292430555556
2025-10-15,10,19.2138541666667
2025-10-15,11,20.0633611111111
2025-10-15,12,21.2162569444444
2025-10-16,1,16.9527222222222
2025-10-16,2,16.9979444444444
2025-10-16,3,17.3948680555556
2025-10-16,4,18.4729652777778
2025-10-16,5,18.5389375
2025-10-16,6,20.0068263888889
2025-10-16,7,20.2825138888889
2025-10-16,8,19.9080763888889
2025-10-16,9,19.0134305555556
2025-10-16,10,19.0624097222222
2025-10-16,11,19.8418402777778
2025-10-16,12,21.0885833333333
2025-10-17,1,16.3743055555556
2025-10-17,2,16.3109305555556
2025-10-17,3,16.6732777777778
2025-10-17,4,17.8198680555556
2025-10-17,5,17.8499444444444
2025-10-17,6,19.4076944444444
2025-10-17,7,19.7759722222222
2025-10-17,8,19.2395208333333
2025-10-17,9,18.0341111111111
2025-10-17,10,18.4854722222222
2025-10-17,11,19.0939166666667
2025-10-17,12,20.4957916666667
2025-10-18,1,15.7303626220363
2025-10-18,2,15.7183821478382
2025-10-18,3,16.1663458856346
2025-10-18,4,17.2173221757322
2025-10-18,5,17.2058926080893
2025-10-18,6,18.8041841004184
2025-10-18,7,18.863570432357
2025-10-18,8,18.4815969316597
2025-10-18,9,17.3635076708508
2025-10-18,10,17.8767573221757
2025-10-18,11,18.3601046025105
2025-10-18,12,19.9975592747559
2025-10-19,1,15.5782013888889
2025-10-19,2,15.6180277777778
2025-10-19,3,16.0069166666667
2025-10-19,4,16.9969791666667
2025-10-19,5,17.0780069444444
2025-10-19,6,18.401875
2025-10-19,7,18.8766388888889
2025-10-19,8,18.0757152777778
2025-10-19,9,17.2999444444444
2025-10-19,10,17.7232777777778
2025-10-19,11,18.1795138888889
2025-10-19,12,19.8639444444444
2025-10-20,1,15.7726319444444
2025-10-20,2,15.841
2025-10-20,3,16.2147847222222
2025-10-20,4,17.2707777777778
2025-10-20,5,17.2753402777778
2025-10-20,6,18.4761597222222
2025-10-20,7,19.0385774351787
2025-10-20,8,18.3455486111111
2025-10-20,9,17.6952291666667
2025-10-20,10,17.8789097222222
2025-10-20,11,18.5204861111111
2025-10-20,12,20.0379305555556
2025-10-21,1,15.7411527777778
2025-10-21,2,15.7178958333333
2025-10-21,3,16.1131111111111
2025-10-21,4,17.1521736111111
2025-10-21,5,17.2296944444444
2025-10-21,6,18.4772777777778
2025-10-21,7,18.9386736111111
2025-10-21,8,18.3766180555556
2025-10-21,9,17.6050208333333
2025-10-21,10,17.8429166666667
2025-10-21,11,18.5080625
2025-10-21,12,19.999875
2025-10-22,1,15.4878888888889
2025-10-22,2,15.4912222222222
2025-10-22,3,15.9292291666667
2025-10-22,4,16.8751041666667
2025-10-22,5,16.9876388888889
2025-10-22,6,18.5116180555556
2025-10-22,7,18.6138456090652
2025-10-22,8,18.3523472222222
2025-10-22,9,17.3016597222222
2025-10-22,10,17.6552361111111
2025-10-22,11,18.3281041666667
2025-10-22,12,19.8589027777778
2025-10-23,1,15.2766111111111
2025-10-23,2,15.233625
2025-10-23,3,15.6104513888889
2025-10-23,4,16.6499444444444
2025-10-23,5,16.7933888888889
2025-10-23,6,18.4317083333333
2025-10-23,7,18.2762780968007
2025-10-23,8,18.2792152777778
2025-10-23,9,17.0373888888889
2025-10-23,10,17.5077986111111
2025-10-23,11,18.1496944444444
2025-10-23,12,19.7685833333333
2025-10-24,1,14.6409513888889
2025-10-24,2,14.5709097222222
2025-10-24,3,14.9403194444444
2025-10-24,4,15.9492291666667
2025-10-24,5,16.1661875
2025-10-24,6,17.7345486111111
2025-10-24,7,17.7634291876348
2025-10-24,8,17.623875
2025-10-24,9,16.2273472222222
2025-10-24,10,16.954
2025-10-24,11,17.4003541666667
2025-10-24,12,19.3043402777778
2025-10-25,1,13.9012083333333
2025-10-25,2,13.8658125
2025-10-25,3,14.2213333333333
2025-10-25,4,15.2067083333333
2025-10-25,5,15.429375
2025-10-25,6,16.7962083333333
2025-10-25,7,17.1205486111111
2025-10-25,8,16.6320277777778
2025-10-25,9,15.4470069444444
2025-10-25,10,16.2944097222222
2025-10-25,11,16.5782638888889
2025-10-25,12,18.7574930555556
2025-10-26,1,13.3617777777778
2025-10-26,2,13.4083194444444
2025-10-26,3,13.7361180555556
2025-10-26,4,14.6429444444444
2025-10-26,5,14.9045486111111
2025-10-26,6,16.1413541666667
2025-10-26,7,16.55925
2025-10-26,8,15.9755555555556
2025-10-26,9,14.9938402777778
2025-10-26,10,15.8478402777778
2025-10-26,11,16.0627152777778
2025-10-26,12,18.4306041666667
2025-10-27,1,12.9096736111111
2025-10-27,2,13.0011597222222
2025-10-27,3,13.3065763888889
2025-10-27,4,14.1587152777778
2025-10-27,5,14.4460277777778
2025-10-27,6,15.5464097222222
2025-10-27,7,16.1156805555556
2025-10-27,8,15.4268541666667
2025-10-27,9,14.5711875
2025-10-27,10,15.5023333333333
2025-10-27,11,15.6057013888889
2025-10-27,12,18.1656527777778
2025-10-28,1,12.6377777777778
2025-10-28,2,12.7483402777778
2025-10-28,3,13.1013888888889
2025-10-28,4,13.8201666666667
2025-10-28,5,14.1206666666667
2025-10-28,6,15.1851388888889
2025-10-28,7,15.7941736111111
2025-10-28,8,14.9961319444444
2025-10-28,9,14.3608055555556
2025-10-28,10,15.2328333333333
2025-10-28,11,15.4005694444444
2025-10-28,12,18.0558333333333
2025-10-29,1,12.6335347222222
2025-10-29,2,12.8198125
2025-10-29,3,13.1317916666667
2025-10-29,4,13.8235486111111
2025-10-29,5,14.1536319444444
2025-10-29,6,15.0462430555556
2025-10-29,7,15.8902152777778
2025-10-29,8,14.9049722222222
2025-10-29,9,14.4359236111111
2025-10-29,10,15.1226736111111
2025-10-29,11,15.4274583333333
2025-10-29,12,18.0402708333333
2025-10-30,1,12.8712638888889
2025-10-30,2,13.0667638888889
2025-10-30,3,13.3918541666667
2025-10-30,4,14.2163402777778
2025-10-30,5,14.3993541666667
2025-10-30,6,15.1773333333333
2025-10-30,7,16.2112777777778
2025-10-30,8,15.0978333333333
2025-10-30,9,14.7088333333333
2025-10-30,10,15.2532083333333
2025-10-30,11,15.7276944444444
2025-10-30,12,18.0844791666667
2025-10-31,1,13.1971080139373
2025-10-31,2,13.3829059233449
2025-10-31,3,13.6887526132404
2025-10-31,4,14.6410592334495
2025-10-31,5,14.7296864111498
2025-10-31,6,15.5423554006969
2025-10-31,7,16.4582020905923
2025-10-31,8,15.6226898954704
2025-10-31,9,15.2207595818815
2025-10-31,10,15.4364947735192
2025-10-31,11,16.1035052264808
2025-10-31,12,18.2554703832753
2025-11-01,1,13.2085
2025-11-01,2,13.2757986111111
2025-11-01,3,13.6066180555556
2025-11-01,4,14.5933819444444
2025-11-01,5,14.7085069444444
2025-11-01,6,15.7479305555556
2025-11-01,7,16.4490486111111
2025-11-01,8,15.7292013888889
2025-11-01,9,15.0549583333333
2025-11-01,10,15.3737777777778
2025-11-01,11,16.0331180555556
2025-11-01,12,18.1557847222222
2025-11-02,1,12.7527152777778
2025-11-02,2,12.7684097222222
2025-11-02,3,13.1243402777778
2025-11-02,4,14.1950347222222
2025-11-02,5,14.2632986111111
2025-11-02,6,15.5899930555556
2025-11-02,7,15.9483958333333
2025-11-02,8,15.4751875
2025-11-02,9,14.4234444444444
2025-11-02,10,14.9970902777778
2025-11-02,11,15.5022777777778
2025-11-02,12,17.7974305555556
2025-11-03,1,12.3186666666667
2025-11-03,2,12.4092361111111
2025-11-03,3,12.7701527777778
2025-11-03,4,13.8055972222222
2025-11-03,5,13.9179722222222
2025-11-03,6,15.5466111111111
2025-11-03,7,15.5370972222222
2025-11-03,8,15.1766111111111
2025-11-03,9,14.1003263888889
2025-11-03,10,14.7211666666667
2025-11-03,11,15.1120277777778
2025-11-03,12,17.5733402777778
2025-11-04,1,12.1483055555556
2025-11-04,2,12.2921458333333
2025-11-04,3,15.3244103279833
2025-11-04,4,13.5816041666667
2025-11-04,5,13.8043680555556
2025-11-04,6,15.5398888888889
2025-11-04,7,15.2670850767085
2025-11-04,8,14.8950486111111
2025-11-04,9,14.0751111111111
2025-11-04,10,14.68525
2025-11-04,11,15.0533055555556
2025-11-04,12,17.5933611111111
2025-11-05,1,11.8027152777778
2025-11-05,2,11.9210277777778
2025-11-05,3,18.1945
2025-11-05,4,13.1265277777778
2025-11-05,5,13.4084791666667
2025-11-05,6,14.9102986111111
2025-11-05,7,14.9939442508711
2025-11-05,8,14.3183125
2025-11-05,9,13.6525138888889
2025-11-05,10,14.4138472222222
2025-11-05,11,14.6028680555556
2025-11-05,12,17.3590694444444
2025-11-06,1,11.6299097222222
2025-11-06,2,11.7848611111111
2025-11-06,3,18.0737986111111
2025-11-06,4,12.9067916666667
2025-11-06,5,13.1825347222222
2025-11-06,6,14.5633472222222
2025-11-06,7,14.7295352112676
2025-11-06,8,14.0288333333333
2025-11-06,9,13.5747847222222
2025-11-06,10,14.2639375
2025-11-06,11,14.4238125
2025-11-06,12,17.2558541666667
2025-11-07,1,11.4015833333333
2025-11-07,2,11.5201666666667
2025-11-07,3,17.9388819444444
2025-11-07,4,12.6022986111111
2025-11-07,5,12.9074444444444
2025-11-07,6,14.0547083333333
2025-11-07,7,14.6297152777778
2025-11-07,8,13.6424027777778
2025-11-07,9,13.1851458333333
2025-11-07,10,14.0456180555556
2025-11-07,11,14.1452083333333
2025-11-07,12,17.0779583333333
2025-11-08,1,11.2027430555556
2025-11-08,2,11.3696319444444
2025-11-08,3,17.8154861111111
2025-11-08,4,12.4600486111111
2025-11-08,5,12.6775625
2025-11-08,6,13.8584861111111
2025-11-08,7,14.2700217391304
2025-11-08,8,13.4079236111111
2025-11-08,9,13.1464444444444
2025-11-08,10,13.8741458333333
2025-11-08,11,13.9810833333333
2025-11-08,12,17.0142569444444
2025-11-09,1,11.4520902777778
2025-11-09,2,11.6628819444444
2025-11-09,3,17.679375
2025-11-09,4,12.6920972222222
2025-11-09,5,12.9356180555556
2025-11-09,6,14.0013194444444
2025-11-09,7,14.3886192468619
2025-11-09,8,13.6142222222222
2025-11-09,9,13.534125
2025-11-09,10,14.1776875
2025-11-09,11,14.3787847222222
2025-11-09,12,17.3892152777778
2025-11-10,1,11.6035763888889
2025-11-10,2,11.7845902777778
2025-11-10,3,17.5082152777778
2025-11-10,4,12.8166527777778
2025-11-10,5,13.0650972222222
2025-11-10,6,13.9960138888889
2025-11-10,7,14.5674475524476
2025-11-10,8,13.677875
2025-11-10,9,13.7373819444444
2025-11-10,10,14.3056666666667
2025-11-10,11,14.5734722222222
2025-11-10,12,17.5513680555556
2025-11-11,1,11.2893402777778
2025-11-11,2,11.34325
2025-11-11,3,17.3492986111111
2025-11-11,4,12.5654166666667
2025-11-11,5,12.7523680555556
2025-11-11,6,13.3458194444444
2025-11-11,7,14.8431875
2025-11-11,8,13.3474375
2025-11-11,9,13.0551527777778
2025-11-11,10,13.8167430555556
2025-11-11,11,14.0454236111111
2025-11-11,12,17.1315972222222
2025-11-12,1,10.3756736111111
2025-11-12,2,10.4265902777778
2025-11-12,3,17.2760763888889
2025-11-12,4,11.9185763888889
2025-11-12,5,11.8757222222222
2025-11-12,6,12.4062638888889
2025-11-12,7,14.1323888888889
2025-11-12,8,12.4239236111111
2025-11-12,9,11.8419166666667
2025-11-12,10,12.7691666666667
2025-11-12,11,13.0010069444444
2025-11-12,12,16.2091041666667
2025-11-13,1,9.93522916666667
2025-11-13,2,10.0739652777778
2025-11-13,3,17.2155694444444
2025-11-13,4,11.4112916666667
2025-11-13,5,11.4515763888889
2025-11-13,6,12.0222569444444
2025-11-13,7,13.3402291666667
2025-11-13,8,11.9434583333333
2025-11-13,9,11.5420625
2025-11-13,10,12.3988125
2025-11-13,11,12.6275555555556
2025-11-13,12,15.8254097222222
2025-11-14,1,9.65502777777778
2025-11-14,2,9.809
2025-11-14,3,17.1062569444444
2025-11-14,4,11.0434166666667
2025-11-14,5,11.1529166666667
2025-11-14,6,11.6459513888889
2025-11-14,7,13.0459583333333
2025-11-14,8,11.6048055555556
2025-11-14,9,11.2569513888889
2025-11-14,10,12.2280694444444
2025-11-14,11,12.3399791666667
2025-11-14,12,15.59775
2025-11-15,1,9.41765972222222
2025-11-15,2,9.61440972222222
2025-11-15,3,17.0190694444444
2025-11-15,4,10.8399444444444
2025-11-15,5,10.9163125
2025-11-15,6,11.4481041666667
2025-11-15,7,12.6636027874564
2025-11-15,8,11.3796805555556
2025-11-15,9,11.1432986111111
2025-11-15,10,12.0591944444444
2025-11-15,11,12.1354305555556
2025-11-15,12,15.4264027777778
2025-11-16,1,9.65990972222222
2025-11-16,2,9.93482638888889
2025-11-16,3,16.9057361111111
2025-11-16,4,11.0735208333333
2025-11-16,5,11.2056388888889
2025-11-16,6,11.7611180555556
2025-11-16,7,12.8185416666667
2025-11-16,8,11.6858958333333
2025-11-16,9,11.668375
2025-11-16,10,12.3846041666667
2025-11-16,11,12.5816805555556
2025-11-16,12,15.7817782426778
2025-11-17,1,9.84577777777778
2025-11-17,2,10.1174722222222
2025-11-17,3,16.7572708333333
2025-11-17,4,11.1807638888889
2025-11-17,5,11.3884791666667
2025-11-17,6,11.8240416666667
2025-11-17,7,13.0860138888889
2025-11-17,8,11.8911319444444
2025-11-17,9,11.8178958333333
2025-11-17,10,12.5894375
2025-11-17,11,12.8214166666667
2025-11-17,12,16.0021388888889
2025-11-18,1,9.40935416666667
2025-11-18,2,9.59972222222222
2025-11-18,3,16.6065833333333
2025-11-18,4,10.764125
2025-11-18,5,10.9050138888889
2025-11-18,6,11.2260694444444
2025-11-18,7,12.8307708333333
2025-11-18,8,11.4056666666667
2025-11-18,9,11.1232986111111
2025-11-18,10,12.1425555555556
2025-11-18,11,12.2535555555556
2025-11-18,12,15.5594652777778
2025-11-19,1,9.02818055555556
2025-11-19,2,9.20957638888889
2025-11-19,3,16.5064375
2025-11-19,4,10.4159791666667
2025-11-19,5,10.4949583333333
2025-11-19,6,10.8371805555556
2025-11-19,7,12.2292847222222
2025-11-19,8,10.9213541666667
2025-11-19,9,10.7471736111111
2025-11-19,10,11.7204236111111
2025-11-19,11,11.7722708333333
2025-11-19,12,15.2066597222222
2025-11-20,1,9.10324305555556
2025-11-20,2,9.32416666666667
2025-11-20,3,16.4091041666667
2025-11-20,4,10.4285069444444
2025-11-20,5,10.6304375
2025-11-20,6,10.9935138888889
2025-11-20,7,12.3353402777778
2025-11-20,8,11.0196944444444
2025-11-20,9,10.9662708333333
2025-11-20,10,11.8095069444444
2025-11-20,11,11.953875
2025-11-20,12,15.2874861111111
2025-11-21,1,9.20910354412787
2025-11-21,2,9.44099374565671
2025-11-21,3,16.2765809589993
2025-11-21,4,10.5839819318972
2025-11-21,5,10.7623766504517
2025-11-21,6,11.3486448922863
2025-11-21,7,12.4601598332175
2025-11-21,8,11.1890757470466
2025-11-21,9,11.1626337734538
2025-11-21,10,11.9383669214732
2025-11-21,11,12.2032661570535
2025-11-21,12,15.4325781792912
2025-11-22,1,9.45575
2025-11-22,2,9.71440972222222
2025-11-22,3,16.1206666666667
2025-11-22,4,10.873375
2025-11-22,5,11.0358472222222
2025-11-22,6,11.6164722222222
2025-11-22,7,12.6096180555556
2025-11-22,8,11.6842777777778
2025-11-22,9,11.5829305555556
2025-11-22,10,12.2093333333333
2025-11-22,11,12.5914583333333
2025-11-22,12,15.7380625
2025-11-23,1,9.57184027777778
2025-11-23,2,9.78473611111111
2025-11-23,3,15.9745902777778
2025-11-23,4,10.8745694444444
2025-11-23,5,11.1825902777778
2025-11-23,6,11.6076597222222
2025-11-23,7,12.6664375
2025-11-23,8,12.1245416666667
2025-11-23,9,11.6896736111111
2025-11-23,10,12.3434236111111
2025-11-23,11,12.6874097222222
2025-11-23,12,15.88675
2025-11-24,1,9.42286111111111
2025-11-24,2,9.51863194444444
2025-11-24,3,15.8219791666667
2025-11-24,4,10.6272986111111
2025-11-24,5,10.9528541666667
2025-11-24,6,11.2457847222222
2025-11-24,7,12.5558055555556
2025-11-24,8,12.0574861111111
2025-11-24,9,11.2975763888889
2025-11-24,10,12.0587638888889
2025-11-24,11,12.2454861111111
2025-11-24,12,15.6156319444444
2025-11-25,1,9.16016666666667
2025-11-25,2,9.1988125
2025-11-25,3,15.7137708333333
2025-11-25,4,10.4271597222222
2025-11-25,5,10.636125
2025-11-25,6,10.9184027777778
2025-11-25,7,12.2879305555556
2025-11-25,8,11.9406041666667
2025-11-25,9,10.7985486111111
2025-11-25,10,11.6920138888889
2025-11-25,11,11.8680069444444
2025-11-25,12,15.181
2025-11-26,1,9.16692361111111
2025-11-26,2,9.33484722222222
2025-11-26,3,15.6547777777778
2025-11-26,4,10.4476944444444
2025-11-26,5,10.7047916666667
2025-11-26,6,11.1437569444444
2025-11-26,7,12.1945833333333
2025-11-26,8,12.2803541666667
2025-11-26,9,11.0743125
2025-11-26,10,11.761125
2025-11-26,11,12.1006180555556
2025-11-26,12,15.2840763888889
2025-11-27,1,9.51763194444444
2025-11-27,2,9.73588888888889
2025-11-27,3,15.5653055555556
2025-11-27,4,10.7444236111111
2025-11-27,5,11.1034444444444
2025-11-27,6,11.4878611111111
2025-11-27,7,12.4857777777778
2025-11-27,8,12.8324930555556
2025-11-27,9,11.6729305555556
2025-11-27,10,12.1663541666667
2025-11-27,11,12.5922847222222
2025-11-27,12,15.7367083333333
2025-11-28,1,9.1150625
2025-11-28,2,9.25775694444444
2025-11-28,3,15.4628472222222
2025-11-28,4,10.3722986111111
2025-11-28,5,10.6896388888889
2025-11-28,6,10.8900833333333
2025-11-28,7,12.5869583333333
2025-11-28,8,12.4192291666667
2025-11-28,9,10.9412569444444
2025-11-28,10,11.7098125
2025-11-28,11,11.9983402777778
2025-11-28,12,15.3281597222222
2025-11-29,1,8.34829791666667
2025-11-29,2,8.46357638888889
2025-11-29,3,15.4159930555556
2025-11-29,4,9.73881944444444
2025-11-29,5,9.90165972222222
2025-11-29,6,10.0747847222222
2025-11-29,7,11.8984375
2025-11-29,8,11.3644097222222
2025-11-29,9,9.94313194444445
2025-11-29,10,10.9317916666667
2025-11-29,11,11.0636527777778
2025-11-29,12,14.5554513888889
2025-11-30,1,7.74512152777778
2025-11-30,2,7.87172013888889
2025-11-30,3,15.3751180555556
2025-11-30,4,9.10502083333333
2025-11-30,5,9.2390625
2025-11-30,6,9.45397916666667
2025-11-30,7,11.0951597222222
2025-11-30,8,10.5083055555556
2025-11-30,9,9.31434722222222
2025-11-30,10,10.3438125
2025-11-30,11,10.3475208333333
2025-11-30,12,13.9536527777778
2025-12-01,1,7.47751112656467
2025-12-01,2,7.65081919332406
2025-12-01,3,15.3345897079277
2025-12-01,4,8.83841446453408
2025-12-01,5,8.96473574408901
2025-12-01,6,9.2035257301808
2025-12-01,7,10.7489638386648
2025-12-01,8,10.1487830319889
2025-12-01,9,9.16181502086231
2025-12-01,10,10.138157162726
2025-12-01,11,10.1192489568846
2025-12-01,12,13.7219054242003
2025-12-02,1,7.23923905489924
2025-12-02,2,7.32127588603197
2025-12-02,3,15.220319666435
2025-12-02,4,8.47732453092425
2025-12-02,5,8.64377345378735
2025-12-02,6,8.8821681723419
2025-12-02,7,10.496344972067
2025-12-02,8,9.67164697706741
2025-12-02,9,8.82769284225156
2025-12-02,10,9.86916608756081
2025-12-02,11,9.80646282140375
2025-12-02,12,13.4944266851981
2025-12-03,1,6.95481597222222
2025-12-03,2,7.0145875
2025-12-03,3,11.7293769123783
2025-12-03,4,8.21156944444444
2025-12-03,5,8.34934722222222
2025-12-03,6,8.57879861111111
2025-12-03,7,10.0838611111111
2025-12-03,8,9.24636111111111
2025-12-03,9,8.51456944444444
2025-12-03,10,9.53409722222222
2025-12-03,11,9.42903472222222
2025-12-03,12,13.2269236111111
2025-12-04,1,6.60602777777778
2025-12-04,2,6.70213680555556
2025-12-04,3,6.94146180555556
2025-12-04,4,7.80880138888889
2025-12-04,5,8.0205625
2025-12-04,6,8.22946527777778
2025-12-04,7,9.86925
2025-12-04,8,8.82784027777778
2025-12-04,9,8.07784027777778
2025-12-04,10,9.15340972222222
2025-12-04,11,9.0836875
2025-12-04,12,12.8463125
2025-12-05,1,6.21470347222222
2025-12-05,2,6.33839861111111
2025-12-05,3,6.66670486111111
2025-12-05,4,7.51548888888889
2025-12-05,5,7.63175694444444
2025-12-05,6,7.86549652777778
2025-12-05,7,9.4960832750175
2025-12-05,8,8.35195833333333
2025-12-05,9,7.64869513888889
2025-12-05,10,8.76818055555555
2025-12-05,11,8.68880555555556
2025-12-05,12,12.4641805555556
2025-12-06,1,5.90569583333333
2025-12-06,2,6.06485416666667
2025-12-06,3,6.2906375
2025-12-06,4,7.18968333333333
2025-12-06,5,7.37196736111111
2025-12-06,6,7.64255694444444
2025-12-06,7,9.32754166666667
2025-12-06,8,7.99807361111111
2025-12-06,9,7.38731527777778
2025-12-06,10,8.47822222222222
2025-12-06,11,8.42063888888889
2025-12-06,12,12.1551111111111
2025-12-07,1,5.77254652777778
2025-12-07,2,5.94694652777778
2025-12-07,3,6.16442986111111
2025-12-07,4,7.20005555555556
2025-12-07,5,7.22230208333333
2025-12-07,6,7.56068402777778
2025-12-07,7,9.12177083333333
2025-12-07,8,7.81922847222222
2025-12-07,9,7.31082361111111
2025-12-07,10,8.35863194444445
2025-12-07,11,8.31716666666667
2025-12-07,12,12.0257083333333
2025-12-08,1,5.54731875
2025-12-08,2,5.72397847222222
2025-12-08,3,5.99352638888889
2025-12-08,4,6.89779305555556
2025-12-08,5,6.95801805555556
2025-12-08,6,7.29713333333333
2025-12-08,7,8.87186805555556
2025-12-08,8,7.53594513888889
2025-12-08,9,7.06216319444444
2025-12-08,10,8.15668055555556
2025-12-08,11,8.06941041666667
2025-12-08,12,11.8229027777778
2025-12-09,1,5.19634305555556
2025-12-09,2,5.36842291666667
2025-12-09,3,5.58210277777778
2025-12-09,4,6.62130208333333
2025-12-09,5,6.60626458333333
2025-12-09,6,6.90884652777778
2025-12-09,7,8.66303472222222
2025-12-09,8,7.11821458333333
2025-12-09,9,6.62162361111111
2025-12-09,10,7.80213819444444
2025-12-09,11,7.66361736111111
2025-12-09,12,11.4560763888889
2025-12-10,1,4.78989375
2025-12-10,2,4.96000763888889
2025-12-10,3,5.28503472222222
2025-12-10,4,6.15610972222222
2025-12-10,5,6.18089166666667
2025-12-10,6,6.562975
2025-12-10,7,8.24388888888889
2025-12-10,8,6.65295763888889
2025-12-10,9,6.17920069444444
2025-12-10,10,7.39848263888889
2025-12-10,11,7.22316180555556
2025-12-10,12,11.0720902777778
2025-12-11,1,4.78233055555556
2025-12-11,2,5.02774166666667
2025-12-11,3,5.33753402777778
2025-12-11,4,6.13378194444444
2025-12-11,5,6.17305833333333
2025-12-11,6,6.63766875
2025-12-11,7,7.92557361111111
2025-12-11,8,6.66320486111111
2025-12-11,9,6.38339861111111
2025-12-11,10,7.47429097222222
2025-12-11,11,7.27753819444444
2025-12-11,12,11.1672986111111
2025-12-12,1,4.77882430555556
2025-12-12,2,5.03368680555556
2025-12-12,3,5.27809444444444
2025-12-12,4,6.08837222222222
2025-12-12,5,6.19638472222222
2025-12-12,6,6.56171111111111
2025-12-12,7,7.92130486111111
2025-12-12,8,6.64191597222222
2025-12-12,9,6.40365416666667
2025-12-12,10,7.50276458333333
2025-12-12,11,7.29423125
2025-12-12,12,11.19175
2025-12-13,1,4.57612986111111
2025-12-13,2,4.79434375
2025-12-13,3,4.98515902777778
2025-12-13,4,5.82205
2025-12-13,5,6.00679513888889
2025-12-13,6,6.27313055555556
2025-12-13,7,7.81592222222222
2025-12-13,8,6.39523541666667
2025-12-13,9,6.13862361111111
2025-12-13,10,7.27707152777778
2025-12-13,11,7.07286736111111
2025-12-13,12,10.9705902777778
2025-12-14,1,4.46927293577982
2025-12-14,2,4.70125688073395
2025-12-14,3,5.00670107033639
2025-12-14,4,5.67298318042813
2025-12-14,5,5.90362691131498
2025-12-14,6,6.15616819571865
2025-12-14,7,7.57539525993884
2025-12-14,8,6.22308639143731
2025-12-14,9,6.09508103975535
2025-12-14,10,7.16873470948012
2025-12-14,11,6.97708103975535
2025-12-14,12,10.8829510703364
2025-12-15,1,4.28223194444444
2025-12-15,2,4.50336180555556
2025-12-15,3,4.67521388888889
2025-12-15,4,5.39015486111111
2025-12-15,5,5.75665138888889
2025-12-15,6,5.88007152777778
2025-12-15,7,7.51921041666667
2025-12-15,8,5.97438680555556
2025-12-15,9,5.82026527777778
2025-12-15,10,6.90423472222222
2025-12-15,11,6.78083958333333
2025-12-15,12,10.5901944444444
2025-12-16,1,3.85621736111111
2025-12-16,2,4.04287708333333
2025-12-16,3,4.2554625
2025-12-16,4,5.11007430555556
2025-12-16,5,5.34513472222222
2025-12-16,6,5.40226805555556
2025-12-16,7,7.50410902777778
2025-12-16,8,5.42176666666667
2025-12-16,9,5.21338055555556
2025-12-16,10,6.29501458333333
2025-12-16,11,6.26105694444444
2025-12-16,12,9.58303472222222
2025-12-17,1,3.53836875
2025-12-17,2,3.72343055555556
2025-12-17,3,4.03920138888889
2025-12-17,4,4.98528472222222
2025-12-17,5,5.01729583333333
2025-12-17,6,5.02147916666667
2025-12-17,7,7.22277777777778
2025-12-17,8,5.01582986111111
2025-12-17,9,4.82105138888889
2025-12-17,10,5.87050208333333
2025-12-17,11,5.93288125
2025-12-17,12,8.738375
2025-12-18,1,3.32407638888889
2025-12-18,2,3.52863333333333
2025-12-18,3,3.90135069444444
2025-12-18,4,4.75934513888889
2025-12-18,5,4.81349791666667
2025-12-18,6,4.83340069444444
2025-12-18,7,7.07339305555556
2025-12-18,8,4.82032638888889
2025-12-18,9,4.71178194444444
2025-12-18,10,5.67169166666667
2025-12-18,11,5.74763958333333
2025-12-18,12,8.37644444444445
2025-12-19,1,3.45549930555556
2025-12-19,2,3.68308333333333
2025-12-19,3,4.30361458333333
2025-12-19,4,5.04722638888889
2025-12-19,5,4.93479166666667
2025-12-19,6,5.47197569444444
2025-12-19,7,6.86802569444444
2025-12-19,8,5.16845833333333
2025-12-19,9,5.34772777777778
2025-12-19,10,5.97329722222222
2025-12-19,11,5.98492986111111
2025-12-19,12,8.96713194444444
2025-12-20,1,4.10200486111111
2025-12-20,2,4.39616736111111
2025-12-20,3,4.94695138888889
2025-12-20,4,5.65940763888889
2025-12-20,5,5.67518888888889
2025-12-20,6,6.15513263888889
2025-12-20,7,7.12902569444444
2025-12-20,8,6.19572291666667
2025-12-20,9,6.24531527777778
2025-12-20,10,6.66215486111111
2025-12-20,11,6.63845555555556
2025-12-20,12,9.81186111111111
2025-12-21,1,4.23201944444444
2025-12-21,2,4.41199236111111
2025-12-21,3,4.84069305555556
2025-12-21,4,5.65902916666667
2025-12-21,5,5.8053875
2025-12-21,6,6.16209861111111
2025-12-21,7,7.36711527777778
2025-12-21,8,6.55115138888889
2025-12-21,9,6.17313263888889
2025-12-21,10,6.72100277777778
2025-12-21,11,6.76120763888889
2025-12-21,12,9.88894444444444
2025-12-22,1,4.16405694444444
2025-12-22,2,4.32724236111111
2025-12-22,3,4.70634861111111
2025-12-22,4,5.61947430555556
2025-12-22,5,5.74071041666667
2025-12-22,6,6.06102916666667
2025-12-22,7,7.27787847222222
2025-12-22,8,6.69744027777778
2025-12-22,9,5.95037777777778
2025-12-22,10,6.65608541666667
2025-12-22,11,6.72231458333333
2025-12-22,12,9.77784027777778
2025-12-23,1,3.91159027777778
2025-12-23,2,4.06673472222222
2025-12-23,3,4.51582222222222
2025-12-23,4,5.32566180555556
2025-12-23,5,5.45924375
2025-12-23,6,5.73141875
2025-12-23,7,7.01231041666667
2025-12-23,8,6.61863680555556
2025-12-23,9,5.55680555555556
2025-12-23,10,6.39637291666667
2025-12-23,11,6.39638402777778
2025-12-23,12,9.6
2025-12-24,1,4.00124375
2025-12-24,2,4.22012013888889
2025-12-24,3,4.71689583333333
2025-12-24,4,5.53438958333333
2025-12-24,5,5.58277430555556
2025-12-24,6,5.88031805555556
2025-12-24,7,6.79612638888889
2025-12-24,8,6.95417638888889
2025-12-24,9,5.80648680555556
2025-12-24,10,6.5796125
2025-12-24,11,6.5825375
2025-12-24,12,9.78342361111111
2025-12-25,1,4.17753819444444
2025-12-25,2,4.37426527777778
2025-12-25,3,4.84558611111111
2025-12-25,4,5.60352361111111
2025-12-25,5,5.75582083333333
2025-12-25,6,5.96894444444444
2025-12-25,7,7.00236458333333
2025-12-25,8,7.31404097222222
2025-12-25,9,5.98610208333333
2025-12-25,10,6.80820486111111
2025-12-25,11,6.82752569444444
2025-12-25,12,10.0204236111111
2025-12-26,1,4.34253888888889
2025-12-26,2,4.53284930555556
2025-12-26,3,4.98419791666667
2025-12-26,4,5.68835486111111
2025-12-26,5,5.92442291666667
2025-12-26,6,6.06197916666667
2025-12-26,7,7.16240972222222
2025-12-26,8,7.58693055555556
2025-12-26,9,6.16903611111111
2025-12-26,10,7.01489722222222
2025-12-26,11,7.09228680555556
2025-12-26,12,10.1883958333333
2025-12-27,1,4.33993472222222
2025-12-27,2,4.46691597222222
2025-12-27,3,4.85221388888889
2025-12-27,4,5.62417152777778
2025-12-27,5,5.89680972222222
2025-12-27,6,5.94064791666667
2025-12-27,7,7.44511875
2025-12-27,8,7.51133472222222
2025-12-27,9,6.03729583333333
2025-12-27,10,6.93211111111111
2025-12-27,11,6.98948680555556
2025-12-27,12,10.0641944444444
2025-12-28,1,4.43041875
2025-12-28,2,4.53893333333333
2025-12-28,3,4.87421666666667
2025-12-28,4,5.92983958333333
2025-12-28,5,5.99513888888889
2025-12-28,6,6.14161666666667
2025-12-28,7,7.67560972222222
2025-12-28,8,7.67412569444444
2025-12-28,9,6.16962986111111
2025-12-28,10,6.94644861111111
2025-12-28,11,7.0992
2025-12-28,12,10.0572222222222
2025-12-29,1,4.57445555555556
2025-12-29,2,4.70064930555556
2025-12-29,3,5.06094236111111
2025-12-29,4,6.14402916666667
2025-12-29,5,6.16074166666667
2025-12-29,6,6.54325416666667
2025-12-29,7,7.88996180555556
2025-12-29,8,7.83414583333333
2025-12-29,9,6.45967152777778
2025-12-29,10,6.99686736111111
2025-12-29,11,7.29606666666667
2025-12-29,12,10.1331527777778
2025-12-30,1,4.87077083333333
2025-12-30,2,4.96503263888889
2025-12-30,3,5.32016597222222
2025-12-30,4,6.48883611111111
2025-12-30,5,6.45108541666667
2025-12-30,6,6.89935486111111
2025-12-30,7,8.21856944444444
2025-12-30,8,8.08790972222222
2025-12-30,9,6.87041944444444
2025-12-30,10,7.16779722222222
2025-12-30,11,7.56397569444444
2025-12-30,12,10.194
2025-12-31,1,4.53762222222222
2025-12-31,2,4.51651736111111
2025-12-31,3,4.91464236111111
2025-12-31,4,6.26360208333333
2025-12-31,5,6.07974583333333
2025-12-31,6,6.59614236111111
2025-12-31,7,8.0709875
2025-12-31,8,7.74161944444444
2025-12-31,9,6.25545694444444
2025-12-31,10,6.73698958333333
2025-12-31,11,7.10863402777778
2025-12-31,12,9.80484027777778
2026-01-01,1,4.0596
2026-01-01,2,4.06649930555556
2026-01-01,3,4.49599375
2026-01-01,4,5.83984166666667
2026-01-01,5,5.65109930555556
2026-01-01,6,6.17753888888889
2026-01-01,7,7.51797361111111
2026-01-01,8,7.35310138888889
2026-01-01,9,5.64984583333333
2026-01-01,10,6.3067125
2026-01-01,11,6.60096180555556
2026-01-01,12,9.39715277777778
2026-01-02,1,3.69990555555556
2026-01-02,2,3.73282986111111
2026-01-02,3,4.10499722222222
2026-01-02,4,5.34114722222222
2026-01-02,5,5.32889930555556
2026-01-02,6,5.75704791666667
2026-01-02,7,7.13058472222222
2026-01-02,8,6.97937291666667
2026-01-02,9,5.24700902777778
2026-01-02,10,5.97095416666667
2026-01-02,11,6.19741111111111
2026-01-02,12,9.08255555555555
2026-01-03,1,3.35120486111111
2026-01-03,2,3.38392916666667
2026-01-03,3,3.80334305555556
2026-01-03,4,5.13374583333333
2026-01-03,5,4.97308125
2026-01-03,6,5.3691375
2026-01-03,7,6.80331458333333
2026-01-03,8,6.37115069444444
2026-01-03,9,4.86431111111111
2026-01-03,10,5.66377013888889
2026-01-03,11,5.82016319444444
2026-01-03,12,8.76918055555556
2026-01-04,1,3.09842986111111
2026-01-04,2,3.17089513888889
2026-01-04,3,3.62434513888889
2026-01-04,4,4.92954305555556
2026-01-04,5,4.72456666666667
2026-01-04,6,5.17613402777778
2026-01-04,7,6.46893958333333
2026-01-04,8,5.88746527777778
2026-01-04,9,4.66916666666667
2026-01-04,10,5.50642430555556
2026-01-04,11,5.59114027777778
2026-01-04,12,8.61472222222222
2026-01-05,1,2.98240138888889
2026-01-05,2,3.10065416666667
2026-01-05,3,3.57199930555556
2026-01-05,4,4.71873819444444
2026-01-05,5,4.62308541666667
2026-01-05,6,5.03150347222222
2026-01-05,7,6.26460069444444
2026-01-05,8,5.64559791666667
2026-01-05,9,4.61905138888889
2026-01-05,10,5.5032625
2026-01-05,11,5.50947777777778
2026-01-05,12,8.68011805555556
2026-01-06,1,2.85704583333333
2026-01-06,2,2.9980125
2026-01-06,3,3.5039375
2026-01-06,4,4.62000833333333
2026-01-06,5,4.51879722222222
2026-01-06,6,4.85448333333333
2026-01-06,7,6.12731597222222
2026-01-06,8,5.33794722222222
2026-01-06,9,4.51709027777778
2026-01-06,10,5.39273194444444
2026-01-06,11,5.39709375
2026-01-06,12,8.72025694444445
2026-01-07,1,2.90665902777778
2026-01-07,2,3.15841388888889
2026-01-07,3,3.68130833333333
2026-01-07,4,4.70015694444444
2026-01-07,5,4.67719791666667
2026-01-07,6,5.02976388888889
2026-01-07,7,5.82439097222222
2026-01-07,8,5.41752152777778
2026-01-07,9,4.80061458333333
2026-01-07,10,5.55986458333333
2026-01-07,11,5.61082430555556
2026-01-07,12,8.93220138888889
2026-01-08,1,3.19524513888889
2026-01-08,2,3.46148888888889
2026-01-08,3,3.99553125
2026-01-08,4,4.89608055555556
2026-01-08,5,4.93340208333333
2026-01-08,6,5.26818125
2026-01-08,7,5.94723263888889
2026-01-08,8,5.62974097222222
2026-01-08,9,5.19807777777778
2026-01-08,10,5.93142638888889
2026-01-08,11,5.97733819444444
2026-01-08,12,9.23038194444444
2026-01-09,1,3.39026388888889
2026-01-09,2,3.60836458333333
2026-01-09,3,4.12887083333333
2026-01-09,4,5.00274444444444
2026-01-09,5,5.05619236111111
2026-01-09,6,5.34687222222222
2026-01-09,7,6.04226111111111
2026-01-09,8,5.68979375
2026-01-09,9,5.36791666666667
2026-01-09,10,6.13953819444444
2026-01-09,11,6.10084861111111
2026-01-09,12,9.39331944444444
2026-01-10,1,3.69027569444444
2026-01-10,2,3.93516388888889
2026-01-10,3,4.46162986111111
2026-01-10,4,5.31433055555556
2026-01-10,5,5.34610208333333
2026-01-10,6,5.71621805555556
2026-01-10,7,6.35461111111111
2026-01-10,8,5.94363055555556
2026-01-10,9,5.85652777777778
2026-01-10,10,6.4635375
2026-01-10,11,6.46547708333333
2026-01-10,12,9.65603472222222
2026-01-11,1,4.23373333333333
2026-01-11,2,4.51112152777778
2026-01-11,3,5.04615277777778
2026-01-11,4,5.86311388888889
2026-01-11,5,5.95013333333333
2026-01-11,6,6.23139652777778
2026-01-11,7,6.93029236111111
2026-01-11,8,6.54139513888889
2026-01-11,9,6.64493541666667
2026-01-11,10,7.05151041666667
2026-01-11,11,7.21415208333333
2026-01-11,12,9.96566666666667
2026-01-12,1,4.45830416666667
2026-01-12,2,4.64692569444444
2026-01-12,3,5.10376458333333
2026-01-12,4,5.91880833333333
2026-01-12,5,6.16773611111111
2026-01-12,6,6.19271458333333
2026-01-12,7,7.17858541666667
2026-01-12,8,6.88494305555556
2026-01-12,9,6.79839166666667
2026-01-12,10,7.17699305555556
2026-01-12,11,7.36954305555556
2026-01-12,12,10.1180208333333
2026-01-13,1,4.18492430555556
2026-01-13,2,4.31831597222222
2026-01-13,3,4.68729375
2026-01-13,4,5.50531458333333
2026-01-13,5,5.83952777777778
2026-01-13,6,5.79033402777778
2026-01-13,7,7.14848472222222
2026-01-13,8,6.81424236111111
2026-01-13,9,6.23840416666667
2026-01-13,10,6.79858333333333
2026-01-13,11,6.96021319444444
2026-01-13,12,9.86030555555556
2026-01-14,1,4.01068321678322
2026-01-14,2,4.17096111111111
2026-01-14,3,4.57628819444444
2026-01-14,4,5.34722986111111
2026-01-14,5,5.6048375
2026-01-14,6,5.66798611111111
2026-01-14,7,6.77534722222222
2026-01-14,8,6.73127708333333
2026-01-14,9,6.00730069444444
2026-01-14,10,6.58526041666667
2026-01-14,11,6.68007847222222
2026-01-14,12,9.73077083333333
2026-01-15,1,4.25502430555556
2026-01-15,2,4.45243541666667
2026-01-15,3,4.88137013888889
2026-01-15,4,5.60357916666667
2026-01-15,5,5.87721041666667
2026-01-15,6,5.88921666666667
2026-01-15,7,6.96529027777778
2026-01-15,8,7.10042222222222
2026-01-15,9,6.34611597222222
2026-01-15,10,6.86550763888889
2026-01-15,11,6.99615625
2026-01-15,12,10.0367152777778
2026-01-16,1,4.00746736111111
2026-01-16,2,4.13255416666667
2026-01-16,3,4.44306388888889
2026-01-16,4,5.21697222222222
2026-01-16,5,5.63235277777778
2026-01-16,6,5.50885902777778
2026-01-16,7,7.08942222222222
2026-01-16,8,7.00425833333333
2026-01-16,9,5.85837361111111
2026-01-16,10,6.55215
2026-01-16,11,6.65361458333333
2026-01-16,12,9.803375
2026-01-17,1,3.49454027777778
2026-01-17,2,3.61381180555556
2026-01-17,3,4.018025
2026-01-17,4,4.90460138888889
2026-01-17,5,5.12257222222222
2026-01-17,6,5.16928819444444
2026-01-17,7,6.80754791666667
2026-01-17,8,6.51027638888889
2026-01-17,9,5.23193541666667
2026-01-17,10,5.99426666666667
2026-01-17,11,6.04879166666667
2026-01-17,12,9.35455555555555
2026-01-18,1,3.35398194444444
2026-01-18,2,3.52504930555556
2026-01-18,3,3.90969513888889
2026-01-18,4,4.89584444444444
2026-01-18,5,4.97860416666667
2026-01-18,6,5.20450416666667
2026-01-18,7,6.44646875
2026-01-18,8,6.38113611111111
2026-01-18,9,5.23257777777778
2026-01-18,10,5.94812013888889
2026-01-18,11,5.98039791666667
2026-01-18,12,9.35329166666667
2026-01-19,1,3.25773472222222
2026-01-19,2,3.415125
2026-01-19,3,3.73619583333333
2026-01-19,4,4.69236527777778
2026-01-19,5,4.89923055555556
2026-01-19,6,5.10067291666667
2026-01-19,7,6.39145902777778
2026-01-19,8,6.21463125
2026-01-19,9,5.16745416666667
2026-01-19,10,5.90875069444444
2026-01-19,11,5.96235069444444
2026-01-19,12,9.32947222222222
2026-01-20,1,2.96817152777778
2026-01-20,2,3.08458125
2026-01-20,3,3.48481458333333
2026-01-20,4,4.46489375
2026-01-20,5,4.61927430555556
2026-01-20,6,4.77065069444444
2026-01-20,7,6.35546388888889
2026-01-20,8,5.64563125
2026-01-20,9,4.70487083333333
2026-01-20,10,5.56862708333333
2026-01-20,11,5.60237916666667
2026-01-20,12,9.01775694444444
2026-01-21,1,2.67951597222222
2026-01-21,2,2.78200555555556
2026-01-21,3,3.20131388888889
2026-01-21,4,4.16744722222222
2026-01-21,5,4.32295138888889
2026-01-21,6,4.49127013888889
2026-01-21,7,6.1636875
2026-01-21,8,5.04292777777778
2026-01-21,9,4.20062847222222
2026-01-21,10,5.14181319444444
2026-01-21,11,5.17816944444444
2026-01-21,12,8.50956944444444
2026-01-22,1,2.41929375
2026-01-22,2,2.54012777777778
2026-01-22,3,2.99170486111111
2026-01-22,4,3.98652847222222
2026-01-22,5,4.04705972222222
2026-01-22,6,4.41812013888889
2026-01-22,7,5.96925
2026-01-22,8,4.55665902777778
2026-01-22,9,3.84035763888889
2026-01-22,10,4.77861736111111
2026-01-22,11,4.88855902777778
2026-01-22,12,8.13261805555556
2026-01-23,1,2.2857466759972
2026-01-23,2,2.44451364590623
2026-01-23,3,3.01266200139958
2026-01-23,4,4.00161091672498
2026-01-23,5,3.92693561931421
2026-01-23,6,4.46783974807558
2026-01-23,7,5.61404968509447
2026-01-23,8,4.38245766270119
2026-01-23,9,3.9044688593422
2026-01-23,10,4.77278726382085
2026-01-23,11,4.86080265920224
2026-01-23,12,8.29539538138558
2026-01-24,1,2.22056458333333
2026-01-24,2,2.39252291666667
2026-01-24,3,2.91455694444444
2026-01-24,4,3.78073333333333
2026-01-24,5,3.79494236111111
2026-01-24,6,4.24766527777778
2026-01-24,7,5.01404236111111
2026-01-24,8,4.22337847222222
2026-01-24,9,3.82614027777778
2026-01-24,10,4.79188194444444
2026-01-24,11,4.66050625
2026-01-24,12,7.85512986111111
2026-01-25,1,2.06410416666667
2026-01-25,2,2.21523055555556
2026-01-25,3,2.56355138888889
2026-01-25,4,3.40573819444444
2026-01-25,5,3.54675486111111
2026-01-25,6,3.80880486111111
2026-01-25,7,4.44183055555556
2026-01-25,8,3.83900902777778
2026-01-25,9,3.43537291666667
2026-01-25,10,4.47548194444444
2026-01-25,11,4.23883472222222
2026-01-25,12,6.96298611111111
2026-01-26,1,1.90197708333333
2026-01-26,2,2.0607125
2026-01-26,3,2.30582222222222
2026-01-26,4,3.12912708333333
2026-01-26,5,3.31673055555556
2026-01-26,6,3.57073958333333
2026-01-26,7,4.06722361111111
2026-01-26,8,3.55629375
2026-01-26,9,3.21196597222222
2026-01-26,10,4.21050625
2026-01-26,11,3.96260763888889
2026-01-26,12,6.34289930555556
2026-01-27,1,1.79916944444444
2026-01-27,2,1.98680694444444
2026-01-27,3,2.18778194444444
2026-01-27,4,3.00769583333333
2026-01-27,5,3.21469513888889
2026-01-27,6,3.45385347222222
2026-01-27,7,4.27988819444444
2026-01-27,8,3.44839444444444
2026-01-27,9,3.21430277777778
2026-01-27,10,4.08336736111111
2026-01-27,11,3.90652986111111
2026-01-27,12,6.11834236111111
2026-01-28,1,1.73416944444444
2026-01-28,2,1.955325
2026-01-28,3,2.26872847222222
2026-01-28,4,3.20295416666667
2026-01-28,5,3.30001666666667
2026-01-28,6,3.66940416666667
2026-01-28,7,5.10267638888889
2026-01-28,8,3.70040694444444
2026-01-28,9,3.43883333333333
2026-01-28,10,4.04866666666667
2026-01-28,11,4.17954861111111
2026-01-28,12,6.42134305555556
2026-01-29,1,1.689225
2026-01-29,2,1.91566041666667
2026-01-29,3,2.21740555555556
2026-01-29,4,3.38041875
2026-01-29,5,3.33388055555556
2026-01-29,6,3.78659861111111
2026-01-29,7,5.22714305555556
2026-01-29,8,3.95438263888889
2026-01-29,9,3.50177013888889
2026-01-29,10,4.08468055555556
2026-01-29,11,4.23615625
2026-01-29,12,6.72914305555556
2026-01-30,1,1.64636111111111
2026-01-30,2,1.84886875
2026-01-30,3,2.17314444444444
2026-01-30,4,3.43514583333333
2026-01-30,5,3.37036666666667
2026-01-30,6,3.76177013888889
2026-01-30,7,5.07802916666667
2026-01-30,8,4.12746319444444
2026-01-30,9,3.59207777777778
2026-01-30,10,4.15263819444444
2026-01-30,11,4.27510277777778
2026-01-30,12,6.86643333333333
2026-01-31,1,1.60427708333333
2026-01-31,2,1.77292916666667
2026-01-31,3,2.09974027777778
2026-01-31,4,3.38652916666667
2026-01-31,5,3.41367708333333
2026-01-31,6,3.71814444444444
2026-01-31,7,4.95410833333333
2026-01-31,8,4.27138472222222
2026-01-31,9,3.62570486111111
2026-01-31,10,4.22041458333333
2026-01-31,11,4.29937013888889
2026-01-31,12,6.98213194444444
2026-02-01,1,1.56612569444444
2026-02-01,2,1.70311666666667
2026-02-01,3,2.03958125
2026-02-01,4,3.38475694444444
2026-02-01,5,3.44581875
2026-02-01,6,3.66176180555556
2026-02-01,7,4.82734861111111
2026-02-01,8,4.36361805555556
2026-02-01,9,3.64237361111111
2026-02-01,10,4.27795138888889
2026-02-01,11,4.31132777777778
2026-02-01,12,7.06254097222222
2026-02-02,1,1.53567569444444
2026-02-02,2,1.65086875
2026-02-02,3,1.99218125
2026-02-02,4,3.37430763888889
2026-02-02,5,3.48431041666667
2026-02-02,6,3.61863125
2026-02-02,7,4.79673333333333
2026-02-02,8,4.49577013888889
2026-02-02,9,3.68465833333333
2026-02-02,10,4.32609791666667
2026-02-02,11,4.34095
2026-02-02,12,7.21761875
2026-02-03,1,1.51465347222222
2026-02-03,2,1.61789513888889
2026-02-03,3,1.93982986111111
2026-02-03,4,3.37154027777778
2026-02-03,5,3.52597986111111
2026-02-03,6,3.56789097222222
2026-02-03,7,4.69310416666667
2026-02-03,8,4.68652152777778
2026-02-03,9,3.74569791666667
2026-02-03,10,4.36920833333333
2026-02-03,11,4.399875
2026-02-03,12,7.42213958333333
2026-02-04,1,1.50859027777778
2026-02-04,2,1.6077
2026-02-04,3,1.9135875
2026-02-04,4,3.36097152777778
2026-02-04,5,3.57622777777778
2026-02-04,6,3.5343875
2026-02-04,7,4.65233333333333
2026-02-04,8,4.73493541666667
2026-02-04,9,3.81210902777778
2026-02-04,10,4.42742986111111
2026-02-04,11,4.45984236111111
2026-02-04,12,7.56584583333333
2026-02-05,1,1.5313125
2026-02-05,2,1.62128819444444
2026-02-05,3,1.92847222222222
2026-02-05,4,3.32452638888889
2026-02-05,5,3.62956944444444
2026-02-05,6,3.51419027777778
2026-02-05,7,4.63466319444444
2026-02-05,8,4.65082361111111
2026-02-05,9,3.87982708333333
2026-02-05,10,4.51323055555556
2026-02-05,11,4.52753194444444
2026-02-05,12,7.64018680555556
2026-02-06,1,1.55529652777778
2026-02-06,2,1.62402291666667
2026-02-06,3,1.93889930555556
2026-02-06,4,3.26877083333333
2026-02-06,5,3.66097222222222
2026-02-06,6,3.470525
2026-02-06,7,4.49281736111111
2026-02-06,8,4.48803055555556
2026-02-06,9,3.92166180555556
2026-02-06,10,4.57886597222222
2026-02-06,11,4.58691319444444
2026-02-06,12,7.48030555555556
2026-02-07,1,1.5441668984701
2026-02-07,2,1.59539706908583
2026-02-07,3,1.90537822749477
2026-02-07,4,3.18819749652295
2026-02-07,5,3.63909769713887
2026-02-07,6,3.38442358688067
2026-02-07,7,4.36547801814375
2026-02-07,8,4.34463977746871
2026-02-07,9,3.90687299371947
2026-02-07,10,4.56054033379694
2026-02-07,11,4.60677320307048
2026-02-07,12,7.26272365666434
2026-02-08,1,1.51125069444444
2026-02-08,2,1.55480694444444
2026-02-08,3,1.83592847222222
2026-02-08,4,3.0784
2026-02-08,5,3.62111388888889
2026-02-08,6,3.24825347222222
2026-02-08,7,4.61540555555556
2026-02-08,8,4.13128125
2026-02-08,9,3.86895972222222
2026-02-08,10,4.31255069444444
2026-02-08,11,4.50648819444444
2026-02-08,12,7.07727291666667
2026-02-09,1,1.43751666666667
2026-02-09,2,1.48488611111111
2026-02-09,3,1.70914027777778
2026-02-09,4,2.89999861111111
2026-02-09,5,3.56137291666667
2026-02-09,6,3.12493263888889
2026-02-09,7,4.86551111111111
2026-02-09,8,3.80798472222222
2026-02-09,9,3.74625
2026-02-09,10,3.93976041666667
2026-02-09,11,4.35469097222222
2026-02-09,12,6.79704166666667
2026-02-10,1,1.36096805555556
2026-02-10,2,1.4076375
2026-02-10,3,1.59678125
2026-02-10,4,2.81253958333333
2026-02-10,5,3.50560138888889
2026-02-10,6,3.04270277777778
2026-02-10,7,4.76475902777778
2026-02-10,8,3.55370069444444
2026-02-10,9,3.65437361111111
2026-02-10,10,3.69710625
2026-02-10,11,4.30861805555556
2026-02-10,12,6.66377847222222
2026-02-11,1,1.31870763888889
2026-02-11,2,1.34015763888889
2026-02-11,3,1.50821666666667
2026-02-11,4,2.79303194444444
2026-02-11,5,3.48774722222222
2026-02-11,6,2.95282986111111
2026-02-11,7,4.60625347222222
2026-02-11,8,3.32202569444444
2026-02-11,9,3.55349930555556
2026-02-11,10,3.50395972222222
2026-02-11,11,4.32732222222222
2026-02-11,12,6.61330555555556
2026-02-12,1,1.28481180555556
2026-02-12,2,1.32631111111111
2026-02-12,3,1.49708194444444
2026-02-12,4,2.67355
2026-02-12,5,3.48812152777778
2026-02-12,6,2.98790833333333
2026-02-12,7,4.40021944444444
2026-02-12,8,3.26456041666667
2026-02-12,9,3.50149583333333
2026-02-12,10,3.455425
2026-02-12,11,4.31968888888889
2026-02-12,12,6.64971597222222
2026-02-13,1,1.28694305555556
2026-02-13,2,1.37252152777778
2026-02-13,3,1.55666111111111
2026-02-13,4,2.66698125
2026-02-13,5,3.56502430555556
2026-02-13,6,3.12872361111111
2026-02-13,7,4.28886805555556
2026-02-13,8,3.31789097222222
2026-02-13,9,3.53968819444444
2026-02-13,10,3.55009861111111
2026-02-13,11,4.34798263888889
2026-02-13,12,6.78610486111111
2026-02-14,1,1.32075902777778
2026-02-14,2,1.41105416666667
2026-02-14,3,1.58364305555556
2026-02-14,4,2.61392708333333
2026-02-14,5,3.58348541666667
2026-02-14,6,3.06592638888889
2026-02-14,7,4.37170277777778
2026-02-14,8,3.29157916666667
2026-02-14,9,3.41254305555556
2026-02-14,10,3.62192361111111
2026-02-14,11,4.28108680555556
2026-02-14,12,6.77058402777778
2026-02-15,1,1.34198611111111
2026-02-15,2,1.42742916666667
2026-02-15,3,1.62374027777778
2026-02-15,4,2.53308611111111
2026-02-15,5,3.52816111111111
2026-02-15,6,3.03592361111111
2026-02-15,7,4.44964166666667
2026-02-15,8,3.18697777777778
2026-02-15,9,3.30490972222222
2026-02-15,10,3.63379722222222
2026-02-15,11,4.21822291666667
2026-02-15,12,6.68838333333333
2026-02-16,1,1.38045972222222
2026-02-16,2,1.44529166666667
2026-02-16,3,1.66878611111111
2026-02-16,4,2.60055972222222
2026-02-16,5,3.56653958333333
2026-02-16,6,3.13482708333333
2026-02-16,7,4.33048680555556
2026-02-16,8,3.24532430555556
2026-02-16,9,3.42167222222222
2026-02-16,10,3.7240375
2026-02-16,11,4.28979652777778
2026-02-16,12,6.91499861111111
2026-02-17,1,1.4134875
2026-02-17,2,1.49690138888889
2026-02-17,3,1.68729166666667
2026-02-17,4,2.63656111111111
2026-02-17,5,3.62427083333333
2026-02-17,6,3.251125
2026-02-17,7,4.34692708333333
2026-02-17,8,3.43644027777778
2026-02-17,9,3.54973958333333
2026-02-17,10,3.90049930555556
2026-02-17,11,4.41838611111111
2026-02-17,12,7.27239236111111
2026-02-18,1,1.47332986111111
2026-02-18,2,1.51017361111111
2026-02-18,3,1.74145486111111
2026-02-18,4,2.69939861111111
2026-02-18,5,3.61570277777778
2026-02-18,6,3.30397916666667
2026-02-18,7,4.60641319444444
2026-02-18,8,3.62459930555556
2026-02-18,9,3.48940277777778
2026-02-18,10,3.97897916666667
2026-02-18,11,4.34845208333333
2026-02-18,12,7.31343125
2026-02-19,1,1.53940625
2026-02-19,2,1.56931875
2026-02-19,3,1.84948958333333
2026-02-19,4,2.83912291666667
2026-02-19,5,3.64013541666667
2026-02-19,6,3.55105069444444
2026-02-19,7,4.82491111111111
2026-02-19,8,3.95510138888889
2026-02-19,9,3.58996805555556
2026-02-19,10,4.07400833333333
2026-02-19,11,4.41748333333333
2026-02-19,12,7.31554652777778
2026-02-20,1,1.61263263888889
2026-02-20,2,1.65843472222222
2026-02-20,3,1.95820069444444
2026-02-20,4,2.89749722222222
2026-02-20,5,3.74123958333333
2026-02-20,6,3.77801041666667
2026-02-20,7,4.87174583333333
2026-02-20,8,4.32436388888889
2026-02-20,9,3.81920208333333
2026-02-20,10,4.24988263888889
2026-02-20,11,4.65383125
2026-02-20,12,7.49207083333333
2026-02-21,1,1.76766388888889
2026-02-21,2,1.74342986111111
2026-02-21,3,2.11997777777778
2026-02-21,4,3.04566388888889
2026-02-21,5,3.86304722222222
2026-02-21,6,3.84313263888889
2026-02-21,7,5.02584444444445
2026-02-21,8,4.54737361111111
2026-02-21,9,3.90130555555556
2026-02-21,10,4.64220833333333
2026-02-21,11,4.71799513888889
2026-02-21,12,7.61532569444444
2026-02-22,1,1.93887916666667
2026-02-22,2,1.80548819444444
2026-02-22,3,2.21075625
2026-02-22,4,3.09738402777778
2026-02-22,5,3.91535069444444
2026-02-22,6,3.94880972222222
2026-02-22,7,5.18948958333333
2026-02-22,8,4.69477013888889
2026-02-22,9,3.94688958333333
2026-02-22,10,4.98643472222222
2026-02-22,11,4.74414853556485
2026-02-22,12,7.53097638888889
2026-02-23,1,2.00497847222222
2026-02-23,2,1.86403680555556
2026-02-23,3,2.29162152777778
2026-02-23,4,3.17105347222222
2026-02-23,5,3.89714652777778
2026-02-23,6,4.02222916666667
2026-02-23,7,5.20788611111111
2026-02-23,8,4.86486875
2026-02-23,9,4.04186041666667
2026-02-23,10,5.07194236111111
2026-02-23,11,4.82119930555556
2026-02-23,12,7.48143402777778
2026-02-24,1,2.04548472222222
2026-02-24,2,1.94325277777778
2026-02-24,3,2.33779236111111
2026-02-24,4,3.27586736111111
2026-02-24,5,3.90321736111111
2026-02-24,6,4.0369125
2026-02-24,7,5.21570208333333
2026-02-24,8,5.04195763888889
2026-02-24,9,4.09912013888889
2026-02-24,10,5.06888055555556
2026-02-24,11,4.86649027777778
2026-02-24,12,7.5302125
2026-02-25,1,2.00579791666667
2026-02-25,2,1.94806805555556
2026-02-25,3,2.31098541666667
2026-02-25,4,3.1708625
2026-02-25,5,3.78292638888889
2026-02-25,6,3.95795416666667
2026-02-25,7,5.18153819444444
2026-02-25,8,4.98797916666667
2026-02-25,9,3.99290763888889
2026-02-25,10,4.93185694444444
2026-02-25,11,4.733
2026-02-25,12,7.46024930555556
2026-02-26,1,2.04552847222222
2026-02-26,2,1.95057708333333
2026-02-26,3,2.42473333333333
2026-02-26,4,3.36579513888889
2026-02-26,5,3.75551875
2026-02-26,6,4.05913263888889
2026-02-26,7,5.19620555555556
2026-02-26,8,5.03619583333333
2026-02-26,9,4.08330277777778
2026-02-26,10,5.3066625
2026-02-26,11,4.72692569444444
2026-02-26,12,7.41076319444444
2026-02-27,1,2.23753958333333
2026-02-27,2,2.15228472222222
2026-02-27,3,2.60906597222222
2026-02-27,4,3.51535138888889
2026-02-27,5,3.92110347222222
2026-02-27,6,4.30348263888889
2026-02-27,7,5.22701458333333
2026-02-27,8,5.36898680555556
2026-02-27,9,4.41351736111111
2026-02-27,10,5.67165833333333
2026-02-27,11,5.05278125
2026-02-27,12,7.63084722222222
2026-02-28,1,2.41291527777778
2026-02-28,2,2.33158125
2026-02-28,3,2.82102569444444
2026-02-28,4,3.59059652777778
2026-02-28,5,4.05366666666667
2026-02-28,6,4.36747083333333
2026-02-28,7,5.22807638888889
2026-02-28,8,5.57570972222222
2026-02-28,9,4.54493402777778
2026-02-28,10,5.87179166666667
2026-02-28,11,5.20112291666667
2026-02-28,12,7.82306875
2026-03-01,1,2.54992222222222
2026-03-01,2,2.48343472222222
2026-03-01,3,3.03826875
2026-03-01,4,3.68280347222222
2026-03-01,5,4.16924166666667
2026-03-01,6,4.43440763888889
2026-03-01,7,5.19164236111111
2026-03-01,8,5.74224861111111
2026-03-01,9,4.61410347222222
2026-03-01,10,5.99503402777778
2026-03-01,11,5.25841875
2026-03-01,12,8.01575486111111
2026-03-02,1,2.73045138888889
2026-03-02,2,2.69854236111111
2026-03-02,3,3.20370972222222
2026-03-02,4,3.81667222222222
2026-03-02,5,4.37243958333333
2026-03-02,6,4.50260069444444
2026-03-02,7,5.41735833333333
2026-03-02,8,5.98805972222222
2026-03-02,9,4.82284930555556
2026-03-02,10,6.22846805555556
2026-03-02,11,5.48512291666667
2026-03-02,12,8.23940277777778
2026-03-03,1,2.60079097222222
2026-03-03,2,2.57822083333333
2026-03-03,3,3.04257013888889
2026-03-03,4,3.69044513888889
2026-03-03,5,4.25981458333333
2026-03-03,6,4.32972847222222
2026-03-03,7,5.60565416666667
2026-03-03,8,5.89010416666667
2026-03-03,9,4.62772222222222
2026-03-03,10,6.18273263888889
2026-03-03,11,5.36748541666667
2026-03-03,12,8.12747916666667
2026-03-04,1,2.63381319444444
2026-03-04,2,2.69042222222222
2026-03-04,3,3.13828402777778
2026-03-04,4,3.85371180555556
2026-03-04,5,4.32557152777778
2026-03-04,6,4.51875555555556
2026-03-04,7,5.57471041666667
2026-03-04,8,6.107675
2026-03-04,9,4.81075763888889
2026-03-04,10,6.31820625
2026-03-04,11,5.5234625
2026-03-04,12,8.24503472222222
2026-03-05,1,3.07115159944367
2026-03-05,2,3.21252990264256
2026-03-05,3,3.65982892906815
2026-03-05,4,4.31483101529903
2026-03-05,5,4.78501460361613
2026-03-05,6,5.1276057023644
2026-03-05,7,5.89950347705146
2026-03-05,8,6.7743769123783
2026-03-05,9,5.67582684283727
2026-03-05,10,6.90352781641168
2026-03-05,11,6.18909944367177
2026-03-05,12,8.7519471488178
2026-03-06,1,3.62190277777778
2026-03-06,2,3.79148958333333
2026-03-06,3,4.23438680555556
2026-03-06,4,4.86360416666667
2026-03-06,5,5.34601458333333
2026-03-06,6,5.79318611111111
2026-03-06,7,6.39334861111111
2026-03-06,8,7.51825902777778
2026-03-06,9,6.63104652777778
2026-03-06,10,7.50340069444444
2026-03-06,11,6.93070972222222
2026-03-06,12,9.27619444444444
2026-03-07,1,4.06601041666667
2026-03-07,2,4.22851180555556
2026-03-07,3,4.64888541666667
2026-03-07,4,5.2562125
2026-03-07,5,5.79509444444444
2026-03-07,6,6.25898402777778
2026-03-07,7,6.89169861111111
2026-03-07,8,8.07504027777778
2026-03-07,9,7.10081666666667
2026-03-07,10,7.95924930555556
2026-03-07,11,7.45083194444444
2026-03-07,12,9.64947916666667
2026-03-08,1,4.46819166666667
2026-03-08,2,4.65820138888889
2026-03-08,3,5.05800625
2026-03-08,4,5.69296666666667
2026-03-08,5,6.189425
2026-03-08,6,6.74481875
2026-03-08,7,7.40558125
2026-03-08,8,8.58271527777778
2026-03-08,9,7.55292777777778
2026-03-08,10,8.34455555555556
2026-03-08,11,7.90461666666667
2026-03-08,12,10.1194583333333
2026-03-09,1,5.05181736111111
2026-03-09,2,5.27219722222222
2026-03-09,3,5.67421597222222
2026-03-09,4,6.29830347222222
2026-03-09,5,6.75996458333333
2026-03-09,6,7.38323611111111
2026-03-09,7,7.88656388888889
2026-03-09,8,9.21600694444444
2026-03-09,9,8.31080138888889
2026-03-09,10,8.94679861111111
2026-03-09,11,8.56213888888889
2026-03-09,12,10.7399097222222
2026-03-10,1,5.52095555555556
2026-03-10,2,5.69671180555556
2026-03-10,3,6.12980763888889
2026-03-10,4,6.68115
2026-03-10,5,7.16824305555556
2026-03-10,6,7.73636388888889
2026-03-10,7,8.16734027777778
2026-03-10,8,9.61646527777778
2026-03-10,9,8.69902083333333
2026-03-10,10,9.34331944444444
2026-03-10,11,8.92038888888889
2026-03-10,12,11.1423472222222
2026-03-11,1,5.97570486111111
2026-03-11,2,6.15115972222222
2026-03-11,3,6.5301506373117
2026-03-11,4,7.15234652777778
2026-03-11,5,7.61315208333333
2026-03-11,6,8.00605561993047
2026-03-11,7,8.47097222222222
2026-03-11,8,10.0830347222222
2026-03-11,9,9.03889918887601
2026-03-11,10,9.7899375
2026-03-11,11,9.32498611111111
2026-03-11,12,11.4325028968714
2026-03-12,1,6.5503180236604
2026-03-12,2,6.78536186499652
2026-03-12,3,7.38427248322148
2026-03-12,4,7.79213430758525
2026-03-12,5,8.23775226165623
2026-03-12,6,8.81856375838926
2026-03-12,7,8.95111343075853
2026-03-12,8,10.7408072372999
2026-03-12,9,10.0327516778523
2026-03-12,10,10.3613639526792
2026-03-12,11,9.98911621433542
2026-03-12,12,12.1552617449664
2026-03-13,1,6.39767166666667
2026-03-13,2,6.5087725
2026-03-13,3,6.85101916666667
2026-03-13,4,7.54056416666667
2026-03-13,5,8.06856083333333
2026-03-13,6,8.25961583333333
2026-03-13,7,9.04004166666667
2026-03-13,8,10.4894916666667
2026-03-13,9,9.37711666666667
2026-03-13,10,10.1763
2026-03-13,11,9.66255833333333
2026-03-13,12,11.9247833333333
2026-03-14,1,5.97155555555556
2026-03-14,2,6.06355347222222
2026-03-14,3,6.51914236111111
2026-03-14,4,7.28072777777778
2026-03-14,5,7.59019583333333
2026-03-14,6,7.775975
2026-03-14,7,8.91634027777778
2026-03-14,8,9.97511805555555
2026-03-14,9,8.61354166666667
2026-03-14,10,9.7245625
2026-03-14,11,8.9844375
2026-03-14,12,11.5836319444444
2026-03-15,1,5.98194027777778
2026-03-15,2,6.00098263888889
2026-03-15,3,6.44439166666667
2026-03-15,4,7.29977847222222
2026-03-15,5,7.54413958333333
2026-03-15,6,7.82620625
2026-03-15,7,9.00159027777778
2026-03-15,8,9.90590277777778
2026-03-15,9,8.52705555555556
2026-03-15,10,9.79617361111111
2026-03-15,11,8.95590972222222
2026-03-15,12,11.5038472222222
2026-03-16,1,5.99484236111111
2026-03-16,2,6.03338402777778
2026-03-16,3,6.59587152777778
2026-03-16,4,7.37768333333333
2026-03-16,5,7.60414583333333
2026-03-16,6,8.14998055555555
2026-03-16,7,8.87183333333333
2026-03-16,8,10.0851041666667
2026-03-16,9,8.69620833333333
2026-03-16,10,9.90016666666667
2026-03-16,11,9.13795138888889
2026-03-16,12,11.6400486111111
2026-03-17,1,6.54302013888889
2026-03-17,2,6.69004583333333
2026-03-17,3,7.21972986111111
2026-03-17,4,7.91427430555556
2026-03-17,5,8.26633680555556
2026-03-17,6,8.72334722222222
2026-03-17,7,9.43858333333333
2026-03-17,8,10.6312152777778
2026-03-17,9,9.61019444444444
2026-03-17,10,10.4950416666667
2026-03-17,11,9.78864583333333
2026-03-17,12,12.1075833333333
2026-03-18,1,6.40564930555556
2026-03-18,2,6.32029722222222
2026-03-18,3,6.79945972222222
2026-03-18,4,7.81119027777778
2026-03-18,5,8.02060763888889
2026-03-18,6,8.37746527777778
2026-03-18,7,9.65705555555556
2026-03-18,8,10.1683333333333
2026-03-18,9,9.01672916666667
2026-03-18,10,10.2390138888889
2026-03-18,11,9.41021527777778
2026-03-18,12,11.8533611111111
2026-03-19,1,5.70194305555556
2026-03-19,2,5.53205347222222
2026-03-19,3,6.09683958333333
2026-03-19,4,7.22135347222222
2026-03-19,5,7.27187638888889
2026-03-19,6,7.60111180555556
2026-03-19,7,9.06504861111111
2026-03-19,8,9.424625
2026-03-19,9,7.86188541666667
2026-03-19,10,9.44234027777778
2026-03-19,11,8.51350694444444
2026-03-19,12,11.2092638888889
2026-03-20,1,5.46810138888889
2026-03-20,2,5.37043263888889
2026-03-20,3,5.91818402777778
2026-03-20,4,7.03584236111111
2026-03-20,5,7.07380625
2026-03-20,6,7.43178194444444
2026-03-20,7,8.67561111111111
2026-03-20,8,9.2818125
2026-03-20,9,7.65463472222222
2026-03-20,10,9.25488888888889
2026-03-20,11,8.35586111111111
2026-03-20,12,11.0978819444444
2026-03-21,1,5.73084097222222
2026-03-21,2,5.76069722222222
2026-03-21,3,6.36184652777778
2026-03-21,4,7.27052083333333
2026-03-21,5,7.38775555555556
2026-03-21,6,7.84560555555556
2026-03-21,7,8.65397222222222
2026-03-21,8,9.69829861111111
2026-03-21,9,8.26570208333333
2026-03-21,10,9.54959027777778
2026-03-21,11,8.8089375
2026-03-21,12,11.4848125
2026-03-22,1,6.41829930555556
2026-03-22,2,6.49356041666667
2026-03-22,3,7.14679236111111
2026-03-22,4,7.87596597222222
2026-03-22,5,8.11632430555555
2026-03-22,6,8.53661805555556
2026-03-22,7,9.20931944444444
2026-03-22,8,10.5269166666667
2026-03-22,9,9.38622916666667
2026-03-22,10,10.2603680555556
2026-03-22,11,9.66490972222222
2026-03-22,12,12.0415
2026-03-23,1,7.06900555555556
2026-03-23,2,7.18548611111111
2026-03-23,3,7.84844513888889
2026-03-23,4,8.52356944444444
2026-03-23,5,8.7971875
2026-03-23,6,9.26466666666667
2026-03-23,7,9.70020138888889
2026-03-23,8,11.2764722222222
2026-03-23,9,10.3901666666667
2026-03-23,10,10.9356666666667
2026-03-23,11,10.4539930555556
2026-03-23,12,12.5746180555556
2026-03-24,1,7.3471875
2026-03-24,2,7.4432875
2026-03-24,3,8.01020486111111
2026-03-24,4,8.69474305555556
2026-03-24,5,9.12308333333333
2026-03-24,6,9.3995
2026-03-24,7,10.1564861111111
2026-03-24,8,11.5811944444444
2026-03-24,9,10.6213680555556
2026-03-24,10,11.2032638888889
2026-03-24,11,10.7194375
2026-03-24,12,12.8478125
2026-03-25,1,7.01645347222222
2026-03-25,2,7.04726111111111
2026-03-25,3,7.48875972222222
2026-03-25,4,8.44978472222222
2026-03-25,5,8.77273611111111
2026-03-25,6,8.92349305555556
2026-03-25,7,10.2438611111111
2026-03-25,8,11.1733819444444
2026-03-25,9,9.79352083333333
2026-03-25,10,10.8239097222222
2026-03-25,11,10.2396388888889
2026-03-25,12,12.7158402777778
2026-03-26,1,6.99258194444444
2026-03-26,2,7.04898402777778
2026-03-26,3,7.49892361111111
2026-03-26,4,8.53914583333333
2026-03-26,5,8.7323125
2026-03-26,6,9.01614583333333
2026-03-26,7,10.1715833333333
2026-03-26,8,11.1441041666667
2026-03-26,9,9.82282638888889
2026-03-26,10,10.8852986111111
2026-03-26,11,10.2340347222222
2026-03-26,12,12.6251597222222
2026-03-27,1,7.67158333333333
2026-03-27,2,7.81701111111111
2026-03-27,3,8.40183472222222
2026-03-27,4,9.19069444444444
2026-03-27,5,9.40055555555556
2026-03-27,6,10.0597222222222
2026-03-27,7,10.6446805555556
2026-03-27,8,11.9598680555556
2026-03-27,9,10.9902638888889
2026-03-27,10,11.6356180555556
2026-03-27,11,11.1971944444444
2026-03-27,12,13.268375
2026-03-28,1,8.019925
2026-03-28,2,8.05848819444445
2026-03-28,3,8.55977777777778
2026-03-28,4,9.39669444444444
2026-03-28,5,9.74613194444444
2026-03-28,6,10.1108055555556
2026-03-28,7,10.9321180555556
2026-03-28,8,12.2220277777778
2026-03-28,9,11.2687152777778
2026-03-28,10,11.8989583333333
2026-03-28,11,11.4676319444444
2026-03-28,12,13.5226527777778
2026-03-29,1,7.44409791666667
2026-03-29,2,7.3989875
2026-03-29,3,7.88825972222222
2026-03-29,4,8.93470833333333
2026-03-29,5,9.153625
2026-03-29,6,9.28242361111111
2026-03-29,7,10.6567777777778
2026-03-29,8,11.5460902777778
2026-03-29,9,10.0859930555556
2026-03-29,10,11.2205069444444
2026-03-29,11,10.5931388888889
2026-03-29,12,13.0849166666667
2026-03-30,1,7.12087222222222
2026-03-30,2,7.10655486111111
2026-03-30,3,7.74444375
2026-03-30,4,8.74475694444445
2026-03-30,5,8.7986875
2026-03-30,6,9.02484027777778
2026-03-30,7,10.2068680555556
2026-03-30,8,11.0241041666667
2026-03-30,9,9.70247222222222
2026-03-30,10,10.9410763888889
2026-03-30,11,10.2179583333333
2026-03-30,12,12.8798402777778
2026-03-31,1,7.65309513888889
2026-03-31,2,7.75448402777778
2026-03-31,3,8.44152083333333
2026-03-31,4,9.21864583333333
2026-03-31,5,9.36561805555556
2026-03-31,6,9.80120138888889
2026-03-31,7,10.5338680555556
2026-03-31,8,11.5434930555556
2026-03-31,9,10.6693333333333
2026-03-31,10,11.580125
2026-03-31,11,10.9818958333333
2026-03-31,12,13.3453958333333
2026-04-01,1,8.68915972222222
2026-04-01,2,8.87489583333333
2026-04-01,3,9.67232638888889
2026-04-01,4,10.2221875
2026-04-01,5,10.4004513888889
2026-04-01,6,11.0378819444444
2026-04-01,7,11.3856319444444
2026-04-01,8,12.7532152777778
2026-04-01,9,12.2697638888889
2026-04-01,10,12.6755902777778
2026-04-01,11,12.2548888888889
2026-04-01,12,13.9955833333333
2026-04-02,1,9.67723611111111
2026-04-02,2,9.88860416666667
2026-04-02,3,10.7078541666667
2026-04-02,4,11.1372152777778
2026-04-02,5,11.4356944444444
2026-04-02,6,11.9448333333333
2026-04-02,7,12.3602638888889
2026-04-02,8,13.8458263888889
2026-04-02,9,13.5529791666667
2026-04-02,10,13.6820277777778
2026-04-02,11,13.433125
2026-04-02,12,14.7260763888889
2026-04-03,1,9.82520833333333
2026-04-03,2,9.96998611111111
2026-04-03,3,10.6058680555556
2026-04-03,4,11.1948402777778
2026-04-03,5,11.63775
2026-04-03,6,11.8934791666667
2026-04-03,7,12.8140208333333
2026-04-03,8,14.0172361111111
2026-04-03,9,13.3699513888889
2026-04-03,10,13.8128472222222
2026-04-03,11,13.5097083333333
2026-04-03,12,14.9926944444444
2026-04-04,1,9.96552083333333
2026-04-04,2,10.1798888888889
2026-04-04,3,10.7871388888889
2026-04-04,4,11.562
2026-04-04,5,11.81125
2026-04-04,6,12.1614583333333
2026-04-04,7,12.9866666666667
2026-04-04,8,14.4004513888889
2026-04-04,9,13.4743055555556
2026-04-04,10,13.9944513888889
2026-04-04,11,13.7315208333333
2026-04-04,12,15.3498194444444
2026-04-05,1,10.6846805555556
2026-04-05,2,10.9655138888889
2026-04-05,3,11.5993263888889
2026-04-05,4,12.1565208333333
2026-04-05,5,12.5201458333333
2026-04-05,6,13.0136458333333
2026-04-05,7,13.6053680555556
2026-04-05,8,15.1322013888889
2026-04-05,9,14.5200763888889
2026-04-05,10,14.7316527777778
2026-04-05,11,14.5547638888889
2026-04-05,12,16.0098958333333
2026-04-06,1,10.9621041666667
2026-04-06,2,11.119
2026-04-06,3,11.6641388888889
2026-04-06,4,12.3678055555556
2026-04-06,5,12.7553194444444
2026-04-06,6,13.1375486111111
2026-04-06,7,13.8767777777778
2026-04-06,8,15.29975
2026-04-06,9,14.7191180555556
2026-04-06,10,14.9594652777778
2026-04-06,11,14.7322013888889
2026-04-06,12,16.2925416666667
2026-04-07,1,10.5777986111111
2026-04-07,2,10.6253333333333
2026-04-07,3,11.1140416666667
2026-04-07,4,12.1070069444444
2026-04-07,5,12.3350416666667
2026-04-07,6,12.5498888888889
2026-04-07,7,13.7020069444444
2026-04-07,8,14.7892569444444
2026-04-07,9,13.7639791666667
2026-04-07,10,14.4579166666667
2026-04-07,11,14.0644722222222
2026-04-07,12,16.0446597222222
2026-04-08,1,9.92061805555556
2026-04-08,2,9.90011111111111
2026-04-08,3,10.427375
2026-04-08,4,11.4929861111111
2026-04-08,5,11.6758055555556
2026-04-08,6,11.7696944444444
2026-04-08,7,13.2111527777778
2026-04-08,8,14.0598125
2026-04-08,9,12.6846597222222
2026-04-08,10,13.7640625
2026-04-08,11,13.1906736111111
2026-04-08,12,15.5369305555556
2026-04-09,1,9.20098611111111
2026-04-09,2,9.13125694444444
2026-04-09,3,9.67326388888889
2026-04-09,4,10.8374583333333
2026-04-09,5,10.9545486111111
2026-04-09,6,10.9157569444444
2026-04-09,7,12.6931319444444
2026-04-09,8,13.0520208333333
2026-04-09,9,11.6693125
2026-04-09,10,13.0717986111111
2026-04-09,11,12.2870833333333
2026-04-09,12,14.9190347222222
2026-04-10,1,8.90478472222222
2026-04-10,2,8.87423611111111
2026-04-10,3,9.42421527777778
2026-04-10,4,10.4706736111111
2026-04-10,5,10.6421111111111
2026-04-10,6,10.6469166666667
2026-04-10,7,12.1992222222222
2026-04-10,8,12.3477083333333
2026-04-10,9,11.3634444444444
2026-04-10,10,12.8249097222222
2026-04-10,11,11.9872708333333
2026-04-10,12,14.6030833333333
2026-04-11,1,9.17346527777778
2026-04-11,2,9.16786111111111
2026-04-11,3,9.76627777777778
2026-04-11,4,10.6817430555556
2026-04-11,5,10.874125
2026-04-11,6,11.0514236111111
2026-04-11,7,12.2319444444444
2026-04-11,8,12.5121666666667
2026-04-11,9,11.8219375
2026-04-11,10,13.1514861111111
2026-04-11,11,12.3971458333333
2026-04-11,12,14.9009305555556
2026-04-12,1,9.46764583333333
2026-04-12,2,9.41708333333333
2026-04-12,3,10.0337986111111
2026-04-12,4,10.9156666666667
2026-04-12,5,11.1146319444444
2026-04-12,6,11.3263888888889
2026-04-12,7,12.4355138888889
2026-04-12,8,12.9246805555556
2026-04-12,9,12.1961388888889
2026-04-12,10,13.4126111111111
2026-04-12,11,12.7053055555556
2026-04-12,12,15.1780902777778
2026-04-13,1,9.60338888888889
2026-04-13,2,9.58979861111111
2026-04-13,3,10.1970763888889
2026-04-13,4,11.0774236111111
2026-04-13,5,11.2645069444444
2026-04-13,6,11.4828194444444
2026-04-13,7,12.5587847222222
2026-04-13,8,13.3277222222222
2026-04-13,9,12.3943888888889
2026-04-13,10,13.5293125
2026-04-13,11,12.8905902777778
2026-04-13,12,15.366125
2026-04-14,1,10.2090208333333
2026-04-14,2,10.3060763888889
2026-04-14,3,10.9835763888889
2026-04-14,4,11.7179166666667
2026-04-14,5,11.9442083333333
2026-04-14,6,12.2593541666667
2026-04-14,7,12.9619722222222
2026-04-14,8,14.2077916666667
2026-04-14,9,13.5539513888889
2026-04-14,10,14.120875
2026-04-14,11,13.7905208333333
2026-04-14,12,15.8182569444444
2026-04-15,1,11.0300555555556
2026-04-15,2,11.1081388888889
2026-04-15,3,11.8724236111111
2026-04-15,4,12.4650277777778
2026-04-15,5,12.718125
2026-04-15,6,13.104875
2026-04-15,7,13.6598333333333
2026-04-15,8,15.0494444444444
2026-04-15,9,14.7396875
2026-04-15,10,14.9080833333333
2026-04-15,11,14.7119652777778
2026-04-15,12,16.3303611111111
2026-04-16,1,11.7372291666667
2026-04-16,2,11.8007986111111
2026-04-16,3,12.5883541666667
2026-04-16,4,13.1138819444444
2026-04-16,5,13.4146597222222
2026-04-16,6,13.7586875
2026-04-16,7,14.3280416666667
2026-04-16,8,15.8109027777778
2026-04-16,9,15.564
2026-04-16,10,15.5948611111111
2026-04-16,11,15.4888958333333
2026-04-16,12,16.8953541666667
2026-04-17,1,12.3214375
2026-04-17,2,12.4350902777778
2026-04-17,3,13.2312708333333
2026-04-17,4,13.68175
2026-04-17,5,14.0305
2026-04-17,6,14.4166805555556
2026-04-17,7,14.9355347222222
2026-04-17,8,16.5674652777778
2026-04-17,9,16.2679861111111
2026-04-17,10,16.2084722222222
2026-04-17,11,16.2191458333333
2026-04-17,12,17.4413125
2026-04-18,1,12.9063541666667
2026-04-18,2,12.9759722222222
2026-04-18,3,13.7284791666667
2026-04-18,4,14.1743055555556
2026-04-18,5,14.6062152777778
2026-04-18,6,15.0068333333333
2026-04-18,7,15.6089583333333
2026-04-18,8,17.1600208333333
2026-04-18,9,16.8659791666667
2026-04-18,10,16.7421041666667
2026-04-18,11,16.8272847222222
2026-04-18,12,17.9827152777778
2026-04-19,1,13.1705416666667
2026-04-19,2,13.1816805555556
2026-04-19,3,13.8673333333333
2026-04-19,4,14.5262569444444
2026-04-19,5,14.8588333333333
2026-04-19,6,15.3517847222222
2026-04-19,7,16.0418958333333
2026-04-19,8,17.3997291666667
2026-04-19,9,17.0279583333333
2026-04-19,10,16.9885138888889
2026-04-19,11,17.0649305555556
2026-04-19,12,18.3996527777778
2026-04-20,1,12.9440763888889
2026-04-20,2,12.8461875
2026-04-20,3,13.3854652777778
2026-04-20,4,14.2839861111111
2026-04-20,5,14.6302708333333
2026-04-20,6,14.8980138888889
2026-04-20,7,15.9833472222222
2026-04-20,8,16.9448333333333
2026-04-20,9,16.3096666666667
2026-04-20,10,16.6644305555556
2026-04-20,11,16.5783541666667
2026-04-20,12,18.1304513888889
2026-04-21,1,11.90925
2026-04-21,2,11.6696111111111
2026-04-21,3,12.3063958333333
2026-04-21,4,13.3000833333333
2026-04-21,5,13.5336041666667
2026-04-21,6,13.7045416666667
2026-04-21,7,15.1396180555556
2026-04-21,8,15.8143263888889
2026-04-21,9,14.5850972222222
2026-04-21,10,15.5167222222222
2026-04-21,11,15.2063125
2026-04-21,12,17.1866180555556
2026-04-22,1,11.1793263888889
2026-04-22,2,10.9760208333333
2026-04-22,3,11.7153125
2026-04-22,4,12.7513472222222
2026-04-22,5,12.8575
2026-04-22,6,12.9949375
2026-04-22,7,14.4489930555556
2026-04-22,8,14.9402152777778
2026-04-22,9,13.7251944444444
2026-04-22,10,14.8400555555556
2026-04-22,11,14.4534583333333
2026-04-22,12,16.6229027777778
2026-04-23,1,11.3154722222222
2026-04-23,2,11.25025
2026-04-23,3,11.9235694444444
2026-04-23,4,12.8866111111111
2026-04-23,5,13.0414166666667
2026-04-23,6,13.2692638888889
2026-04-23,7,14.4873958333333
2026-04-23,8,15.0057083333333
2026-04-23,9,14.1457083333333
2026-04-23,10,15.039
2026-04-23,11,14.7295694444444
2026-04-23,12,16.7392013888889
2026-04-24,1,11.7960763888889
2026-04-24,2,11.7139583333333
2026-04-24,3,12.4356597222222
2026-04-24,4,13.2639583333333
2026-04-24,5,13.4599444444444
2026-04-24,6,13.9507986111111
2026-04-24,7,14.7621666666667
2026-04-24,8,15.6959583333333
2026-04-24,9,14.9256111111111
2026-04-24,10,15.5444027777778
2026-04-24,11,15.3768472222222
2026-04-24,12,17.2667291666667
2026-04-25,1,12.2526111111111
2026-04-25,2,12.2217361111111
2026-04-25,3,12.9089583333333
2026-04-25,4,13.718875
2026-04-25,5,13.9463055555556
2026-04-25,6,14.4015972222222
2026-04-25,7,15.1992152777778
2026-04-25,8,16.2854652777778
2026-04-25,9,15.6192083333333
2026-04-25,10,16.0396805555556
2026-04-25,11,15.9537083333333
2026-04-25,12,17.8097986111111
2026-04-26,1,12.4685902777778
2026-04-26,2,12.4298402777778
2026-04-26,3,13.0234236111111
2026-04-26,4,13.9634375
2026-04-26,5,14.1877708333333
2026-04-26,6,14.6460416666667
2026-04-26,7,15.6263611111111
2026-04-26,8,16.4553194444444
2026-04-26,9,15.8030416666667
2026-04-26,10,16.2282916666667
2026-04-26,11,16.1205138888889
2026-04-26,12,17.9597986111111
2026-04-27,1,12.2119791666667
2026-04-27,2,12.0716041666667
2026-04-27,3,12.6965347222222
2026-04-27,4,13.7270694444444
2026-04-27,5,13.9213125
2026-04-27,6,14.3566041666667
2026-04-27,7,15.5153888888889
2026-04-27,8,16.1094513888889
2026-04-27,9,15.0897986111111
2026-04-27,10,15.8898194444444
2026-04-27,11,15.7334722222222
2026-04-27,12,17.6097916666667
2026-04-28,1,12.1693888888889
2026-04-28,2,12.0517638888889
2026-04-28,3,12.7441597222222
2026-04-28,4,13.6956041666667
2026-04-28,5,13.8810625
2026-04-28,6,14.3988680555556
2026-04-28,7,15.3804097222222
2026-04-28,8,16.0913194444444
2026-04-28,9,15.0633888888889
2026-04-28,10,15.8715416666667
2026-04-28,11,15.6818194444444
2026-04-28,12,17.5242708333333
2026-04-29,1,12.2253333333333
2026-04-29,2,12.1070486111111
2026-04-29,3,12.7560277777778
2026-04-29,4,13.7362083333333
2026-04-29,5,13.9733125
2026-04-29,6,14.5878611111111
2026-04-29,7,15.4919583333333
2026-04-29,8,16.2013888888889
2026-04-29,9,15.2394791666667
2026-04-29,10,15.9393611111111
2026-04-29,11,15.8234375
2026-04-29,12,17.5928888888889
2026-04-30,1,12.4064166666667
2026-04-30,2,12.3807430555556
2026-04-30,3,13.0080902777778
2026-04-30,4,14.0334930555556
2026-04-30,5,14.2379027777778
2026-04-30,6,14.9307777777778
2026-04-30,7,15.6970486111111
2026-04-30,8,16.4423402777778
2026-04-30,9,15.5855138888889
2026-04-30,10,16.149
2026-04-30,11,16.0703958333333
2026-04-30,12,17.77775
2026-05-01,1,12.5471041666667
2026-05-01,2,12.4785902777778
2026-05-01,3,13.0638958333333
2026-05-01,4,14.0893541666667
2026-05-01,5,14.318
2026-05-01,6,15.0148055555556
2026-05-01,7,15.7920902777778
2026-05-01,8,16.5035555555556
2026-05-01,9,15.6698125
2026-05-01,10,16.2340416666667
2026-05-01,11,16.1377291666667
2026-05-01,12,17.8363680555556
2026-05-02,1,12.3698541666667
2026-05-02,2,12.2270694444444
2026-05-02,3,12.9515555555556
2026-05-02,4,13.8707638888889
2026-05-02,5,14.0716805555556
2026-05-02,6,14.7127569444444
2026-05-02,7,15.6909375
2026-05-02,8,16.3769166666667
2026-05-02,9,15.2393333333333
2026-05-02,10,16.0622708333333
2026-05-02,11,15.9090069444444
2026-05-02,12,17.7501944444444
2026-05-03,1,12.2783125
2026-05-03,2,12.1112291666667
2026-05-03,3,12.76675
2026-05-03,4,13.8348055555556
2026-05-03,5,13.9600625
2026-05-03,6,14.4300486111111
2026-05-03,7,15.6115138888889
2026-05-03,8,16.2746111111111
2026-05-03,9,15.08175
2026-05-03,10,15.9600555555556
2026-05-03,11,15.7223541666667
2026-05-03,12,17.6514722222222
2026-05-04,1,11.8644444444444
2026-05-04,2,11.6428333333333
2026-05-04,3,12.400875
2026-05-04,4,13.4000416666667
2026-05-04,5,13.5277986111111
2026-05-04,6,14.0320555555556
2026-05-04,7,15.1792152777778
2026-05-04,8,15.8996458333333
2026-05-04,9,14.469375
2026-05-04,10,15.5180694444444
2026-05-04,11,15.2012222222222
2026-05-04,12,17.3471875
2026-05-05,1,11.8721527777778
2026-05-05,2,11.7039444444444
2026-05-05,3,12.4920486111111
2026-05-05,4,13.5079513888889
2026-05-05,5,13.5672986111111
2026-05-05,6,14.0635277777778
2026-05-05,7,15.0207847222222
2026-05-05,8,16.0248541666667
2026-05-05,9,14.6388472222222
2026-05-05,10,15.5779652777778
2026-05-05,11,15.3000833333333
2026-05-05,12,17.4594444444444
2026-05-06,1,12.3670694444444
2026-05-06,2,12.2443263888889
2026-05-06,3,13.0818819444444
2026-05-06,4,13.9029791666667
2026-05-06,5,14.0739375
2026-05-06,6,14.5240833333333
2026-05-06,7,15.3624027777778
2026-05-06,8,16.6525347222222
2026-05-06,9,15.47475
2026-05-06,10,16.1508958333333
2026-05-06,11,15.9452013888889
2026-05-06,12,17.9878333333333
2026-05-07,1,12.7737013888889
2026-05-07,2,12.6891180555556
2026-05-07,3,13.4740972222222
2026-05-07,4,14.2588819444444
2026-05-07,5,14.5451180555556
2026-05-07,6,14.9034583333333
2026-05-07,7,15.7435763888889
2026-05-07,8,17.2059930555556
2026-05-07,9,16.1894861111111
2026-05-07,10,16.6270694444444
2026-05-07,11,16.4880347222222
2026-05-07,12,18.4081805555556
2026-05-08,1,12.6638819444444
2026-05-08,2,12.5100277777778
2026-05-08,3,13.1880555555556
2026-05-08,4,14.1025347222222
2026-05-08,5,14.4176319444444
2026-05-08,6,14.6970277777778
2026-05-08,7,15.7573958333333
2026-05-08,8,17.0813472222222
2026-05-08,9,15.7752777777778
2026-05-08,10,16.4960277777778
2026-05-08,11,16.2524930555556
2026-05-08,12,18.3852430555556
2026-05-09,1,12.4790972222222
2026-05-09,2,12.3399930555556
2026-05-09,3,13.0316944444444
2026-05-09,4,14.0678472222222
2026-05-09,5,14.1852847222222
2026-05-09,6,14.4808402777778
2026-05-09,7,15.5732083333333
2026-05-09,8,16.6488194444444
2026-05-09,9,15.4243402777778
2026-05-09,10,16.3336388888889
2026-05-09,11,15.9994652777778
2026-05-09,12,18.3459375
2026-05-10,1,12.6771597222222
2026-05-10,2,12.6431805555556
2026-05-10,3,13.2690555555556
2026-05-10,4,14.2304652777778
2026-05-10,5,14.4025833333333
2026-05-10,6,14.7518541666667
2026-05-10,7,15.7811111111111
2026-05-10,8,16.6094305555556
2026-05-10,9,15.8586805555556
2026-05-10,10,16.5414722222222
2026-05-10,11,16.2793819444444
2026-05-10,12,18.4932916666667
2026-05-11,1,13.0577361111111
2026-05-11,2,12.9694652777778
2026-05-11,3,13.6309097222222
2026-05-11,4,14.5292986111111
2026-05-11,5,14.7287152777778
2026-05-11,6,15.2557986111111
2026-05-11,7,16.0844166666667
2026-05-11,8,17.0755902777778
2026-05-11,9,16.4255972222222
2026-05-11,10,16.8939583333333
2026-05-11,11,16.7487569444444
2026-05-11,12,18.8077222222222
2026-05-12,1,12.8615208333333
2026-05-12,2,12.6840277777778
2026-05-12,3,13.3025555555556
2026-05-12,4,14.2960902777778
2026-05-12,5,14.5607986111111
2026-05-12,6,14.9921319444444
2026-05-12,7,15.9394791666667
2026-05-12,8,16.9859375
2026-05-12,9,15.9367708333333
2026-05-12,10,16.6622152777778
2026-05-12,11,16.4248680555556
2026-05-12,12,18.6685972222222
2026-05-13,1,12.6378125
2026-05-13,2,12.4699444444444
2026-05-13,3,13.2133958333333
2026-05-13,4,14.1104791666667
2026-05-13,5,14.3316111111111
2026-05-13,6,14.6723819444444
2026-05-13,7,15.7759652777778
2026-05-13,8,16.6964513888889
2026-05-13,9,15.4888472222222
2026-05-13,10,16.4537916666667
2026-05-13,11,16.1082638888889
2026-05-13,12,18.5225694444444
2026-05-14,1,12.753875
2026-05-14,2,12.6727638888889
2026-05-14,3,13.3709722222222
2026-05-14,4,14.3164166666667
2026-05-14,5,14.5017847222222
2026-05-14,6,14.8030138888889
2026-05-14,7,15.8594097222222
2026-05-14,8,16.7464097222222
2026-05-14,9,15.8166041666667
2026-05-14,10,16.6306666666667
2026-05-14,11,16.3258125
2026-05-14,12,18.6993819444444
2026-05-15,1,12.8871875
2026-05-15,2,12.7785347222222
2026-05-15,3,13.4260555555556
2026-05-15,4,14.3595694444444
2026-05-15,5,14.7156944444444
2026-05-15,6,14.9671597222222
2026-05-15,7,16.0745138888889
2026-05-15,8,16.8566041666667
2026-05-15,9,16.0235277777778
2026-05-15,10,16.7071736111111
2026-05-15,11,16.4175
2026-05-15,12,18.7507986111111
2026-05-16,1,12.8761944444444
2026-05-16,2,12.7264652777778
2026-05-16,3,13.4547222222222
2026-05-16,4,14.5600902777778
2026-05-16,5,14.6720347222222
2026-05-16,6,15.1775277777778
2026-05-16,7,16.1303333333333
2026-05-16,8,16.9350972222222
2026-05-16,9,15.9360694444444
2026-05-16,10,16.6902361111111
2026-05-16,11,16.3788402777778
2026-05-16,12,18.7870972222222
2026-05-17,1,13.1511597222222
2026-05-17,2,13.0451805555556
2026-05-17,3,13.8297708333333
2026-05-17,4,14.8361111111111
2026-05-17,5,14.9215972222222
2026-05-17,6,15.5571666666667
2026-05-17,7,16.3885069444444
2026-05-17,8,17.3722222222222
2026-05-17,9,16.3831527777778
2026-05-17,10,17.044625
2026-05-17,11,16.8090972222222
2026-05-17,12,19.0312847222222
2026-05-18,1,13.7880625
2026-05-18,2,13.7530347222222
2026-05-18,3,14.5672708333333
2026-05-18,4,15.3698194444444
2026-05-18,5,15.5911597222222
2026-05-18,6,16.2718055555556
2026-05-18,7,17.6297569444444
2026-05-18,8,18.1495555555556
2026-05-18,9,17.4509375
2026-05-18,10,17.7248541666667
2026-05-18,11,17.6227777777778
2026-05-18,12,19.5231458333333
2026-05-19,1,14.5463055555556
2026-05-19,2,14.5070694444444
2026-05-19,3,15.3412361111111
2026-05-19,4,16.1125555555556
2026-05-19,5,16.3156041666667
2026-05-19,6,17.0939791666667
2026-05-19,7,18.9654861111111
2026-05-19,8,18.9461805555556
2026-05-19,9,18.5401041666667
2026-05-19,10,18.4914305555556
2026-05-19,11,18.4839027777778
2026-05-19,12,20.0829722222222
2026-05-20,1,15.2573402777778
2026-05-20,2,15.2090486111111
2026-05-20,3,16.0614236111111
2026-05-20,4,16.7563055555556
2026-05-20,5,17.0150347222222
2026-05-20,6,17.7714375
2026-05-20,7,19.8560763888889
2026-05-20,8,19.7095486111111
2026-05-20,9,19.4261875
2026-05-20,10,19.2284583333333
2026-05-20,11,19.2605277777778
2026-05-20,12,20.5355833333333
2026-05-21,1,15.8105694444444
2026-05-21,2,15.7505069444444
2026-05-21,3,16.5856805555556
2026-05-21,4,17.3174305555556
2026-05-21,5,17.5948541666667
2026-05-21,6,18.2547222222222
2026-05-21,7,20.13075
2026-05-21,8,20.3332638888889
2026-05-21,9,20.0577777777778
2026-05-21,10,19.8091805555556
2026-05-21,11,19.85475
2026-05-21,12,20.9936875
2026-05-22,1,15.6535069444444
2026-05-22,2,15.5606180555556
2026-05-22,3,16.2296180555556
2026-05-22,4,17.1675277777778
2026-05-22,5,17.4829791666667
2026-05-22,6,17.9500069444444
2026-05-22,7,20.3472708333333
2026-05-22,8,20.1915208333333
2026-05-22,9,19.4344513888889
2026-05-22,10,19.6286180555556
2026-05-22,11,19.5701805555556
2026-05-22,12,20.9964236111111
2026-05-23,1,15.0762638888889
2026-05-23,2,14.9790069444444
2026-05-23,3,15.6113611111111
2026-05-23,4,16.6902222222222
2026-05-23,5,16.9310069444444
2026-05-23,6,17.2001875
2026-05-23,7,19.9793888888889
2026-05-23,8,19.5619166666667
2026-05-23,9,18.2603194444444
2026-05-23,10,19.0315416666667
2026-05-23,11,18.8711319444444
2026-05-23,12,20.6489513888889
2026-05-24,1,14.6195416666667
2026-05-24,2,14.5773472222222
2026-05-24,3,15.1948611111111
2026-05-24,4,16.1446111111111
2026-05-24,5,16.4843402777778
2026-05-24,6,16.7221944444444
2026-05-24,7,19.5948611111111
2026-05-24,8,18.8597152777778
2026-05-24,9,17.5773472222222
2026-05-24,10,18.5181805555556
2026-05-24,11,18.2588263888889
2026-05-24,12,20.1741736111111
2026-05-25,1,14.5325347222222
2026-05-25,2,14.5649791666667
2026-05-25,3,15.152625
2026-05-25,4,16.1538333333333
2026-05-25,5,16.4387777777778
2026-05-25,6,16.8872569444444
2026-05-25,7,19.6272222222222
2026-05-25,8,18.7217986111111
2026-05-25,9,17.6877083333333
2026-05-25,10,18.4769930555556
2026-05-25,11,18.3461666666667
2026-05-25,12,20.1746875
2026-05-26,1,14.7779652777778
2026-05-26,2,14.9029652777778
2026-05-26,3,15.4827569444444
2026-05-26,4,16.4032222222222
2026-05-26,5,16.7553333333333
2026-05-26,6,17.370875
2026-05-26,7,20.0451736111111
2026-05-26,8,19.0940833333333
2026-05-26,9,18.3163958333333
2026-05-26,10,18.7846180555556
2026-05-26,11,18.8208819444444
2026-05-26,12,20.6045208333333
2026-05-27,1,15.1871388888889
2026-05-27,2,15.3460138888889
2026-05-27,3,15.9351041666667
2026-05-27,4,16.7280138888889
2026-05-27,5,17.1801736111111
2026-05-27,6,17.8476319444444
2026-05-27,7,20.5312916666667
2026-05-27,8,19.6939930555556
2026-05-27,9,18.9775069444444
2026-05-27,10,19.2043402777778
2026-05-27,11,19.3045555555556
2026-05-27,12,21.0750902777778
2026-05-28,1,15.6547361111111
2026-05-28,2,15.819125
2026-05-28,3,16.4288402777778
2026-05-28,4,17.1892361111111
2026-05-28,5,17.6347013888889
2026-05-28,6,18.3729236111111
2026-05-28,7,20.7302777777778
2026-05-28,8,20.3517916666667
2026-05-28,9,19.6781736111111
2026-05-28,10,19.7122777777778
2026-05-28,11,19.8725277777778
2026-05-28,12,21.4915555555556
2026-05-29,1,15.8892291666667
2026-05-29,2,15.9289166666667
2026-05-29,3,16.5202847222222
2026-05-29,4,17.3394652777778
2026-05-29,5,17.7777083333333
2026-05-29,6,18.3861388888889
2026-05-29,7,20.8750625
2026-05-29,8,20.4872916666667
2026-05-29,9,19.7000555555556
2026-05-29,10,19.8778819444444
2026-05-29,11,19.9259861111111
2026-05-29,12,21.5517013888889
2026-05-30,1,15.7762986111111
2026-05-30,2,15.8029027777778
2026-05-30,3,16.4387222222222
2026-05-30,4,17.4844930555556
2026-05-30,5,17.6267361111111
2026-05-30,6,18.2024236111111
2026-05-30,7,21.077125
2026-05-30,8,20.3279652777778
2026-05-30,9,19.2803263888889
2026-05-30,10,19.7935277777778
2026-05-30,11,19.7042638888889
2026-05-30,12,21.5891736111111
2026-05-31,1,15.8295416666667
2026-05-31,2,15.8190208333333
2026-05-31,3,16.4275902777778
2026-05-31,4,17.4754027777778
2026-05-31,5,17.6371527777778
2026-05-31,6,18.1843194444444
2026-05-31,7,21.1052361111111
2026-05-31,8,20.2077430555556
2026-05-31,9,19.2353958333333
2026-05-31,10,19.7683819444444
2026-05-31,11,19.6510972222222
2026-05-31,12,21.5739513888889
2026-06-01,1,15.9076273551989
2026-06-01,2,15.9672291666667
2026-06-01,3,16.6178819444444
2026-06-01,4,17.6365347222222
2026-06-01,5,17.7336180555556
2026-06-01,6,18.5592708333333
2026-06-01,7,21.2074236111111
2026-06-01,8,20.2707777777778
2026-06-01,9,19.4283055555556
2026-06-01,10,19.8800902777778
2026-06-01,11,19.7587847222222
2026-06-01,12,21.5807430555556
2026-06-02,1,16.3021041666667
2026-06-02,2,16.3457847222222
2026-06-02,3,16.9557569444444
2026-06-02,4,17.9537708333333
2026-06-02,5,18.1272013888889
2026-06-02,6,18.9085972222222
2026-06-02,7,21.5527013888889
2026-06-02,8,20.4906666666667
2026-06-02,9,19.7919375
2026-06-02,10,20.1770902777778
2026-06-02,11,20.1473541666667
2026-06-02,12,21.7942569444444
2026-06-03,1,16.2304583333333
2026-06-03,2,16.1650625
2026-06-03,3,16.8275972222222
2026-06-03,4,17.8779027777778
2026-06-03,5,18.0105
2026-06-03,6,18.7334375
2026-06-03,7,21.4310486111111
2026-06-03,8,20.2852291666667
2026-06-03,9,19.4920416666667
2026-06-03,10,20.0404722222222
2026-06-03,11,19.9817430555556
2026-06-03,12,21.6883819444444
2026-06-04,1,16.2118693537179
2026-06-04,2,16.1022029186935
2026-06-04,3,16.8271785962474
2026-06-04,4,17.7522932592078
2026-06-04,5,17.9652397498263
2026-06-04,6,18.682744961779
2026-06-04,7,20.9674079221682
2026-06-04,8,20.2820152883947
2026-06-04,9,19.3038359972203
2026-06-04,10,19.9698401667825
2026-06-04,11,19.9239819318971
2026-06-04,12,21.6649756775539
2026-06-05,1,16.2470208333333
2026-06-05,2,16.0745347222222
2026-06-05,3,16.842875
2026-06-05,4,17.7317986111111
2026-06-05,5,18.0145902777778
2026-06-05,6,18.6946041666667
2026-06-05,7,20.1676597222222
2026-06-05,8,20.4707222222222
2026-06-05,9,19.3964444444444
2026-06-05,10,20.0352847222222
2026-06-05,11,20.0096527777778
2026-06-05,12,21.8263819444444
2026-06-06,1,16.4515763888889
2026-06-06,2,16.3030138888889
2026-06-06,3,17.0971597222222
2026-06-06,4,17.9362986111111
2026-06-06,5,18.2679930555556
2026-06-06,6,18.8330208333333
2026-06-06,7,20.0730694444444
2026-06-06,8,20.8493611111111
2026-06-06,9,19.7826875
2026-06-06,10,20.3012222222222
2026-06-06,11,20.28225
2026-06-06,12,22.1319027777778
2026-06-07,1,16.7770972222222
2026-06-07,2,16.6562152777778
2026-06-07,3,17.4594722222222
2026-06-07,4,18.2012013888889
2026-06-07,5,18.6293472222222
2026-06-07,6,19.1439166666667
2026-06-07,7,20.2275833333333
2026-06-07,8,21.3191527777778
2026-06-07,9,20.367125
2026-06-07,10,20.7128472222222
2026-06-07,11,20.7131944444444
2026-06-07,12,22.4309236111111
2026-06-08,1,17.1360972222222
2026-06-08,2,17.0074027777778
2026-06-08,3,17.7981319444444
2026-06-08,4,18.6550625
2026-06-08,5,19.0209652777778
2026-06-08,6,19.480875
2026-06-08,7,20.5235277777778
2026-06-08,8,21.7392986111111
2026-06-08,9,20.9046458333333
2026-06-08,10,21.1546805555556
2026-06-08,11,21.1487569444444
2026-06-08,12,22.6583541666667
2026-06-09,1,17.2368083623693
2026-06-09,2,17.1570138888889
2026-06-09,3,17.8618125
2026-06-09,4,18.9234236111111
2026-06-09,5,19.1803194444444
2026-06-09,6,19.6437986111111
2026-06-09,7,21.0471180555556
2026-06-09,8,21.8733958333333
2026-06-09,9,20.9590763888889
2026-06-09,10,21.3218472222222
2026-06-09,11,21.3260833333333
2026-06-09,12,22.8212152777778
2026-06-10,1,17.5362013888889
2026-06-10,2,17.5663541666667
2026-06-10,3,18.2057847222222
2026-06-10,4,19.2606736111111
2026-06-10,5,19.4914375
2026-06-10,6,20.0971666666667
2026-06-10,7,21.4192569444444
2026-06-10,8,22.1136111111111
2026-06-10,9,21.3876319444444
2026-06-10,10,21.6158888888889
2026-06-10,11,21.6095138888889
2026-06-10,12,23.0883888888889
2026-06-11,1,18.058125
2026-06-11,2,18.1187638888889
2026-06-11,3,18.7955138888889
2026-06-11,4,19.6846666666667
2026-06-11,5,20.0177222222222
2026-06-11,6,20.8062083333333
2026-06-11,7,22.5531875
2026-06-11,8,22.7394930555556
2026-06-11,9,22.1767638888889
2026-06-11,10,22.1107152777778
2026-06-11,11,22.3160138888889
2026-06-11,12,23.606625
2026-06-12,1,18.5867847222222
2026-06-12,2,18.6252013888889
2026-06-12,3,19.3211944444444
2026-06-12,4,20.2274097222222
2026-06-12,5,20.5637083333333
2026-06-12,6,21.3788194444444
2026-06-12,7,23.4207291666667
2026-06-12,8,23.3940277777778
2026-06-12,9,22.9297222222222
2026-06-12,10,22.6702222222222
2026-06-12,11,22.9481319444444
2026-06-12,12,24.1397916666667
2026-06-13,1,19.0865555555556
2026-06-13,2,19.1626666666667
2026-06-13,3,19.8434236111111
2026-06-13,4,20.7088888888889
2026-06-13,5,21.1010972222222
2026-06-13,6,21.8483472222222
2026-06-13,7,24.0613125
2026-06-13,8,23.9263541666667
2026-06-13,9,23.5242152777778
2026-06-13,10,23.1988333333333
2026-06-13,11,23.4846111111111
2026-06-13,12,24.5779652777778
2026-06-14,1,19.3663472222222
2026-06-14,2,19.4188958333333
2026-06-14,3,20.05075
2026-06-14,4,21.0442986111111
2026-06-14,5,21.385
2026-06-14,6,22.1012361111111
2026-06-14,7,24.3983819444444
2026-06-14,8,24.1053611111111
2026-06-14,9,23.7063333333333
2026-06-14,10,23.4752152777778
2026-06-14,11,23.7294097222222
2026-06-14,12,24.9101597222222
2026-06-15,1,19.6696513249651
2026-06-15,2,19.7813333333333
2026-06-15,3,20.4334861111111
2026-06-15,4,21.4300972222222
2026-06-15,5,21.6905
2026-06-15,6,22.4989861111111
2026-06-15,7,24.8043402777778
2026-06-15,8,24.3974722222222
2026-06-15,9,24.0430625
2026-06-15,10,23.8072916666667
2026-06-15,11,24.0481388888889
2026-06-15,12,25.2473125
2026-06-16,1,19.7784236111111
2026-06-16,2,19.7980138888889
2026-06-16,3,20.3870277777778
2026-06-16,4,21.3312569444444
2026-06-16,5,21.7280763888889
2026-06-16,6,22.4330277777778
2026-06-16,7,24.8824513888889
2026-06-16,8,24.2946666666667
2026-06-16,9,23.79025
2026-06-16,10,23.7661805555556
2026-06-16,11,23.9494166666667
2026-06-16,12,25.2693263888889
2026-06-17,1,19.2968380820014
2026-06-17,2,19.2149409312022
2026-06-17,3,19.9265045170257
2026-06-17,4,20.8677692842252
2026-06-17,5,21.1987699791522
2026-06-17,6,21.7970535093815
2026-06-17,7,24.3964419735928
2026-06-17,8,23.7904517025712
2026-06-17,9,22.8039263377345
2026-06-17,10,23.2152605976372
2026-06-17,11,23.2886309937457
2026-06-17,12,24.8766574009729
2026-06-18,1,19.3696875
2026-06-18,2,19.4097708333333
2026-06-18,3,20.0792708333333
2026-06-18,4,21.0843819444444
2026-06-18,5,21.3371388888889
2026-06-18,6,22.0226944444444
2026-06-18,7,24.6057777777778
2026-06-18,8,23.9620902777778
2026-06-18,9,23.1539722222222
2026-06-18,10,23.4037847222222
2026-06-18,11,23.4838680555556
2026-06-18,12,24.9774583333333
2026-06-19,1,19.8272222222222
2026-06-19,2,19.9350208333333
2026-06-19,3,20.5546875
2026-06-19,4,21.4600763888889
2026-06-19,5,21.8303819444444
2026-06-19,6,22.6490694444444
2026-06-19,7,25.1349930555556
2026-06-19,8,24.4144652777778
2026-06-19,9,23.8975902777778
2026-06-19,10,23.8770833333333
2026-06-19,11,24.0235902777778
2026-06-19,12,25.3491875
2026-06-20,1,19.7770763888889
2026-06-20,2,19.7434027777778
2026-06-20,3,20.3853472222222
2026-06-20,4,21.3740208333333
2026-06-20,5,21.7317152777778
2026-06-20,6,22.4201041666667
2026-06-20,7,25.0695
2026-06-20,8,24.2760138888889
2026-06-20,9,23.5645486111111
2026-06-20,10,23.744875
2026-06-20,11,23.8593611111111
2026-06-20,12,25.3171805555556
2026-06-21,1,19.3769166666667
2026-06-21,2,19.2879027777778
2026-06-21,3,20.0636527777778
2026-06-21,4,21.0809027777778
2026-06-21,5,21.3432361111111
2026-06-21,6,21.8675347222222
2026-06-21,7,24.7298333333333
2026-06-21,8,23.9290555555556
2026-06-21,9,22.7861041666667
2026-06-21,10,23.3422708333333
2026-06-21,11,23.3324513888889
2026-06-21,12,25.0902569444444
2026-06-22,1,19.168658790827
2026-06-22,2,19.1093194444444
2026-06-22,3,19.8757222222222
2026-06-22,4,20.9979305555556
2026-06-22,5,21.1963055555556
2026-06-22,6,21.6669583333333
2026-06-22,7,24.6811666666667
2026-06-22,8,23.8712361111111
2026-06-22,9,22.6432708333333
2026-06-22,10,23.252
2026-06-22,11,23.2174236111111
2026-06-22,12,25.0931527777778
2026-06-23,1,19.3997280334728
2026-06-23,2,19.4986597222222
2026-06-23,3,20.2308263888889
2026-06-23,4,21.2341319444444
2026-06-23,5,21.4729583333333
2026-06-23,6,22.0654583333333
2026-06-23,7,25.038125
2026-06-23,8,24.2036388888889
2026-06-23,9,23.2187083333333
2026-06-23,10,23.5478472222222
2026-06-23,11,23.5559722222222
2026-06-23,12,25.3798680555556
2026-06-24,1,19.5732885154062
2026-06-24,2,19.634625
2026-06-24,3,20.2832291666667
2026-06-24,4,21.2546388888889
2026-06-24,5,21.6387152777778
2026-06-24,6,22.1820555555556
2026-06-24,7,25.2170763888889
2026-06-24,8,24.2747083333333
2026-06-24,9,23.3879097222222
2026-06-24,10,23.6417708333333
2026-06-24,11,23.6961805555556
2026-06-24,12,25.4798611111111
2026-06-25,1,19.4002638888889
2026-06-25,2,19.3485902777778
2026-06-25,3,20.0841319444444
2026-06-25,4,21.1054166666667
2026-06-25,5,21.4162569444444
2026-06-25,6,21.8434444444444
2026-06-25,7,25.0114722222222
2026-06-25,8,24.0275972222222
2026-06-25,9,22.8131597222222
2026-06-25,10,23.40225
2026-06-25,11,23.3611597222222
2026-06-25,12,25.3123263888889
2026-06-26,1,19.4183472222222
2026-06-26,2,19.4267013888889
2026-06-26,3,20.1757291666667
2026-06-26,4,21.2043958333333
2026-06-26,5,21.4568888888889
2026-06-26,6,21.8940416666667
2026-06-26,7,25.0850486111111
2026-06-26,8,24.1466944444444
2026-06-26,9,22.9490625
2026-06-26,10,23.5046527777778
2026-06-26,11,23.4964791666667
2026-06-26,12,25.3531458333333
2026-06-27,1,19.7893467685893
2026-06-27,2,19.8866319444444
2026-06-27,3,20.5915208333333
2026-06-27,4,21.5108263888889
2026-06-27,5,21.8659583333333
2026-06-27,6,22.4030069444444
2026-06-27,7,25.4775
2026-06-27,8,24.6118888888889
2026-06-27,9,23.6691597222222
2026-06-27,10,23.9057013888889
2026-06-27,11,24.0279375
2026-06-27,12,25.7197916666667
2026-06-28,1,19.9694936708861
2026-06-28,2,20.0659027777778
2026-06-28,3,20.734375
2026-06-28,4,21.6407569444444
2026-06-28,5,22.0893194444444
2026-06-28,6,22.6693958333333
2026-06-28,7,24.8982638888889
2026-06-28,8,24.899
2026-06-28,9,23.9815555555556
2026-06-28,10,24.1135763888889
2026-06-28,11,24.3120486111111
2026-06-28,12,25.9879166666667
2026-06-29,1,19.9939580668088
2026-06-29,2,20.1160347222222
2026-06-29,3,20.7190763888889
2026-06-29,4,21.6402013888889
2026-06-29,5,22.1415138888889
2026-06-29,6,22.6558263888889
2026-06-29,7,24.1732569444444
2026-06-29,8,24.9732430555556
2026-06-29,9,23.9089097222222
2026-06-29,10,24.12375
2026-06-29,11,24.3093263888889
2026-06-29,12,26.0658611111111
2026-06-30,1,20.1709791666667
2026-06-30,2,20.3153472222222
2026-06-30,3,20.8572222222222
2026-06-30,4,21.7874652777778
2026-06-30,5,22.2749652777778
2026-06-30,6,22.828125
2026-06-30,7,24.1286666666667
2026-06-30,8,25.0786944444444
2026-06-30,9,24.0383055555556
2026-06-30,10,24.2955347222222
2026-06-30,11,24.4393194444444
2026-06-30,12,26.1992638888889
2026-07-01,1,20.4405277777778
2026-07-01,2,20.6025694444444
2026-07-01,3,21.1253958333333
2026-07-01,4,22.1533680555556
2026-07-01,5,22.5220625
2026-07-01,6,23.1878263888889
2026-07-01,7,24.4944097222222
2026-07-01,8,25.2658125
2026-07-01,9,24.4422777777778
2026-07-01,10,24.5830486111111
2026-07-01,11,24.7314791666667
2026-07-01,12,26.4083888888889
2026-07-02,1,20.9187361111111
2026-07-02,2,21.1163125
2026-07-02,3,21.6725416666667
2026-07-02,4,22.6229097222222
2026-07-02,5,23.0125763888889
2026-07-02,6,23.7982291666667
2026-07-02,7,25.0260972222222
2026-07-02,8,25.7871319444444
2026-07-02,9,25.1859722222222
2026-07-02,10,25.0717291666667
2026-07-02,11,25.3417569444444
2026-07-02,12,26.8239722222222
2026-07-03,1,21.4499930555556
2026-07-03,2,21.5905625
2026-07-03,3,22.2414166666667
2026-07-03,4,23.099625
2026-07-03,5,23.540125
2026-07-03,6,24.3351875
2026-07-03,7,25.3311458333333
2026-07-03,8,26.3517986111111
2026-07-03,9,25.8936041666667
2026-07-03,10,25.6167083333333
2026-07-03,11,25.9392916666667
2026-07-03,12,27.2793611111111
2026-07-04,1,21.8814861111111
2026-07-04,2,21.9426805555556
2026-07-04,3,22.6405555555556
2026-07-04,4,23.511625
2026-07-04,5,23.9712777777778
2026-07-04,6,24.6575347222222
2026-07-04,7,25.5407013888889
2026-07-04,8,26.8056875
2026-07-04,9,26.3770138888889
2026-07-04,10,26.0918541666667
2026-07-04,11,26.3502638888889
2026-07-04,12,27.5520347222222
2026-07-05,1,22.0376805555556
2026-07-05,2,22.0851458333333
2026-07-05,3,22.7449513888889
2026-07-05,4,23.7347430555556
2026-07-05,5,24.1721319444444
2026-07-05,6,24.7231041666667
2026-07-05,7,25.8503125
2026-07-05,8,27.0052569444444
2026-07-05,9,26.443375
2026-07-05,10,26.3142430555556
2026-07-05,11,26.5085069444444
2026-07-05,12,27.6662569444444
2026-07-06,1,22.1114156206416
2026-07-06,2,22.2528940027894
2026-07-06,3,22.8482705718271
2026-07-06,4,23.9596373779637
2026-07-06,5,24.2589121338912
2026-07-06,6,24.8991213389121
2026-07-06,7,26.1470711297071
2026-07-06,8,27.1189121338912
2026-07-06,9,26.493110181311
2026-07-06,10,26.4423082287308
2026-07-06,11,26.6092189679219
2026-07-06,12,27.8213668061367
2026-07-07,1,22.3977638888889
2026-07-07,2,22.5669861111111
2026-07-07,3,23.1151041666667
2026-07-07,4,24.099
2026-07-07,5,24.4835069444444
2026-07-07,6,25.1329444444444
2026-07-07,7,26.6731527777778
2026-07-07,8,27.1992847222222
2026-07-07,9,26.7232152777778
2026-07-07,10,26.7056597222222
2026-07-07,11,26.7448263888889
2026-07-07,12,27.9471944444444
2026-07-08,1,22.5247847222222
2026-07-08,2,22.6723333333333
2026-07-08,3,23.1849930555556
2026-07-08,4,24.0819930555556
2026-07-08,5,24.4639236111111
2026-07-08,6,25.5069097222222
2026-07-08,7,27.5750486111111
2026-07-08,8,27.2660347222222
2026-07-08,9,26.9117638888889
2026-07-08,10,27.1730486111111
2026-07-08,11,26.9162777777778
2026-07-08,12,28.1186458333333
2026-07-09,1,22.6317391304348
2026-07-09,2,22.7517330538085
2026-07-09,3,23.2591963661775
2026-07-09,4,24.0617251051893
2026-07-09,5,24.4150104821803
2026-07-09,6,25.8136967155835
2026-07-09,7,27.5893548387097
2026-07-09,8,27.2585814116003
2026-07-09,9,26.9864779874214
2026-07-09,10,27.3709396914446
2026-07-09,11,26.9566946191474
2026-07-09,12,28.1549406009783
2026-07-10,1,22.7677863668306
2026-07-10,2,22.8715811665495
2026-07-10,3,23.3674912157414
2026-07-10,4,24.1839353478566
2026-07-10,5,24.6089529163739
2026-07-10,6,25.7475895994378
2026-07-10,7,26.6327547434996
2026-07-10,8,27.3401967673928
2026-07-10,9,26.7816233309909
2026-07-10,10,26.97223471539
2026-07-10,11,26.7955375966268
2026-07-10,12,28.0190513000703
2026-07-11,1,22.7736458333333
2026-07-11,2,22.8582152777778
2026-07-11,3,23.4347638888889
2026-07-11,4,24.2235277777778
2026-07-11,5,24.6778402777778
2026-07-11,6,25.5297222222222
2026-07-11,7,26.8198958333333
2026-07-11,8,27.4804861111111
2026-07-11,9,26.6166805555556
2026-07-11,10,26.8733541666667
2026-07-11,11,26.8022291666667
2026-07-11,12,28.0255069444444
2026-07-12,1,22.7262361111111
2026-07-12,2,22.81575
2026-07-12,3,23.4251875
2026-07-12,4,24.3007708333333
2026-07-12,5,24.6690208333333
2026-07-12,6,25.5077986111111
2026-07-12,7,26.8005555555556
2026-07-12,8,27.6066666666667
2026-07-12,9,26.6170625
2026-07-12,10,26.8649652777778
2026-07-12,11,26.9339722222222
2026-07-12,12,28.1300694444444
2026-07-13,1,22.7032777777778
2026-07-13,2,22.7891805555556
2026-07-13,3,23.3373194444444
2026-07-13,4,24.2639166666667
2026-07-13,5,24.6543958333333
2026-07-13,6,25.4563194444444
2026-07-13,7,26.6508402777778
2026-07-13,8,27.5950972222222
2026-07-13,9,26.5205763888889
2026-07-13,10,26.8359513888889
2026-07-13,11,26.9088958333333
2026-07-13,12,28.1565138888889
2026-07-14,1,22.5879721254355
2026-07-14,2,22.6614375
2026-07-14,3,23.1925486111111
2026-07-14,4,24.1198611111111
2026-07-14,5,24.5102847222222
2026-07-14,6,25.2471041666667
2026-07-14,7,26.4226875
2026-07-14,8,27.4249166666667
2026-07-14,9,26.2373819444444
2026-07-14,10,26.6725277777778
2026-07-14,11,26.7151805555556
2026-07-14,12,28.0426111111111
2026-07-15,1,22.5512783171521
2026-07-15,2,22.5882063492063
2026-07-15,3,23.1414761904762
2026-07-15,4,23.9598412698413
2026-07-15,5,24.4021428571429
2026-07-15,6,25.1672222222222
2026-07-15,7,26.2198571428571
2026-07-15,8,27.376126984127
2026-07-15,9,26.0281111111111
2026-07-15,10,26.5433968253968
2026-07-15,11,26.6620158730159
2026-07-15,12,27.9794603174603
